-- phpMyAdmin SQL Dump
-- version 4.5.4.1deb2ubuntu2.1
-- http://www.phpmyadmin.net
--
-- Host: localhost
-- Generation Time: Oct 13, 2020 at 11:26 PM
-- Server version: 5.7.31-0ubuntu0.16.04.1
-- PHP Version: 7.1.33-19+ubuntu16.04.1+deb.sury.org+1

SET FOREIGN_KEY_CHECKS=0;
SET SQL_MODE = "NO_AUTO_VALUE_ON_ZERO";
SET AUTOCOMMIT = 0;
START TRANSACTION;
SET time_zone = "+00:00";


/*!40101 SET @OLD_CHARACTER_SET_CLIENT=@@CHARACTER_SET_CLIENT */;
/*!40101 SET @OLD_CHARACTER_SET_RESULTS=@@CHARACTER_SET_RESULTS */;
/*!40101 SET @OLD_COLLATION_CONNECTION=@@COLLATION_CONNECTION */;
/*!40101 SET NAMES utf8mb4 */;

--
-- Database: `spadb`
--
CREATE DATABASE IF NOT EXISTS `spadb` DEFAULT CHARACTER SET utf8mb4 COLLATE utf8mb4_general_ci;
USE `spadb`;

-- --------------------------------------------------------

--
-- Table structure for table `account_emailaddress`
--

DROP TABLE IF EXISTS `account_emailaddress`;
CREATE TABLE IF NOT EXISTS `account_emailaddress` (
  `id` int(11) NOT NULL AUTO_INCREMENT,
  `email` varchar(254) NOT NULL,
  `verified` tinyint(1) NOT NULL,
  `primary` tinyint(1) NOT NULL,
  `user_id` int(11) NOT NULL,
  PRIMARY KEY (`id`),
  UNIQUE KEY `email` (`email`),
  KEY `account_emailaddress_user_id_2c513194_fk_auth_user_id` (`user_id`)
) ENGINE=InnoDB DEFAULT CHARSET=utf8mb4;

-- --------------------------------------------------------

--
-- Table structure for table `account_emailconfirmation`
--

DROP TABLE IF EXISTS `account_emailconfirmation`;
CREATE TABLE IF NOT EXISTS `account_emailconfirmation` (
  `id` int(11) NOT NULL AUTO_INCREMENT,
  `created` datetime(6) NOT NULL,
  `sent` datetime(6) DEFAULT NULL,
  `key` varchar(64) NOT NULL,
  `email_address_id` int(11) NOT NULL,
  PRIMARY KEY (`id`),
  UNIQUE KEY `key` (`key`),
  KEY `account_emailconfirm_email_address_id_5b7f8c58_fk_account_e` (`email_address_id`)
) ENGINE=InnoDB DEFAULT CHARSET=utf8mb4;

-- --------------------------------------------------------

--
-- Table structure for table `actor`
--

DROP TABLE IF EXISTS `actor`;
CREATE TABLE IF NOT EXISTS `actor` (
  `actor_id` int(11) NOT NULL,
  `name` varchar(245) DEFAULT NULL,
  `workingtime` json DEFAULT NULL,
  `rating` tinyint(8) DEFAULT NULL,
  `price_extra` decimal(20,2) DEFAULT NULL,
  `available_date` datetime DEFAULT NULL,
  PRIMARY KEY (`actor_id`)
) ENGINE=InnoDB DEFAULT CHARSET=utf8;

-- --------------------------------------------------------

--
-- Table structure for table `address`
--

DROP TABLE IF EXISTS `address`;
CREATE TABLE IF NOT EXISTS `address` (
  `address_id` int(11) UNSIGNED NOT NULL AUTO_INCREMENT,
  `city_id` int(11) UNSIGNED NOT NULL,
  `district_id` int(11) UNSIGNED DEFAULT NULL,
  `ward_id` int(11) UNSIGNED DEFAULT NULL,
  `address` varchar(128) NOT NULL,
  `mobile` varchar(16) NOT NULL,
  `date_add` datetime NOT NULL,
  `date_upd` datetime DEFAULT NULL,
  PRIMARY KEY (`address_id`),
  KEY `fk_address_6` (`city_id`),
  KEY `fk_address_8` (`district_id`),
  KEY `fk_address_9` (`ward_id`)
) ENGINE=InnoDB AUTO_INCREMENT=35 DEFAULT CHARSET=utf8;

--
-- Dumping data for table `address`
--

INSERT INTO `address` (`address_id`, `city_id`, `district_id`, `ward_id`, `address`, `mobile`, `date_add`, `date_upd`) VALUES
(5, 11, 99, 3253, 'địa chỉ nhận hàng', '0938008404', '2020-09-22 08:12:03', '2020-09-22 08:22:56'),
(6, 11, 99, 3253, 'địa chỉ viết hóa đơn', '0938008404', '2020-09-22 08:12:10', '2020-09-22 08:22:59'),
(7, 4, 46, 1447, 'sdsfsdfsf sdffs', '0938008404', '2020-09-28 08:22:14', '2020-09-28 08:22:14'),
(8, 4, 46, 1447, 'sdsfsdfsf sdffs', '0938008404', '2020-09-28 08:22:14', '2020-09-28 08:22:24'),
(9, 6, 61, 1894, 'sdsds sdfd', '0938008404', '2020-09-28 08:23:49', '2020-09-28 08:23:51'),
(10, 6, 61, 1894, 'sdsds sdfd', '0938008404', '2020-09-28 08:23:51', '2020-09-28 08:23:57'),
(11, 2, 29, 889, 'sdfdsfs sf', '0938008404', '2020-09-28 08:32:03', '2020-09-28 08:32:09'),
(12, 2, 29, 889, 'sdfdsfs sf', '0938008404', '2020-09-28 08:32:03', '2020-09-28 08:32:07'),
(13, 1, 5, 157, 'dsfsd sf', '0938008404', '2020-09-28 08:34:56', '2020-09-28 08:34:56'),
(14, 1, 5, 157, 'dsfsd sf', '0938008404', '2020-09-28 08:34:56', '2020-09-28 08:34:58'),
(15, 2, 28, 820, 'dssfs', '0938008404', '2020-09-28 08:55:04', '2020-09-28 08:55:51'),
(16, 2, 28, 820, 'dssfs', '0938008404', '2020-09-28 08:55:04', '2020-09-28 08:55:54'),
(17, 2, 28, 820, 'dssfs', '0938008404', '2020-09-28 08:55:04', '2020-09-28 08:55:04'),
(18, 2, 28, 820, 'dssfs', '0938008404', '2020-09-28 08:55:51', '2020-09-28 08:55:51'),
(19, 2, 28, 820, 'dssfs', '0938008404', '2020-09-28 08:59:00', '2020-09-28 08:59:04'),
(20, 2, 28, 820, 'dssfs', '0938008404', '2020-09-28 08:59:00', '2020-09-28 08:59:02'),
(21, 2, 28, 820, 'dssfs', '0938008404', '2020-09-28 08:59:25', '2020-09-28 08:59:25'),
(22, 2, 28, 820, 'dssfs', '0938008404', '2020-09-28 08:59:25', '2020-09-28 08:59:28'),
(23, 2, 28, 820, 'dssfs', '0938008404', '2020-09-28 16:32:30', '2020-09-28 16:32:30'),
(24, 2, 28, 820, 'dssfs', '0938008404', '2020-09-28 16:32:31', '2020-09-28 16:32:34'),
(25, 2, 29, 874, 'dssfs', '0938008404', '2020-09-28 16:34:23', '2020-09-28 16:34:23'),
(26, 8, 74, 2374, 'dssfs', '0938008404', '2020-09-28 16:34:23', '2020-09-28 16:34:30'),
(27, 2, 28, 820, 'dssfs', '0938008404', '2020-09-30 16:42:45', '2020-09-30 16:42:45'),
(28, 2, 28, 820, 'dssfs', '0938008404', '2020-09-30 16:42:45', '2020-09-30 16:42:47'),
(29, 2, 28, 820, 'dssfs', '0938008404', '2020-10-02 05:08:21', '2020-10-02 05:09:07'),
(30, 1, 3, 91, 'dssfs', '0938008404', '2020-10-02 05:09:01', '2020-10-02 05:09:13'),
(31, 2, 28, 820, 'dssfs', '0938008404', '2020-10-02 06:19:49', '2020-10-02 06:19:56'),
(32, 2, 28, 820, 'dssfs', '0938008404', '2020-10-02 06:19:49', '2020-10-02 06:19:53'),
(33, 2, 28, 820, 'dssfs', '0938008404', '2020-10-03 07:16:36', '2020-10-03 07:16:36'),
(34, 2, 28, 820, 'dssfs', '0938008404', '2020-10-03 07:16:36', '2020-10-03 07:16:39');

-- --------------------------------------------------------

--
-- Table structure for table `admin_interface_theme`
--

DROP TABLE IF EXISTS `admin_interface_theme`;
CREATE TABLE IF NOT EXISTS `admin_interface_theme` (
  `id` int(11) NOT NULL AUTO_INCREMENT,
  `name` varchar(50) NOT NULL,
  `active` tinyint(1) NOT NULL,
  `title` varchar(50) NOT NULL,
  `title_visible` tinyint(1) NOT NULL,
  `logo` varchar(100) NOT NULL,
  `logo_visible` tinyint(1) NOT NULL,
  `css_header_background_color` varchar(10) NOT NULL,
  `title_color` varchar(10) NOT NULL,
  `css_header_text_color` varchar(10) NOT NULL,
  `css_header_link_color` varchar(10) NOT NULL,
  `css_header_link_hover_color` varchar(10) NOT NULL,
  `css_module_background_color` varchar(10) NOT NULL,
  `css_module_text_color` varchar(10) NOT NULL,
  `css_module_link_color` varchar(10) NOT NULL,
  `css_module_link_hover_color` varchar(10) NOT NULL,
  `css_module_rounded_corners` tinyint(1) NOT NULL,
  `css_generic_link_color` varchar(10) NOT NULL,
  `css_generic_link_hover_color` varchar(10) NOT NULL,
  `css_save_button_background_color` varchar(10) NOT NULL,
  `css_save_button_background_hover_color` varchar(10) NOT NULL,
  `css_save_button_text_color` varchar(10) NOT NULL,
  `css_delete_button_background_color` varchar(10) NOT NULL,
  `css_delete_button_background_hover_color` varchar(10) NOT NULL,
  `css_delete_button_text_color` varchar(10) NOT NULL,
  `css` longtext NOT NULL,
  `list_filter_dropdown` tinyint(1) NOT NULL,
  `related_modal_active` tinyint(1) NOT NULL,
  `related_modal_background_color` varchar(10) NOT NULL,
  `related_modal_rounded_corners` tinyint(1) NOT NULL,
  `logo_color` varchar(10) NOT NULL,
  `recent_actions_visible` tinyint(1) NOT NULL,
  `favicon` varchar(100) NOT NULL,
  `related_modal_background_opacity` varchar(5) NOT NULL,
  `env_name` varchar(50) NOT NULL,
  `env_visible_in_header` tinyint(1) NOT NULL,
  `env_color` varchar(10) NOT NULL,
  `env_visible_in_favicon` tinyint(1) NOT NULL,
  `related_modal_close_button_visible` tinyint(1) NOT NULL,
  `language_chooser_active` tinyint(1) NOT NULL,
  `language_chooser_display` varchar(10) NOT NULL,
  PRIMARY KEY (`id`),
  UNIQUE KEY `admin_interface_theme_name_30bda70f_uniq` (`name`)
) ENGINE=InnoDB AUTO_INCREMENT=5 DEFAULT CHARSET=utf8;

--
-- Dumping data for table `admin_interface_theme`
--

INSERT INTO `admin_interface_theme` (`id`, `name`, `active`, `title`, `title_visible`, `logo`, `logo_visible`, `css_header_background_color`, `title_color`, `css_header_text_color`, `css_header_link_color`, `css_header_link_hover_color`, `css_module_background_color`, `css_module_text_color`, `css_module_link_color`, `css_module_link_hover_color`, `css_module_rounded_corners`, `css_generic_link_color`, `css_generic_link_hover_color`, `css_save_button_background_color`, `css_save_button_background_hover_color`, `css_save_button_text_color`, `css_delete_button_background_color`, `css_delete_button_background_hover_color`, `css_delete_button_text_color`, `css`, `list_filter_dropdown`, `related_modal_active`, `related_modal_background_color`, `related_modal_rounded_corners`, `logo_color`, `recent_actions_visible`, `favicon`, `related_modal_background_opacity`, `env_name`, `env_visible_in_header`, `env_color`, `env_visible_in_favicon`, `related_modal_close_button_visible`, `language_chooser_active`, `language_chooser_display`) VALUES
(1, 'Django', 0, 'Django administration', 1, '', 1, '#0C4B33', '#F5DD5D', '#44B78B', '#FFFFFF', '#C9F0DD', '#44B78B', '#FFFFFF', '#FFFFFF', '#C9F0DD', 1, '#0C3C26', '#156641', '#0C4B33', '#0C3C26', '#FFFFFF', '#BA2121', '#A41515', '#FFFFFF', '', 0, 1, '#000000', 1, '#FFFFFF', 1, '', '0.2', '', 1, '#E74C3C', 1, 1, 1, 'code'),
(2, 'Bootstrap', 1, 'Spa\'s Site', 1, '', 1, '#FFFFFF', '#503873', '#463265', '#463265', '#7351A6', '#7351A6', '#FFFFFF', '#CDBFE3', '#FFFFFF', 1, '#463265', '#7351A6', '#5CB85C', '#449D44', '#FFFFFF', '#D9534F', '#C9302C', '#FFFFFF', '', 1, 1, '#503873', 1, '#503873', 1, 'admin-interface/favicon/favicon.ico', '0.2', 'Environment', 1, '#E74C3C', 1, 1, 1, 'code'),
(3, 'USWDS', 0, 'Django administration', 0, '', 1, '#112E51', '#FFFFFF', '#FFFFFF', '#FFFFFF', '#E1F3F8', '#205493', '#FFFFFF', '#FFFFFF', '#E1F3F8', 1, '#205493', '#0071BC', '#205493', '#112E51', '#FFFFFF', '#CD2026', '#981B1E', '#FFFFFF', '', 0, 1, '#000000', 1, '#FFFFFF', 1, '', '0.8', '', 1, '#E74C3C', 1, 1, 1, 'code'),
(4, 'Foundation', 0, 'Django administration', 0, '', 1, '#2C3840', '#DDDDDD', '#FFFFFF', '#FFFFFF', '#DDDDDD', '#074E68', '#FFFFFF', '#FFFFFF', '#DDDDDD', 1, '#000000', '#074E68', '#2199E8', '#1585CF', '#FFFFFF', '#CC4B37', '#BF4634', '#FFFFFF', '', 0, 1, '#000000', 1, '#CCCCCC', 1, '', '0.2', '', 1, '#E74C3C', 1, 1, 1, 'code');

-- --------------------------------------------------------

--
-- Table structure for table `answer_customer`
--

DROP TABLE IF EXISTS `answer_customer`;
CREATE TABLE IF NOT EXISTS `answer_customer` (
  `answer_owner_id` int(11) UNSIGNED NOT NULL,
  `answer_id` int(11) UNSIGNED NOT NULL,
  `owner_id` int(11) UNSIGNED NOT NULL,
  `ex_info` text,
  PRIMARY KEY (`answer_owner_id`),
  KEY `fk_answer_customer_1` (`answer_id`)
) ENGINE=InnoDB DEFAULT CHARSET=utf8;

-- --------------------------------------------------------

--
-- Table structure for table `attribute`
--

DROP TABLE IF EXISTS `attribute`;
CREATE TABLE IF NOT EXISTS `attribute` (
  `attribute_id` int(11) UNSIGNED NOT NULL AUTO_INCREMENT,
  `attr_group_id` int(11) UNSIGNED NOT NULL,
  `color` varchar(32) DEFAULT NULL,
  `name` varchar(45) NOT NULL,
  `position` tinyint(2) UNSIGNED NOT NULL DEFAULT '0',
  PRIMARY KEY (`attribute_id`),
  KEY `attribute_1` (`attr_group_id`)
) ENGINE=InnoDB AUTO_INCREMENT=15 DEFAULT CHARSET=utf8;

--
-- Dumping data for table `attribute`
--

INSERT INTO `attribute` (`attribute_id`, `attr_group_id`, `color`, `name`, `position`) VALUES
(1, 1, 'black', 'black', 1),
(2, 1, 'red', 'red', 2),
(3, 1, 'yellow', 'yellow', 3),
(4, 2, NULL, 'M', 1),
(5, 2, NULL, 'L', 2),
(6, 2, NULL, 'S', 3),
(7, 2, NULL, 'SX', 4),
(8, 2, NULL, 'X', 5),
(9, 3, NULL, '90', 1),
(10, 3, NULL, '120', 2),
(11, 3, NULL, '150', 3),
(12, 4, NULL, 'men', 1),
(13, 4, NULL, 'woman', 2),
(14, 4, NULL, 'unsex', 3);

-- --------------------------------------------------------

--
-- Table structure for table `attribute_group`
--

DROP TABLE IF EXISTS `attribute_group`;
CREATE TABLE IF NOT EXISTS `attribute_group` (
  `attr_group_id` int(11) UNSIGNED NOT NULL AUTO_INCREMENT,
  `name` varchar(45) NOT NULL,
  `public_name` varchar(45) NOT NULL,
  `group_type` enum('select','radio','color') NOT NULL DEFAULT 'select',
  `position` tinyint(2) UNSIGNED NOT NULL DEFAULT '0',
  PRIMARY KEY (`attr_group_id`),
  UNIQUE KEY `name_UNIQUE` (`name`),
  UNIQUE KEY `public_name_UNIQUE` (`public_name`)
) ENGINE=InnoDB AUTO_INCREMENT=5 DEFAULT CHARSET=utf8;

--
-- Dumping data for table `attribute_group`
--

INSERT INTO `attribute_group` (`attr_group_id`, `name`, `public_name`, `group_type`, `position`) VALUES
(1, 'colors', 'Colors Of Products', 'color', 1),
(2, 'sizes', 'Size Of Products', 'select', 2),
(3, 'Dung Tich', 'Dung Tich', 'radio', 3),
(4, 'Types', 'Types', 'select', 4);

-- --------------------------------------------------------

--
-- Table structure for table `auth_group`
--

DROP TABLE IF EXISTS `auth_group`;
CREATE TABLE IF NOT EXISTS `auth_group` (
  `id` int(11) NOT NULL AUTO_INCREMENT,
  `name` varchar(150) NOT NULL,
  PRIMARY KEY (`id`),
  UNIQUE KEY `name` (`name`)
) ENGINE=InnoDB AUTO_INCREMENT=6 DEFAULT CHARSET=utf8;

--
-- Dumping data for table `auth_group`
--

INSERT INTO `auth_group` (`id`, `name`) VALUES
(4, 'Nhóm Khách Hàng'),
(1, 'Nhóm Nhà Quản Trị Cấp Cáo'),
(2, 'Nhóm Quản Trị Website'),
(3, 'Nhóm Thành Viên'),
(5, 'Nhóm Đăng Nhập Mạng Xã Hội');

-- --------------------------------------------------------

--
-- Table structure for table `auth_group_permissions`
--

DROP TABLE IF EXISTS `auth_group_permissions`;
CREATE TABLE IF NOT EXISTS `auth_group_permissions` (
  `id` int(11) NOT NULL AUTO_INCREMENT,
  `group_id` int(11) NOT NULL,
  `permission_id` int(11) NOT NULL,
  PRIMARY KEY (`id`),
  UNIQUE KEY `auth_group_permissions_group_id_permission_id_0cd325b0_uniq` (`group_id`,`permission_id`),
  KEY `auth_group_permissio_permission_id_84c5c92e_fk_auth_perm` (`permission_id`)
) ENGINE=InnoDB AUTO_INCREMENT=2321 DEFAULT CHARSET=utf8;

--
-- Dumping data for table `auth_group_permissions`
--

INSERT INTO `auth_group_permissions` (`id`, `group_id`, `permission_id`) VALUES
(1, 1, 1),
(2, 1, 2),
(3, 1, 3),
(4, 1, 4),
(5, 1, 5),
(6, 1, 6),
(7, 1, 7),
(8, 1, 8),
(9, 1, 9),
(10, 1, 10),
(11, 1, 11),
(12, 1, 12),
(13, 1, 13),
(14, 1, 14),
(15, 1, 15),
(16, 1, 16),
(17, 1, 17),
(18, 1, 18),
(19, 1, 19),
(20, 1, 20),
(21, 1, 21),
(22, 1, 22),
(23, 1, 23),
(24, 1, 24),
(25, 1, 25),
(26, 1, 26),
(27, 1, 27),
(28, 1, 28),
(29, 1, 29),
(30, 1, 30),
(31, 1, 31),
(32, 1, 32),
(33, 1, 33),
(34, 1, 34),
(35, 1, 35),
(36, 1, 36),
(37, 1, 37),
(38, 1, 38),
(39, 1, 39),
(40, 1, 40),
(41, 1, 41),
(42, 1, 42),
(43, 1, 43),
(44, 1, 44),
(45, 1, 45),
(46, 1, 46),
(47, 1, 47),
(48, 1, 48),
(49, 1, 49),
(50, 1, 50),
(51, 1, 51),
(52, 1, 52),
(53, 1, 53),
(54, 1, 54),
(55, 1, 55),
(56, 1, 56),
(57, 1, 57),
(58, 1, 58),
(59, 1, 59),
(60, 1, 60),
(61, 1, 61),
(62, 1, 62),
(63, 1, 63),
(64, 1, 64),
(65, 1, 65),
(66, 1, 66),
(67, 1, 67),
(68, 1, 68),
(69, 1, 69),
(70, 1, 70),
(71, 1, 71),
(72, 1, 72),
(73, 1, 73),
(74, 1, 74),
(75, 1, 75),
(76, 1, 76),
(77, 1, 77),
(78, 1, 78),
(79, 1, 79),
(80, 1, 80),
(81, 1, 81),
(82, 1, 82),
(83, 1, 83),
(84, 1, 84),
(85, 1, 85),
(86, 1, 86),
(87, 1, 87),
(88, 1, 88),
(89, 1, 89),
(90, 1, 90),
(91, 1, 91),
(92, 1, 92),
(93, 1, 93),
(94, 1, 94),
(95, 1, 95),
(96, 1, 96),
(97, 1, 97),
(98, 1, 98),
(99, 1, 99),
(100, 1, 100),
(101, 1, 101),
(102, 1, 102),
(103, 1, 103),
(104, 1, 104),
(105, 1, 105),
(106, 1, 106),
(107, 1, 107),
(108, 1, 108),
(109, 1, 109),
(110, 1, 110),
(111, 1, 111),
(112, 1, 112),
(113, 1, 113),
(114, 1, 114),
(115, 1, 115),
(116, 1, 116),
(117, 1, 117),
(118, 1, 118),
(119, 1, 119),
(120, 1, 120),
(121, 1, 121),
(122, 1, 122),
(123, 1, 123),
(124, 1, 124),
(125, 1, 125),
(126, 1, 126),
(127, 1, 127),
(128, 1, 128),
(129, 1, 129),
(130, 1, 130),
(131, 1, 131),
(132, 1, 132),
(133, 1, 133),
(134, 1, 134),
(135, 1, 135),
(136, 1, 136),
(137, 1, 137),
(138, 1, 138),
(139, 1, 139),
(140, 1, 140),
(141, 1, 141),
(142, 1, 142),
(143, 1, 143),
(144, 1, 144),
(145, 1, 145),
(146, 1, 146),
(147, 1, 147),
(148, 1, 148),
(149, 1, 149),
(150, 1, 150),
(151, 1, 151),
(152, 1, 152),
(153, 1, 153),
(154, 1, 154),
(155, 1, 155),
(156, 1, 156),
(157, 1, 157),
(158, 1, 158),
(159, 1, 159),
(160, 1, 160),
(161, 1, 161),
(162, 1, 162),
(163, 1, 163),
(164, 1, 164),
(165, 1, 165),
(166, 1, 166),
(167, 1, 167),
(168, 1, 168),
(169, 1, 169),
(170, 1, 170),
(171, 1, 171),
(172, 1, 172),
(173, 1, 173),
(174, 1, 174),
(175, 1, 175),
(176, 1, 176),
(177, 1, 177),
(178, 1, 178),
(179, 1, 179),
(180, 1, 180),
(181, 1, 181),
(182, 1, 182),
(183, 1, 183),
(184, 1, 184),
(185, 1, 185),
(186, 1, 186),
(187, 1, 187),
(188, 1, 188),
(189, 1, 189),
(190, 1, 190),
(191, 1, 191),
(192, 1, 192),
(193, 1, 193),
(194, 1, 194),
(195, 1, 195),
(196, 1, 196),
(197, 1, 197),
(198, 1, 198),
(199, 1, 199),
(200, 1, 200),
(201, 1, 201),
(202, 1, 202),
(203, 1, 203),
(204, 1, 204),
(205, 1, 205),
(206, 1, 206),
(207, 1, 207),
(208, 1, 208),
(209, 1, 209),
(210, 1, 210),
(211, 1, 211),
(212, 1, 212),
(213, 1, 213),
(214, 1, 214),
(215, 1, 215),
(216, 1, 216),
(217, 1, 217),
(218, 1, 218),
(219, 1, 219),
(220, 1, 220),
(221, 1, 221),
(222, 1, 222),
(223, 1, 223),
(224, 1, 224),
(225, 1, 225),
(226, 1, 226),
(227, 1, 227),
(228, 1, 228),
(229, 1, 229),
(230, 1, 230),
(231, 1, 231),
(232, 1, 232),
(233, 1, 233),
(234, 1, 234),
(235, 1, 235),
(236, 1, 236),
(237, 1, 237),
(238, 1, 238),
(239, 1, 239),
(240, 1, 240),
(241, 1, 241),
(242, 1, 242),
(243, 1, 243),
(244, 1, 244),
(245, 1, 245),
(246, 1, 246),
(247, 1, 247),
(248, 1, 248),
(249, 1, 249),
(250, 1, 250),
(251, 1, 251),
(252, 1, 252),
(253, 1, 253),
(254, 1, 254),
(255, 1, 255),
(256, 1, 256),
(257, 1, 257),
(258, 1, 258),
(259, 1, 259),
(260, 1, 260),
(261, 1, 261),
(262, 1, 262),
(263, 1, 263),
(264, 1, 264),
(265, 1, 265),
(266, 1, 266),
(267, 1, 267),
(268, 1, 268),
(269, 1, 269),
(270, 1, 270),
(271, 1, 271),
(272, 1, 272),
(273, 1, 273),
(274, 1, 274),
(275, 1, 275),
(276, 1, 276),
(277, 1, 277),
(278, 1, 278),
(279, 1, 279),
(280, 1, 280),
(281, 1, 281),
(282, 1, 282),
(283, 1, 283),
(284, 1, 284),
(285, 1, 285),
(286, 1, 286),
(287, 1, 287),
(288, 1, 288),
(289, 1, 289),
(290, 1, 290),
(291, 1, 291),
(292, 1, 292),
(293, 1, 293),
(294, 1, 294),
(295, 1, 295),
(296, 1, 296),
(297, 1, 297),
(298, 1, 298),
(299, 1, 299),
(300, 1, 300),
(301, 1, 301),
(302, 1, 302),
(303, 1, 303),
(304, 1, 304),
(305, 1, 305),
(306, 1, 306),
(307, 1, 307),
(308, 1, 308),
(309, 1, 309),
(310, 1, 310),
(311, 1, 311),
(312, 1, 312),
(313, 1, 313),
(314, 1, 314),
(315, 1, 315),
(316, 1, 316),
(317, 1, 317),
(318, 1, 318),
(319, 1, 319),
(320, 1, 320),
(321, 1, 321),
(322, 1, 322),
(323, 1, 323),
(324, 1, 324),
(325, 1, 325),
(326, 1, 326),
(327, 1, 327),
(328, 1, 328),
(329, 1, 329),
(330, 1, 330),
(331, 1, 331),
(332, 1, 332),
(333, 1, 333),
(334, 1, 334),
(335, 1, 335),
(336, 1, 336),
(337, 1, 337),
(338, 1, 338),
(339, 1, 339),
(340, 1, 340),
(341, 1, 341),
(342, 1, 342),
(343, 1, 343),
(344, 1, 344),
(345, 1, 345),
(346, 1, 346),
(347, 1, 347),
(348, 1, 348),
(349, 1, 349),
(350, 1, 350),
(351, 1, 351),
(352, 1, 352),
(353, 1, 353),
(354, 1, 354),
(355, 1, 355),
(356, 1, 356),
(357, 1, 357),
(358, 1, 358),
(359, 1, 359),
(360, 1, 360),
(361, 1, 361),
(362, 1, 362),
(363, 1, 363),
(364, 1, 364),
(365, 1, 365),
(366, 1, 366),
(367, 1, 367),
(368, 1, 368),
(369, 1, 369),
(370, 1, 370),
(371, 1, 371),
(372, 1, 372),
(373, 1, 373),
(374, 1, 374),
(375, 1, 375),
(376, 1, 376),
(377, 1, 377),
(378, 1, 378),
(379, 1, 379),
(380, 1, 380),
(381, 1, 381),
(382, 1, 382),
(383, 1, 383),
(384, 1, 384),
(385, 1, 385),
(386, 1, 386),
(387, 1, 387),
(388, 1, 388),
(389, 1, 389),
(390, 1, 390),
(391, 1, 391),
(392, 1, 392),
(393, 1, 393),
(394, 1, 394),
(395, 1, 395),
(396, 1, 396),
(397, 1, 397),
(398, 1, 398),
(399, 1, 399),
(400, 1, 400),
(401, 1, 401),
(402, 1, 402),
(403, 1, 403),
(404, 1, 404),
(405, 1, 405),
(406, 1, 406),
(407, 1, 407),
(408, 1, 408),
(409, 1, 409),
(410, 1, 410),
(411, 1, 411),
(412, 1, 412),
(413, 1, 413),
(414, 1, 414),
(415, 1, 415),
(416, 1, 416),
(417, 1, 417),
(418, 1, 418),
(419, 1, 419),
(420, 1, 420),
(421, 1, 421),
(422, 1, 422),
(423, 1, 423),
(424, 1, 424),
(425, 1, 425),
(426, 1, 426),
(427, 1, 427),
(428, 1, 428),
(429, 1, 429),
(430, 1, 430),
(431, 1, 431),
(432, 1, 432),
(433, 1, 433),
(434, 1, 434),
(435, 1, 435),
(436, 1, 436),
(437, 1, 437),
(438, 1, 438),
(439, 1, 439),
(440, 1, 440),
(441, 1, 441),
(442, 1, 442),
(443, 1, 443),
(444, 1, 444),
(445, 1, 445),
(446, 1, 446),
(447, 1, 447),
(448, 1, 448),
(449, 1, 449),
(450, 1, 450),
(451, 1, 451),
(452, 1, 452),
(453, 1, 453),
(454, 1, 454),
(455, 1, 455),
(456, 1, 456),
(457, 1, 457),
(458, 1, 458),
(459, 1, 459),
(460, 1, 460),
(461, 1, 461),
(462, 1, 462),
(463, 1, 463),
(464, 1, 464),
(465, 1, 465),
(466, 1, 466),
(467, 1, 467),
(468, 1, 468),
(469, 1, 469),
(470, 1, 470),
(471, 1, 471),
(472, 1, 472),
(473, 1, 473),
(474, 1, 474),
(475, 1, 475),
(476, 1, 476),
(477, 1, 477),
(478, 1, 478),
(479, 1, 479),
(480, 1, 480),
(481, 1, 481),
(482, 1, 482),
(483, 1, 483),
(484, 1, 484),
(485, 1, 485),
(486, 1, 486),
(487, 1, 487),
(488, 1, 488),
(489, 1, 489),
(490, 1, 490),
(491, 1, 491),
(492, 1, 492),
(493, 1, 493),
(494, 1, 494),
(495, 1, 495),
(496, 1, 496),
(497, 1, 497),
(498, 1, 498),
(499, 1, 499),
(500, 1, 500),
(501, 1, 501),
(502, 1, 502),
(503, 1, 503),
(504, 1, 504),
(505, 1, 505),
(506, 1, 506),
(507, 1, 507),
(508, 1, 508),
(509, 1, 509),
(510, 1, 510),
(511, 1, 511),
(512, 1, 512),
(513, 1, 513),
(514, 1, 514),
(515, 1, 515),
(516, 1, 516),
(517, 1, 517),
(518, 1, 518),
(519, 1, 519),
(520, 1, 520),
(521, 1, 521),
(522, 1, 522),
(523, 1, 523),
(524, 1, 524),
(525, 1, 525),
(526, 1, 526),
(527, 1, 527),
(528, 1, 528),
(529, 1, 529),
(530, 1, 530),
(531, 1, 531),
(532, 1, 532),
(533, 1, 533),
(534, 1, 534),
(535, 1, 535),
(536, 1, 536),
(537, 1, 537),
(538, 1, 538),
(539, 1, 539),
(540, 1, 540),
(541, 1, 541),
(542, 1, 542),
(543, 1, 543),
(544, 1, 544),
(545, 1, 545),
(546, 1, 546),
(547, 1, 547),
(548, 1, 548),
(549, 1, 549),
(550, 1, 550),
(551, 1, 551),
(552, 1, 552),
(553, 1, 553),
(554, 1, 554),
(555, 1, 555),
(556, 1, 556),
(557, 1, 557),
(558, 1, 558),
(559, 1, 559),
(560, 1, 560),
(561, 1, 561),
(562, 1, 562),
(563, 1, 563),
(564, 1, 564),
(565, 1, 565),
(566, 1, 566),
(567, 1, 567),
(568, 1, 568),
(569, 1, 569),
(570, 1, 570),
(571, 1, 571),
(572, 1, 572),
(573, 1, 573),
(574, 1, 574),
(575, 1, 575),
(576, 1, 576),
(577, 1, 577),
(578, 1, 578),
(579, 1, 579),
(580, 1, 580),
(581, 2, 1),
(582, 2, 2),
(583, 2, 3),
(584, 2, 4),
(585, 2, 5),
(586, 2, 6),
(587, 2, 7),
(588, 2, 8),
(589, 2, 9),
(590, 2, 10),
(591, 2, 11),
(592, 2, 12),
(593, 2, 13),
(594, 2, 14),
(595, 2, 15),
(596, 2, 16),
(597, 2, 17),
(598, 2, 18),
(599, 2, 19),
(600, 2, 20),
(601, 2, 21),
(602, 2, 22),
(603, 2, 23),
(604, 2, 24),
(605, 2, 25),
(606, 2, 26),
(607, 2, 27),
(608, 2, 28),
(609, 2, 29),
(610, 2, 30),
(611, 2, 31),
(612, 2, 32),
(613, 2, 33),
(614, 2, 34),
(615, 2, 35),
(616, 2, 36),
(617, 2, 37),
(618, 2, 38),
(619, 2, 39),
(620, 2, 40),
(621, 2, 41),
(622, 2, 42),
(623, 2, 43),
(624, 2, 44),
(625, 2, 45),
(626, 2, 46),
(627, 2, 47),
(628, 2, 48),
(629, 2, 49),
(630, 2, 50),
(631, 2, 51),
(632, 2, 52),
(633, 2, 53),
(634, 2, 54),
(635, 2, 55),
(636, 2, 56),
(637, 2, 57),
(638, 2, 58),
(639, 2, 59),
(640, 2, 60),
(641, 2, 61),
(642, 2, 62),
(643, 2, 63),
(644, 2, 64),
(645, 2, 65),
(646, 2, 66),
(647, 2, 67),
(648, 2, 68),
(649, 2, 69),
(650, 2, 70),
(651, 2, 71),
(652, 2, 72),
(653, 2, 73),
(654, 2, 74),
(655, 2, 75),
(656, 2, 76),
(657, 2, 77),
(658, 2, 78),
(659, 2, 79),
(660, 2, 80),
(661, 2, 81),
(662, 2, 82),
(663, 2, 83),
(664, 2, 84),
(665, 2, 85),
(666, 2, 86),
(667, 2, 87),
(668, 2, 88),
(669, 2, 89),
(670, 2, 90),
(671, 2, 91),
(672, 2, 92),
(673, 2, 93),
(674, 2, 94),
(675, 2, 95),
(676, 2, 96),
(677, 2, 97),
(678, 2, 98),
(679, 2, 99),
(680, 2, 100),
(681, 2, 101),
(682, 2, 102),
(683, 2, 103),
(684, 2, 104),
(685, 2, 105),
(686, 2, 106),
(687, 2, 107),
(688, 2, 108),
(689, 2, 109),
(690, 2, 110),
(691, 2, 111),
(692, 2, 112),
(693, 2, 113),
(694, 2, 114),
(695, 2, 115),
(696, 2, 116),
(697, 2, 117),
(698, 2, 118),
(699, 2, 119),
(700, 2, 120),
(701, 2, 121),
(702, 2, 122),
(703, 2, 123),
(704, 2, 124),
(705, 2, 125),
(706, 2, 126),
(707, 2, 127),
(708, 2, 128),
(709, 2, 129),
(710, 2, 130),
(711, 2, 131),
(712, 2, 132),
(713, 2, 133),
(714, 2, 134),
(715, 2, 135),
(716, 2, 136),
(717, 2, 137),
(718, 2, 138),
(719, 2, 139),
(720, 2, 140),
(721, 2, 141),
(722, 2, 142),
(723, 2, 143),
(724, 2, 144),
(725, 2, 145),
(726, 2, 146),
(727, 2, 147),
(728, 2, 148),
(729, 2, 149),
(730, 2, 150),
(731, 2, 151),
(732, 2, 152),
(733, 2, 153),
(734, 2, 154),
(735, 2, 155),
(736, 2, 156),
(737, 2, 157),
(738, 2, 158),
(739, 2, 159),
(740, 2, 160),
(741, 2, 161),
(742, 2, 162),
(743, 2, 163),
(744, 2, 164),
(745, 2, 165),
(746, 2, 166),
(747, 2, 167),
(748, 2, 168),
(749, 2, 169),
(750, 2, 170),
(751, 2, 171),
(752, 2, 172),
(753, 2, 173),
(754, 2, 174),
(755, 2, 175),
(756, 2, 176),
(757, 2, 177),
(758, 2, 178),
(759, 2, 179),
(760, 2, 180),
(761, 2, 181),
(762, 2, 182),
(763, 2, 183),
(764, 2, 184),
(765, 2, 185),
(766, 2, 186),
(767, 2, 187),
(768, 2, 188),
(769, 2, 189),
(770, 2, 190),
(771, 2, 191),
(772, 2, 192),
(773, 2, 193),
(774, 2, 194),
(775, 2, 195),
(776, 2, 196),
(777, 2, 197),
(778, 2, 198),
(779, 2, 199),
(780, 2, 200),
(781, 2, 201),
(782, 2, 202),
(783, 2, 203),
(784, 2, 204),
(785, 2, 205),
(786, 2, 206),
(787, 2, 207),
(788, 2, 208),
(789, 2, 209),
(790, 2, 210),
(791, 2, 211),
(792, 2, 212),
(793, 2, 213),
(794, 2, 214),
(795, 2, 215),
(796, 2, 216),
(797, 2, 217),
(798, 2, 218),
(799, 2, 219),
(800, 2, 220),
(801, 2, 221),
(802, 2, 222),
(803, 2, 223),
(804, 2, 224),
(805, 2, 225),
(806, 2, 226),
(807, 2, 227),
(808, 2, 228),
(809, 2, 229),
(810, 2, 230),
(811, 2, 231),
(812, 2, 232),
(813, 2, 233),
(814, 2, 234),
(815, 2, 235),
(816, 2, 236),
(817, 2, 237),
(818, 2, 238),
(819, 2, 239),
(820, 2, 240),
(821, 2, 241),
(822, 2, 242),
(823, 2, 243),
(824, 2, 244),
(825, 2, 245),
(826, 2, 246),
(827, 2, 247),
(828, 2, 248),
(829, 2, 249),
(830, 2, 250),
(831, 2, 251),
(832, 2, 252),
(833, 2, 253),
(834, 2, 254),
(835, 2, 255),
(836, 2, 256),
(837, 2, 257),
(838, 2, 258),
(839, 2, 259),
(840, 2, 260),
(841, 2, 261),
(842, 2, 262),
(843, 2, 263),
(844, 2, 264),
(845, 2, 265),
(846, 2, 266),
(847, 2, 267),
(848, 2, 268),
(849, 2, 269),
(850, 2, 270),
(851, 2, 271),
(852, 2, 272),
(853, 2, 273),
(854, 2, 274),
(855, 2, 275),
(856, 2, 276),
(857, 2, 277),
(858, 2, 278),
(859, 2, 279),
(860, 2, 280),
(861, 2, 281),
(862, 2, 282),
(863, 2, 283),
(864, 2, 284),
(865, 2, 285),
(866, 2, 286),
(867, 2, 287),
(868, 2, 288),
(869, 2, 289),
(870, 2, 290),
(871, 2, 291),
(872, 2, 292),
(873, 2, 293),
(874, 2, 294),
(875, 2, 295),
(876, 2, 296),
(877, 2, 297),
(878, 2, 298),
(879, 2, 299),
(880, 2, 300),
(881, 2, 301),
(882, 2, 302),
(883, 2, 303),
(884, 2, 304),
(885, 2, 305),
(886, 2, 306),
(887, 2, 307),
(888, 2, 308),
(889, 2, 309),
(890, 2, 310),
(891, 2, 311),
(892, 2, 312),
(893, 2, 313),
(894, 2, 314),
(895, 2, 315),
(896, 2, 316),
(897, 2, 317),
(898, 2, 318),
(899, 2, 319),
(900, 2, 320),
(901, 2, 321),
(902, 2, 322),
(903, 2, 323),
(904, 2, 324),
(905, 2, 325),
(906, 2, 326),
(907, 2, 327),
(908, 2, 328),
(909, 2, 329),
(910, 2, 330),
(911, 2, 331),
(912, 2, 332),
(913, 2, 333),
(914, 2, 334),
(915, 2, 335),
(916, 2, 336),
(917, 2, 337),
(918, 2, 338),
(919, 2, 339),
(920, 2, 340),
(921, 2, 341),
(922, 2, 342),
(923, 2, 343),
(924, 2, 344),
(925, 2, 345),
(926, 2, 346),
(927, 2, 347),
(928, 2, 348),
(929, 2, 349),
(930, 2, 350),
(931, 2, 351),
(932, 2, 352),
(933, 2, 353),
(934, 2, 354),
(935, 2, 355),
(936, 2, 356),
(937, 2, 357),
(938, 2, 358),
(939, 2, 359),
(940, 2, 360),
(941, 2, 361),
(942, 2, 362),
(943, 2, 363),
(944, 2, 364),
(945, 2, 365),
(946, 2, 366),
(947, 2, 367),
(948, 2, 368),
(949, 2, 369),
(950, 2, 370),
(951, 2, 371),
(952, 2, 372),
(953, 2, 373),
(954, 2, 374),
(955, 2, 375),
(956, 2, 376),
(957, 2, 377),
(958, 2, 378),
(959, 2, 379),
(960, 2, 380),
(961, 2, 381),
(962, 2, 382),
(963, 2, 383),
(964, 2, 384),
(965, 2, 385),
(966, 2, 386),
(967, 2, 387),
(968, 2, 388),
(969, 2, 389),
(970, 2, 390),
(971, 2, 391),
(972, 2, 392),
(973, 2, 393),
(974, 2, 394),
(975, 2, 395),
(976, 2, 396),
(977, 2, 397),
(978, 2, 398),
(979, 2, 399),
(980, 2, 400),
(981, 2, 401),
(982, 2, 402),
(983, 2, 403),
(984, 2, 404),
(985, 2, 405),
(986, 2, 406),
(987, 2, 407),
(988, 2, 408),
(989, 2, 409),
(990, 2, 410),
(991, 2, 411),
(992, 2, 412),
(993, 2, 413),
(994, 2, 414),
(995, 2, 415),
(996, 2, 416),
(997, 2, 417),
(998, 2, 418),
(999, 2, 419),
(1000, 2, 420),
(1001, 2, 421),
(1002, 2, 422),
(1003, 2, 423),
(1004, 2, 424),
(1005, 2, 425),
(1006, 2, 426),
(1007, 2, 427),
(1008, 2, 428),
(1009, 2, 429),
(1010, 2, 430),
(1011, 2, 431),
(1012, 2, 432),
(1013, 2, 433),
(1014, 2, 434),
(1015, 2, 435),
(1016, 2, 436),
(1017, 2, 437),
(1018, 2, 438),
(1019, 2, 439),
(1020, 2, 440),
(1021, 2, 441),
(1022, 2, 442),
(1023, 2, 443),
(1024, 2, 444),
(1025, 2, 445),
(1026, 2, 446),
(1027, 2, 447),
(1028, 2, 448),
(1029, 2, 449),
(1030, 2, 450),
(1031, 2, 451),
(1032, 2, 452),
(1033, 2, 453),
(1034, 2, 454),
(1035, 2, 455),
(1036, 2, 456),
(1037, 2, 457),
(1038, 2, 458),
(1039, 2, 459),
(1040, 2, 460),
(1041, 2, 461),
(1042, 2, 462),
(1043, 2, 463),
(1044, 2, 464),
(1045, 2, 465),
(1046, 2, 466),
(1047, 2, 467),
(1048, 2, 468),
(1049, 2, 469),
(1050, 2, 470),
(1051, 2, 471),
(1052, 2, 472),
(1053, 2, 473),
(1054, 2, 474),
(1055, 2, 475),
(1056, 2, 476),
(1057, 2, 477),
(1058, 2, 478),
(1059, 2, 479),
(1060, 2, 480),
(1061, 2, 481),
(1062, 2, 482),
(1063, 2, 483),
(1064, 2, 484),
(1065, 2, 485),
(1066, 2, 486),
(1067, 2, 487),
(1068, 2, 488),
(1069, 2, 489),
(1070, 2, 490),
(1071, 2, 491),
(1072, 2, 492),
(1073, 2, 493),
(1074, 2, 494),
(1075, 2, 495),
(1076, 2, 496),
(1077, 2, 497),
(1078, 2, 498),
(1079, 2, 499),
(1080, 2, 500),
(1081, 2, 501),
(1082, 2, 502),
(1083, 2, 503),
(1084, 2, 504),
(1085, 2, 505),
(1086, 2, 506),
(1087, 2, 507),
(1088, 2, 508),
(1089, 2, 509),
(1090, 2, 510),
(1091, 2, 511),
(1092, 2, 512),
(1093, 2, 513),
(1094, 2, 514),
(1095, 2, 515),
(1096, 2, 516),
(1097, 2, 517),
(1098, 2, 518),
(1099, 2, 519),
(1100, 2, 520),
(1101, 2, 521),
(1102, 2, 522),
(1103, 2, 523),
(1104, 2, 524),
(1105, 2, 525),
(1106, 2, 526),
(1107, 2, 527),
(1108, 2, 528),
(1109, 2, 529),
(1110, 2, 530),
(1111, 2, 531),
(1112, 2, 532),
(1113, 2, 533),
(1114, 2, 534),
(1115, 2, 535),
(1116, 2, 536),
(1117, 2, 537),
(1118, 2, 538),
(1119, 2, 539),
(1120, 2, 540),
(1121, 2, 541),
(1122, 2, 542),
(1123, 2, 543),
(1124, 2, 544),
(1125, 2, 545),
(1126, 2, 546),
(1127, 2, 547),
(1128, 2, 548),
(1129, 2, 549),
(1130, 2, 550),
(1131, 2, 551),
(1132, 2, 552),
(1133, 2, 553),
(1134, 2, 554),
(1135, 2, 555),
(1136, 2, 556),
(1137, 2, 557),
(1138, 2, 558),
(1139, 2, 559),
(1140, 2, 560),
(1141, 2, 561),
(1142, 2, 562),
(1143, 2, 563),
(1144, 2, 564),
(1145, 2, 565),
(1146, 2, 566),
(1147, 2, 567),
(1148, 2, 568),
(1149, 2, 569),
(1150, 2, 570),
(1151, 2, 571),
(1152, 2, 572),
(1153, 2, 573),
(1154, 2, 574),
(1155, 2, 575),
(1156, 2, 576),
(1157, 2, 577),
(1158, 2, 578),
(1159, 2, 579),
(1160, 2, 580),
(1161, 3, 1),
(1162, 3, 2),
(1163, 3, 3),
(1164, 3, 4),
(1165, 3, 5),
(1166, 3, 6),
(1167, 3, 7),
(1168, 3, 8),
(1169, 3, 9),
(1170, 3, 10),
(1171, 3, 11),
(1172, 3, 12),
(1173, 3, 13),
(1174, 3, 14),
(1175, 3, 15),
(1176, 3, 16),
(1177, 3, 17),
(1178, 3, 18),
(1179, 3, 19),
(1180, 3, 20),
(1181, 3, 21),
(1182, 3, 22),
(1183, 3, 23),
(1184, 3, 24),
(1185, 3, 25),
(1186, 3, 26),
(1187, 3, 27),
(1188, 3, 28),
(1189, 3, 29),
(1190, 3, 30),
(1191, 3, 31),
(1192, 3, 32),
(1193, 3, 33),
(1194, 3, 34),
(1195, 3, 35),
(1196, 3, 36),
(1197, 3, 37),
(1198, 3, 38),
(1199, 3, 39),
(1200, 3, 40),
(1201, 3, 41),
(1202, 3, 42),
(1203, 3, 43),
(1204, 3, 44),
(1205, 3, 45),
(1206, 3, 46),
(1207, 3, 47),
(1208, 3, 48),
(1209, 3, 49),
(1210, 3, 50),
(1211, 3, 51),
(1212, 3, 52),
(1213, 3, 53),
(1214, 3, 54),
(1215, 3, 55),
(1216, 3, 56),
(1217, 3, 57),
(1218, 3, 58),
(1219, 3, 59),
(1220, 3, 60),
(1221, 3, 61),
(1222, 3, 62),
(1223, 3, 63),
(1224, 3, 64),
(1225, 3, 65),
(1226, 3, 66),
(1227, 3, 67),
(1228, 3, 68),
(1229, 3, 69),
(1230, 3, 70),
(1231, 3, 71),
(1232, 3, 72),
(1233, 3, 73),
(1234, 3, 74),
(1235, 3, 75),
(1236, 3, 76),
(1237, 3, 77),
(1238, 3, 78),
(1239, 3, 79),
(1240, 3, 80),
(1241, 3, 81),
(1242, 3, 82),
(1243, 3, 83),
(1244, 3, 84),
(1245, 3, 85),
(1246, 3, 86),
(1247, 3, 87),
(1248, 3, 88),
(1249, 3, 89),
(1250, 3, 90),
(1251, 3, 91),
(1252, 3, 92),
(1253, 3, 93),
(1254, 3, 94),
(1255, 3, 95),
(1256, 3, 96),
(1257, 3, 97),
(1258, 3, 98),
(1259, 3, 99),
(1260, 3, 100),
(1261, 3, 101),
(1262, 3, 102),
(1263, 3, 103),
(1264, 3, 104),
(1265, 3, 105),
(1266, 3, 106),
(1267, 3, 107),
(1268, 3, 108),
(1269, 3, 109),
(1270, 3, 110),
(1271, 3, 111),
(1272, 3, 112),
(1273, 3, 113),
(1274, 3, 114),
(1275, 3, 115),
(1276, 3, 116),
(1277, 3, 117),
(1278, 3, 118),
(1279, 3, 119),
(1280, 3, 120),
(1281, 3, 121),
(1282, 3, 122),
(1283, 3, 123),
(1284, 3, 124),
(1285, 3, 125),
(1286, 3, 126),
(1287, 3, 127),
(1288, 3, 128),
(1289, 3, 129),
(1290, 3, 130),
(1291, 3, 131),
(1292, 3, 132),
(1293, 3, 133),
(1294, 3, 134),
(1295, 3, 135),
(1296, 3, 136),
(1297, 3, 137),
(1298, 3, 138),
(1299, 3, 139),
(1300, 3, 140),
(1301, 3, 141),
(1302, 3, 142),
(1303, 3, 143),
(1304, 3, 144),
(1305, 3, 145),
(1306, 3, 146),
(1307, 3, 147),
(1308, 3, 148),
(1309, 3, 149),
(1310, 3, 150),
(1311, 3, 151),
(1312, 3, 152),
(1313, 3, 153),
(1314, 3, 154),
(1315, 3, 155),
(1316, 3, 156),
(1317, 3, 157),
(1318, 3, 158),
(1319, 3, 159),
(1320, 3, 160),
(1321, 3, 161),
(1322, 3, 162),
(1323, 3, 163),
(1324, 3, 164),
(1325, 3, 165),
(1326, 3, 166),
(1327, 3, 167),
(1328, 3, 168),
(1329, 3, 169),
(1330, 3, 170),
(1331, 3, 171),
(1332, 3, 172),
(1333, 3, 173),
(1334, 3, 174),
(1335, 3, 175),
(1336, 3, 176),
(1337, 3, 177),
(1338, 3, 178),
(1339, 3, 179),
(1340, 3, 180),
(1341, 3, 181),
(1342, 3, 182),
(1343, 3, 183),
(1344, 3, 184),
(1345, 3, 185),
(1346, 3, 186),
(1347, 3, 187),
(1348, 3, 188),
(1349, 3, 189),
(1350, 3, 190),
(1351, 3, 191),
(1352, 3, 192),
(1353, 3, 193),
(1354, 3, 194),
(1355, 3, 195),
(1356, 3, 196),
(1357, 3, 197),
(1358, 3, 198),
(1359, 3, 199),
(1360, 3, 200),
(1361, 3, 201),
(1362, 3, 202),
(1363, 3, 203),
(1364, 3, 204),
(1365, 3, 205),
(1366, 3, 206),
(1367, 3, 207),
(1368, 3, 208),
(1369, 3, 209),
(1370, 3, 210),
(1371, 3, 211),
(1372, 3, 212),
(1373, 3, 213),
(1374, 3, 214),
(1375, 3, 215),
(1376, 3, 216),
(1377, 3, 217),
(1378, 3, 218),
(1379, 3, 219),
(1380, 3, 220),
(1381, 3, 221),
(1382, 3, 222),
(1383, 3, 223),
(1384, 3, 224),
(1385, 3, 225),
(1386, 3, 226),
(1387, 3, 227),
(1388, 3, 228),
(1389, 3, 229),
(1390, 3, 230),
(1391, 3, 231),
(1392, 3, 232),
(1393, 3, 233),
(1394, 3, 234),
(1395, 3, 235),
(1396, 3, 236),
(1397, 3, 237),
(1398, 3, 238),
(1399, 3, 239),
(1400, 3, 240),
(1401, 3, 241),
(1402, 3, 242),
(1403, 3, 243),
(1404, 3, 244),
(1405, 3, 245),
(1406, 3, 246),
(1407, 3, 247),
(1408, 3, 248),
(1409, 3, 249),
(1410, 3, 250),
(1411, 3, 251),
(1412, 3, 252),
(1413, 3, 253),
(1414, 3, 254),
(1415, 3, 255),
(1416, 3, 256),
(1417, 3, 257),
(1418, 3, 258),
(1419, 3, 259),
(1420, 3, 260),
(1421, 3, 261),
(1422, 3, 262),
(1423, 3, 263),
(1424, 3, 264),
(1425, 3, 265),
(1426, 3, 266),
(1427, 3, 267),
(1428, 3, 268),
(1429, 3, 269),
(1430, 3, 270),
(1431, 3, 271),
(1432, 3, 272),
(1433, 3, 273),
(1434, 3, 274),
(1435, 3, 275),
(1436, 3, 276),
(1437, 3, 277),
(1438, 3, 278),
(1439, 3, 279),
(1440, 3, 280),
(1441, 3, 281),
(1442, 3, 282),
(1443, 3, 283),
(1444, 3, 284),
(1445, 3, 285),
(1446, 3, 286),
(1447, 3, 287),
(1448, 3, 288),
(1449, 3, 289),
(1450, 3, 290),
(1451, 3, 291),
(1452, 3, 292),
(1453, 3, 293),
(1454, 3, 294),
(1455, 3, 295),
(1456, 3, 296),
(1457, 3, 297),
(1458, 3, 298),
(1459, 3, 299),
(1460, 3, 300),
(1461, 3, 301),
(1462, 3, 302),
(1463, 3, 303),
(1464, 3, 304),
(1465, 3, 305),
(1466, 3, 306),
(1467, 3, 307),
(1468, 3, 308),
(1469, 3, 309),
(1470, 3, 310),
(1471, 3, 311),
(1472, 3, 312),
(1473, 3, 313),
(1474, 3, 314),
(1475, 3, 315),
(1476, 3, 316),
(1477, 3, 317),
(1478, 3, 318),
(1479, 3, 319),
(1480, 3, 320),
(1481, 3, 321),
(1482, 3, 322),
(1483, 3, 323),
(1484, 3, 324),
(1485, 3, 325),
(1486, 3, 326),
(1487, 3, 327),
(1488, 3, 328),
(1489, 3, 329),
(1490, 3, 330),
(1491, 3, 331),
(1492, 3, 332),
(1493, 3, 333),
(1494, 3, 334),
(1495, 3, 335),
(1496, 3, 336),
(1497, 3, 337),
(1498, 3, 338),
(1499, 3, 339),
(1500, 3, 340),
(1501, 3, 341),
(1502, 3, 342),
(1503, 3, 343),
(1504, 3, 344),
(1505, 3, 345),
(1506, 3, 346),
(1507, 3, 347),
(1508, 3, 348),
(1509, 3, 349),
(1510, 3, 350),
(1511, 3, 351),
(1512, 3, 352),
(1513, 3, 353),
(1514, 3, 354),
(1515, 3, 355),
(1516, 3, 356),
(1517, 3, 357),
(1518, 3, 358),
(1519, 3, 359),
(1520, 3, 360),
(1521, 3, 361),
(1522, 3, 362),
(1523, 3, 363),
(1524, 3, 364),
(1525, 3, 365),
(1526, 3, 366),
(1527, 3, 367),
(1528, 3, 368),
(1529, 3, 369),
(1530, 3, 370),
(1531, 3, 371),
(1532, 3, 372),
(1533, 3, 373),
(1534, 3, 374),
(1535, 3, 375),
(1536, 3, 376),
(1537, 3, 377),
(1538, 3, 378),
(1539, 3, 379),
(1540, 3, 380),
(1541, 3, 381),
(1542, 3, 382),
(1543, 3, 383),
(1544, 3, 384),
(1545, 3, 385),
(1546, 3, 386),
(1547, 3, 387),
(1548, 3, 388),
(1549, 3, 389),
(1550, 3, 390),
(1551, 3, 391),
(1552, 3, 392),
(1553, 3, 393),
(1554, 3, 394),
(1555, 3, 395),
(1556, 3, 396),
(1557, 3, 397),
(1558, 3, 398),
(1559, 3, 399),
(1560, 3, 400),
(1561, 3, 401),
(1562, 3, 402),
(1563, 3, 403),
(1564, 3, 404),
(1565, 3, 405),
(1566, 3, 406),
(1567, 3, 407),
(1568, 3, 408),
(1569, 3, 409),
(1570, 3, 410),
(1571, 3, 411),
(1572, 3, 412),
(1573, 3, 413),
(1574, 3, 414),
(1575, 3, 415),
(1576, 3, 416),
(1577, 3, 417),
(1578, 3, 418),
(1579, 3, 419),
(1580, 3, 420),
(1581, 3, 421),
(1582, 3, 422),
(1583, 3, 423),
(1584, 3, 424),
(1585, 3, 425),
(1586, 3, 426),
(1587, 3, 427),
(1588, 3, 428),
(1589, 3, 429),
(1590, 3, 430),
(1591, 3, 431),
(1592, 3, 432),
(1593, 3, 433),
(1594, 3, 434),
(1595, 3, 435),
(1596, 3, 436),
(1597, 3, 437),
(1598, 3, 438),
(1599, 3, 439),
(1600, 3, 440),
(1601, 3, 441),
(1602, 3, 442),
(1603, 3, 443),
(1604, 3, 444),
(1605, 3, 445),
(1606, 3, 446),
(1607, 3, 447),
(1608, 3, 448),
(1609, 3, 449),
(1610, 3, 450),
(1611, 3, 451),
(1612, 3, 452),
(1613, 3, 453),
(1614, 3, 454),
(1615, 3, 455),
(1616, 3, 456),
(1617, 3, 457),
(1618, 3, 458),
(1619, 3, 459),
(1620, 3, 460),
(1621, 3, 461),
(1622, 3, 462),
(1623, 3, 463),
(1624, 3, 464),
(1625, 3, 465),
(1626, 3, 466),
(1627, 3, 467),
(1628, 3, 468),
(1629, 3, 469),
(1630, 3, 470),
(1631, 3, 471),
(1632, 3, 472),
(1633, 3, 473),
(1634, 3, 474),
(1635, 3, 475),
(1636, 3, 476),
(1637, 3, 477),
(1638, 3, 478),
(1639, 3, 479),
(1640, 3, 480),
(1641, 3, 481),
(1642, 3, 482),
(1643, 3, 483),
(1644, 3, 484),
(1645, 3, 485),
(1646, 3, 486),
(1647, 3, 487),
(1648, 3, 488),
(1649, 3, 489),
(1650, 3, 490),
(1651, 3, 491),
(1652, 3, 492),
(1653, 3, 493),
(1654, 3, 494),
(1655, 3, 495),
(1656, 3, 496),
(1657, 3, 497),
(1658, 3, 498),
(1659, 3, 499),
(1660, 3, 500),
(1661, 3, 501),
(1662, 3, 502),
(1663, 3, 503),
(1664, 3, 504),
(1665, 3, 505),
(1666, 3, 506),
(1667, 3, 507),
(1668, 3, 508),
(1669, 3, 509),
(1670, 3, 510),
(1671, 3, 511),
(1672, 3, 512),
(1673, 3, 513),
(1674, 3, 514),
(1675, 3, 515),
(1676, 3, 516),
(1677, 3, 517),
(1678, 3, 518),
(1679, 3, 519),
(1680, 3, 520),
(1681, 3, 521),
(1682, 3, 522),
(1683, 3, 523),
(1684, 3, 524),
(1685, 3, 525),
(1686, 3, 526),
(1687, 3, 527),
(1688, 3, 528),
(1689, 3, 529),
(1690, 3, 530),
(1691, 3, 531),
(1692, 3, 532),
(1693, 3, 533),
(1694, 3, 534),
(1695, 3, 535),
(1696, 3, 536),
(1697, 3, 537),
(1698, 3, 538),
(1699, 3, 539),
(1700, 3, 540),
(1701, 3, 541),
(1702, 3, 542),
(1703, 3, 543),
(1704, 3, 544),
(1705, 3, 545),
(1706, 3, 546),
(1707, 3, 547),
(1708, 3, 548),
(1709, 3, 549),
(1710, 3, 550),
(1711, 3, 551),
(1712, 3, 552),
(1713, 3, 553),
(1714, 3, 554),
(1715, 3, 555),
(1716, 3, 556),
(1717, 3, 557),
(1718, 3, 558),
(1719, 3, 559),
(1720, 3, 560),
(1721, 3, 561),
(1722, 3, 562),
(1723, 3, 563),
(1724, 3, 564),
(1725, 3, 565),
(1726, 3, 566),
(1727, 3, 567),
(1728, 3, 568),
(1729, 3, 569),
(1730, 3, 570),
(1731, 3, 571),
(1732, 3, 572),
(1733, 3, 573),
(1734, 3, 574),
(1735, 3, 575),
(1736, 3, 576),
(1737, 3, 577),
(1738, 3, 578),
(1739, 3, 579),
(1740, 3, 580),
(1741, 4, 1),
(1742, 4, 2),
(1743, 4, 3),
(1744, 4, 4),
(1745, 4, 5),
(1746, 4, 6),
(1747, 4, 7),
(1748, 4, 8),
(1749, 4, 9),
(1750, 4, 10),
(1751, 4, 11),
(1752, 4, 12),
(1753, 4, 13),
(1754, 4, 14),
(1755, 4, 15),
(1756, 4, 16),
(1757, 4, 17),
(1758, 4, 18),
(1759, 4, 19),
(1760, 4, 20),
(1761, 4, 21),
(1762, 4, 22),
(1763, 4, 23),
(1764, 4, 24),
(1765, 4, 25),
(1766, 4, 26),
(1767, 4, 27),
(1768, 4, 28),
(1769, 4, 29),
(1770, 4, 30),
(1771, 4, 31),
(1772, 4, 32),
(1773, 4, 33),
(1774, 4, 34),
(1775, 4, 35),
(1776, 4, 36),
(1777, 4, 37),
(1778, 4, 38),
(1779, 4, 39),
(1780, 4, 40),
(1781, 4, 41),
(1782, 4, 42),
(1783, 4, 43),
(1784, 4, 44),
(1785, 4, 45),
(1786, 4, 46),
(1787, 4, 47),
(1788, 4, 48),
(1789, 4, 49),
(1790, 4, 50),
(1791, 4, 51),
(1792, 4, 52),
(1793, 4, 53),
(1794, 4, 54),
(1795, 4, 55),
(1796, 4, 56),
(1797, 4, 57),
(1798, 4, 58),
(1799, 4, 59),
(1800, 4, 60),
(1801, 4, 61),
(1802, 4, 62),
(1803, 4, 63),
(1804, 4, 64),
(1805, 4, 65),
(1806, 4, 66),
(1807, 4, 67),
(1808, 4, 68),
(1809, 4, 69),
(1810, 4, 70),
(1811, 4, 71),
(1812, 4, 72),
(1813, 4, 73),
(1814, 4, 74),
(1815, 4, 75),
(1816, 4, 76),
(1817, 4, 77),
(1818, 4, 78),
(1819, 4, 79),
(1820, 4, 80),
(1821, 4, 81),
(1822, 4, 82),
(1823, 4, 83),
(1824, 4, 84),
(1825, 4, 85),
(1826, 4, 86),
(1827, 4, 87),
(1828, 4, 88),
(1829, 4, 89),
(1830, 4, 90),
(1831, 4, 91),
(1832, 4, 92),
(1833, 4, 93),
(1834, 4, 94),
(1835, 4, 95),
(1836, 4, 96),
(1837, 4, 97),
(1838, 4, 98),
(1839, 4, 99),
(1840, 4, 100),
(1841, 4, 101),
(1842, 4, 102),
(1843, 4, 103),
(1844, 4, 104),
(1845, 4, 105),
(1846, 4, 106),
(1847, 4, 107),
(1848, 4, 108),
(1849, 4, 109),
(1850, 4, 110),
(1851, 4, 111),
(1852, 4, 112),
(1853, 4, 113),
(1854, 4, 114),
(1855, 4, 115),
(1856, 4, 116),
(1857, 4, 117),
(1858, 4, 118),
(1859, 4, 119),
(1860, 4, 120),
(1861, 4, 121),
(1862, 4, 122),
(1863, 4, 123),
(1864, 4, 124),
(1865, 4, 125),
(1866, 4, 126),
(1867, 4, 127),
(1868, 4, 128),
(1869, 4, 129),
(1870, 4, 130),
(1871, 4, 131),
(1872, 4, 132),
(1873, 4, 133),
(1874, 4, 134),
(1875, 4, 135),
(1876, 4, 136),
(1877, 4, 137),
(1878, 4, 138),
(1879, 4, 139),
(1880, 4, 140),
(1881, 4, 141),
(1882, 4, 142),
(1883, 4, 143),
(1884, 4, 144),
(1885, 4, 145),
(1886, 4, 146),
(1887, 4, 147),
(1888, 4, 148),
(1889, 4, 149),
(1890, 4, 150),
(1891, 4, 151),
(1892, 4, 152),
(1893, 4, 153),
(1894, 4, 154),
(1895, 4, 155),
(1896, 4, 156),
(1897, 4, 157),
(1898, 4, 158),
(1899, 4, 159),
(1900, 4, 160),
(1901, 4, 161),
(1902, 4, 162),
(1903, 4, 163),
(1904, 4, 164),
(1905, 4, 165),
(1906, 4, 166),
(1907, 4, 167),
(1908, 4, 168),
(1909, 4, 169),
(1910, 4, 170),
(1911, 4, 171),
(1912, 4, 172),
(1913, 4, 173),
(1914, 4, 174),
(1915, 4, 175),
(1916, 4, 176),
(1917, 4, 177),
(1918, 4, 178),
(1919, 4, 179),
(1920, 4, 180),
(1921, 4, 181),
(1922, 4, 182),
(1923, 4, 183),
(1924, 4, 184),
(1925, 4, 185),
(1926, 4, 186),
(1927, 4, 187),
(1928, 4, 188),
(1929, 4, 189),
(1930, 4, 190),
(1931, 4, 191),
(1932, 4, 192),
(1933, 4, 193),
(1934, 4, 194),
(1935, 4, 195),
(1936, 4, 196),
(1937, 4, 197),
(1938, 4, 198),
(1939, 4, 199),
(1940, 4, 200),
(1941, 4, 201),
(1942, 4, 202),
(1943, 4, 203),
(1944, 4, 204),
(1945, 4, 205),
(1946, 4, 206),
(1947, 4, 207),
(1948, 4, 208),
(1949, 4, 209),
(1950, 4, 210),
(1951, 4, 211),
(1952, 4, 212),
(1953, 4, 213),
(1954, 4, 214),
(1955, 4, 215),
(1956, 4, 216),
(1957, 4, 217),
(1958, 4, 218),
(1959, 4, 219),
(1960, 4, 220),
(1961, 4, 221),
(1962, 4, 222),
(1963, 4, 223),
(1964, 4, 224),
(1965, 4, 225),
(1966, 4, 226),
(1967, 4, 227),
(1968, 4, 228),
(1969, 4, 229),
(1970, 4, 230),
(1971, 4, 231),
(1972, 4, 232),
(1973, 4, 233),
(1974, 4, 234),
(1975, 4, 235),
(1976, 4, 236),
(1977, 4, 237),
(1978, 4, 238),
(1979, 4, 239),
(1980, 4, 240),
(1981, 4, 241),
(1982, 4, 242),
(1983, 4, 243),
(1984, 4, 244),
(1985, 4, 245),
(1986, 4, 246),
(1987, 4, 247),
(1988, 4, 248),
(1989, 4, 249),
(1990, 4, 250),
(1991, 4, 251),
(1992, 4, 252),
(1993, 4, 253),
(1994, 4, 254),
(1995, 4, 255),
(1996, 4, 256),
(1997, 4, 257),
(1998, 4, 258),
(1999, 4, 259),
(2000, 4, 260),
(2001, 4, 261),
(2002, 4, 262),
(2003, 4, 263),
(2004, 4, 264),
(2005, 4, 265),
(2006, 4, 266),
(2007, 4, 267),
(2008, 4, 268),
(2009, 4, 269),
(2010, 4, 270),
(2011, 4, 271),
(2012, 4, 272),
(2013, 4, 273),
(2014, 4, 274),
(2015, 4, 275),
(2016, 4, 276),
(2017, 4, 277),
(2018, 4, 278),
(2019, 4, 279),
(2020, 4, 280),
(2021, 4, 281),
(2022, 4, 282),
(2023, 4, 283),
(2024, 4, 284),
(2025, 4, 285),
(2026, 4, 286),
(2027, 4, 287),
(2028, 4, 288),
(2029, 4, 289),
(2030, 4, 290),
(2031, 4, 291),
(2032, 4, 292),
(2033, 4, 293),
(2034, 4, 294),
(2035, 4, 295),
(2036, 4, 296),
(2037, 4, 297),
(2038, 4, 298),
(2039, 4, 299),
(2040, 4, 300),
(2041, 4, 301),
(2042, 4, 302),
(2043, 4, 303),
(2044, 4, 304),
(2045, 4, 305),
(2046, 4, 306),
(2047, 4, 307),
(2048, 4, 308),
(2049, 4, 309),
(2050, 4, 310),
(2051, 4, 311),
(2052, 4, 312),
(2053, 4, 313),
(2054, 4, 314),
(2055, 4, 315),
(2056, 4, 316),
(2057, 4, 317),
(2058, 4, 318),
(2059, 4, 319),
(2060, 4, 320),
(2061, 4, 321),
(2062, 4, 322),
(2063, 4, 323),
(2064, 4, 324),
(2065, 4, 325),
(2066, 4, 326),
(2067, 4, 327),
(2068, 4, 328),
(2069, 4, 329),
(2070, 4, 330),
(2071, 4, 331),
(2072, 4, 332),
(2073, 4, 333),
(2074, 4, 334),
(2075, 4, 335),
(2076, 4, 336),
(2077, 4, 337),
(2078, 4, 338),
(2079, 4, 339),
(2080, 4, 340),
(2081, 4, 341),
(2082, 4, 342),
(2083, 4, 343),
(2084, 4, 344),
(2085, 4, 345),
(2086, 4, 346),
(2087, 4, 347),
(2088, 4, 348),
(2089, 4, 349),
(2090, 4, 350),
(2091, 4, 351),
(2092, 4, 352),
(2093, 4, 353),
(2094, 4, 354),
(2095, 4, 355),
(2096, 4, 356),
(2097, 4, 357),
(2098, 4, 358),
(2099, 4, 359),
(2100, 4, 360),
(2101, 4, 361),
(2102, 4, 362),
(2103, 4, 363),
(2104, 4, 364),
(2105, 4, 365),
(2106, 4, 366),
(2107, 4, 367),
(2108, 4, 368),
(2109, 4, 369),
(2110, 4, 370),
(2111, 4, 371),
(2112, 4, 372),
(2113, 4, 373),
(2114, 4, 374),
(2115, 4, 375),
(2116, 4, 376),
(2117, 4, 377),
(2118, 4, 378),
(2119, 4, 379),
(2120, 4, 380),
(2121, 4, 381),
(2122, 4, 382),
(2123, 4, 383),
(2124, 4, 384),
(2125, 4, 385),
(2126, 4, 386),
(2127, 4, 387),
(2128, 4, 388),
(2129, 4, 389),
(2130, 4, 390),
(2131, 4, 391),
(2132, 4, 392),
(2133, 4, 393),
(2134, 4, 394),
(2135, 4, 395),
(2136, 4, 396),
(2137, 4, 397),
(2138, 4, 398),
(2139, 4, 399),
(2140, 4, 400),
(2141, 4, 401),
(2142, 4, 402),
(2143, 4, 403),
(2144, 4, 404),
(2145, 4, 405),
(2146, 4, 406),
(2147, 4, 407),
(2148, 4, 408),
(2149, 4, 409),
(2150, 4, 410),
(2151, 4, 411),
(2152, 4, 412),
(2153, 4, 413),
(2154, 4, 414),
(2155, 4, 415),
(2156, 4, 416),
(2157, 4, 417),
(2158, 4, 418),
(2159, 4, 419),
(2160, 4, 420),
(2161, 4, 421),
(2162, 4, 422),
(2163, 4, 423),
(2164, 4, 424),
(2165, 4, 425),
(2166, 4, 426),
(2167, 4, 427),
(2168, 4, 428),
(2169, 4, 429),
(2170, 4, 430),
(2171, 4, 431),
(2172, 4, 432),
(2173, 4, 433),
(2174, 4, 434),
(2175, 4, 435),
(2176, 4, 436),
(2177, 4, 437),
(2178, 4, 438),
(2179, 4, 439),
(2180, 4, 440),
(2181, 4, 441),
(2182, 4, 442),
(2183, 4, 443),
(2184, 4, 444),
(2185, 4, 445),
(2186, 4, 446),
(2187, 4, 447),
(2188, 4, 448),
(2189, 4, 449),
(2190, 4, 450),
(2191, 4, 451),
(2192, 4, 452),
(2193, 4, 453),
(2194, 4, 454),
(2195, 4, 455),
(2196, 4, 456),
(2197, 4, 457),
(2198, 4, 458),
(2199, 4, 459),
(2200, 4, 460),
(2201, 4, 461),
(2202, 4, 462),
(2203, 4, 463),
(2204, 4, 464),
(2205, 4, 465),
(2206, 4, 466),
(2207, 4, 467),
(2208, 4, 468),
(2209, 4, 469),
(2210, 4, 470),
(2211, 4, 471),
(2212, 4, 472),
(2213, 4, 473),
(2214, 4, 474),
(2215, 4, 475),
(2216, 4, 476),
(2217, 4, 477),
(2218, 4, 478),
(2219, 4, 479),
(2220, 4, 480),
(2221, 4, 481),
(2222, 4, 482),
(2223, 4, 483),
(2224, 4, 484),
(2225, 4, 485),
(2226, 4, 486),
(2227, 4, 487),
(2228, 4, 488),
(2229, 4, 489),
(2230, 4, 490),
(2231, 4, 491),
(2232, 4, 492),
(2233, 4, 493),
(2234, 4, 494),
(2235, 4, 495),
(2236, 4, 496),
(2237, 4, 497),
(2238, 4, 498),
(2239, 4, 499),
(2240, 4, 500),
(2241, 4, 501),
(2242, 4, 502),
(2243, 4, 503),
(2244, 4, 504),
(2245, 4, 505),
(2246, 4, 506),
(2247, 4, 507),
(2248, 4, 508),
(2249, 4, 509),
(2250, 4, 510),
(2251, 4, 511),
(2252, 4, 512),
(2253, 4, 513),
(2254, 4, 514),
(2255, 4, 515),
(2256, 4, 516),
(2257, 4, 517),
(2258, 4, 518),
(2259, 4, 519),
(2260, 4, 520),
(2261, 4, 521),
(2262, 4, 522),
(2263, 4, 523),
(2264, 4, 524),
(2265, 4, 525),
(2266, 4, 526),
(2267, 4, 527),
(2268, 4, 528),
(2269, 4, 529),
(2270, 4, 530),
(2271, 4, 531),
(2272, 4, 532),
(2273, 4, 533),
(2274, 4, 534),
(2275, 4, 535),
(2276, 4, 536),
(2277, 4, 537),
(2278, 4, 538),
(2279, 4, 539),
(2280, 4, 540),
(2281, 4, 541),
(2282, 4, 542),
(2283, 4, 543),
(2284, 4, 544),
(2285, 4, 545),
(2286, 4, 546),
(2287, 4, 547),
(2288, 4, 548),
(2289, 4, 549),
(2290, 4, 550),
(2291, 4, 551),
(2292, 4, 552),
(2293, 4, 553),
(2294, 4, 554),
(2295, 4, 555),
(2296, 4, 556),
(2297, 4, 557),
(2298, 4, 558),
(2299, 4, 559),
(2300, 4, 560),
(2301, 4, 561),
(2302, 4, 562),
(2303, 4, 563),
(2304, 4, 564),
(2305, 4, 565),
(2306, 4, 566),
(2307, 4, 567),
(2308, 4, 568),
(2309, 4, 569),
(2310, 4, 570),
(2311, 4, 571),
(2312, 4, 572),
(2313, 4, 573),
(2314, 4, 574),
(2315, 4, 575),
(2316, 4, 576),
(2317, 4, 577),
(2318, 4, 578),
(2319, 4, 579),
(2320, 4, 580);

-- --------------------------------------------------------

--
-- Table structure for table `auth_permission`
--

DROP TABLE IF EXISTS `auth_permission`;
CREATE TABLE IF NOT EXISTS `auth_permission` (
  `id` int(11) NOT NULL AUTO_INCREMENT,
  `name` varchar(255) NOT NULL,
  `content_type_id` int(11) NOT NULL,
  `codename` varchar(100) NOT NULL,
  PRIMARY KEY (`id`),
  UNIQUE KEY `auth_permission_content_type_id_codename_01ab375a_uniq` (`content_type_id`,`codename`)
) ENGINE=InnoDB AUTO_INCREMENT=625 DEFAULT CHARSET=utf8;

--
-- Dumping data for table `auth_permission`
--

INSERT INTO `auth_permission` (`id`, `name`, `content_type_id`, `codename`) VALUES
(1, 'Can add log entry', 1, 'add_logentry'),
(2, 'Can change log entry', 1, 'change_logentry'),
(3, 'Can delete log entry', 1, 'delete_logentry'),
(4, 'Can view log entry', 1, 'view_logentry'),
(5, 'Can add permission', 2, 'add_permission'),
(6, 'Can change permission', 2, 'change_permission'),
(7, 'Can delete permission', 2, 'delete_permission'),
(8, 'Can view permission', 2, 'view_permission'),
(9, 'Can add group', 3, 'add_group'),
(10, 'Can change group', 3, 'change_group'),
(11, 'Can delete group', 3, 'delete_group'),
(12, 'Can view group', 3, 'view_group'),
(13, 'Can add user', 4, 'add_user'),
(14, 'Can change user', 4, 'change_user'),
(15, 'Can delete user', 4, 'delete_user'),
(16, 'Can view user', 4, 'view_user'),
(17, 'Can add content type', 5, 'add_contenttype'),
(18, 'Can change content type', 5, 'change_contenttype'),
(19, 'Can delete content type', 5, 'delete_contenttype'),
(20, 'Can view content type', 5, 'view_contenttype'),
(21, 'Can add session', 6, 'add_session'),
(22, 'Can change session', 6, 'change_session'),
(23, 'Can delete session', 6, 'delete_session'),
(24, 'Can view session', 6, 'view_session'),
(25, 'Can add actor', 7, 'add_actor'),
(26, 'Can change actor', 7, 'change_actor'),
(27, 'Can delete actor', 7, 'delete_actor'),
(28, 'Can view actor', 7, 'view_actor'),
(29, 'Can add address', 8, 'add_address'),
(30, 'Can change address', 8, 'change_address'),
(31, 'Can delete address', 8, 'delete_address'),
(32, 'Can view address', 8, 'view_address'),
(33, 'Can add answer customer', 9, 'add_answercustomer'),
(34, 'Can change answer customer', 9, 'change_answercustomer'),
(35, 'Can delete answer customer', 9, 'delete_answercustomer'),
(36, 'Can view answer customer', 9, 'view_answercustomer'),
(37, 'Can add attribute group', 10, 'add_attributegroup'),
(38, 'Can change attribute group', 10, 'change_attributegroup'),
(39, 'Can delete attribute group', 10, 'delete_attributegroup'),
(40, 'Can view attribute group', 10, 'view_attributegroup'),
(41, 'Can add auth group', 11, 'add_authgroup'),
(42, 'Can change auth group', 11, 'change_authgroup'),
(43, 'Can delete auth group', 11, 'delete_authgroup'),
(44, 'Can view auth group', 11, 'view_authgroup'),
(45, 'Can add auth group permissions', 12, 'add_authgrouppermissions'),
(46, 'Can change auth group permissions', 12, 'change_authgrouppermissions'),
(47, 'Can delete auth group permissions', 12, 'delete_authgrouppermissions'),
(48, 'Can view auth group permissions', 12, 'view_authgrouppermissions'),
(49, 'Can add auth permission', 13, 'add_authpermission'),
(50, 'Can change auth permission', 13, 'change_authpermission'),
(51, 'Can delete auth permission', 13, 'delete_authpermission'),
(52, 'Can view auth permission', 13, 'view_authpermission'),
(53, 'Can add auth user', 14, 'add_authuser'),
(54, 'Can change auth user', 14, 'change_authuser'),
(55, 'Can delete auth user', 14, 'delete_authuser'),
(56, 'Can view auth user', 14, 'view_authuser'),
(57, 'Can add auth user groups', 15, 'add_authusergroups'),
(58, 'Can change auth user groups', 15, 'change_authusergroups'),
(59, 'Can delete auth user groups', 15, 'delete_authusergroups'),
(60, 'Can view auth user groups', 15, 'view_authusergroups'),
(61, 'Can add auth user user permissions', 16, 'add_authuseruserpermissions'),
(62, 'Can change auth user user permissions', 16, 'change_authuseruserpermissions'),
(63, 'Can delete auth user user permissions', 16, 'delete_authuseruserpermissions'),
(64, 'Can view auth user user permissions', 16, 'view_authuseruserpermissions'),
(65, 'Can add behavior', 17, 'add_behavior'),
(66, 'Can change behavior', 17, 'change_behavior'),
(67, 'Can delete behavior', 17, 'delete_behavior'),
(68, 'Can view behavior', 17, 'view_behavior'),
(69, 'Can add city', 18, 'add_city'),
(70, 'Can change city', 18, 'change_city'),
(71, 'Can delete city', 18, 'delete_city'),
(72, 'Can view city', 18, 'view_city'),
(73, 'Can add comment', 19, 'add_comment'),
(74, 'Can change comment', 19, 'change_comment'),
(75, 'Can delete comment', 19, 'delete_comment'),
(76, 'Can view comment', 19, 'view_comment'),
(77, 'Can add contact', 20, 'add_contact'),
(78, 'Can change contact', 20, 'change_contact'),
(79, 'Can delete contact', 20, 'delete_contact'),
(80, 'Can view contact', 20, 'view_contact'),
(81, 'Can add csvc', 21, 'add_csvc'),
(82, 'Can change csvc', 21, 'change_csvc'),
(83, 'Can delete csvc', 21, 'delete_csvc'),
(84, 'Can view csvc', 21, 'view_csvc'),
(85, 'Can add customer message', 22, 'add_customermessage'),
(86, 'Can change customer message', 22, 'change_customermessage'),
(87, 'Can delete customer message', 22, 'delete_customermessage'),
(88, 'Can view customer message', 22, 'view_customermessage'),
(89, 'Can add customer thread', 23, 'add_customerthread'),
(90, 'Can change customer thread', 23, 'change_customerthread'),
(91, 'Can delete customer thread', 23, 'delete_customerthread'),
(92, 'Can view customer thread', 23, 'view_customerthread'),
(93, 'Can add district', 24, 'add_district'),
(94, 'Can change district', 24, 'change_district'),
(95, 'Can delete district', 24, 'delete_district'),
(96, 'Can view district', 24, 'view_district'),
(97, 'Can add django admin log', 25, 'add_djangoadminlog'),
(98, 'Can change django admin log', 25, 'change_djangoadminlog'),
(99, 'Can delete django admin log', 25, 'delete_djangoadminlog'),
(100, 'Can view django admin log', 25, 'view_djangoadminlog'),
(101, 'Can add django content type', 26, 'add_djangocontenttype'),
(102, 'Can change django content type', 26, 'change_djangocontenttype'),
(103, 'Can delete django content type', 26, 'delete_djangocontenttype'),
(104, 'Can view django content type', 26, 'view_djangocontenttype'),
(105, 'Can add django migrations', 27, 'add_djangomigrations'),
(106, 'Can change django migrations', 27, 'change_djangomigrations'),
(107, 'Can delete django migrations', 27, 'delete_djangomigrations'),
(108, 'Can view django migrations', 27, 'view_djangomigrations'),
(109, 'Can add django session', 28, 'add_djangosession'),
(110, 'Can change django session', 28, 'change_djangosession'),
(111, 'Can delete django session', 28, 'delete_djangosession'),
(112, 'Can view django session', 28, 'view_djangosession'),
(113, 'Can add email queue', 29, 'add_emailqueue'),
(114, 'Can change email queue', 29, 'change_emailqueue'),
(115, 'Can delete email queue', 29, 'delete_emailqueue'),
(116, 'Can view email queue', 29, 'view_emailqueue'),
(117, 'Can add feature value', 30, 'add_featurevalue'),
(118, 'Can change feature value', 30, 'change_featurevalue'),
(119, 'Can delete feature value', 30, 'delete_featurevalue'),
(120, 'Can view feature value', 30, 'view_featurevalue'),
(121, 'Can add lookup', 31, 'add_lookup'),
(122, 'Can change lookup', 31, 'change_lookup'),
(123, 'Can delete lookup', 31, 'delete_lookup'),
(124, 'Can view lookup', 31, 'view_lookup'),
(125, 'Can add manufacturer', 32, 'add_manufacturer'),
(126, 'Can change manufacturer', 32, 'change_manufacturer'),
(127, 'Can delete manufacturer', 32, 'delete_manufacturer'),
(128, 'Can view manufacturer', 32, 'view_manufacturer'),
(129, 'Can add order history', 33, 'add_orderhistory'),
(130, 'Can change order history', 33, 'change_orderhistory'),
(131, 'Can delete order history', 33, 'delete_orderhistory'),
(132, 'Can view order history', 33, 'view_orderhistory'),
(133, 'Can add order payment', 34, 'add_orderpayment'),
(134, 'Can change order payment', 34, 'change_orderpayment'),
(135, 'Can delete order payment', 34, 'delete_orderpayment'),
(136, 'Can view order payment', 34, 'view_orderpayment'),
(137, 'Can add order state', 35, 'add_orderstate'),
(138, 'Can change order state', 35, 'change_orderstate'),
(139, 'Can delete order state', 35, 'delete_orderstate'),
(140, 'Can view order state', 35, 'view_orderstate'),
(141, 'Can add pack', 36, 'add_pack'),
(142, 'Can change pack', 36, 'change_pack'),
(143, 'Can delete pack', 36, 'delete_pack'),
(144, 'Can view pack', 36, 'view_pack'),
(145, 'Can add pack group', 37, 'add_packgroup'),
(146, 'Can change pack group', 37, 'change_packgroup'),
(147, 'Can delete pack group', 37, 'delete_packgroup'),
(148, 'Can view pack group', 37, 'view_packgroup'),
(149, 'Can add param', 38, 'add_param'),
(150, 'Can change param', 38, 'change_param'),
(151, 'Can delete param', 38, 'delete_param'),
(152, 'Can view param', 38, 'view_param'),
(153, 'Can add product attribute', 39, 'add_productattribute'),
(154, 'Can change product attribute', 39, 'change_productattribute'),
(155, 'Can delete product attribute', 39, 'delete_productattribute'),
(156, 'Can view product attribute', 39, 'view_productattribute'),
(157, 'Can add product attribute after combine', 40, 'add_productattributeaftercombine'),
(158, 'Can change product attribute after combine', 40, 'change_productattributeaftercombine'),
(159, 'Can delete product attribute after combine', 40, 'delete_productattributeaftercombine'),
(160, 'Can view product attribute after combine', 40, 'view_productattributeaftercombine'),
(161, 'Can add room', 41, 'add_room'),
(162, 'Can change room', 41, 'change_room'),
(163, 'Can delete room', 41, 'delete_room'),
(164, 'Can view room', 41, 'view_room'),
(165, 'Can add room4 chat', 42, 'add_room4chat'),
(166, 'Can change room4 chat', 42, 'change_room4chat'),
(167, 'Can delete room4 chat', 42, 'delete_room4chat'),
(168, 'Can view room4 chat', 42, 'view_room4chat'),
(169, 'Can add service', 43, 'add_service'),
(170, 'Can change service', 43, 'change_service'),
(171, 'Can delete service', 43, 'delete_service'),
(172, 'Can view service', 43, 'view_service'),
(173, 'Can add specific price', 44, 'add_specificprice'),
(174, 'Can change specific price', 44, 'change_specificprice'),
(175, 'Can delete specific price', 44, 'delete_specificprice'),
(176, 'Can view specific price', 44, 'view_specificprice'),
(177, 'Can add specific price rule', 45, 'add_specificpricerule'),
(178, 'Can change specific price rule', 45, 'change_specificpricerule'),
(179, 'Can delete specific price rule', 45, 'delete_specificpricerule'),
(180, 'Can view specific price rule', 45, 'view_specificpricerule'),
(181, 'Can add tag', 46, 'add_tag'),
(182, 'Can change tag', 46, 'change_tag'),
(183, 'Can delete tag', 46, 'delete_tag'),
(184, 'Can view tag', 46, 'view_tag'),
(185, 'Can add type rule', 47, 'add_typerule'),
(186, 'Can change type rule', 47, 'change_typerule'),
(187, 'Can delete type rule', 47, 'delete_typerule'),
(188, 'Can view type rule', 47, 'view_typerule'),
(189, 'Can add ward', 48, 'add_ward'),
(190, 'Can change ward', 48, 'change_ward'),
(191, 'Can delete ward', 48, 'delete_ward'),
(192, 'Can view ward', 48, 'view_ward'),
(193, 'Can add cart item', 49, 'add_cartitem'),
(194, 'Can change cart item', 49, 'change_cartitem'),
(195, 'Can delete cart item', 49, 'delete_cartitem'),
(196, 'Can view cart item', 49, 'view_cartitem'),
(197, 'Can add cart', 50, 'add_cart'),
(198, 'Can change cart', 50, 'change_cart'),
(199, 'Can delete cart', 50, 'delete_cart'),
(200, 'Can view cart', 50, 'view_cart'),
(201, 'Can add category product attribute', 51, 'add_categoryproductattribute'),
(202, 'Can change category product attribute', 51, 'change_categoryproductattribute'),
(203, 'Can delete category product attribute', 51, 'delete_categoryproductattribute'),
(204, 'Can view category product attribute', 51, 'view_categoryproductattribute'),
(205, 'Can add category product', 52, 'add_categoryproduct'),
(206, 'Can change category product', 52, 'change_categoryproduct'),
(207, 'Can delete category product', 52, 'delete_categoryproduct'),
(208, 'Can view category product', 52, 'view_categoryproduct'),
(209, 'Can add category', 53, 'add_category'),
(210, 'Can change category', 53, 'change_category'),
(211, 'Can delete category', 53, 'delete_category'),
(212, 'Can view category', 53, 'view_category'),
(213, 'Can add customization', 54, 'add_customization'),
(214, 'Can change customization', 54, 'change_customization'),
(215, 'Can delete customization', 54, 'delete_customization'),
(216, 'Can view customization', 54, 'view_customization'),
(217, 'Can add customized data', 55, 'add_customizeddata'),
(218, 'Can change customized data', 55, 'change_customizeddata'),
(219, 'Can delete customized data', 55, 'delete_customizeddata'),
(220, 'Can view customized data', 55, 'view_customizeddata'),
(221, 'Can add feature', 56, 'add_feature'),
(222, 'Can change feature', 56, 'change_feature'),
(223, 'Can delete feature', 56, 'delete_feature'),
(224, 'Can view feature', 56, 'view_feature'),
(225, 'Can add feature product', 57, 'add_featureproduct'),
(226, 'Can change feature product', 57, 'change_featureproduct'),
(227, 'Can delete feature product', 57, 'delete_featureproduct'),
(228, 'Can view feature product', 57, 'view_featureproduct'),
(229, 'Can add message readed', 58, 'add_messagereaded'),
(230, 'Can change message readed', 58, 'change_messagereaded'),
(231, 'Can delete message readed', 58, 'delete_messagereaded'),
(232, 'Can view message readed', 58, 'view_messagereaded'),
(233, 'Can add message', 59, 'add_message'),
(234, 'Can change message', 59, 'change_message'),
(235, 'Can delete message', 59, 'delete_message'),
(236, 'Can view message', 59, 'view_message'),
(237, 'Can add order invoice payment', 60, 'add_orderinvoicepayment'),
(238, 'Can change order invoice payment', 60, 'change_orderinvoicepayment'),
(239, 'Can delete order invoice payment', 60, 'delete_orderinvoicepayment'),
(240, 'Can view order invoice payment', 60, 'view_orderinvoicepayment'),
(241, 'Can add order invoice', 61, 'add_orderinvoice'),
(242, 'Can change order invoice', 61, 'change_orderinvoice'),
(243, 'Can delete order invoice', 61, 'delete_orderinvoice'),
(244, 'Can view order invoice', 61, 'view_orderinvoice'),
(245, 'Can add order', 62, 'add_order'),
(246, 'Can change order', 62, 'change_order'),
(247, 'Can delete order', 62, 'delete_order'),
(248, 'Can view order', 62, 'view_order'),
(249, 'Can add order item', 63, 'add_orderitem'),
(250, 'Can change order item', 63, 'change_orderitem'),
(251, 'Can delete order item', 63, 'delete_orderitem'),
(252, 'Can view order item', 63, 'view_orderitem'),
(253, 'Can add post', 64, 'add_post'),
(254, 'Can change post', 64, 'change_post'),
(255, 'Can delete post', 64, 'delete_post'),
(256, 'Can view post', 64, 'view_post'),
(257, 'Can add post category', 65, 'add_postcategory'),
(258, 'Can change post category', 65, 'change_postcategory'),
(259, 'Can delete post category', 65, 'delete_postcategory'),
(260, 'Can view post category', 65, 'view_postcategory'),
(261, 'Can add product attribute combination', 66, 'add_productattributecombination'),
(262, 'Can change product attribute combination', 66, 'change_productattributecombination'),
(263, 'Can delete product attribute combination', 66, 'delete_productattributecombination'),
(264, 'Can view product attribute combination', 66, 'view_productattributecombination'),
(265, 'Can add attribute', 67, 'add_attribute'),
(266, 'Can change attribute', 67, 'change_attribute'),
(267, 'Can delete attribute', 67, 'delete_attribute'),
(268, 'Can view attribute', 67, 'view_attribute'),
(269, 'Can add product tag', 68, 'add_producttag'),
(270, 'Can change product tag', 68, 'change_producttag'),
(271, 'Can delete product tag', 68, 'delete_producttag'),
(272, 'Can view product tag', 68, 'view_producttag'),
(273, 'Can add product attribute tag', 69, 'add_productattributetag'),
(274, 'Can change product attribute tag', 69, 'change_productattributetag'),
(275, 'Can delete product attribute tag', 69, 'delete_productattributetag'),
(276, 'Can view product attribute tag', 69, 'view_productattributetag'),
(277, 'Can add product', 70, 'add_product'),
(278, 'Can change product', 70, 'change_product'),
(279, 'Can delete product', 70, 'delete_product'),
(280, 'Can view product', 70, 'view_product'),
(281, 'Can add subscriber post', 71, 'add_subscriberpost'),
(282, 'Can change subscriber post', 71, 'change_subscriberpost'),
(283, 'Can delete subscriber post', 71, 'delete_subscriberpost'),
(284, 'Can view subscriber post', 71, 'view_subscriberpost'),
(285, 'Can add subscriber', 72, 'add_subscriber'),
(286, 'Can change subscriber', 72, 'change_subscriber'),
(287, 'Can delete subscriber', 72, 'delete_subscriber'),
(288, 'Can view subscriber', 72, 'view_subscriber'),
(289, 'Can add subscriber product attribute', 73, 'add_subscriberproductattribute'),
(290, 'Can change subscriber product attribute', 73, 'change_subscriberproductattribute'),
(291, 'Can delete subscriber product attribute', 73, 'delete_subscriberproductattribute'),
(292, 'Can view subscriber product attribute', 73, 'view_subscriberproductattribute'),
(293, 'Can add post', 74, 'add_post'),
(294, 'Can change post', 74, 'change_post'),
(295, 'Can delete post', 74, 'delete_post'),
(296, 'Can view post', 74, 'view_post'),
(297, 'Can add actor', 76, 'add_actor'),
(298, 'Can change actor', 76, 'change_actor'),
(299, 'Can delete actor', 76, 'delete_actor'),
(300, 'Can view actor', 76, 'view_actor'),
(301, 'Can add address', 77, 'add_address'),
(302, 'Can change address', 77, 'change_address'),
(303, 'Can delete address', 77, 'delete_address'),
(304, 'Can view address', 77, 'view_address'),
(305, 'Can add answer customer', 78, 'add_answercustomer'),
(306, 'Can change answer customer', 78, 'change_answercustomer'),
(307, 'Can delete answer customer', 78, 'delete_answercustomer'),
(308, 'Can view answer customer', 78, 'view_answercustomer'),
(309, 'Can add attribute', 79, 'add_attribute'),
(310, 'Can change attribute', 79, 'change_attribute'),
(311, 'Can delete attribute', 79, 'delete_attribute'),
(312, 'Can view attribute', 79, 'view_attribute'),
(313, 'Can add attribute group', 80, 'add_attributegroup'),
(314, 'Can change attribute group', 80, 'change_attributegroup'),
(315, 'Can delete attribute group', 80, 'delete_attributegroup'),
(316, 'Can view attribute group', 80, 'view_attributegroup'),
(317, 'Can add auth group', 81, 'add_authgroup'),
(318, 'Can change auth group', 81, 'change_authgroup'),
(319, 'Can delete auth group', 81, 'delete_authgroup'),
(320, 'Can view auth group', 81, 'view_authgroup'),
(321, 'Can add auth group permissions', 82, 'add_authgrouppermissions'),
(322, 'Can change auth group permissions', 82, 'change_authgrouppermissions'),
(323, 'Can delete auth group permissions', 82, 'delete_authgrouppermissions'),
(324, 'Can view auth group permissions', 82, 'view_authgrouppermissions'),
(325, 'Can add auth permission', 83, 'add_authpermission'),
(326, 'Can change auth permission', 83, 'change_authpermission'),
(327, 'Can delete auth permission', 83, 'delete_authpermission'),
(328, 'Can view auth permission', 83, 'view_authpermission'),
(329, 'Can add auth user', 84, 'add_authuser'),
(330, 'Can change auth user', 84, 'change_authuser'),
(331, 'Can delete auth user', 84, 'delete_authuser'),
(332, 'Can view auth user', 84, 'view_authuser'),
(333, 'Can add auth user groups', 85, 'add_authusergroups'),
(334, 'Can change auth user groups', 85, 'change_authusergroups'),
(335, 'Can delete auth user groups', 85, 'delete_authusergroups'),
(336, 'Can view auth user groups', 85, 'view_authusergroups'),
(337, 'Can add auth user user permissions', 86, 'add_authuseruserpermissions'),
(338, 'Can change auth user user permissions', 86, 'change_authuseruserpermissions'),
(339, 'Can delete auth user user permissions', 86, 'delete_authuseruserpermissions'),
(340, 'Can view auth user user permissions', 86, 'view_authuseruserpermissions'),
(341, 'Can add behavior', 87, 'add_behavior'),
(342, 'Can change behavior', 87, 'change_behavior'),
(343, 'Can delete behavior', 87, 'delete_behavior'),
(344, 'Can view behavior', 87, 'view_behavior'),
(345, 'Can add cart', 88, 'add_cart'),
(346, 'Can change cart', 88, 'change_cart'),
(347, 'Can delete cart', 88, 'delete_cart'),
(348, 'Can view cart', 88, 'view_cart'),
(349, 'Can add category', 89, 'add_category'),
(350, 'Can change category', 89, 'change_category'),
(351, 'Can delete category', 89, 'delete_category'),
(352, 'Can view category', 89, 'view_category'),
(353, 'Can add city', 90, 'add_city'),
(354, 'Can change city', 90, 'change_city'),
(355, 'Can delete city', 90, 'delete_city'),
(356, 'Can view city', 90, 'view_city'),
(357, 'Can add comment', 91, 'add_comment'),
(358, 'Can change comment', 91, 'change_comment'),
(359, 'Can delete comment', 91, 'delete_comment'),
(360, 'Can view comment', 91, 'view_comment'),
(361, 'Can add contact', 92, 'add_contact'),
(362, 'Can change contact', 92, 'change_contact'),
(363, 'Can delete contact', 92, 'delete_contact'),
(364, 'Can view contact', 92, 'view_contact'),
(365, 'Can add csvc', 93, 'add_csvc'),
(366, 'Can change csvc', 93, 'change_csvc'),
(367, 'Can delete csvc', 93, 'delete_csvc'),
(368, 'Can view csvc', 93, 'view_csvc'),
(369, 'Can add customer message', 94, 'add_customermessage'),
(370, 'Can change customer message', 94, 'change_customermessage'),
(371, 'Can delete customer message', 94, 'delete_customermessage'),
(372, 'Can view customer message', 94, 'view_customermessage'),
(373, 'Can add customer thread', 95, 'add_customerthread'),
(374, 'Can change customer thread', 95, 'change_customerthread'),
(375, 'Can delete customer thread', 95, 'delete_customerthread'),
(376, 'Can view customer thread', 95, 'view_customerthread'),
(377, 'Can add customized data', 96, 'add_customizeddata'),
(378, 'Can change customized data', 96, 'change_customizeddata'),
(379, 'Can delete customized data', 96, 'delete_customizeddata'),
(380, 'Can view customized data', 96, 'view_customizeddata'),
(381, 'Can add district', 97, 'add_district'),
(382, 'Can change district', 97, 'change_district'),
(383, 'Can delete district', 97, 'delete_district'),
(384, 'Can view district', 97, 'view_district'),
(385, 'Can add django admin log', 98, 'add_djangoadminlog'),
(386, 'Can change django admin log', 98, 'change_djangoadminlog'),
(387, 'Can delete django admin log', 98, 'delete_djangoadminlog'),
(388, 'Can view django admin log', 98, 'view_djangoadminlog'),
(389, 'Can add django content type', 99, 'add_djangocontenttype'),
(390, 'Can change django content type', 99, 'change_djangocontenttype'),
(391, 'Can delete django content type', 99, 'delete_djangocontenttype'),
(392, 'Can view django content type', 99, 'view_djangocontenttype'),
(393, 'Can add django migrations', 100, 'add_djangomigrations'),
(394, 'Can change django migrations', 100, 'change_djangomigrations'),
(395, 'Can delete django migrations', 100, 'delete_djangomigrations'),
(396, 'Can view django migrations', 100, 'view_djangomigrations'),
(397, 'Can add django session', 101, 'add_djangosession'),
(398, 'Can change django session', 101, 'change_djangosession'),
(399, 'Can delete django session', 101, 'delete_djangosession'),
(400, 'Can view django session', 101, 'view_djangosession'),
(401, 'Can add email queue', 102, 'add_emailqueue'),
(402, 'Can change email queue', 102, 'change_emailqueue'),
(403, 'Can delete email queue', 102, 'delete_emailqueue'),
(404, 'Can view email queue', 102, 'view_emailqueue'),
(405, 'Can add feature', 103, 'add_feature'),
(406, 'Can change feature', 103, 'change_feature'),
(407, 'Can delete feature', 103, 'delete_feature'),
(408, 'Can view feature', 103, 'view_feature'),
(409, 'Can add feature value', 104, 'add_featurevalue'),
(410, 'Can change feature value', 104, 'change_featurevalue'),
(411, 'Can delete feature value', 104, 'delete_featurevalue'),
(412, 'Can view feature value', 104, 'view_featurevalue'),
(413, 'Can add lookup', 105, 'add_lookup'),
(414, 'Can change lookup', 105, 'change_lookup'),
(415, 'Can delete lookup', 105, 'delete_lookup'),
(416, 'Can view lookup', 105, 'view_lookup'),
(417, 'Can add manufacturer', 106, 'add_manufacturer'),
(418, 'Can change manufacturer', 106, 'change_manufacturer'),
(419, 'Can delete manufacturer', 106, 'delete_manufacturer'),
(420, 'Can view manufacturer', 106, 'view_manufacturer'),
(421, 'Can add message', 107, 'add_message'),
(422, 'Can change message', 107, 'change_message'),
(423, 'Can delete message', 107, 'delete_message'),
(424, 'Can view message', 107, 'view_message'),
(425, 'Can add order', 108, 'add_order'),
(426, 'Can change order', 108, 'change_order'),
(427, 'Can delete order', 108, 'delete_order'),
(428, 'Can view order', 108, 'view_order'),
(429, 'Can add order history', 109, 'add_orderhistory'),
(430, 'Can change order history', 109, 'change_orderhistory'),
(431, 'Can delete order history', 109, 'delete_orderhistory'),
(432, 'Can view order history', 109, 'view_orderhistory'),
(433, 'Can add order invoice', 110, 'add_orderinvoice'),
(434, 'Can change order invoice', 110, 'change_orderinvoice'),
(435, 'Can delete order invoice', 110, 'delete_orderinvoice'),
(436, 'Can view order invoice', 110, 'view_orderinvoice'),
(437, 'Can add order payment', 111, 'add_orderpayment'),
(438, 'Can change order payment', 111, 'change_orderpayment'),
(439, 'Can delete order payment', 111, 'delete_orderpayment'),
(440, 'Can view order payment', 111, 'view_orderpayment'),
(441, 'Can add order state', 112, 'add_orderstate'),
(442, 'Can change order state', 112, 'change_orderstate'),
(443, 'Can delete order state', 112, 'delete_orderstate'),
(444, 'Can view order state', 112, 'view_orderstate'),
(445, 'Can add pack', 113, 'add_pack'),
(446, 'Can change pack', 113, 'change_pack'),
(447, 'Can delete pack', 113, 'delete_pack'),
(448, 'Can view pack', 113, 'view_pack'),
(449, 'Can add pack group', 114, 'add_packgroup'),
(450, 'Can change pack group', 114, 'change_packgroup'),
(451, 'Can delete pack group', 114, 'delete_packgroup'),
(452, 'Can view pack group', 114, 'view_packgroup'),
(453, 'Can add param', 115, 'add_param'),
(454, 'Can change param', 115, 'change_param'),
(455, 'Can delete param', 115, 'delete_param'),
(456, 'Can view param', 115, 'view_param'),
(457, 'Can add product', 116, 'add_product'),
(458, 'Can change product', 116, 'change_product'),
(459, 'Can delete product', 116, 'delete_product'),
(460, 'Can view product', 116, 'view_product'),
(461, 'Can add product attribute', 117, 'add_productattribute'),
(462, 'Can change product attribute', 117, 'change_productattribute'),
(463, 'Can delete product attribute', 117, 'delete_productattribute'),
(464, 'Can view product attribute', 117, 'view_productattribute'),
(465, 'Can add product attribute after combine', 118, 'add_productattributeaftercombine'),
(466, 'Can change product attribute after combine', 118, 'change_productattributeaftercombine'),
(467, 'Can delete product attribute after combine', 118, 'delete_productattributeaftercombine'),
(468, 'Can view product attribute after combine', 118, 'view_productattributeaftercombine'),
(469, 'Can add room', 119, 'add_room'),
(470, 'Can change room', 119, 'change_room'),
(471, 'Can delete room', 119, 'delete_room'),
(472, 'Can view room', 119, 'view_room'),
(473, 'Can add room4 chat', 120, 'add_room4chat'),
(474, 'Can change room4 chat', 120, 'change_room4chat'),
(475, 'Can delete room4 chat', 120, 'delete_room4chat'),
(476, 'Can view room4 chat', 120, 'view_room4chat'),
(477, 'Can add service', 121, 'add_service'),
(478, 'Can change service', 121, 'change_service'),
(479, 'Can delete service', 121, 'delete_service'),
(480, 'Can view service', 121, 'view_service'),
(481, 'Can add specific price', 122, 'add_specificprice'),
(482, 'Can change specific price', 122, 'change_specificprice'),
(483, 'Can delete specific price', 122, 'delete_specificprice'),
(484, 'Can view specific price', 122, 'view_specificprice'),
(485, 'Can add specific price rule', 123, 'add_specificpricerule'),
(486, 'Can change specific price rule', 123, 'change_specificpricerule'),
(487, 'Can delete specific price rule', 123, 'delete_specificpricerule'),
(488, 'Can view specific price rule', 123, 'view_specificpricerule'),
(489, 'Can add subscriber', 124, 'add_subscriber'),
(490, 'Can change subscriber', 124, 'change_subscriber'),
(491, 'Can delete subscriber', 124, 'delete_subscriber'),
(492, 'Can view subscriber', 124, 'view_subscriber'),
(493, 'Can add tag', 125, 'add_tag'),
(494, 'Can change tag', 125, 'change_tag'),
(495, 'Can delete tag', 125, 'delete_tag'),
(496, 'Can view tag', 125, 'view_tag'),
(497, 'Can add type rule', 126, 'add_typerule'),
(498, 'Can change type rule', 126, 'change_typerule'),
(499, 'Can delete type rule', 126, 'delete_typerule'),
(500, 'Can view type rule', 126, 'view_typerule'),
(501, 'Can add ward', 75, 'add_ward'),
(502, 'Can change ward', 75, 'change_ward'),
(503, 'Can delete ward', 75, 'delete_ward'),
(504, 'Can view ward', 75, 'view_ward'),
(505, 'Can add cart item', 127, 'add_cartitem'),
(506, 'Can change cart item', 127, 'change_cartitem'),
(507, 'Can delete cart item', 127, 'delete_cartitem'),
(508, 'Can view cart item', 127, 'view_cartitem'),
(509, 'Can add category product', 128, 'add_categoryproduct'),
(510, 'Can change category product', 128, 'change_categoryproduct'),
(511, 'Can delete category product', 128, 'delete_categoryproduct'),
(512, 'Can view category product', 128, 'view_categoryproduct'),
(513, 'Can add category product attribute', 129, 'add_categoryproductattribute'),
(514, 'Can change category product attribute', 129, 'change_categoryproductattribute'),
(515, 'Can delete category product attribute', 129, 'delete_categoryproductattribute'),
(516, 'Can view category product attribute', 129, 'view_categoryproductattribute'),
(517, 'Can add customization', 130, 'add_customization'),
(518, 'Can change customization', 130, 'change_customization'),
(519, 'Can delete customization', 130, 'delete_customization'),
(520, 'Can view customization', 130, 'view_customization'),
(521, 'Can add feature product', 131, 'add_featureproduct'),
(522, 'Can change feature product', 131, 'change_featureproduct'),
(523, 'Can delete feature product', 131, 'delete_featureproduct'),
(524, 'Can view feature product', 131, 'view_featureproduct'),
(525, 'Can add message readed', 132, 'add_messagereaded'),
(526, 'Can change message readed', 132, 'change_messagereaded'),
(527, 'Can delete message readed', 132, 'delete_messagereaded'),
(528, 'Can view message readed', 132, 'view_messagereaded'),
(529, 'Can add order invoice payment', 133, 'add_orderinvoicepayment'),
(530, 'Can change order invoice payment', 133, 'change_orderinvoicepayment'),
(531, 'Can delete order invoice payment', 133, 'delete_orderinvoicepayment'),
(532, 'Can view order invoice payment', 133, 'view_orderinvoicepayment'),
(533, 'Can add order item', 134, 'add_orderitem'),
(534, 'Can change order item', 134, 'change_orderitem'),
(535, 'Can delete order item', 134, 'delete_orderitem'),
(536, 'Can view order item', 134, 'view_orderitem'),
(537, 'Can add post category', 135, 'add_postcategory'),
(538, 'Can change post category', 135, 'change_postcategory'),
(539, 'Can delete post category', 135, 'delete_postcategory'),
(540, 'Can view post category', 135, 'view_postcategory'),
(541, 'Can add product attribute combination', 136, 'add_productattributecombination'),
(542, 'Can change product attribute combination', 136, 'change_productattributecombination'),
(543, 'Can delete product attribute combination', 136, 'delete_productattributecombination'),
(544, 'Can view product attribute combination', 136, 'view_productattributecombination'),
(545, 'Can add product attribute tag', 137, 'add_productattributetag'),
(546, 'Can change product attribute tag', 137, 'change_productattributetag'),
(547, 'Can delete product attribute tag', 137, 'delete_productattributetag'),
(548, 'Can view product attribute tag', 137, 'view_productattributetag'),
(549, 'Can add product tag', 138, 'add_producttag'),
(550, 'Can change product tag', 138, 'change_producttag'),
(551, 'Can delete product tag', 138, 'delete_producttag'),
(552, 'Can view product tag', 138, 'view_producttag'),
(553, 'Can add subscriber post', 139, 'add_subscriberpost'),
(554, 'Can change subscriber post', 139, 'change_subscriberpost'),
(555, 'Can delete subscriber post', 139, 'delete_subscriberpost'),
(556, 'Can view subscriber post', 139, 'view_subscriberpost'),
(557, 'Can add subscriber product attribute', 140, 'add_subscriberproductattribute'),
(558, 'Can change subscriber product attribute', 140, 'change_subscriberproductattribute'),
(559, 'Can delete subscriber product attribute', 140, 'delete_subscriberproductattribute'),
(560, 'Can view subscriber product attribute', 140, 'view_subscriberproductattribute'),
(561, 'Can add source', 141, 'add_source'),
(562, 'Can change source', 141, 'change_source'),
(563, 'Can delete source', 141, 'delete_source'),
(564, 'Can view source', 141, 'view_source'),
(565, 'Can add thumbnail', 142, 'add_thumbnail'),
(566, 'Can change thumbnail', 142, 'change_thumbnail'),
(567, 'Can delete thumbnail', 142, 'delete_thumbnail'),
(568, 'Can view thumbnail', 142, 'view_thumbnail'),
(569, 'Can add thumbnail dimensions', 143, 'add_thumbnaildimensions'),
(570, 'Can change thumbnail dimensions', 143, 'change_thumbnaildimensions'),
(571, 'Can delete thumbnail dimensions', 143, 'delete_thumbnaildimensions'),
(572, 'Can view thumbnail dimensions', 143, 'view_thumbnaildimensions'),
(573, 'Can add Theme', 144, 'add_theme'),
(574, 'Can change Theme', 144, 'change_theme'),
(575, 'Can delete Theme', 144, 'delete_theme'),
(576, 'Can view Theme', 144, 'view_theme'),
(577, 'Can add traceback', 145, 'add_traceback'),
(578, 'Can change traceback', 145, 'change_traceback'),
(579, 'Can delete traceback', 145, 'delete_traceback'),
(580, 'Can view traceback', 145, 'view_traceback'),
(581, 'Can add Setting', 147, 'add_setting'),
(582, 'Can change Setting', 147, 'change_setting'),
(583, 'Can delete Setting', 147, 'delete_setting'),
(584, 'Can view Setting', 147, 'view_setting'),
(585, 'Can add kv store', 148, 'add_kvstore'),
(586, 'Can change kv store', 148, 'change_kvstore'),
(587, 'Can delete kv store', 148, 'delete_kvstore'),
(588, 'Can view kv store', 148, 'view_kvstore'),
(589, 'Can add site', 149, 'add_site'),
(590, 'Can change site', 149, 'change_site'),
(591, 'Can delete site', 149, 'delete_site'),
(592, 'Can view site', 149, 'view_site'),
(593, 'Can add email address', 150, 'add_emailaddress'),
(594, 'Can change email address', 150, 'change_emailaddress'),
(595, 'Can delete email address', 150, 'delete_emailaddress'),
(596, 'Can view email address', 150, 'view_emailaddress'),
(597, 'Can add email confirmation', 151, 'add_emailconfirmation'),
(598, 'Can change email confirmation', 151, 'change_emailconfirmation'),
(599, 'Can delete email confirmation', 151, 'delete_emailconfirmation'),
(600, 'Can view email confirmation', 151, 'view_emailconfirmation'),
(601, 'Can add social account', 152, 'add_socialaccount'),
(602, 'Can change social account', 152, 'change_socialaccount'),
(603, 'Can delete social account', 152, 'delete_socialaccount'),
(604, 'Can view social account', 152, 'view_socialaccount'),
(605, 'Can add social application', 153, 'add_socialapp'),
(606, 'Can change social application', 153, 'change_socialapp'),
(607, 'Can delete social application', 153, 'delete_socialapp'),
(608, 'Can view social application', 153, 'view_socialapp'),
(609, 'Can add social application token', 154, 'add_socialtoken'),
(610, 'Can change social application token', 154, 'change_socialtoken'),
(611, 'Can delete social application token', 154, 'delete_socialtoken'),
(612, 'Can view social application token', 154, 'view_socialtoken'),
(613, 'Can add open id nonce', 155, 'add_openidnonce'),
(614, 'Can change open id nonce', 155, 'change_openidnonce'),
(615, 'Can delete open id nonce', 155, 'delete_openidnonce'),
(616, 'Can view open id nonce', 155, 'view_openidnonce'),
(617, 'Can add open id store', 156, 'add_openidstore'),
(618, 'Can change open id store', 156, 'change_openidstore'),
(619, 'Can delete open id store', 156, 'delete_openidstore'),
(620, 'Can view open id store', 156, 'view_openidstore'),
(621, 'Can add captcha store', 157, 'add_captchastore'),
(622, 'Can change captcha store', 157, 'change_captchastore'),
(623, 'Can delete captcha store', 157, 'delete_captchastore'),
(624, 'Can view captcha store', 157, 'view_captchastore');

-- --------------------------------------------------------

--
-- Table structure for table `auth_user`
--

DROP TABLE IF EXISTS `auth_user`;
CREATE TABLE IF NOT EXISTS `auth_user` (
  `id` int(11) NOT NULL AUTO_INCREMENT,
  `password` varchar(128) NOT NULL,
  `last_login` datetime(6) DEFAULT NULL,
  `is_superuser` tinyint(1) NOT NULL,
  `username` varchar(150) NOT NULL,
  `first_name` varchar(30) NOT NULL,
  `last_name` varchar(150) NOT NULL,
  `email` varchar(254) NOT NULL,
  `is_staff` tinyint(1) NOT NULL,
  `is_active` tinyint(1) NOT NULL,
  `date_joined` datetime(6) NOT NULL,
  PRIMARY KEY (`id`),
  UNIQUE KEY `username` (`username`)
) ENGINE=InnoDB AUTO_INCREMENT=7 DEFAULT CHARSET=utf8;

--
-- Dumping data for table `auth_user`
--

INSERT INTO `auth_user` (`id`, `password`, `last_login`, `is_superuser`, `username`, `first_name`, `last_name`, `email`, `is_staff`, `is_active`, `date_joined`) VALUES
(1, 'pbkdf2_sha256$180000$rsNwq9gp6G9H$cfSwZKZMcZTWiNU4onCPfC1TkuWBiFU3sEQJeP+Eh0E=', '2020-10-13 03:27:10.414421', 1, 'huunguyen', 'Nguyen Huu', 'Nguyen', 'nguyenhuunguyen@gmail.com', 1, 1, '2020-06-30 16:14:48.000000'),
(2, 'pbkdf2_sha256$180000$No2cO7WvhQl6$+2+ePJgEGTcd8gMy1+8CuihgiCXCDqlnc6ndLwIaUKA=', NULL, 1, 'super', 'super', 'system', 'super@localhost.vn', 1, 1, '2020-09-08 06:59:33.000000'),
(3, 'pbkdf2_sha256$180000$oGYJvSKkBPHF$C8eUe/jvTZLiOBb07EftEFhxnfzQ+Fibcn+RAEdjDMI=', NULL, 0, 'admin', 'admin', 'system', 'admin@localhost.vn', 1, 1, '2020-09-08 06:59:45.000000'),
(4, 'pbkdf2_sha256$180000$a2LAu0DxdSbJ$MVTnzkwJf2359m39ZYu8buXGnlBzYMGgavZ/JLBrYYk=', NULL, 0, 'thanhvien', 'thanh', 'vien', 'thanhvien@localhost.vn', 1, 1, '2020-09-08 06:59:56.000000'),
(5, 'pbkdf2_sha256$180000$cL2xqVfHeLX3$eQ6zAZ/mOq7HGZnUuK2Rfnv+3dWdlcKfOkdRutz0adI=', NULL, 0, 'khachhang', 'khach', 'hang', 'khachang@localhost.vn', 0, 1, '2020-09-08 07:00:05.000000'),
(6, 'pbkdf2_sha256$180000$LolNqj08PtFq$L7iKNBHKovNcsJIIPzp5Bk3m0yM4WbXEnvDZw50NQsQ=', NULL, 0, 'khachvanglai', 'khach vang', 'lai', 'khachvanglai@localhost.vn', 0, 1, '2020-09-08 07:00:23.000000');

-- --------------------------------------------------------

--
-- Table structure for table `auth_user_groups`
--

DROP TABLE IF EXISTS `auth_user_groups`;
CREATE TABLE IF NOT EXISTS `auth_user_groups` (
  `id` int(11) NOT NULL AUTO_INCREMENT,
  `user_id` int(11) NOT NULL,
  `group_id` int(11) NOT NULL,
  PRIMARY KEY (`id`),
  UNIQUE KEY `auth_user_groups_user_id_group_id_94350c0c_uniq` (`user_id`,`group_id`),
  KEY `auth_user_groups_group_id_97559544_fk_auth_group_id` (`group_id`)
) ENGINE=InnoDB AUTO_INCREMENT=11 DEFAULT CHARSET=utf8;

--
-- Dumping data for table `auth_user_groups`
--

INSERT INTO `auth_user_groups` (`id`, `user_id`, `group_id`) VALUES
(1, 1, 1),
(3, 2, 1),
(4, 2, 2),
(5, 2, 3),
(6, 2, 4),
(7, 2, 5),
(2, 3, 2),
(8, 4, 3),
(9, 5, 4),
(10, 6, 5);

-- --------------------------------------------------------

--
-- Table structure for table `auth_user_user_permissions`
--

DROP TABLE IF EXISTS `auth_user_user_permissions`;
CREATE TABLE IF NOT EXISTS `auth_user_user_permissions` (
  `id` int(11) NOT NULL AUTO_INCREMENT,
  `user_id` int(11) NOT NULL,
  `permission_id` int(11) NOT NULL,
  PRIMARY KEY (`id`),
  UNIQUE KEY `auth_user_user_permissions_user_id_permission_id_14a6b632_uniq` (`user_id`,`permission_id`),
  KEY `auth_user_user_permi_permission_id_1fbb5f2c_fk_auth_perm` (`permission_id`)
) ENGINE=InnoDB AUTO_INCREMENT=1161 DEFAULT CHARSET=utf8;

--
-- Dumping data for table `auth_user_user_permissions`
--

INSERT INTO `auth_user_user_permissions` (`id`, `user_id`, `permission_id`) VALUES
(1, 1, 1),
(2, 1, 2),
(3, 1, 3),
(4, 1, 4),
(5, 1, 5),
(6, 1, 6),
(7, 1, 7),
(8, 1, 8),
(9, 1, 9),
(10, 1, 10),
(11, 1, 11),
(12, 1, 12),
(13, 1, 13),
(14, 1, 14),
(15, 1, 15),
(16, 1, 16),
(17, 1, 17),
(18, 1, 18),
(19, 1, 19),
(20, 1, 20),
(21, 1, 21),
(22, 1, 22),
(23, 1, 23),
(24, 1, 24),
(25, 1, 25),
(26, 1, 26),
(27, 1, 27),
(28, 1, 28),
(29, 1, 29),
(30, 1, 30),
(31, 1, 31),
(32, 1, 32),
(33, 1, 33),
(34, 1, 34),
(35, 1, 35),
(36, 1, 36),
(37, 1, 37),
(38, 1, 38),
(39, 1, 39),
(40, 1, 40),
(41, 1, 41),
(42, 1, 42),
(43, 1, 43),
(44, 1, 44),
(45, 1, 45),
(46, 1, 46),
(47, 1, 47),
(48, 1, 48),
(49, 1, 49),
(50, 1, 50),
(51, 1, 51),
(52, 1, 52),
(53, 1, 53),
(54, 1, 54),
(55, 1, 55),
(56, 1, 56),
(57, 1, 57),
(58, 1, 58),
(59, 1, 59),
(60, 1, 60),
(61, 1, 61),
(62, 1, 62),
(63, 1, 63),
(64, 1, 64),
(65, 1, 65),
(66, 1, 66),
(67, 1, 67),
(68, 1, 68),
(69, 1, 69),
(70, 1, 70),
(71, 1, 71),
(72, 1, 72),
(73, 1, 73),
(74, 1, 74),
(75, 1, 75),
(76, 1, 76),
(77, 1, 77),
(78, 1, 78),
(79, 1, 79),
(80, 1, 80),
(81, 1, 81),
(82, 1, 82),
(83, 1, 83),
(84, 1, 84),
(85, 1, 85),
(86, 1, 86),
(87, 1, 87),
(88, 1, 88),
(89, 1, 89),
(90, 1, 90),
(91, 1, 91),
(92, 1, 92),
(93, 1, 93),
(94, 1, 94),
(95, 1, 95),
(96, 1, 96),
(97, 1, 97),
(98, 1, 98),
(99, 1, 99),
(100, 1, 100),
(101, 1, 101),
(102, 1, 102),
(103, 1, 103),
(104, 1, 104),
(105, 1, 105),
(106, 1, 106),
(107, 1, 107),
(108, 1, 108),
(109, 1, 109),
(110, 1, 110),
(111, 1, 111),
(112, 1, 112),
(113, 1, 113),
(114, 1, 114),
(115, 1, 115),
(116, 1, 116),
(117, 1, 117),
(118, 1, 118),
(119, 1, 119),
(120, 1, 120),
(121, 1, 121),
(122, 1, 122),
(123, 1, 123),
(124, 1, 124),
(125, 1, 125),
(126, 1, 126),
(127, 1, 127),
(128, 1, 128),
(129, 1, 129),
(130, 1, 130),
(131, 1, 131),
(132, 1, 132),
(133, 1, 133),
(134, 1, 134),
(135, 1, 135),
(136, 1, 136),
(137, 1, 137),
(138, 1, 138),
(139, 1, 139),
(140, 1, 140),
(141, 1, 141),
(142, 1, 142),
(143, 1, 143),
(144, 1, 144),
(145, 1, 145),
(146, 1, 146),
(147, 1, 147),
(148, 1, 148),
(149, 1, 149),
(150, 1, 150),
(151, 1, 151),
(152, 1, 152),
(153, 1, 153),
(154, 1, 154),
(155, 1, 155),
(156, 1, 156),
(157, 1, 157),
(158, 1, 158),
(159, 1, 159),
(160, 1, 160),
(161, 1, 161),
(162, 1, 162),
(163, 1, 163),
(164, 1, 164),
(165, 1, 165),
(166, 1, 166),
(167, 1, 167),
(168, 1, 168),
(169, 1, 169),
(170, 1, 170),
(171, 1, 171),
(172, 1, 172),
(173, 1, 173),
(174, 1, 174),
(175, 1, 175),
(176, 1, 176),
(177, 1, 177),
(178, 1, 178),
(179, 1, 179),
(180, 1, 180),
(181, 1, 181),
(182, 1, 182),
(183, 1, 183),
(184, 1, 184),
(185, 1, 185),
(186, 1, 186),
(187, 1, 187),
(188, 1, 188),
(189, 1, 189),
(190, 1, 190),
(191, 1, 191),
(192, 1, 192),
(193, 1, 193),
(194, 1, 194),
(195, 1, 195),
(196, 1, 196),
(197, 1, 197),
(198, 1, 198),
(199, 1, 199),
(200, 1, 200),
(201, 1, 201),
(202, 1, 202),
(203, 1, 203),
(204, 1, 204),
(205, 1, 205),
(206, 1, 206),
(207, 1, 207),
(208, 1, 208),
(209, 1, 209),
(210, 1, 210),
(211, 1, 211),
(212, 1, 212),
(213, 1, 213),
(214, 1, 214),
(215, 1, 215),
(216, 1, 216),
(217, 1, 217),
(218, 1, 218),
(219, 1, 219),
(220, 1, 220),
(221, 1, 221),
(222, 1, 222),
(223, 1, 223),
(224, 1, 224),
(225, 1, 225),
(226, 1, 226),
(227, 1, 227),
(228, 1, 228),
(229, 1, 229),
(230, 1, 230),
(231, 1, 231),
(232, 1, 232),
(233, 1, 233),
(234, 1, 234),
(235, 1, 235),
(236, 1, 236),
(237, 1, 237),
(238, 1, 238),
(239, 1, 239),
(240, 1, 240),
(241, 1, 241),
(242, 1, 242),
(243, 1, 243),
(244, 1, 244),
(245, 1, 245),
(246, 1, 246),
(247, 1, 247),
(248, 1, 248),
(249, 1, 249),
(250, 1, 250),
(251, 1, 251),
(252, 1, 252),
(253, 1, 253),
(254, 1, 254),
(255, 1, 255),
(256, 1, 256),
(257, 1, 257),
(258, 1, 258),
(259, 1, 259),
(260, 1, 260),
(261, 1, 261),
(262, 1, 262),
(263, 1, 263),
(264, 1, 264),
(265, 1, 265),
(266, 1, 266),
(267, 1, 267),
(268, 1, 268),
(269, 1, 269),
(270, 1, 270),
(271, 1, 271),
(272, 1, 272),
(273, 1, 273),
(274, 1, 274),
(275, 1, 275),
(276, 1, 276),
(277, 1, 277),
(278, 1, 278),
(279, 1, 279),
(280, 1, 280),
(281, 1, 281),
(282, 1, 282),
(283, 1, 283),
(284, 1, 284),
(285, 1, 285),
(286, 1, 286),
(287, 1, 287),
(288, 1, 288),
(289, 1, 289),
(290, 1, 290),
(291, 1, 291),
(292, 1, 292),
(293, 1, 293),
(294, 1, 294),
(295, 1, 295),
(296, 1, 296),
(297, 1, 297),
(298, 1, 298),
(299, 1, 299),
(300, 1, 300),
(301, 1, 301),
(302, 1, 302),
(303, 1, 303),
(304, 1, 304),
(305, 1, 305),
(306, 1, 306),
(307, 1, 307),
(308, 1, 308),
(309, 1, 309),
(310, 1, 310),
(311, 1, 311),
(312, 1, 312),
(313, 1, 313),
(314, 1, 314),
(315, 1, 315),
(316, 1, 316),
(317, 1, 317),
(318, 1, 318),
(319, 1, 319),
(320, 1, 320),
(321, 1, 321),
(322, 1, 322),
(323, 1, 323),
(324, 1, 324),
(325, 1, 325),
(326, 1, 326),
(327, 1, 327),
(328, 1, 328),
(329, 1, 329),
(330, 1, 330),
(331, 1, 331),
(332, 1, 332),
(333, 1, 333),
(334, 1, 334),
(335, 1, 335),
(336, 1, 336),
(337, 1, 337),
(338, 1, 338),
(339, 1, 339),
(340, 1, 340),
(341, 1, 341),
(342, 1, 342),
(343, 1, 343),
(344, 1, 344),
(345, 1, 345),
(346, 1, 346),
(347, 1, 347),
(348, 1, 348),
(349, 1, 349),
(350, 1, 350),
(351, 1, 351),
(352, 1, 352),
(353, 1, 353),
(354, 1, 354),
(355, 1, 355),
(356, 1, 356),
(357, 1, 357),
(358, 1, 358),
(359, 1, 359),
(360, 1, 360),
(361, 1, 361),
(362, 1, 362),
(363, 1, 363),
(364, 1, 364),
(365, 1, 365),
(366, 1, 366),
(367, 1, 367),
(368, 1, 368),
(369, 1, 369),
(370, 1, 370),
(371, 1, 371),
(372, 1, 372),
(373, 1, 373),
(374, 1, 374),
(375, 1, 375),
(376, 1, 376),
(377, 1, 377),
(378, 1, 378),
(379, 1, 379),
(380, 1, 380),
(381, 1, 381),
(382, 1, 382),
(383, 1, 383),
(384, 1, 384),
(385, 1, 385),
(386, 1, 386),
(387, 1, 387),
(388, 1, 388),
(389, 1, 389),
(390, 1, 390),
(391, 1, 391),
(392, 1, 392),
(393, 1, 393),
(394, 1, 394),
(395, 1, 395),
(396, 1, 396),
(397, 1, 397),
(398, 1, 398),
(399, 1, 399),
(400, 1, 400),
(401, 1, 401),
(402, 1, 402),
(403, 1, 403),
(404, 1, 404),
(405, 1, 405),
(406, 1, 406),
(407, 1, 407),
(408, 1, 408),
(409, 1, 409),
(410, 1, 410),
(411, 1, 411),
(412, 1, 412),
(413, 1, 413),
(414, 1, 414),
(415, 1, 415),
(416, 1, 416),
(417, 1, 417),
(418, 1, 418),
(419, 1, 419),
(420, 1, 420),
(421, 1, 421),
(422, 1, 422),
(423, 1, 423),
(424, 1, 424),
(425, 1, 425),
(426, 1, 426),
(427, 1, 427),
(428, 1, 428),
(429, 1, 429),
(430, 1, 430),
(431, 1, 431),
(432, 1, 432),
(433, 1, 433),
(434, 1, 434),
(435, 1, 435),
(436, 1, 436),
(437, 1, 437),
(438, 1, 438),
(439, 1, 439),
(440, 1, 440),
(441, 1, 441),
(442, 1, 442),
(443, 1, 443),
(444, 1, 444),
(445, 1, 445),
(446, 1, 446),
(447, 1, 447),
(448, 1, 448),
(449, 1, 449),
(450, 1, 450),
(451, 1, 451),
(452, 1, 452),
(453, 1, 453),
(454, 1, 454),
(455, 1, 455),
(456, 1, 456),
(457, 1, 457),
(458, 1, 458),
(459, 1, 459),
(460, 1, 460),
(461, 1, 461),
(462, 1, 462),
(463, 1, 463),
(464, 1, 464),
(465, 1, 465),
(466, 1, 466),
(467, 1, 467),
(468, 1, 468),
(469, 1, 469),
(470, 1, 470),
(471, 1, 471),
(472, 1, 472),
(473, 1, 473),
(474, 1, 474),
(475, 1, 475),
(476, 1, 476),
(477, 1, 477),
(478, 1, 478),
(479, 1, 479),
(480, 1, 480),
(481, 1, 481),
(482, 1, 482),
(483, 1, 483),
(484, 1, 484),
(485, 1, 485),
(486, 1, 486),
(487, 1, 487),
(488, 1, 488),
(489, 1, 489),
(490, 1, 490),
(491, 1, 491),
(492, 1, 492),
(493, 1, 493),
(494, 1, 494),
(495, 1, 495),
(496, 1, 496),
(497, 1, 497),
(498, 1, 498),
(499, 1, 499),
(500, 1, 500),
(501, 1, 501),
(502, 1, 502),
(503, 1, 503),
(504, 1, 504),
(505, 1, 505),
(506, 1, 506),
(507, 1, 507),
(508, 1, 508),
(509, 1, 509),
(510, 1, 510),
(511, 1, 511),
(512, 1, 512),
(513, 1, 513),
(514, 1, 514),
(515, 1, 515),
(516, 1, 516),
(517, 1, 517),
(518, 1, 518),
(519, 1, 519),
(520, 1, 520),
(521, 1, 521),
(522, 1, 522),
(523, 1, 523),
(524, 1, 524),
(525, 1, 525),
(526, 1, 526),
(527, 1, 527),
(528, 1, 528),
(529, 1, 529),
(530, 1, 530),
(531, 1, 531),
(532, 1, 532),
(533, 1, 533),
(534, 1, 534),
(535, 1, 535),
(536, 1, 536),
(537, 1, 537),
(538, 1, 538),
(539, 1, 539),
(540, 1, 540),
(541, 1, 541),
(542, 1, 542),
(543, 1, 543),
(544, 1, 544),
(545, 1, 545),
(546, 1, 546),
(547, 1, 547),
(548, 1, 548),
(549, 1, 549),
(550, 1, 550),
(551, 1, 551),
(552, 1, 552),
(553, 1, 553),
(554, 1, 554),
(555, 1, 555),
(556, 1, 556),
(557, 1, 557),
(558, 1, 558),
(559, 1, 559),
(560, 1, 560),
(561, 1, 561),
(562, 1, 562),
(563, 1, 563),
(564, 1, 564),
(565, 1, 565),
(566, 1, 566),
(567, 1, 567),
(568, 1, 568),
(569, 1, 569),
(570, 1, 570),
(571, 1, 571),
(572, 1, 572),
(573, 1, 573),
(574, 1, 574),
(575, 1, 575),
(576, 1, 576),
(577, 1, 577),
(578, 1, 578),
(579, 1, 579),
(580, 1, 580),
(581, 2, 1),
(582, 2, 2),
(583, 2, 3),
(584, 2, 4),
(585, 2, 5),
(586, 2, 6),
(587, 2, 7),
(588, 2, 8),
(589, 2, 9),
(590, 2, 10),
(591, 2, 11),
(592, 2, 12),
(593, 2, 13),
(594, 2, 14),
(595, 2, 15),
(596, 2, 16),
(597, 2, 17),
(598, 2, 18),
(599, 2, 19),
(600, 2, 20),
(601, 2, 21),
(602, 2, 22),
(603, 2, 23),
(604, 2, 24),
(605, 2, 25),
(606, 2, 26),
(607, 2, 27),
(608, 2, 28),
(609, 2, 29),
(610, 2, 30),
(611, 2, 31),
(612, 2, 32),
(613, 2, 33),
(614, 2, 34),
(615, 2, 35),
(616, 2, 36),
(617, 2, 37),
(618, 2, 38),
(619, 2, 39),
(620, 2, 40),
(621, 2, 41),
(622, 2, 42),
(623, 2, 43),
(624, 2, 44),
(625, 2, 45),
(626, 2, 46),
(627, 2, 47),
(628, 2, 48),
(629, 2, 49),
(630, 2, 50),
(631, 2, 51),
(632, 2, 52),
(633, 2, 53),
(634, 2, 54),
(635, 2, 55),
(636, 2, 56),
(637, 2, 57),
(638, 2, 58),
(639, 2, 59),
(640, 2, 60),
(641, 2, 61),
(642, 2, 62),
(643, 2, 63),
(644, 2, 64),
(645, 2, 65),
(646, 2, 66),
(647, 2, 67),
(648, 2, 68),
(649, 2, 69),
(650, 2, 70),
(651, 2, 71),
(652, 2, 72),
(653, 2, 73),
(654, 2, 74),
(655, 2, 75),
(656, 2, 76),
(657, 2, 77),
(658, 2, 78),
(659, 2, 79),
(660, 2, 80),
(661, 2, 81),
(662, 2, 82),
(663, 2, 83),
(664, 2, 84),
(665, 2, 85),
(666, 2, 86),
(667, 2, 87),
(668, 2, 88),
(669, 2, 89),
(670, 2, 90),
(671, 2, 91),
(672, 2, 92),
(673, 2, 93),
(674, 2, 94),
(675, 2, 95),
(676, 2, 96),
(677, 2, 97),
(678, 2, 98),
(679, 2, 99),
(680, 2, 100),
(681, 2, 101),
(682, 2, 102),
(683, 2, 103),
(684, 2, 104),
(685, 2, 105),
(686, 2, 106),
(687, 2, 107),
(688, 2, 108),
(689, 2, 109),
(690, 2, 110),
(691, 2, 111),
(692, 2, 112),
(693, 2, 113),
(694, 2, 114),
(695, 2, 115),
(696, 2, 116),
(697, 2, 117),
(698, 2, 118),
(699, 2, 119),
(700, 2, 120),
(701, 2, 121),
(702, 2, 122),
(703, 2, 123),
(704, 2, 124),
(705, 2, 125),
(706, 2, 126),
(707, 2, 127),
(708, 2, 128),
(709, 2, 129),
(710, 2, 130),
(711, 2, 131),
(712, 2, 132),
(713, 2, 133),
(714, 2, 134),
(715, 2, 135),
(716, 2, 136),
(717, 2, 137),
(718, 2, 138),
(719, 2, 139),
(720, 2, 140),
(721, 2, 141),
(722, 2, 142),
(723, 2, 143),
(724, 2, 144),
(725, 2, 145),
(726, 2, 146),
(727, 2, 147),
(728, 2, 148),
(729, 2, 149),
(730, 2, 150),
(731, 2, 151),
(732, 2, 152),
(733, 2, 153),
(734, 2, 154),
(735, 2, 155),
(736, 2, 156),
(737, 2, 157),
(738, 2, 158),
(739, 2, 159),
(740, 2, 160),
(741, 2, 161),
(742, 2, 162),
(743, 2, 163),
(744, 2, 164),
(745, 2, 165),
(746, 2, 166),
(747, 2, 167),
(748, 2, 168),
(749, 2, 169),
(750, 2, 170),
(751, 2, 171),
(752, 2, 172),
(753, 2, 173),
(754, 2, 174),
(755, 2, 175),
(756, 2, 176),
(757, 2, 177),
(758, 2, 178),
(759, 2, 179),
(760, 2, 180),
(761, 2, 181),
(762, 2, 182),
(763, 2, 183),
(764, 2, 184),
(765, 2, 185),
(766, 2, 186),
(767, 2, 187),
(768, 2, 188),
(769, 2, 189),
(770, 2, 190),
(771, 2, 191),
(772, 2, 192),
(773, 2, 193),
(774, 2, 194),
(775, 2, 195),
(776, 2, 196),
(777, 2, 197),
(778, 2, 198),
(779, 2, 199),
(780, 2, 200),
(781, 2, 201),
(782, 2, 202),
(783, 2, 203),
(784, 2, 204),
(785, 2, 205),
(786, 2, 206),
(787, 2, 207),
(788, 2, 208),
(789, 2, 209),
(790, 2, 210),
(791, 2, 211),
(792, 2, 212),
(793, 2, 213),
(794, 2, 214),
(795, 2, 215),
(796, 2, 216),
(797, 2, 217),
(798, 2, 218),
(799, 2, 219),
(800, 2, 220),
(801, 2, 221),
(802, 2, 222),
(803, 2, 223),
(804, 2, 224),
(805, 2, 225),
(806, 2, 226),
(807, 2, 227),
(808, 2, 228),
(809, 2, 229),
(810, 2, 230),
(811, 2, 231),
(812, 2, 232),
(813, 2, 233),
(814, 2, 234),
(815, 2, 235),
(816, 2, 236),
(817, 2, 237),
(818, 2, 238),
(819, 2, 239),
(820, 2, 240),
(821, 2, 241),
(822, 2, 242),
(823, 2, 243),
(824, 2, 244),
(825, 2, 245),
(826, 2, 246),
(827, 2, 247),
(828, 2, 248),
(829, 2, 249),
(830, 2, 250),
(831, 2, 251),
(832, 2, 252),
(833, 2, 253),
(834, 2, 254),
(835, 2, 255),
(836, 2, 256),
(837, 2, 257),
(838, 2, 258),
(839, 2, 259),
(840, 2, 260),
(841, 2, 261),
(842, 2, 262),
(843, 2, 263),
(844, 2, 264),
(845, 2, 265),
(846, 2, 266),
(847, 2, 267),
(848, 2, 268),
(849, 2, 269),
(850, 2, 270),
(851, 2, 271),
(852, 2, 272),
(853, 2, 273),
(854, 2, 274),
(855, 2, 275),
(856, 2, 276),
(857, 2, 277),
(858, 2, 278),
(859, 2, 279),
(860, 2, 280),
(861, 2, 281),
(862, 2, 282),
(863, 2, 283),
(864, 2, 284),
(865, 2, 285),
(866, 2, 286),
(867, 2, 287),
(868, 2, 288),
(869, 2, 289),
(870, 2, 290),
(871, 2, 291),
(872, 2, 292),
(873, 2, 293),
(874, 2, 294),
(875, 2, 295),
(876, 2, 296),
(877, 2, 297),
(878, 2, 298),
(879, 2, 299),
(880, 2, 300),
(881, 2, 301),
(882, 2, 302),
(883, 2, 303),
(884, 2, 304),
(885, 2, 305),
(886, 2, 306),
(887, 2, 307),
(888, 2, 308),
(889, 2, 309),
(890, 2, 310),
(891, 2, 311),
(892, 2, 312),
(893, 2, 313),
(894, 2, 314),
(895, 2, 315),
(896, 2, 316),
(897, 2, 317),
(898, 2, 318),
(899, 2, 319),
(900, 2, 320),
(901, 2, 321),
(902, 2, 322),
(903, 2, 323),
(904, 2, 324),
(905, 2, 325),
(906, 2, 326),
(907, 2, 327),
(908, 2, 328),
(909, 2, 329),
(910, 2, 330),
(911, 2, 331),
(912, 2, 332),
(913, 2, 333),
(914, 2, 334),
(915, 2, 335),
(916, 2, 336),
(917, 2, 337),
(918, 2, 338),
(919, 2, 339),
(920, 2, 340),
(921, 2, 341),
(922, 2, 342),
(923, 2, 343),
(924, 2, 344),
(925, 2, 345),
(926, 2, 346),
(927, 2, 347),
(928, 2, 348),
(929, 2, 349),
(930, 2, 350),
(931, 2, 351),
(932, 2, 352),
(933, 2, 353),
(934, 2, 354),
(935, 2, 355),
(936, 2, 356),
(937, 2, 357),
(938, 2, 358),
(939, 2, 359),
(940, 2, 360),
(941, 2, 361),
(942, 2, 362),
(943, 2, 363),
(944, 2, 364),
(945, 2, 365),
(946, 2, 366),
(947, 2, 367),
(948, 2, 368),
(949, 2, 369),
(950, 2, 370),
(951, 2, 371),
(952, 2, 372),
(953, 2, 373),
(954, 2, 374),
(955, 2, 375),
(956, 2, 376),
(957, 2, 377),
(958, 2, 378),
(959, 2, 379),
(960, 2, 380),
(961, 2, 381),
(962, 2, 382),
(963, 2, 383),
(964, 2, 384),
(965, 2, 385),
(966, 2, 386),
(967, 2, 387),
(968, 2, 388),
(969, 2, 389),
(970, 2, 390),
(971, 2, 391),
(972, 2, 392),
(973, 2, 393),
(974, 2, 394),
(975, 2, 395),
(976, 2, 396),
(977, 2, 397),
(978, 2, 398),
(979, 2, 399),
(980, 2, 400),
(981, 2, 401),
(982, 2, 402),
(983, 2, 403),
(984, 2, 404),
(985, 2, 405),
(986, 2, 406),
(987, 2, 407),
(988, 2, 408),
(989, 2, 409),
(990, 2, 410),
(991, 2, 411),
(992, 2, 412),
(993, 2, 413),
(994, 2, 414),
(995, 2, 415),
(996, 2, 416),
(997, 2, 417),
(998, 2, 418),
(999, 2, 419),
(1000, 2, 420),
(1001, 2, 421),
(1002, 2, 422),
(1003, 2, 423),
(1004, 2, 424),
(1005, 2, 425),
(1006, 2, 426),
(1007, 2, 427),
(1008, 2, 428),
(1009, 2, 429),
(1010, 2, 430),
(1011, 2, 431),
(1012, 2, 432),
(1013, 2, 433),
(1014, 2, 434),
(1015, 2, 435),
(1016, 2, 436),
(1017, 2, 437),
(1018, 2, 438),
(1019, 2, 439),
(1020, 2, 440),
(1021, 2, 441),
(1022, 2, 442),
(1023, 2, 443),
(1024, 2, 444),
(1025, 2, 445),
(1026, 2, 446),
(1027, 2, 447),
(1028, 2, 448),
(1029, 2, 449),
(1030, 2, 450),
(1031, 2, 451),
(1032, 2, 452),
(1033, 2, 453),
(1034, 2, 454),
(1035, 2, 455),
(1036, 2, 456),
(1037, 2, 457),
(1038, 2, 458),
(1039, 2, 459),
(1040, 2, 460),
(1041, 2, 461),
(1042, 2, 462),
(1043, 2, 463),
(1044, 2, 464),
(1045, 2, 465),
(1046, 2, 466),
(1047, 2, 467),
(1048, 2, 468),
(1049, 2, 469),
(1050, 2, 470),
(1051, 2, 471),
(1052, 2, 472),
(1053, 2, 473),
(1054, 2, 474),
(1055, 2, 475),
(1056, 2, 476),
(1057, 2, 477),
(1058, 2, 478),
(1059, 2, 479),
(1060, 2, 480),
(1061, 2, 481),
(1062, 2, 482),
(1063, 2, 483),
(1064, 2, 484),
(1065, 2, 485),
(1066, 2, 486),
(1067, 2, 487),
(1068, 2, 488),
(1069, 2, 489),
(1070, 2, 490),
(1071, 2, 491),
(1072, 2, 492),
(1073, 2, 493),
(1074, 2, 494),
(1075, 2, 495),
(1076, 2, 496),
(1077, 2, 497),
(1078, 2, 498),
(1079, 2, 499),
(1080, 2, 500),
(1081, 2, 501),
(1082, 2, 502),
(1083, 2, 503),
(1084, 2, 504),
(1085, 2, 505),
(1086, 2, 506),
(1087, 2, 507),
(1088, 2, 508),
(1089, 2, 509),
(1090, 2, 510),
(1091, 2, 511),
(1092, 2, 512),
(1093, 2, 513),
(1094, 2, 514),
(1095, 2, 515),
(1096, 2, 516),
(1097, 2, 517),
(1098, 2, 518),
(1099, 2, 519),
(1100, 2, 520),
(1101, 2, 521),
(1102, 2, 522),
(1103, 2, 523),
(1104, 2, 524),
(1105, 2, 525),
(1106, 2, 526),
(1107, 2, 527),
(1108, 2, 528),
(1109, 2, 529),
(1110, 2, 530),
(1111, 2, 531),
(1112, 2, 532),
(1113, 2, 533),
(1114, 2, 534),
(1115, 2, 535),
(1116, 2, 536),
(1117, 2, 537),
(1118, 2, 538),
(1119, 2, 539),
(1120, 2, 540),
(1121, 2, 541),
(1122, 2, 542),
(1123, 2, 543),
(1124, 2, 544),
(1125, 2, 545),
(1126, 2, 546),
(1127, 2, 547),
(1128, 2, 548),
(1129, 2, 549),
(1130, 2, 550),
(1131, 2, 551),
(1132, 2, 552),
(1133, 2, 553),
(1134, 2, 554),
(1135, 2, 555),
(1136, 2, 556),
(1137, 2, 557),
(1138, 2, 558),
(1139, 2, 559),
(1140, 2, 560),
(1141, 2, 561),
(1142, 2, 562),
(1143, 2, 563),
(1144, 2, 564),
(1145, 2, 565),
(1146, 2, 566),
(1147, 2, 567),
(1148, 2, 568),
(1149, 2, 569),
(1150, 2, 570),
(1151, 2, 571),
(1152, 2, 572),
(1153, 2, 573),
(1154, 2, 574),
(1155, 2, 575),
(1156, 2, 576),
(1157, 2, 577),
(1158, 2, 578),
(1159, 2, 579),
(1160, 2, 580);

-- --------------------------------------------------------

--
-- Table structure for table `behavior`
--

DROP TABLE IF EXISTS `behavior`;
CREATE TABLE IF NOT EXISTS `behavior` (
  `behavior_id` int(11) UNSIGNED NOT NULL,
  `name` varchar(45) DEFAULT NULL,
  `type` enum('ranges','options') DEFAULT NULL,
  `info` text,
  PRIMARY KEY (`behavior_id`)
) ENGINE=InnoDB DEFAULT CHARSET=utf8;

-- --------------------------------------------------------

--
-- Table structure for table `captcha_captchastore`
--

DROP TABLE IF EXISTS `captcha_captchastore`;
CREATE TABLE IF NOT EXISTS `captcha_captchastore` (
  `id` int(11) NOT NULL AUTO_INCREMENT,
  `challenge` varchar(32) NOT NULL,
  `response` varchar(32) NOT NULL,
  `hashkey` varchar(40) NOT NULL,
  `expiration` datetime(6) NOT NULL,
  PRIMARY KEY (`id`),
  UNIQUE KEY `hashkey` (`hashkey`)
) ENGINE=InnoDB AUTO_INCREMENT=368 DEFAULT CHARSET=utf8mb4;

--
-- Dumping data for table `captcha_captchastore`
--

INSERT INTO `captcha_captchastore` (`id`, `challenge`, `response`, `hashkey`, `expiration`) VALUES
(346, 'DJIM', 'djim', 'db0d0cd7d63ec685902cf040a1c09357ca9ff9aa', '2020-10-09 02:34:38.508250'),
(347, 'XHRL', 'xhrl', '5ab79430d0bd89f852f0116deac9dd981bf8d221', '2020-10-09 02:34:46.273965'),
(348, 'CMQT', 'cmqt', 'b0c42195394fbc9ebe1660af5232e16a9ab0724a', '2020-10-09 02:34:52.856213'),
(349, 'NQZR', 'nqzr', '73cd819ee95eaddb1b97090134eac5c71305a6e0', '2020-10-09 02:35:05.010370'),
(350, 'OVNO', 'ovno', 'cf3715c030003b2f76009cb4f83e0c1f7fdc6006', '2020-10-09 08:06:52.008221'),
(351, 'BEYL', 'beyl', 'cf10713dbd8101d8006f59cfdbf7a654ab0086f6', '2020-10-09 08:14:19.001778'),
(352, 'LHUY', 'lhuy', '12d55b6003f3714308902ef7543a6e34d9b971ba', '2020-10-09 08:14:37.066300'),
(353, 'KRMU', 'krmu', 'e55eb5a89176c399919119f58e092dd9e0d25e47', '2020-10-09 08:14:56.315780'),
(354, 'FIUL', 'fiul', 'fdef192861d47cc1b58209191d72c3001b352259', '2020-10-09 08:16:18.086028'),
(355, 'JFGT', 'jfgt', 'ac831a804bd4aac7d5b198f6f6e0817d6689ced4', '2020-10-09 08:18:11.756294'),
(356, 'XFRZ', 'xfrz', '8a0210e9b25065b53f35906a96a05f68b677708e', '2020-10-09 08:18:32.012145'),
(357, 'CXWW', 'cxww', '74f42a5f1fc80680c67874df749c22b1251fcfca', '2020-10-09 08:19:48.460377'),
(358, 'AXWT', 'axwt', '85f5e37c5b887d9d12e34483d6508eaa379a404a', '2020-10-09 08:22:02.499791'),
(359, 'AOBP', 'aobp', 'ae054eeaff69de061866b08f8ec0a7baecec38b2', '2020-10-09 08:25:45.097034'),
(360, 'JVDJ', 'jvdj', 'c63eb34dff1cdc9102f23f8757bdd5175389459e', '2020-10-09 08:26:36.823941'),
(361, 'QQCA', 'qqca', 'cfff85102b0a7bf1d2faf6b4d2db789c7e12c6ee', '2020-10-09 08:26:46.526775'),
(362, 'NUFN', 'nufn', '03ba855d848f67da97c8579c94fbb86b3f1fd75c', '2020-10-09 08:27:44.010747'),
(363, 'HVHQ', 'hvhq', 'be5d9390a4946a12b2db442685cab1e85f2c9b97', '2020-10-12 03:25:20.089893'),
(364, 'TEII', 'teii', 'a40c6e577eceed59b8251640b0447f839f27a68c', '2020-10-12 03:27:44.379084'),
(365, 'AUON', 'auon', 'd7bf1ce4f4c34b0bcfec529a2e735596560afe05', '2020-10-13 03:32:21.362466'),
(366, 'VWCK', 'vwck', '8294eca9aeb694e777565c9544ea93e96d1372fd', '2020-10-13 03:32:21.364568'),
(367, 'ITBP', 'itbp', '06c8a23e76dd1626ba30e721a04eb90758862b85', '2020-10-13 04:10:29.138444');

-- --------------------------------------------------------

--
-- Table structure for table `cart`
--

DROP TABLE IF EXISTS `cart`;
CREATE TABLE IF NOT EXISTS `cart` (
  `cart_id` int(11) UNSIGNED NOT NULL AUTO_INCREMENT,
  `address_id` int(11) UNSIGNED DEFAULT NULL,
  `owner_id` int(11) NOT NULL,
  `date_add` datetime NOT NULL,
  `date_upd` datetime DEFAULT NULL,
  `total_paid` varchar(45) DEFAULT NULL,
  `total_wrapping` varchar(45) DEFAULT NULL,
  `total_paid_real` varchar(45) DEFAULT NULL,
  `status` tinyint(1) UNSIGNED DEFAULT '0',
  PRIMARY KEY (`cart_id`),
  UNIQUE KEY `owner_id` (`owner_id`),
  UNIQUE KEY `address_id` (`address_id`),
  KEY `fk_cart_1` (`address_id`)
) ENGINE=InnoDB AUTO_INCREMENT=7 DEFAULT CHARSET=utf8;

--
-- Dumping data for table `cart`
--

INSERT INTO `cart` (`cart_id`, `address_id`, `owner_id`, `date_add`, `date_upd`, `total_paid`, `total_wrapping`, `total_paid_real`, `status`) VALUES
(6, 18, 1, '2020-09-18 15:12:41', '2020-09-28 08:55:51', NULL, NULL, NULL, 1);

-- --------------------------------------------------------

--
-- Table structure for table `cart_item`
--

DROP TABLE IF EXISTS `cart_item`;
CREATE TABLE IF NOT EXISTS `cart_item` (
  `find_item_id` varchar(128) NOT NULL,
  `class_of_item` mediumtext,
  `cart_id` int(11) UNSIGNED NOT NULL,
  `quantity` int(11) UNSIGNED DEFAULT '1',
  `unity` varchar(45) DEFAULT NULL,
  `price` decimal(20,2) DEFAULT NULL,
  `original_price` decimal(20,2) DEFAULT NULL,
  `total_price` decimal(20,2) DEFAULT NULL,
  `name` varchar(255) DEFAULT NULL,
  PRIMARY KEY (`find_item_id`),
  KEY `fk_cart_item_1_idx` (`cart_id`)
) ENGINE=InnoDB DEFAULT CHARSET=utf8;

-- --------------------------------------------------------

--
-- Table structure for table `category`
--

DROP TABLE IF EXISTS `category`;
CREATE TABLE IF NOT EXISTS `category` (
  `category_id` int(11) UNSIGNED NOT NULL AUTO_INCREMENT,
  `parent_id` int(11) UNSIGNED DEFAULT NULL,
  `active` tinyint(1) UNSIGNED NOT NULL DEFAULT '0',
  `date_add` datetime NOT NULL,
  `date_upd` datetime DEFAULT NULL,
  `name` varchar(255) NOT NULL,
  `description` text,
  `slug` varchar(255) NOT NULL,
  PRIMARY KEY (`category_id`),
  KEY `fk_category_1` (`parent_id`)
) ENGINE=InnoDB AUTO_INCREMENT=7 DEFAULT CHARSET=utf8;

--
-- Dumping data for table `category`
--

INSERT INTO `category` (`category_id`, `parent_id`, `active`, `date_add`, `date_upd`, `name`, `description`, `slug`) VALUES
(1, NULL, 1, '2020-07-15 04:20:14', '2020-09-21 05:19:41', 'Thời Trang', '<p>B&igrave;nh tĩnh sống</p>\r\n\r\n<p>Nơi t&ocirc;i ở c&oacute; dăm chị em n&ocirc;ng th&ocirc;n ra H&agrave; Nội h&agrave;nh nghề thu gom phế liệu. &ldquo;L&agrave;m nghề n&agrave;y thu nhập ổn kh&ocirc;ng?&rdquo;, t&ocirc;i hỏi một chị.</p>\r\n\r\n<p>&nbsp;</p>', 'thoi-trang'),
(2, NULL, 1, '2020-07-15 04:20:31', '2020-08-24 04:52:03', 'Thông tin cần biết', '<p>django-image-cropping delegates the cropped image generation to a backend. A backend based on easy-thumbnails is provided, but it&#39;s possible to use a custom backend. The IMAGE_CROPPING_BACKEND setting expects a dotted path to a class that implements the required methods. You can omit this setting if you want to use the default backend. In case you use a custom backend you can provide an optional dict that will be used to populate the backend&#39;s constructor params. Default settings: IMAGE_CROPPING_BACKEND = &#39;image_cropping.backends.easy_thumbs.EasyThumbnailsBackend&#39; IMAGE_CROPPING_BACKEND_PARAMS = {} Frontend django-image-cropping provides a templatetag for displaying a cropped thumbnail. Any other processor parameter (like bw=True or upscale=True) will be forwarded to the backend:</p>', 'thong-tin-can-biet'),
(3, NULL, 0, '2020-08-17 04:33:31', '2020-09-21 05:19:36', 'Sản phẩm Gia Dụng', '<p>thu muc moithu muc moithu muc moithu muc moithu muc moithu muc moithu muc moithu muc moithu muc moithu muc moi</p>', 'san-pham-gia-dung'),
(4, NULL, 1, '2020-08-19 06:49:50', '2020-09-21 05:19:48', 'Linh Kiện Điện Tử', '<p>Trung Quốc cho ph&eacute;p sử dụng c&aacute;c vaccine Covid-19 chưa được ph&ecirc; duyệt do một số c&ocirc;ng ty ở nước n&agrave;y ph&aacute;t triển trong trường hợp khẩn cấp.</p>\r\n\r\n<p>Việc cấp ph&eacute;p sử dụng khẩn cấp dựa tr&ecirc;n Luật Quản l&yacute; Vaccine Trung Quốc, cho ph&eacute;p sử dụng những ứng vi&ecirc;n vaccine chưa qua ph&ecirc; duyệt với những người c&oacute; nguy cơ l&acirc;y nhiễm cao trong một khoảng thời gian giới hạn.</p>', 'p-su-dung-cac-vaccine-covid-19-chua-uoc-phe'),
(5, NULL, 1, '2020-09-15 09:06:50', '2020-09-21 05:19:54', 'Mẫu sản phẩm hình đứng', '<p>Mẫu sản phẩm h&igrave;nh đứng</p>', 'mau-san-pham-hinh-ung'),
(6, NULL, 1, '2020-09-15 09:07:13', '2020-09-21 05:20:05', 'Mẫu sản phẩm hình nằm ngang', '<p>Mẫu sản phẩm h&igrave;nh nằm ngang</p>', 'mau-san-pham-hinh-nam-ngang');

-- --------------------------------------------------------

--
-- Table structure for table `category_product`
--

DROP TABLE IF EXISTS `category_product`;
CREATE TABLE IF NOT EXISTS `category_product` (
  `auto_id` int(11) UNSIGNED NOT NULL AUTO_INCREMENT,
  `category_id` int(11) UNSIGNED NOT NULL,
  `product_id` int(11) UNSIGNED NOT NULL,
  `position` tinyint(2) UNSIGNED NOT NULL DEFAULT '0',
  PRIMARY KEY (`auto_id`),
  KEY `category_id` (`category_id`),
  KEY `product_id` (`product_id`)
) ENGINE=InnoDB AUTO_INCREMENT=7 DEFAULT CHARSET=utf8;

--
-- Dumping data for table `category_product`
--

INSERT INTO `category_product` (`auto_id`, `category_id`, `product_id`, `position`) VALUES
(1, 1, 5, 0),
(2, 5, 6, 0),
(3, 3, 7, 0),
(4, 3, 8, 0),
(5, 3, 9, 0),
(6, 4, 10, 0);

-- --------------------------------------------------------

--
-- Table structure for table `category_product_attribute`
--

DROP TABLE IF EXISTS `category_product_attribute`;
CREATE TABLE IF NOT EXISTS `category_product_attribute` (
  `auto_id` int(11) UNSIGNED NOT NULL AUTO_INCREMENT,
  `category_id` int(11) UNSIGNED NOT NULL,
  `product_id` int(11) UNSIGNED NOT NULL,
  `pro_attribute_id` int(11) UNSIGNED NOT NULL,
  PRIMARY KEY (`auto_id`),
  KEY `fk_category_product_attribute_2_idx` (`product_id`),
  KEY `fk_category_product_attribute_3_idx` (`pro_attribute_id`),
  KEY `fk_category_product_attribute_1` (`category_id`)
) ENGINE=InnoDB DEFAULT CHARSET=utf8;

-- --------------------------------------------------------

--
-- Table structure for table `city`
--

DROP TABLE IF EXISTS `city`;
CREATE TABLE IF NOT EXISTS `city` (
  `city_id` int(11) UNSIGNED NOT NULL AUTO_INCREMENT,
  `name` varchar(128) NOT NULL,
  `iso_code` varchar(7) DEFAULT NULL,
  `date_add` datetime DEFAULT NULL,
  `date_upd` datetime DEFAULT NULL,
  PRIMARY KEY (`city_id`)
) ENGINE=InnoDB AUTO_INCREMENT=97 DEFAULT CHARSET=utf8;

--
-- Dumping data for table `city`
--

INSERT INTO `city` (`city_id`, `name`, `iso_code`, `date_add`, `date_upd`) VALUES
(1, 'Thành phố Hà Nội', NULL, NULL, NULL),
(2, 'Tỉnh Hà Giang', NULL, NULL, NULL),
(4, 'Tỉnh Cao Bằng', NULL, NULL, NULL),
(6, 'Tỉnh Bắc Kạn', NULL, NULL, NULL),
(8, 'Tỉnh Tuyên Quang', NULL, NULL, NULL),
(10, 'Tỉnh Lào Cai', NULL, NULL, NULL),
(11, 'Tỉnh Điện Biên', NULL, NULL, NULL),
(12, 'Tỉnh Lai Châu', NULL, NULL, NULL),
(14, 'Tỉnh Sơn La', NULL, NULL, NULL),
(15, 'Tỉnh Yên Bái', NULL, NULL, NULL),
(17, 'Tỉnh Hoà Bình', NULL, NULL, NULL),
(19, 'Tỉnh Thái Nguyên', NULL, NULL, NULL),
(20, 'Tỉnh Lạng Sơn', NULL, NULL, NULL),
(22, 'Tỉnh Quảng Ninh', NULL, NULL, NULL),
(24, 'Tỉnh Bắc Giang', NULL, NULL, NULL),
(25, 'Tỉnh Phú Thọ', NULL, NULL, NULL),
(26, 'Tỉnh Vĩnh Phúc', NULL, NULL, NULL),
(27, 'Tỉnh Bắc Ninh', NULL, NULL, NULL),
(30, 'Tỉnh Hải Dương', NULL, NULL, NULL),
(31, 'Thành phố Hải Phòng', NULL, NULL, NULL),
(33, 'Tỉnh Hưng Yên', NULL, NULL, NULL),
(34, 'Tỉnh Thái Bình', NULL, NULL, NULL),
(35, 'Tỉnh Hà Nam', NULL, NULL, NULL),
(36, 'Tỉnh Nam Định', NULL, NULL, NULL),
(37, 'Tỉnh Ninh Bình', NULL, NULL, NULL),
(38, 'Tỉnh Thanh Hóa', NULL, NULL, NULL),
(40, 'Tỉnh Nghệ An', NULL, NULL, NULL),
(42, 'Tỉnh Hà Tĩnh', NULL, NULL, NULL),
(44, 'Tỉnh Quảng Bình', NULL, NULL, NULL),
(45, 'Tỉnh Quảng Trị', NULL, NULL, NULL),
(46, 'Tỉnh Thừa Thiên Huế', NULL, NULL, NULL),
(48, 'Thành phố Đà Nẵng', NULL, NULL, NULL),
(49, 'Tỉnh Quảng Nam', NULL, NULL, NULL),
(51, 'Tỉnh Quảng Ngãi', NULL, NULL, NULL),
(52, 'Tỉnh Bình Định', NULL, NULL, NULL),
(54, 'Tỉnh Phú Yên', NULL, NULL, NULL),
(56, 'Tỉnh Khánh Hòa', NULL, NULL, NULL),
(58, 'Tỉnh Ninh Thuận', NULL, NULL, NULL),
(60, 'Tỉnh Bình Thuận', NULL, NULL, NULL),
(62, 'Tỉnh Kon Tum', NULL, NULL, NULL),
(64, 'Tỉnh Gia Lai', NULL, NULL, NULL),
(66, 'Tỉnh Đắk Lắk', NULL, NULL, NULL),
(67, 'Tỉnh Đắk Nông', NULL, NULL, NULL),
(68, 'Tỉnh Lâm Đồng', NULL, NULL, NULL),
(70, 'Tỉnh Bình Phước', NULL, NULL, NULL),
(72, 'Tỉnh Tây Ninh', NULL, NULL, NULL),
(74, 'Tỉnh Bình Dương', NULL, NULL, NULL),
(75, 'Tỉnh Đồng Nai', NULL, NULL, NULL),
(77, 'Tỉnh Bà Rịa - Vũng Tàu', NULL, NULL, NULL),
(79, 'Thành phố Hồ Chí Minh', NULL, NULL, NULL),
(80, 'Tỉnh Long An', NULL, NULL, NULL),
(82, 'Tỉnh Tiền Giang', NULL, NULL, NULL),
(83, 'Tỉnh Bến Tre', NULL, NULL, NULL),
(84, 'Tỉnh Trà Vinh', NULL, NULL, NULL),
(86, 'Tỉnh Vĩnh Long', NULL, NULL, NULL),
(87, 'Tỉnh Đồng Tháp', NULL, NULL, NULL),
(89, 'Tỉnh An Giang', NULL, NULL, NULL),
(91, 'Tỉnh Kiên Giang', NULL, NULL, NULL),
(92, 'Thành phố Cần Thơ', NULL, '2020-08-24 02:05:05', '2020-08-24 02:05:05'),
(93, 'Tỉnh Hậu Giang', NULL, NULL, NULL),
(94, 'Tỉnh Sóc Trăng', NULL, NULL, NULL),
(95, 'Tỉnh Bạc Liêu', NULL, NULL, NULL),
(96, 'Tỉnh Cà Mau', NULL, NULL, NULL);

-- --------------------------------------------------------

--
-- Table structure for table `comment`
--

DROP TABLE IF EXISTS `comment`;
CREATE TABLE IF NOT EXISTS `comment` (
  `comment_id` int(11) UNSIGNED NOT NULL AUTO_INCREMENT,
  `post_id` int(11) UNSIGNED NOT NULL,
  `parent_id` int(11) UNSIGNED DEFAULT NULL,
  `owner_id` int(11) NOT NULL,
  `content` text NOT NULL,
  `date_add` datetime DEFAULT NULL,
  `date_upd` datetime DEFAULT NULL,
  `status` enum('DRAFT','PUBLISHED','PENDING','DELETED') NOT NULL DEFAULT 'PUBLISHED',
  `status_reason` varchar(255) DEFAULT NULL,
  PRIMARY KEY (`comment_id`),
  KEY `fk_comment_1` (`parent_id`),
  KEY `fk_comment_2` (`post_id`),
  KEY `fk_comment_3` (`owner_id`)
) ENGINE=InnoDB AUTO_INCREMENT=69 DEFAULT CHARSET=utf8;

--
-- Dumping data for table `comment`
--

INSERT INTO `comment` (`comment_id`, `post_id`, `parent_id`, `owner_id`, `content`, `date_add`, `date_upd`, `status`, `status_reason`) VALUES
(45, 21, NULL, 1, '<p>dfdfdf</p>', '2020-10-06 04:50:03', '2020-10-06 04:50:03', 'PUBLISHED', NULL),
(46, 23, NULL, 1, '<p>aadd fffff ttttttttttttttttttttttt</p>', '2020-10-06 05:05:59', '2020-10-06 05:05:59', 'PUBLISHED', NULL),
(47, 21, NULL, 1, '<p>dfdgf dfdfdff</p>', '2020-10-06 05:16:45', '2020-10-06 05:16:45', 'PUBLISHED', NULL),
(48, 22, NULL, 1, '<p>dfgdfgdfggf</p>', '2020-10-06 05:38:41', '2020-10-06 05:38:41', 'PUBLISHED', NULL),
(49, 21, NULL, 1, '<p>sdsdfs</p>', '2020-10-06 05:40:01', '2020-10-06 05:40:01', 'PUBLISHED', NULL),
(50, 22, NULL, 1, '<p>aaaaaaaaaaaaaaaaaaaaaaaauuuuuuuuuuuuu</p>', '2020-10-06 05:40:19', '2020-10-06 05:40:19', 'PUBLISHED', NULL),
(51, 22, NULL, 1, '<p>dssds sdfdfds</p>', '2020-10-06 05:42:39', '2020-10-06 05:42:39', 'PUBLISHED', NULL),
(52, 23, NULL, 1, '<p>rrrrrrrrrrrrrrrr</p>', '2020-10-06 05:46:08', '2020-10-06 05:46:08', 'PUBLISHED', NULL),
(53, 22, NULL, 1, '<p>dfgfd dgdfgd gfg dgfgfgdf<img alt="" src="/media/uploads/sqpyac.jpg" style="height:943px; width:631px" /></p>\n\n<p>sddsfsdfsdf sdfsdfsdfs</p>', '2020-10-06 06:39:11', '2020-10-06 06:39:11', 'PUBLISHED', NULL),
(54, 22, NULL, 1, '<p><img alt="" class="img-responsive" src="/media/uploads/nnleid.jpg" style="height:729px; width:564px" /></p>\r\n\r\n<p>sdsdfsdsdsd ssdfsdfs sfsdsdfs</p>', '2020-10-06 06:52:54', '2020-10-06 06:52:54', 'PUBLISHED', NULL),
(55, 22, NULL, 1, '<p>sdf sfdsf sdfsdfdfdsd</p>\r\n\r\n<p>f</p>\r\n\r\n<p>ds</p>\r\n\r\n<p>sddfsd<img alt="" class="img-responsive" src="/media/uploads/twfflw.jpg" style="height:902px; width:1175px" /></p>', '2020-10-06 06:56:38', '2020-10-06 06:56:38', 'PUBLISHED', NULL),
(56, 22, NULL, 1, '<p><img alt="" class="img-fluid img-responsive" src="/media/uploads/qsnzww.jpg" style="height:542px; width:420px" /></p>\r\n\r\n<p>sddssdfsdfs sdsdsfs</p>', '2020-10-06 06:57:18', '2020-10-06 06:57:18', 'PUBLISHED', NULL),
(57, 23, NULL, 1, '<p>Trả lời b&aacute;o ch&iacute; h&ocirc;m 6/10, ứng vi&ecirc;n đảng D&acirc;n chủ Joe Biden b&agrave;y tỏ mong muốn &quot;c&oacute; thể tranh luận&quot; với Tổng thống Donald Trump, nhưng cho hay họ phải &quot;tu&acirc;n thủ c&aacute;c hướng dẫn v&ocirc; c&ugrave;ng nghi&ecirc;m ngặt&quot;.</p>', '2020-10-07 01:56:39', '2020-10-07 01:56:39', 'PUBLISHED', NULL),
(58, 21, NULL, 1, '<p>Trả lời b&aacute;o ch&iacute; h&ocirc;m 6/10, ứng vi&ecirc;n đảng D&acirc;n chủ Joe Biden b&agrave;y tỏ mong muốn &quot;c&oacute; thể tranh luận&quot; với Tổng thống Donald Trump, nhưng cho hay họ phải &quot;tu&acirc;n thủ c&aacute;c hướng dẫn v&ocirc; c&ugrave;ng nghi&ecirc;m ngặt&quot;.</p>', '2020-10-07 01:57:08', '2020-10-07 01:57:08', 'PUBLISHED', NULL),
(59, 21, NULL, 1, '<p>Cựu ph&oacute; tổng thống Mỹ n&oacute;i th&ecirc;m rằng &ocirc;ng kh&ocirc;ng nhận được th&ocirc;ng tin về t&igrave;nh h&igrave;nh sức khỏe của Trump kể từ khi Tổng thống Mỹ trở về Nh&agrave; Trắng. Trump th&ocirc;ng b&aacute;o nhiễm nCoV h&ocirc;m 2/10, chưa đầy 24 giờ sau được đưa tới Trung t&acirc;m Qu&acirc;n y Walter Reed, bang Maryland, v&agrave; điều trị tại đ&acirc;y trong ba ng&agrave;y.</p>', '2020-10-07 01:57:49', '2020-10-07 01:57:49', 'PUBLISHED', NULL),
(60, 21, NULL, 1, '<p>Buổi tranh luận tổng thống thứ hai dự kiến được tổ chức v&agrave;o ng&agrave;y 15/10 tại Trung t&acirc;m Biểu diễn Nghệ thuật Adrienne Arsht ở th&agrave;nh phố Miami, bang Florida. Theo Ủy ban Tranh luận Tổng thống, buổi tranh luận n&agrave;y sẽ diễn ra dưới h&igrave;nh thức &quot;t&ograve;a thị ch&iacute;nh&quot;, nơi cư d&acirc;n Miami đặt c&acirc;u hỏi cho c&aacute;c ứng vi&ecirc;n thay v&igrave; người điều h&agrave;nh như cuộc đầu ti&ecirc;n.</p>', '2020-10-07 01:58:51', '2020-10-07 01:58:51', 'PUBLISHED', NULL),
(61, 21, NULL, 1, '<p>Trong cập nhật mới nhất h&ocirc;m 6/10, b&aacute;c sĩ Nh&agrave; Trắng Sean Conley cho biết Trump tiếp tục &quot;rất khoẻ&quot; v&agrave; kh&ocirc;ng c&ograve;n c&aacute;c triệu chứng của Covid-19. &Ocirc;ng đ&atilde; gặp một nh&oacute;m y b&aacute;c sĩ tại tư dinh v&agrave;o buổi s&aacute;ng sau &quot;một đ&ecirc;m đầu ti&ecirc;n nghỉ ngơi tại nh&agrave;&quot;.</p>', '2020-10-07 02:00:12', '2020-10-07 02:00:12', 'PUBLISHED', NULL),
(62, 24, NULL, 1, '<p>Mặc d&ugrave; phương ph&aacute;p n&agrave;y phổ biến tr&ecirc;n thế giới v&agrave; hiện được nhiều lĩnh vực tại Việt Nam như Hải Quan, Bảo hiểm, Thuế, sử dụng, &ocirc;ng Cường cho biết phương ph&aacute;p n&agrave;y hiện chưa được c&aacute;c ng&acirc;n h&agrave;ng ph&aacute;t triển v&igrave; một số r&agrave;o cản về ph&aacute;p l&yacute; khi d&ugrave;ng tr&ecirc;n di động. Đồng thời chữ k&yacute; số c&ograve;n bất tiện hơn so với OTP khi chuyển đổi giao dịch giữa c&aacute;c thiết bị kh&aacute;c nhau.</p>', '2020-10-07 07:52:47', '2020-10-07 07:52:47', 'PUBLISHED', NULL),
(63, 24, NULL, 1, '<p>Chuy&ecirc;n gia bảo mật Nguyễn Văn Cường cho rằng, c&aacute;c dịch vụ, đặc biệt dịch vụ ng&acirc;n h&agrave;ng cần c&oacute; cảnh b&aacute;o đến người d&ugrave;ng khi ph&aacute;t hiện đăng nhập từ một thiết bị mới. Ngo&agrave;i ra, c&aacute;c đơn vị n&agrave;y c&oacute; thể ứng dụng phương ph&aacute;p bảo mật bằng chữ k&yacute; số. &quot;Chữ k&yacute; số&quot; l&agrave; một thiết bị cắm ngo&agrave;i, hoặc nằm tr&ecirc;n thiết bị nhưng định danh gắn liền với thiết bị đ&oacute;. Ưu điểm của chữ k&yacute; số l&agrave; x&aacute;c định được nguồn gốc người gửi, do đ&oacute; n&oacute; c&oacute; t&iacute;nh chất &quot;chống chối bỏ&quot; v&agrave; được ph&aacute;p luật bảo hộ theo Nghị Định 130/2018/NĐ-CP.</p>', '2020-10-07 07:54:47', '2020-10-07 07:54:47', 'PUBLISHED', NULL),
(64, 24, NULL, 1, '<p>Theo c&aacute;c chuy&ecirc;n gia bảo mật, người d&ugrave;ng c&oacute; thể tự ph&ograve;ng tr&aacute;nh c&aacute;c nguy cơ bị chiếm t&agrave;i khoản bằng c&aacute;ch kh&ocirc;ng click v&agrave;o c&aacute;c link lạ, đặc biệt l&agrave; khi thực hiện giao dịch tiền bạc. Người d&ugrave;ng kh&ocirc;ng c&agrave;i đặt ứng dụng lạ từ c&aacute;c nguồn kh&ocirc;ng ch&iacute;nh thống. Khi c&agrave;i đặt phần mềm mới, kh&ocirc;ng cung cấp qu&aacute; nhiều quyền cho c&aacute;c ứng dụng, như đọc SMS, truy cập Internet... nếu kh&ocirc;ng cần thiết. Ngo&agrave;i ra, những người smartphone cũng n&ecirc;n sử dụng c&aacute;c phần mềm chống m&atilde; độc để bảo vệ thiết bị.</p>', '2020-10-07 07:55:14', '2020-10-07 07:55:14', 'PUBLISHED', NULL),
(65, 23, NULL, 1, '<p>đầu ti&ecirc;n l&agrave; Spotify. Năm 2019, Spotify đ&atilde; đệ đơn kiện Apple về khoản ph&iacute; 30% m&agrave; c&aacute;c nh&agrave; ph&aacute;t triển phải chia sẻ với Apple. Sự đ&aacute;p trả của Apple d&agrave;nh cho Spotify cũng đầy đủ v&agrave; r&otilde; r&agrave;ng như với Epic: trong con mắt của nh&agrave; T&aacute;o, dịch vụ stream nhạc số 1 thế giới đơn giản l&agrave; chỉ muốn tận hưởng đầy đủ c&aacute;c lợi thế về cộng đồng người d&ugrave;ng, c&aacute;c c&ocirc;ng cụ ph&aacute;t triển, hệ thống thanh to&aacute;n</p>', '2020-10-07 16:45:46', '2020-10-07 16:45:46', 'PUBLISHED', NULL),
(66, 23, NULL, 1, '<p>n Unreal Engine (nền tảng ph&aacute;t triển game của Epic). Tuy t&ograve;a &aacute;n kh&ocirc;ng cho ph&eacute;p Apple thực hiện động th&aacute;i tr&ecirc;n, r&otilde; r&agrave;ng l&agrave; Tim Cook chẳng cần tung đ&ograve;n m&agrave; đối thủ đ&atilde; đau: theo khẳng định từ ch&iacute;nh Epic, nhiều nh&agrave; ph&aacute;t triển đ&atilde; từ bỏ Unreal Engine v&igrave; e ngại về tương lai bấp b&ecirc;nh của nền tảng n&agrave;y.</p>', '2020-10-07 16:46:31', '2020-10-07 16:46:31', 'PUBLISHED', NULL),
(67, 22, NULL, 1, '<p>Let us consider a scenario where we create user profile and update/edit the profile ... We did not add &quot;user&quot; in the fields because it is not something that the user&nbsp;...</p>', '2020-10-09 02:11:42', '2020-10-09 02:11:42', 'PUBLISHED', NULL),
(68, 23, NULL, 1, '<p>Django has many tools and libraries that make form building much simpler. ... In this form, I have defined two text fields and a submit button. ... We&#39;re not doing anything with the submitted form right now, so we put in an assertion error to ... admin access to the backend, so we will create a form they can fill out in the frontend.</p>', '2020-10-09 02:12:18', '2020-10-09 02:12:18', 'PUBLISHED', NULL);

-- --------------------------------------------------------

--
-- Table structure for table `contact`
--

DROP TABLE IF EXISTS `contact`;
CREATE TABLE IF NOT EXISTS `contact` (
  `contact_id` int(11) UNSIGNED NOT NULL AUTO_INCREMENT,
  `company` varchar(255) DEFAULT NULL,
  `name` varchar(128) DEFAULT NULL,
  `email` varchar(128) NOT NULL,
  `mobile` varchar(128) DEFAULT NULL,
  `description` text,
  `customer_service` tinyint(2) NOT NULL DEFAULT '0',
  `status` tinyint(1) UNSIGNED DEFAULT NULL,
  PRIMARY KEY (`contact_id`)
) ENGINE=InnoDB AUTO_INCREMENT=11 DEFAULT CHARSET=utf8;

--
-- Dumping data for table `contact`
--

INSERT INTO `contact` (`contact_id`, `company`, `name`, `email`, `mobile`, `description`, `customer_service`, `status`) VALUES
(5, 'owner', 'huu nguyen', 'nguyen@4sao.com', '0938008404', '<p>aaaa</p>', 3, 0),
(6, 'dssfsdf', 'sdsdfssd', 'ssdfdsf@4sao.com', '0938008404', '<p>ddsfsfsd sdfsdfsd</p>', 1, 0),
(7, 'sdsdf', 'Nguyen Huu Nguyen', 'nguyenhuunguyen@gmail.com', '0938008404', '<p>sddsfsd</p>', 1, 0),
(8, 'dsds', 'Nguyen Huu Nguyen', 'nguyenhuunguyen@gmail.com', '0938008404', '<p>sdsdfsd</p>', 1, 0),
(9, 'dssdf', 'Nguyen Huu Nguyen', 'nguyenhuunguyen@gmail.com', 'sddfsd', '<p>oooo</p>', 1, 0),
(10, 'dfggdf', 'Nguyen Huu Nguyen', 'nguyenhuunguyen@gmail.com', 'dffg', '<p>dfgdfgdf</p>', 1, 0);

-- --------------------------------------------------------

--
-- Table structure for table `csvc`
--

DROP TABLE IF EXISTS `csvc`;
CREATE TABLE IF NOT EXISTS `csvc` (
  `csvc_id` int(11) UNSIGNED NOT NULL AUTO_INCREMENT,
  `name` varchar(245) DEFAULT NULL,
  `type` tinyint(8) DEFAULT NULL,
  `price` decimal(20,2) DEFAULT NULL,
  `price_in_pack` decimal(20,2) DEFAULT NULL,
  `available_date` datetime DEFAULT NULL,
  PRIMARY KEY (`csvc_id`)
) ENGINE=InnoDB DEFAULT CHARSET=utf8;

-- --------------------------------------------------------

--
-- Table structure for table `customer_message`
--

DROP TABLE IF EXISTS `customer_message`;
CREATE TABLE IF NOT EXISTS `customer_message` (
  `owner_message_id` int(11) UNSIGNED NOT NULL AUTO_INCREMENT,
  `owner_thread_id` int(11) UNSIGNED NOT NULL,
  `owner_id` int(11) UNSIGNED DEFAULT NULL,
  `title` varchar(255) DEFAULT NULL,
  `message` text NOT NULL,
  `user_agent` varchar(128) DEFAULT NULL,
  `date_add` datetime NOT NULL,
  `date_upd` datetime DEFAULT NULL,
  PRIMARY KEY (`owner_message_id`),
  KEY `customer_message_1` (`owner_thread_id`)
) ENGINE=InnoDB DEFAULT CHARSET=utf8;

-- --------------------------------------------------------

--
-- Table structure for table `customer_thread`
--

DROP TABLE IF EXISTS `customer_thread`;
CREATE TABLE IF NOT EXISTS `customer_thread` (
  `owner_thread_id` int(11) UNSIGNED NOT NULL AUTO_INCREMENT,
  `owner_id` int(11) UNSIGNED DEFAULT NULL,
  `order_id` int(11) UNSIGNED DEFAULT NULL,
  `status` enum('open','closed','pending1','pending2') NOT NULL DEFAULT 'open',
  `email` varchar(128) NOT NULL,
  `token` varchar(12) DEFAULT NULL,
  `date_add` datetime NOT NULL,
  `date_upd` datetime DEFAULT NULL,
  PRIMARY KEY (`owner_thread_id`),
  KEY `fk_customer_thread_2` (`order_id`)
) ENGINE=InnoDB DEFAULT CHARSET=utf8;

-- --------------------------------------------------------

--
-- Table structure for table `customization`
--

DROP TABLE IF EXISTS `customization`;
CREATE TABLE IF NOT EXISTS `customization` (
  `customization_id` int(11) UNSIGNED NOT NULL AUTO_INCREMENT,
  `cart_id` int(11) UNSIGNED NOT NULL,
  `product_id` int(11) UNSIGNED NOT NULL,
  `pro_attribute_id` int(11) UNSIGNED DEFAULT NULL,
  `quantity` int(11) NOT NULL,
  PRIMARY KEY (`customization_id`),
  KEY `customization_1` (`pro_attribute_id`),
  KEY `customization_2` (`cart_id`),
  KEY `customization_3` (`product_id`)
) ENGINE=InnoDB DEFAULT CHARSET=utf8;

-- --------------------------------------------------------

--
-- Table structure for table `customized_data`
--

DROP TABLE IF EXISTS `customized_data`;
CREATE TABLE IF NOT EXISTS `customized_data` (
  `customization_id` int(11) UNSIGNED NOT NULL,
  `type` tinyint(1) NOT NULL,
  `index` int(3) NOT NULL,
  `name` varchar(255) DEFAULT NULL,
  `value` varchar(255) NOT NULL,
  PRIMARY KEY (`customization_id`,`type`,`index`)
) ENGINE=InnoDB DEFAULT CHARSET=utf8;

-- --------------------------------------------------------

--
-- Table structure for table `district`
--

DROP TABLE IF EXISTS `district`;
CREATE TABLE IF NOT EXISTS `district` (
  `district_id` int(11) UNSIGNED NOT NULL AUTO_INCREMENT,
  `name` varchar(128) NOT NULL,
  `city_id` int(11) UNSIGNED NOT NULL,
  PRIMARY KEY (`district_id`),
  KEY `fk_district_1` (`city_id`)
) ENGINE=InnoDB AUTO_INCREMENT=974 DEFAULT CHARSET=utf8;

--
-- Dumping data for table `district`
--

INSERT INTO `district` (`district_id`, `name`, `city_id`) VALUES
(1, 'Quận Ba Đình', 1),
(2, 'Quận Hoàn Kiếm', 1),
(3, 'Quận Tây Hồ', 1),
(4, 'Quận Long Biên', 1),
(5, 'Quận Cầu Giấy', 1),
(6, 'Quận Đống Đa', 1),
(7, 'Quận Hai Bà Trưng', 1),
(8, 'Quận Hoàng Mai', 1),
(9, 'Quận Thanh Xuân', 1),
(16, 'Huyện Sóc Sơn', 1),
(17, 'Huyện Đông Anh', 1),
(18, 'Huyện Gia Lâm', 1),
(19, 'Quận Nam Từ Liêm', 1),
(20, 'Huyện Thanh Trì', 1),
(21, 'Quận Bắc Từ Liêm', 1),
(24, 'Thành phố Hà Giang', 2),
(26, 'Huyện Đồng Văn', 2),
(27, 'Huyện Mèo Vạc', 2),
(28, 'Huyện Yên Minh', 2),
(29, 'Huyện Quản Bạ', 2),
(30, 'Huyện Vị Xuyên', 2),
(31, 'Huyện Bắc Mê', 2),
(32, 'Huyện Hoàng Su Phì', 2),
(33, 'Huyện Xín Mần', 2),
(34, 'Huyện Bắc Quang', 2),
(35, 'Huyện Quang Bình', 2),
(40, 'Thành phố Cao Bằng', 4),
(42, 'Huyện Bảo Lâm', 4),
(43, 'Huyện Bảo Lạc', 4),
(44, 'Huyện Thông Nông', 4),
(45, 'Huyện Hà Quảng', 4),
(46, 'Huyện Trà Lĩnh', 4),
(47, 'Huyện Trùng Khánh', 4),
(48, 'Huyện Hạ Lang', 4),
(49, 'Huyện Quảng Uyên', 4),
(50, 'Huyện Phục Hoà', 4),
(51, 'Huyện Hoà An', 4),
(52, 'Huyện Nguyên Bình', 4),
(53, 'Huyện Thạch An', 4),
(58, 'Thành Phố Bắc Kạn', 6),
(60, 'Huyện Pác Nặm', 6),
(61, 'Huyện Ba Bể', 6),
(62, 'Huyện Ngân Sơn', 6),
(63, 'Huyện Bạch Thông', 6),
(64, 'Huyện Chợ Đồn', 6),
(65, 'Huyện Chợ Mới', 6),
(66, 'Huyện Na Rì', 6),
(70, 'Thành phố Tuyên Quang', 8),
(71, 'Huyện Lâm Bình', 8),
(72, 'Huyện Nà Hang', 8),
(73, 'Huyện Chiêm Hóa', 8),
(74, 'Huyện Hàm Yên', 8),
(75, 'Huyện Yên Sơn', 8),
(76, 'Huyện Sơn Dương', 8),
(80, 'Thành phố Lào Cai', 10),
(82, 'Huyện Bát Xát', 10),
(83, 'Huyện Mường Khương', 10),
(84, 'Huyện Si Ma Cai', 10),
(85, 'Huyện Bắc Hà', 10),
(86, 'Huyện Bảo Thắng', 10),
(87, 'Huyện Bảo Yên', 10),
(88, 'Huyện Sa Pa', 10),
(89, 'Huyện Văn Bàn', 10),
(94, 'Thành phố Điện Biên Phủ', 11),
(95, 'Thị Xã Mường Lay', 11),
(96, 'Huyện Mường Nhé', 11),
(97, 'Huyện Mường Chà', 11),
(98, 'Huyện Tủa Chùa', 11),
(99, 'Huyện Tuần Giáo', 11),
(100, 'Huyện Điện Biên', 11),
(101, 'Huyện Điện Biên Đông', 11),
(102, 'Huyện Mường Ảng', 11),
(103, 'Huyện Nậm Pồ', 11),
(105, 'Thành phố Lai Châu', 12),
(106, 'Huyện Tam Đường', 12),
(107, 'Huyện Mường Tè', 12),
(108, 'Huyện Sìn Hồ', 12),
(109, 'Huyện Phong Thổ', 12),
(110, 'Huyện Than Uyên', 12),
(111, 'Huyện Tân Uyên', 12),
(112, 'Huyện Nậm Nhùn', 12),
(116, 'Thành phố Sơn La', 14),
(118, 'Huyện Quỳnh Nhai', 14),
(119, 'Huyện Thuận Châu', 14),
(120, 'Huyện Mường La', 14),
(121, 'Huyện Bắc Yên', 14),
(122, 'Huyện Phù Yên', 14),
(123, 'Huyện Mộc Châu', 14),
(124, 'Huyện Yên Châu', 14),
(125, 'Huyện Mai Sơn', 14),
(126, 'Huyện Sông Mã', 14),
(127, 'Huyện Sốp Cộp', 14),
(128, 'Huyện Vân Hồ', 14),
(132, 'Thành phố Yên Bái', 15),
(133, 'Thị xã Nghĩa Lộ', 15),
(135, 'Huyện Lục Yên', 15),
(136, 'Huyện Văn Yên', 15),
(137, 'Huyện Mù Căng Chải', 15),
(138, 'Huyện Trấn Yên', 15),
(139, 'Huyện Trạm Tấu', 15),
(140, 'Huyện Văn Chấn', 15),
(141, 'Huyện Yên Bình', 15),
(148, 'Thành phố Hòa Bình', 17),
(150, 'Huyện Đà Bắc', 17),
(151, 'Huyện Kỳ Sơn', 17),
(152, 'Huyện Lương Sơn', 17),
(153, 'Huyện Kim Bôi', 17),
(154, 'Huyện Cao Phong', 17),
(155, 'Huyện Tân Lạc', 17),
(156, 'Huyện Mai Châu', 17),
(157, 'Huyện Lạc Sơn', 17),
(158, 'Huyện Yên Thủy', 17),
(159, 'Huyện Lạc Thủy', 17),
(164, 'Thành phố Thái Nguyên', 19),
(165, 'Thành phố Sông Công', 19),
(167, 'Huyện Định Hóa', 19),
(168, 'Huyện Phú Lương', 19),
(169, 'Huyện Đồng Hỷ', 19),
(170, 'Huyện Võ Nhai', 19),
(171, 'Huyện Đại Từ', 19),
(172, 'Thị xã Phổ Yên', 19),
(173, 'Huyện Phú Bình', 19),
(178, 'Thành phố Lạng Sơn', 20),
(180, 'Huyện Tràng Định', 20),
(181, 'Huyện Bình Gia', 20),
(182, 'Huyện Văn Lãng', 20),
(183, 'Huyện Cao Lộc', 20),
(184, 'Huyện Văn Quan', 20),
(185, 'Huyện Bắc Sơn', 20),
(186, 'Huyện Hữu Lũng', 20),
(187, 'Huyện Chi Lăng', 20),
(188, 'Huyện Lộc Bình', 20),
(189, 'Huyện Đình Lập', 20),
(193, 'Thành phố Hạ Long', 22),
(194, 'Thành phố Móng Cái', 22),
(195, 'Thành phố Cẩm Phả', 22),
(196, 'Thành phố Uông Bí', 22),
(198, 'Huyện Bình Liêu', 22),
(199, 'Huyện Tiên Yên', 22),
(200, 'Huyện Đầm Hà', 22),
(201, 'Huyện Hải Hà', 22),
(202, 'Huyện Ba Chẽ', 22),
(203, 'Huyện Vân Đồn', 22),
(204, 'Huyện Hoành Bồ', 22),
(205, 'Thị xã Đông Triều', 22),
(206, 'Thị xã Quảng Yên', 22),
(207, 'Huyện Cô Tô', 22),
(213, 'Thành phố Bắc Giang', 24),
(215, 'Huyện Yên Thế', 24),
(216, 'Huyện Tân Yên', 24),
(217, 'Huyện Lạng Giang', 24),
(218, 'Huyện Lục Nam', 24),
(219, 'Huyện Lục Ngạn', 24),
(220, 'Huyện Sơn Động', 24),
(221, 'Huyện Yên Dũng', 24),
(222, 'Huyện Việt Yên', 24),
(223, 'Huyện Hiệp Hòa', 24),
(227, 'Thành phố Việt Trì', 25),
(228, 'Thị xã Phú Thọ', 25),
(230, 'Huyện Đoan Hùng', 25),
(231, 'Huyện Hạ Hoà', 25),
(232, 'Huyện Thanh Ba', 25),
(233, 'Huyện Phù Ninh', 25),
(234, 'Huyện Yên Lập', 25),
(235, 'Huyện Cẩm Khê', 25),
(236, 'Huyện Tam Nông', 25),
(237, 'Huyện Lâm Thao', 25),
(238, 'Huyện Thanh Sơn', 25),
(239, 'Huyện Thanh Thuỷ', 25),
(240, 'Huyện Tân Sơn', 25),
(243, 'Thành phố Vĩnh Yên', 26),
(244, 'Thị xã Phúc Yên', 26),
(246, 'Huyện Lập Thạch', 26),
(247, 'Huyện Tam Dương', 26),
(248, 'Huyện Tam Đảo', 26),
(249, 'Huyện Bình Xuyên', 26),
(250, 'Huyện Mê Linh', 1),
(251, 'Huyện Yên Lạc', 26),
(252, 'Huyện Vĩnh Tường', 26),
(253, 'Huyện Sông Lô', 26),
(256, 'Thành phố Bắc Ninh', 27),
(258, 'Huyện Yên Phong', 27),
(259, 'Huyện Quế Võ', 27),
(260, 'Huyện Tiên Du', 27),
(261, 'Thị xã Từ Sơn', 27),
(262, 'Huyện Thuận Thành', 27),
(263, 'Huyện Gia Bình', 27),
(264, 'Huyện Lương Tài', 27),
(268, 'Quận Hà Đông', 1),
(269, 'Thị xã Sơn Tây', 1),
(271, 'Huyện Ba Vì', 1),
(272, 'Huyện Phúc Thọ', 1),
(273, 'Huyện Đan Phượng', 1),
(274, 'Huyện Hoài Đức', 1),
(275, 'Huyện Quốc Oai', 1),
(276, 'Huyện Thạch Thất', 1),
(277, 'Huyện Chương Mỹ', 1),
(278, 'Huyện Thanh Oai', 1),
(279, 'Huyện Thường Tín', 1),
(280, 'Huyện Phú Xuyên', 1),
(281, 'Huyện Ứng Hòa', 1),
(282, 'Huyện Mỹ Đức', 1),
(288, 'Thành phố Hải Dương', 30),
(290, 'Thị xã Chí Linh', 30),
(291, 'Huyện Nam Sách', 30),
(292, 'Huyện Kinh Môn', 30),
(293, 'Huyện Kim Thành', 30),
(294, 'Huyện Thanh Hà', 30),
(295, 'Huyện Cẩm Giàng', 30),
(296, 'Huyện Bình Giang', 30),
(297, 'Huyện Gia Lộc', 30),
(298, 'Huyện Tứ Kỳ', 30),
(299, 'Huyện Ninh Giang', 30),
(300, 'Huyện Thanh Miện', 30),
(303, 'Quận Hồng Bàng', 31),
(304, 'Quận Ngô Quyền', 31),
(305, 'Quận Lê Chân', 31),
(306, 'Quận Hải An', 31),
(307, 'Quận Kiến An', 31),
(308, 'Quận Đồ Sơn', 31),
(309, 'Quận Dương Kinh', 31),
(311, 'Huyện Thuỷ Nguyên', 31),
(312, 'Huyện An Dương', 31),
(313, 'Huyện An Lão', 31),
(314, 'Huyện Kiến Thuỵ', 31),
(315, 'Huyện Tiên Lãng', 31),
(316, 'Huyện Vĩnh Bảo', 31),
(317, 'Huyện Cát Hải', 31),
(318, 'Huyện Bạch Long Vĩ', 31),
(323, 'Thành phố Hưng Yên', 33),
(325, 'Huyện Văn Lâm', 33),
(326, 'Huyện Văn Giang', 33),
(327, 'Huyện Yên Mỹ', 33),
(328, 'Huyện Mỹ Hào', 33),
(329, 'Huyện Ân Thi', 33),
(330, 'Huyện Khoái Châu', 33),
(331, 'Huyện Kim Động', 33),
(332, 'Huyện Tiên Lữ', 33),
(333, 'Huyện Phù Cừ', 33),
(336, 'Thành phố Thái Bình', 34),
(338, 'Huyện Quỳnh Phụ', 34),
(339, 'Huyện Hưng Hà', 34),
(340, 'Huyện Đông Hưng', 34),
(341, 'Huyện Thái Thụy', 34),
(342, 'Huyện Tiền Hải', 34),
(343, 'Huyện Kiến Xương', 34),
(344, 'Huyện Vũ Thư', 34),
(347, 'Thành phố Phủ Lý', 35),
(349, 'Huyện Duy Tiên', 35),
(350, 'Huyện Kim Bảng', 35),
(351, 'Huyện Thanh Liêm', 35),
(352, 'Huyện Bình Lục', 35),
(353, 'Huyện Lý Nhân', 35),
(356, 'Thành phố Nam Định', 36),
(358, 'Huyện Mỹ Lộc', 36),
(359, 'Huyện Vụ Bản', 36),
(360, 'Huyện Ý Yên', 36),
(361, 'Huyện Nghĩa Hưng', 36),
(362, 'Huyện Nam Trực', 36),
(363, 'Huyện Trực Ninh', 36),
(364, 'Huyện Xuân Trường', 36),
(365, 'Huyện Giao Thủy', 36),
(366, 'Huyện Hải Hậu', 36),
(369, 'Thành phố Ninh Bình', 37),
(370, 'Thành phố Tam Điệp', 37),
(372, 'Huyện Nho Quan', 37),
(373, 'Huyện Gia Viễn', 37),
(374, 'Huyện Hoa Lư', 37),
(375, 'Huyện Yên Khánh', 37),
(376, 'Huyện Kim Sơn', 37),
(377, 'Huyện Yên Mô', 37),
(380, 'Thành phố Thanh Hóa', 38),
(381, 'Thị xã Bỉm Sơn', 38),
(382, 'Thị xã Sầm Sơn', 38),
(384, 'Huyện Mường Lát', 38),
(385, 'Huyện Quan Hóa', 38),
(386, 'Huyện Bá Thước', 38),
(387, 'Huyện Quan Sơn', 38),
(388, 'Huyện Lang Chánh', 38),
(389, 'Huyện Ngọc Lặc', 38),
(390, 'Huyện Cẩm Thủy', 38),
(391, 'Huyện Thạch Thành', 38),
(392, 'Huyện Hà Trung', 38),
(393, 'Huyện Vĩnh Lộc', 38),
(394, 'Huyện Yên Định', 38),
(395, 'Huyện Thọ Xuân', 38),
(396, 'Huyện Thường Xuân', 38),
(397, 'Huyện Triệu Sơn', 38),
(398, 'Huyện Thiệu Hóa', 38),
(399, 'Huyện Hoằng Hóa', 38),
(400, 'Huyện Hậu Lộc', 38),
(401, 'Huyện Nga Sơn', 38),
(402, 'Huyện Như Xuân', 38),
(403, 'Huyện Như Thanh', 38),
(404, 'Huyện Nông Cống', 38),
(405, 'Huyện Đông Sơn', 38),
(406, 'Huyện Quảng Xương', 38),
(407, 'Huyện Tĩnh Gia', 38),
(412, 'Thành phố Vinh', 40),
(413, 'Thị xã Cửa Lò', 40),
(414, 'Thị xã Thái Hoà', 40),
(415, 'Huyện Quế Phong', 40),
(416, 'Huyện Quỳ Châu', 40),
(417, 'Huyện Kỳ Sơn', 40),
(418, 'Huyện Tương Dương', 40),
(419, 'Huyện Nghĩa Đàn', 40),
(420, 'Huyện Quỳ Hợp', 40),
(421, 'Huyện Quỳnh Lưu', 40),
(422, 'Huyện Con Cuông', 40),
(423, 'Huyện Tân Kỳ', 40),
(424, 'Huyện Anh Sơn', 40),
(425, 'Huyện Diễn Châu', 40),
(426, 'Huyện Yên Thành', 40),
(427, 'Huyện Đô Lương', 40),
(428, 'Huyện Thanh Chương', 40),
(429, 'Huyện Nghi Lộc', 40),
(430, 'Huyện Nam Đàn', 40),
(431, 'Huyện Hưng Nguyên', 40),
(432, 'Thị xã Hoàng Mai', 40),
(436, 'Thành phố Hà Tĩnh', 42),
(437, 'Thị xã Hồng Lĩnh', 42),
(439, 'Huyện Hương Sơn', 42),
(440, 'Huyện Đức Thọ', 42),
(441, 'Huyện Vũ Quang', 42),
(442, 'Huyện Nghi Xuân', 42),
(443, 'Huyện Can Lộc', 42),
(444, 'Huyện Hương Khê', 42),
(445, 'Huyện Thạch Hà', 42),
(446, 'Huyện Cẩm Xuyên', 42),
(447, 'Huyện Kỳ Anh', 42),
(448, 'Huyện Lộc Hà', 42),
(449, 'Thị xã Kỳ Anh', 42),
(450, 'Thành Phố Đồng Hới', 44),
(452, 'Huyện Minh Hóa', 44),
(453, 'Huyện Tuyên Hóa', 44),
(454, 'Huyện Quảng Trạch', 44),
(455, 'Huyện Bố Trạch', 44),
(456, 'Huyện Quảng Ninh', 44),
(457, 'Huyện Lệ Thủy', 44),
(458, 'Thị xã Ba Đồn', 44),
(461, 'Thành phố Đông Hà', 45),
(462, 'Thị xã Quảng Trị', 45),
(464, 'Huyện Vĩnh Linh', 45),
(465, 'Huyện Hướng Hóa', 45),
(466, 'Huyện Gio Linh', 45),
(467, 'Huyện Đa Krông', 45),
(468, 'Huyện Cam Lộ', 45),
(469, 'Huyện Triệu Phong', 45),
(470, 'Huyện Hải Lăng', 45),
(471, 'Huyện Cồn Cỏ', 45),
(474, 'Thành phố Huế', 46),
(476, 'Huyện Phong Điền', 46),
(477, 'Huyện Quảng Điền', 46),
(478, 'Huyện Phú Vang', 46),
(479, 'Thị xã Hương Thủy', 46),
(480, 'Thị xã Hương Trà', 46),
(481, 'Huyện A Lưới', 46),
(482, 'Huyện Phú Lộc', 46),
(483, 'Huyện Nam Đông', 46),
(490, 'Quận Liên Chiểu', 48),
(491, 'Quận Thanh Khê', 48),
(492, 'Quận Hải Châu', 48),
(493, 'Quận Sơn Trà', 48),
(494, 'Quận Ngũ Hành Sơn', 48),
(495, 'Quận Cẩm Lệ', 48),
(497, 'Huyện Hòa Vang', 48),
(498, 'Huyện Hoàng Sa', 48),
(502, 'Thành phố Tam Kỳ', 49),
(503, 'Thành phố Hội An', 49),
(504, 'Huyện Tây Giang', 49),
(505, 'Huyện Đông Giang', 49),
(506, 'Huyện Đại Lộc', 49),
(507, 'Thị xã Điện Bàn', 49),
(508, 'Huyện Duy Xuyên', 49),
(509, 'Huyện Quế Sơn', 49),
(510, 'Huyện Nam Giang', 49),
(511, 'Huyện Phước Sơn', 49),
(512, 'Huyện Hiệp Đức', 49),
(513, 'Huyện Thăng Bình', 49),
(514, 'Huyện Tiên Phước', 49),
(515, 'Huyện Bắc Trà My', 49),
(516, 'Huyện Nam Trà My', 49),
(517, 'Huyện Núi Thành', 49),
(518, 'Huyện Phú Ninh', 49),
(519, 'Huyện Nông Sơn', 49),
(522, 'Thành phố Quảng Ngãi', 51),
(524, 'Huyện Bình Sơn', 51),
(525, 'Huyện Trà Bồng', 51),
(526, 'Huyện Tây Trà', 51),
(527, 'Huyện Sơn Tịnh', 51),
(528, 'Huyện Tư Nghĩa', 51),
(529, 'Huyện Sơn Hà', 51),
(530, 'Huyện Sơn Tây', 51),
(531, 'Huyện Minh Long', 51),
(532, 'Huyện Nghĩa Hành', 51),
(533, 'Huyện Mộ Đức', 51),
(534, 'Huyện Đức Phổ', 51),
(535, 'Huyện Ba Tơ', 51),
(536, 'Huyện Lý Sơn', 51),
(540, 'Thành phố Qui Nhơn', 52),
(542, 'Huyện An Lão', 52),
(543, 'Huyện Hoài Nhơn', 52),
(544, 'Huyện Hoài Ân', 52),
(545, 'Huyện Phù Mỹ', 52),
(546, 'Huyện Vĩnh Thạnh', 52),
(547, 'Huyện Tây Sơn', 52),
(548, 'Huyện Phù Cát', 52),
(549, 'Thị xã An Nhơn', 52),
(550, 'Huyện Tuy Phước', 52),
(551, 'Huyện Vân Canh', 52),
(555, 'Thành phố Tuy Hoà', 54),
(557, 'Thị xã Sông Cầu', 54),
(558, 'Huyện Đồng Xuân', 54),
(559, 'Huyện Tuy An', 54),
(560, 'Huyện Sơn Hòa', 54),
(561, 'Huyện Sông Hinh', 54),
(562, 'Huyện Tây Hoà', 54),
(563, 'Huyện Phú Hoà', 54),
(564, 'Huyện Đông Hòa', 54),
(568, 'Thành phố Nha Trang', 56),
(569, 'Thành phố Cam Ranh', 56),
(570, 'Huyện Cam Lâm', 56),
(571, 'Huyện Vạn Ninh', 56),
(572, 'Thị xã Ninh Hòa', 56),
(573, 'Huyện Khánh Vĩnh', 56),
(574, 'Huyện Diên Khánh', 56),
(575, 'Huyện Khánh Sơn', 56),
(576, 'Huyện Trường Sa', 56),
(582, 'Thành phố Phan Rang-Tháp Chàm', 58),
(584, 'Huyện Bác Ái', 58),
(585, 'Huyện Ninh Sơn', 58),
(586, 'Huyện Ninh Hải', 58),
(587, 'Huyện Ninh Phước', 58),
(588, 'Huyện Thuận Bắc', 58),
(589, 'Huyện Thuận Nam', 58),
(593, 'Thành phố Phan Thiết', 60),
(594, 'Thị xã La Gi', 60),
(595, 'Huyện Tuy Phong', 60),
(596, 'Huyện Bắc Bình', 60),
(597, 'Huyện Hàm Thuận Bắc', 60),
(598, 'Huyện Hàm Thuận Nam', 60),
(599, 'Huyện Tánh Linh', 60),
(600, 'Huyện Đức Linh', 60),
(601, 'Huyện Hàm Tân', 60),
(602, 'Huyện Phú Quí', 60),
(608, 'Thành phố Kon Tum', 62),
(610, 'Huyện Đắk Glei', 62),
(611, 'Huyện Ngọc Hồi', 62),
(612, 'Huyện Đắk Tô', 62),
(613, 'Huyện Kon Plông', 62),
(614, 'Huyện Kon Rẫy', 62),
(615, 'Huyện Đắk Hà', 62),
(616, 'Huyện Sa Thầy', 62),
(617, 'Huyện Tu Mơ Rông', 62),
(618, 'Huyện Ia H\' Drai', 62),
(622, 'Thành phố Pleiku', 64),
(623, 'Thị xã An Khê', 64),
(624, 'Thị xã Ayun Pa', 64),
(625, 'Huyện KBang', 64),
(626, 'Huyện Đăk Đoa', 64),
(627, 'Huyện Chư Păh', 64),
(628, 'Huyện Ia Grai', 64),
(629, 'Huyện Mang Yang', 64),
(630, 'Huyện Kông Chro', 64),
(631, 'Huyện Đức Cơ', 64),
(632, 'Huyện Chư Prông', 64),
(633, 'Huyện Chư Sê', 64),
(634, 'Huyện Đăk Pơ', 64),
(635, 'Huyện Ia Pa', 64),
(637, 'Huyện Krông Pa', 64),
(638, 'Huyện Phú Thiện', 64),
(639, 'Huyện Chư Pưh', 64),
(643, 'Thành phố Buôn Ma Thuột', 66),
(644, 'Thị Xã Buôn Hồ', 66),
(645, 'Huyện Ea H\'leo', 66),
(646, 'Huyện Ea Súp', 66),
(647, 'Huyện Buôn Đôn', 66),
(648, 'Huyện Cư M\'gar', 66),
(649, 'Huyện Krông Búk', 66),
(650, 'Huyện Krông Năng', 66),
(651, 'Huyện Ea Kar', 66),
(652, 'Huyện M\'Đrắk', 66),
(653, 'Huyện Krông Bông', 66),
(654, 'Huyện Krông Pắc', 66),
(655, 'Huyện Krông A Na', 66),
(656, 'Huyện Lắk', 66),
(657, 'Huyện Cư Kuin', 66),
(660, 'Thị xã Gia Nghĩa', 67),
(661, 'Huyện Đăk Glong', 67),
(662, 'Huyện Cư Jút', 67),
(663, 'Huyện Đắk Mil', 67),
(664, 'Huyện Krông Nô', 67),
(665, 'Huyện Đắk Song', 67),
(666, 'Huyện Đắk R\'Lấp', 67),
(667, 'Huyện Tuy Đức', 67),
(672, 'Thành phố Đà Lạt', 68),
(673, 'Thành phố Bảo Lộc', 68),
(674, 'Huyện Đam Rông', 68),
(675, 'Huyện Lạc Dương', 68),
(676, 'Huyện Lâm Hà', 68),
(677, 'Huyện Đơn Dương', 68),
(678, 'Huyện Đức Trọng', 68),
(679, 'Huyện Di Linh', 68),
(680, 'Huyện Bảo Lâm', 68),
(681, 'Huyện Đạ Huoai', 68),
(682, 'Huyện Đạ Tẻh', 68),
(683, 'Huyện Cát Tiên', 68),
(688, 'Thị xã Phước Long', 70),
(689, 'Thị xã Đồng Xoài', 70),
(690, 'Thị xã Bình Long', 70),
(691, 'Huyện Bù Gia Mập', 70),
(692, 'Huyện Lộc Ninh', 70),
(693, 'Huyện Bù Đốp', 70),
(694, 'Huyện Hớn Quản', 70),
(695, 'Huyện Đồng Phú', 70),
(696, 'Huyện Bù Đăng', 70),
(697, 'Huyện Chơn Thành', 70),
(698, 'Huyện Phú Riềng', 70),
(703, 'Thành phố Tây Ninh', 72),
(705, 'Huyện Tân Biên', 72),
(706, 'Huyện Tân Châu', 72),
(707, 'Huyện Dương Minh Châu', 72),
(708, 'Huyện Châu Thành', 72),
(709, 'Huyện Hòa Thành', 72),
(710, 'Huyện Gò Dầu', 72),
(711, 'Huyện Bến Cầu', 72),
(712, 'Huyện Trảng Bàng', 72),
(718, 'Thành phố Thủ Dầu Một', 74),
(719, 'Huyện Bàu Bàng', 74),
(720, 'Huyện Dầu Tiếng', 74),
(721, 'Thị xã Bến Cát', 74),
(722, 'Huyện Phú Giáo', 74),
(723, 'Thị xã Tân Uyên', 74),
(724, 'Thị xã Dĩ An', 74),
(725, 'Thị xã Thuận An', 74),
(726, 'Huyện Bắc Tân Uyên', 74),
(731, 'Thành phố Biên Hòa', 75),
(732, 'Thị xã Long Khánh', 75),
(734, 'Huyện Tân Phú', 75),
(735, 'Huyện Vĩnh Cửu', 75),
(736, 'Huyện Định Quán', 75),
(737, 'Huyện Trảng Bom', 75),
(738, 'Huyện Thống Nhất', 75),
(739, 'Huyện Cẩm Mỹ', 75),
(740, 'Huyện Long Thành', 75),
(741, 'Huyện Xuân Lộc', 75),
(742, 'Huyện Nhơn Trạch', 75),
(747, 'Thành phố Vũng Tàu', 77),
(748, 'Thành phố Bà Rịa', 77),
(750, 'Huyện Châu Đức', 77),
(751, 'Huyện Xuyên Mộc', 77),
(752, 'Huyện Long Điền', 77),
(753, 'Huyện Đất Đỏ', 77),
(754, 'Huyện Tân Thành', 77),
(755, 'Huyện Côn Đảo', 77),
(760, 'Quận 1', 79),
(761, 'Quận 12', 79),
(762, 'Quận Thủ Đức', 79),
(763, 'Quận 9', 79),
(764, 'Quận Gò Vấp', 79),
(765, 'Quận Bình Thạnh', 79),
(766, 'Quận Tân Bình', 79),
(767, 'Quận Tân Phú', 79),
(768, 'Quận Phú Nhuận', 79),
(769, 'Quận 2', 79),
(770, 'Quận 3', 79),
(771, 'Quận 10', 79),
(772, 'Quận 11', 79),
(773, 'Quận 4', 79),
(774, 'Quận 5', 79),
(775, 'Quận 6', 79),
(776, 'Quận 8', 79),
(777, 'Quận Bình Tân', 79),
(778, 'Quận 7', 79),
(783, 'Huyện Củ Chi', 79),
(784, 'Huyện Hóc Môn', 79),
(785, 'Huyện Bình Chánh', 79),
(786, 'Huyện Nhà Bè', 79),
(787, 'Huyện Cần Giờ', 79),
(794, 'Thành phố Tân An', 80),
(795, 'Thị xã Kiến Tường', 80),
(796, 'Huyện Tân Hưng', 80),
(797, 'Huyện Vĩnh Hưng', 80),
(798, 'Huyện Mộc Hóa', 80),
(799, 'Huyện Tân Thạnh', 80),
(800, 'Huyện Thạnh Hóa', 80),
(801, 'Huyện Đức Huệ', 80),
(802, 'Huyện Đức Hòa', 80),
(803, 'Huyện Bến Lức', 80),
(804, 'Huyện Thủ Thừa', 80),
(805, 'Huyện Tân Trụ', 80),
(806, 'Huyện Cần Đước', 80),
(807, 'Huyện Cần Giuộc', 80),
(808, 'Huyện Châu Thành', 80),
(815, 'Thành phố Mỹ Tho', 82),
(816, 'Thị xã Gò Công', 82),
(817, 'Thị xã Cai Lậy', 82),
(818, 'Huyện Tân Phước', 82),
(819, 'Huyện Cái Bè', 82),
(820, 'Huyện Cai Lậy', 82),
(821, 'Huyện Châu Thành', 82),
(822, 'Huyện Chợ Gạo', 82),
(823, 'Huyện Gò Công Tây', 82),
(824, 'Huyện Gò Công Đông', 82),
(825, 'Huyện Tân Phú Đông', 82),
(829, 'Thành phố Bến Tre', 83),
(831, 'Huyện Châu Thành', 83),
(832, 'Huyện Chợ Lách', 83),
(833, 'Huyện Mỏ Cày Nam', 83),
(834, 'Huyện Giồng Trôm', 83),
(835, 'Huyện Bình Đại', 83),
(836, 'Huyện Ba Tri', 83),
(837, 'Huyện Thạnh Phú', 83),
(838, 'Huyện Mỏ Cày Bắc', 83),
(842, 'Thành phố Trà Vinh', 84),
(844, 'Huyện Càng Long', 84),
(845, 'Huyện Cầu Kè', 84),
(846, 'Huyện Tiểu Cần', 84),
(847, 'Huyện Châu Thành', 84),
(848, 'Huyện Cầu Ngang', 84),
(849, 'Huyện Trà Cú', 84),
(850, 'Huyện Duyên Hải', 84),
(851, 'Thị xã Duyên Hải', 84),
(855, 'Thành phố Vĩnh Long', 86),
(857, 'Huyện Long Hồ', 86),
(858, 'Huyện Mang Thít', 86),
(859, 'Huyện  Vũng Liêm', 86),
(860, 'Huyện Tam Bình', 86),
(861, 'Thị xã Bình Minh', 86),
(862, 'Huyện Trà Ôn', 86),
(863, 'Huyện Bình Tân', 86),
(866, 'Thành phố Cao Lãnh', 87),
(867, 'Thành phố Sa Đéc', 87),
(868, 'Thị xã Hồng Ngự', 87),
(869, 'Huyện Tân Hồng', 87),
(870, 'Huyện Hồng Ngự', 87),
(871, 'Huyện Tam Nông', 87),
(872, 'Huyện Tháp Mười', 87),
(873, 'Huyện Cao Lãnh', 87),
(874, 'Huyện Thanh Bình', 87),
(875, 'Huyện Lấp Vò', 87),
(876, 'Huyện Lai Vung', 87),
(877, 'Huyện Châu Thành', 87),
(883, 'Thành phố Long Xuyên', 89),
(884, 'Thành phố Châu Đốc', 89),
(886, 'Huyện An Phú', 89),
(887, 'Thị xã Tân Châu', 89),
(888, 'Huyện Phú Tân', 89),
(889, 'Huyện Châu Phú', 89),
(890, 'Huyện Tịnh Biên', 89),
(891, 'Huyện Tri Tôn', 89),
(892, 'Huyện Châu Thành', 89),
(893, 'Huyện Chợ Mới', 89),
(894, 'Huyện Thoại Sơn', 89),
(899, 'Thành phố Rạch Giá', 91),
(900, 'Thị xã Hà Tiên', 91),
(902, 'Huyện Kiên Lương', 91),
(903, 'Huyện Hòn Đất', 91),
(904, 'Huyện Tân Hiệp', 91),
(905, 'Huyện Châu Thành', 91),
(906, 'Huyện Giồng Riềng', 91),
(907, 'Huyện Gò Quao', 91),
(908, 'Huyện An Biên', 91),
(909, 'Huyện An Minh', 91),
(910, 'Huyện Vĩnh Thuận', 91),
(911, 'Huyện Phú Quốc', 91),
(912, 'Huyện Kiên Hải', 91),
(913, 'Huyện U Minh Thượng', 91),
(914, 'Huyện Giang Thành', 91),
(916, 'Quận Ninh Kiều', 92),
(917, 'Quận Ô Môn', 92),
(918, 'Quận Bình Thuỷ', 92),
(919, 'Quận Cái Răng', 92),
(923, 'Quận Thốt Nốt', 92),
(924, 'Huyện Vĩnh Thạnh', 92),
(925, 'Huyện Cờ Đỏ', 92),
(926, 'Huyện Phong Điền', 92),
(927, 'Huyện Thới Lai', 92),
(930, 'Thành phố Vị Thanh', 93),
(931, 'Thị xã Ngã Bảy', 93),
(932, 'Huyện Châu Thành A', 93),
(933, 'Huyện Châu Thành', 93),
(934, 'Huyện Phụng Hiệp', 93),
(935, 'Huyện Vị Thuỷ', 93),
(936, 'Huyện Long Mỹ', 93),
(937, 'Thị xã Long Mỹ', 93),
(941, 'Thành phố Sóc Trăng', 94),
(942, 'Huyện Châu Thành', 94),
(943, 'Huyện Kế Sách', 94),
(944, 'Huyện Mỹ Tú', 94),
(945, 'Huyện Cù Lao Dung', 94),
(946, 'Huyện Long Phú', 94),
(947, 'Huyện Mỹ Xuyên', 94),
(948, 'Thị xã Ngã Năm', 94),
(949, 'Huyện Thạnh Trị', 94),
(950, 'Thị xã Vĩnh Châu', 94),
(951, 'Huyện Trần Đề', 94),
(954, 'Thành phố Bạc Liêu', 95),
(956, 'Huyện Hồng Dân', 95),
(957, 'Huyện Phước Long', 95),
(958, 'Huyện Vĩnh Lợi', 95),
(959, 'Thị xã Giá Rai', 95),
(960, 'Huyện Đông Hải', 95),
(961, 'Huyện Hoà Bình', 95),
(964, 'Thành phố Cà Mau', 96),
(966, 'Huyện U Minh', 96),
(967, 'Huyện Thới Bình', 96),
(968, 'Huyện Trần Văn Thời', 96),
(969, 'Huyện Cái Nước', 96),
(970, 'Huyện Đầm Dơi', 96),
(971, 'Huyện Năm Căn', 96),
(972, 'Huyện Phú Tân', 96),
(973, 'Huyện Ngọc Hiển', 96);

-- --------------------------------------------------------

--
-- Table structure for table `django_admin_log`
--

DROP TABLE IF EXISTS `django_admin_log`;
CREATE TABLE IF NOT EXISTS `django_admin_log` (
  `id` int(11) NOT NULL AUTO_INCREMENT,
  `action_time` datetime(6) NOT NULL,
  `object_id` longtext,
  `object_repr` varchar(200) NOT NULL,
  `action_flag` smallint(5) UNSIGNED NOT NULL,
  `change_message` longtext NOT NULL,
  `content_type_id` int(11) DEFAULT NULL,
  `user_id` int(11) NOT NULL,
  PRIMARY KEY (`id`),
  KEY `django_admin_log_content_type_id_c4bce8eb_fk_django_co` (`content_type_id`),
  KEY `django_admin_log_user_id_c564eba6_fk_auth_user_id` (`user_id`)
) ENGINE=InnoDB AUTO_INCREMENT=1281 DEFAULT CHARSET=utf8;

--
-- Dumping data for table `django_admin_log`
--

INSERT INTO `django_admin_log` (`id`, `action_time`, `object_id`, `object_repr`, `action_flag`, `change_message`, `content_type_id`, `user_id`) VALUES
(1, '2020-07-09 08:07:44.690856', '96', 'City object (96)', 2, '[]', 90, 1),
(2, '2020-07-09 08:07:50.271927', '96', 'City object (96)', 2, '[]', 90, 1),
(3, '2020-07-15 04:20:24.560036', '1', 'Category object (1)', 1, '[{"added": {}}]', 89, 1),
(4, '2020-07-15 04:20:42.504280', '2', 'Category object (2)', 1, '[{"added": {}}]', 89, 1),
(5, '2020-07-15 04:24:01.211758', '1', 'sdfs sffdfsda', 1, '[{"added": {}}]', 74, 1),
(6, '2020-07-15 04:24:29.082116', '2', 'sdsdfsd sdfsd', 1, '[{"added": {}}]', 74, 1),
(7, '2020-07-15 04:24:32.906540', '2', 'sdsdfsd sdfsd', 2, '[]', 74, 1),
(8, '2020-07-15 04:25:26.021539', '2', 'sdsdfsd sdfsd', 2, '[]', 74, 1),
(9, '2020-07-16 03:07:44.407953', '2', 'sdsdfsd sdfsd', 2, '[{"changed": {"fields": ["Status"]}}]', 74, 1),
(10, '2020-07-16 03:07:50.984622', '1', 'sdfs sffdfsda', 2, '[{"changed": {"fields": ["Status"]}}]', 74, 1),
(11, '2020-08-03 03:45:43.195927', '15', 'sdsdfshjkhjkhjd sdfsd', 2, '[{"changed": {"fields": ["Content"]}}]', 74, 1),
(12, '2020-08-10 07:19:35.090449', '14', 'sdfsjhkjh sffdfsda', 2, '[{"changed": {"fields": ["Content"]}}]', 74, 1),
(13, '2020-08-11 06:29:40.737740', '2', 'Category object (2)', 2, '[{"changed": {"fields": ["Description"]}}]', 89, 1),
(14, '2020-08-11 06:30:14.485634', '1', 'Category object (1)', 2, '[{"changed": {"fields": ["Name", "Description"]}}]', 89, 1),
(15, '2020-08-11 06:30:23.737313', '2', 'Category object (2)', 2, '[{"changed": {"fields": ["Name"]}}]', 89, 1),
(16, '2020-08-11 08:32:00.698694', '14', 'thay doi thu muc', 2, '[{"changed": {"fields": ["category_id", "Title", "Status"]}}]', 74, 1),
(17, '2020-08-11 08:32:18.867815', '14', 'thay doi thu muc', 2, '[{"changed": {"fields": ["Status"]}}]', 74, 1),
(18, '2020-08-11 08:37:52.211449', '14', 'thay doi thu muc', 2, '[{"changed": {"fields": ["Status"]}}]', 74, 1),
(19, '2020-08-11 08:38:14.851383', '14', 'thay doi thu muc', 2, '[{"changed": {"fields": ["Status"]}}]', 74, 1),
(20, '2020-08-11 08:47:49.925904', '10', 'sdghjghfs sffdfsda', 2, '[{"changed": {"fields": ["Content", "file"]}}]', 74, 1),
(21, '2020-08-11 08:48:00.065094', '14', 'thay doi thu muc', 2, '[{"changed": {"fields": ["file"]}}]', 74, 1),
(22, '2020-08-11 08:59:17.955496', '14', 'thay doi thu muc', 2, '[]', 74, 1),
(23, '2020-08-11 08:59:25.956176', '14', 'thay doi thu muc', 2, '[{"changed": {"fields": ["category_id"]}}]', 74, 1),
(24, '2020-08-11 09:06:16.258105', '14', 'thay doi thu muc', 2, '[]', 74, 1),
(25, '2020-08-11 09:08:24.873625', '14', 'thay doi thu muc', 2, '[]', 74, 1),
(26, '2020-08-11 09:10:02.873976', '14', 'thay doi thu muc', 2, '[]', 74, 1),
(27, '2020-08-11 09:10:30.483284', '14', 'thay doi thu muc', 2, '[]', 74, 1),
(28, '2020-08-11 09:21:14.347812', '14', 'thay doi thu muc', 2, '[{"changed": {"fields": ["file"]}}]', 74, 1),
(29, '2020-08-11 09:21:54.412054', '13', 'sdfs hgjghgsffdfsda', 2, '[{"changed": {"fields": ["Content", "file"]}}]', 74, 1),
(30, '2020-08-11 09:30:04.832198', '14', 'thay doi thu muc', 2, '[{"changed": {"fields": ["Upload an image"]}}]', 74, 1),
(31, '2020-08-11 09:32:23.479857', '14', 'thay doi thu muc', 2, '[{"changed": {"fields": ["Upload an image"]}}]', 74, 1),
(32, '2020-08-11 09:36:14.180231', '14', 'thay doi thu muc', 2, '[{"changed": {"fields": ["Upload an image"]}}]', 74, 1),
(33, '2020-08-11 09:36:59.809055', '14', 'thay doi thu muc', 2, '[{"changed": {"fields": ["Upload an image"]}}]', 74, 1),
(34, '2020-08-11 09:40:42.691442', '14', 'thay doi thu muc', 2, '[{"changed": {"fields": ["Upload an image"]}}]', 74, 1),
(35, '2020-08-11 09:45:04.610624', '14', 'thay doi thu muc', 2, '[{"changed": {"fields": ["Upload an image"]}}]', 74, 1),
(36, '2020-08-11 09:45:35.692468', '14', 'thay doi thu muc', 2, '[{"changed": {"fields": ["Upload an image"]}}]', 74, 1),
(37, '2020-08-11 09:46:12.856082', '14', 'thay doi thu muc', 2, '[{"changed": {"fields": ["Upload an image"]}}]', 74, 1),
(38, '2020-08-11 09:50:09.832536', '14', 'thay doi thu muc', 2, '[{"changed": {"fields": ["Upload an image"]}}]', 74, 1),
(39, '2020-08-11 09:52:02.177779', '14', 'thay doi thu muc', 2, '[{"changed": {"fields": ["Upload an image"]}}]', 74, 1),
(40, '2020-08-13 03:27:02.569445', '13', 'sdfs hgjghgsffdfsda', 2, '[{"changed": {"fields": ["owner_upd_id", "Content", "date_upd", "Upload an image", "pk"]}}]', 74, 1),
(41, '2020-08-13 03:41:22.017424', '13', 'sdfs hgjghgsffdfsda', 2, '[{"changed": {"fields": ["owner_upd_id", "date_upd", "pk"]}}]', 74, 1),
(42, '2020-08-13 03:41:40.088563', '13', 'sdfs hgjghgsffdfsda', 2, '[{"changed": {"fields": ["owner_upd_id", "date_upd", "Upload an image", "pk"]}}]', 74, 1),
(43, '2020-08-13 03:47:12.344479', '1', 'cap nhat ngay up', 2, '[{"changed": {"fields": ["owner_upd_id", "Title", "Content", "date_upd", "Upload an image", "pk"]}}]', 74, 1),
(44, '2020-08-13 04:01:20.845296', '1', 'cap nhat ngay up', 2, '[{"changed": {"fields": ["owner_upd_id", "date_upd", "pk"]}}]', 74, 1),
(45, '2020-08-13 04:03:21.198516', '13', 'cap nhat ngay va fixed loi ngay', 2, '[{"changed": {"fields": ["owner_upd_id", "Title", "Slug", "date_upd", "pk"]}}]', 74, 1),
(46, '2020-08-13 04:03:35.923293', '13', 'cap nhat ngay va fixed loi ngay', 2, '[{"changed": {"fields": ["owner_upd_id", "Slug", "date_upd", "pk"]}}]', 74, 1),
(47, '2020-08-13 04:03:45.618806', '13', 'cap nhat ngay va fixed loi ngay', 2, '[{"changed": {"fields": ["owner_upd_id", "Slug", "date_upd", "pk"]}}]', 74, 1),
(48, '2020-08-13 04:20:28.116164', '13', 'cap nhat ngay va fixed loi ngay', 2, '[{"changed": {"fields": ["owner_upd_id", "date_upd", "Upload an image", "pk"]}}]', 74, 1),
(49, '2020-08-13 08:21:31.229842', '10', 'sdghjghfs sffdfsda', 2, '[{"changed": {"fields": ["owner_upd_id", "content", "date_upd", "pk"]}}]', 74, 1),
(50, '2020-08-14 10:55:55.712748', '13', 'cap nhat ngay va fixed loi ngay', 2, '[{"changed": {"fields": ["owner_upd_id", "date_upd", "Upload an image", "pk"]}}]', 74, 1),
(51, '2020-08-14 10:56:21.795591', '12', 'anh moi up', 2, '[{"changed": {"fields": ["owner_upd_id", "Title", "content", "date_upd", "Upload an image", "pk"]}}]', 74, 1),
(52, '2020-08-14 10:56:51.289494', '11', 'anh khac', 2, '[{"changed": {"fields": ["owner_upd_id", "Title", "content", "date_upd", "Upload an image", "pk"]}}]', 74, 1),
(53, '2020-08-17 02:34:25.269574', '2', 'Category object (2)', 2, '[{"changed": {"fields": ["date_upd", "Name", "description", "Upload an image", "pk"]}}]', 89, 1),
(54, '2020-08-17 02:58:26.177128', '2', 'Category object (2)', 2, '[{"changed": {"fields": ["date_upd", "Upload an image", "pk"]}}]', 89, 1),
(55, '2020-08-17 02:58:54.870897', '1', 'Category object (1)', 2, '[{"changed": {"fields": ["date_upd", "description", "Upload an image", "pk"]}}]', 89, 1),
(56, '2020-08-17 02:59:04.783457', '2', 'Category object (2)', 2, '[{"changed": {"fields": ["date_upd", "Upload an image", "pk"]}}]', 89, 1),
(57, '2020-08-17 03:22:45.247823', '12', 'anh moi up', 2, '[{"changed": {"fields": ["owner_upd_id", "date_upd", "Upload an image", "pk"]}}]', 74, 1),
(58, '2020-08-17 03:23:00.538491', '14', 'thay doi thu muc', 2, '[{"changed": {"fields": ["owner_upd_id", "content", "date_upd", "Upload an image", "pk"]}}]', 74, 1),
(59, '2020-08-17 03:31:08.525299', '1', 'Category object (1)', 2, '[{"changed": {"fields": ["Active", "date_upd", "pk"]}}]', 89, 1),
(60, '2020-08-17 04:09:57.476075', '14', 'thay doi thu muc', 2, '[{"changed": {"fields": ["owner_upd_id", "Tags", "date_upd"]}}]', 74, 1),
(61, '2020-08-17 04:30:11.181614', '14', 'thay doi thu muc', 2, '[{"changed": {"fields": ["owner_upd_id", "date_upd"]}}]', 74, 1),
(62, '2020-08-17 04:33:52.020331', '3', 'Category object (3)', 1, '[{"added": {}}]', 89, 1),
(63, '2020-08-17 07:02:30.973098', '14', 'thay doi thu muc', 2, '[{"changed": {"fields": ["owner_upd_id", "date_upd", "Upload an image"]}}]', 74, 1),
(64, '2020-08-17 07:03:26.860346', '14', 'thay doi thu muc', 2, '[{"changed": {"fields": ["owner_upd_id", "date_upd", "Upload an image"]}}]', 74, 1),
(65, '2020-08-17 07:04:49.095078', '14', 'thay doi thu muc', 2, '[{"changed": {"fields": ["owner_upd_id", "date_upd", "Upload an image"]}}]', 74, 1),
(66, '2020-08-17 07:05:57.687076', '14', 'thay doi thu muc', 2, '[{"changed": {"fields": ["owner_upd_id", "date_upd", "Upload an image"]}}]', 74, 1),
(67, '2020-08-17 07:08:56.143806', '14', 'thay doi thu muc', 2, '[{"changed": {"fields": ["owner_upd_id", "date_upd"]}}]', 74, 1),
(68, '2020-08-17 07:11:11.884663', '14', 'thay doi thu muc aaaaa', 2, '[{"changed": {"fields": ["owner_upd_id", "Title", "date_upd"]}}]', 74, 1),
(69, '2020-08-17 07:11:26.872537', '14', 'thay doi thu muc aaaaa', 2, '[{"changed": {"fields": ["owner_upd_id", "date_upd", "Upload an image"]}}]', 74, 1),
(70, '2020-08-17 07:11:42.462010', '14', 'thay doi thu muc aaaaa', 2, '[{"changed": {"fields": ["owner_upd_id", "date_upd", "Upload an image"]}}]', 74, 1),
(71, '2020-08-17 07:14:08.749514', '14', 'thay doi thu muc aaaaa', 2, '[{"changed": {"fields": ["owner_upd_id", "date_upd", "Upload an image"]}}]', 74, 1),
(72, '2020-08-17 07:14:23.788858', '14', 'thay doi thu muc aaaaa', 2, '[{"changed": {"fields": ["owner_upd_id", "date_upd", "Upload an image"]}}]', 74, 1),
(73, '2020-08-17 07:14:38.783608', '13', 'cap nhat ngay va fixed loi ngay', 2, '[{"changed": {"fields": ["owner_upd_id", "date_upd", "Upload an image"]}}]', 74, 1),
(74, '2020-08-17 07:48:58.659251', '14', 'thay doi thu muc aaaaa', 2, '[{"changed": {"fields": ["owner_upd_id", "date_upd", "Upload an image"]}}]', 74, 1),
(75, '2020-08-17 07:49:27.769516', '14', 'thay doi thu muc aaaaa', 2, '[{"changed": {"fields": ["owner_upd_id", "date_upd", "Upload an image"]}}]', 74, 1),
(76, '2020-08-17 07:49:39.611829', '14', 'thay doi thu muc aaaaa', 2, '[{"changed": {"fields": ["owner_upd_id", "date_upd", "Upload an image"]}}]', 74, 1),
(77, '2020-08-17 07:49:52.235725', '14', 'thay doi thu muc aaaaa', 2, '[{"changed": {"fields": ["owner_upd_id", "date_upd", "Upload an image"]}}]', 74, 1),
(78, '2020-08-17 08:05:37.572285', '14', 'thay doi thu muc aaaaa', 2, '[{"changed": {"fields": ["owner_upd_id", "date_upd", "Upload an image"]}}]', 74, 1),
(79, '2020-08-17 08:05:51.125914', '13', 'cap nhat ngay va fixed loi ngay', 2, '[{"changed": {"fields": ["owner_upd_id", "date_upd", "Upload an image"]}}]', 74, 1),
(80, '2020-08-17 08:29:34.024552', 'None', 'aaaaaaaaaaaaa', 1, '[{"added": {}}]', 74, 1),
(81, '2020-08-17 08:56:27.483256', '16', 'aaa', 1, '[{"added": {}}]', 74, 1),
(82, '2020-08-17 08:59:05.186993', '17', 'vvvvvvvv', 1, '[{"added": {}}]', 74, 1),
(83, '2020-08-18 02:43:41.434956', '18', 'ssdffd sdfsdsfd', 1, '[{"added": {}}]', 74, 1),
(84, '2020-08-18 03:49:45.410587', '1', 'sdfsdf sd', 1, '[{"added": {}}]', 106, 1),
(85, '2020-08-18 03:56:10.074497', '1', 'sdfsdf sd', 2, '[{"changed": {"fields": ["date_upd", "Active"]}}]', 106, 1),
(86, '2020-08-18 03:56:54.851596', '1', 'sdfsdf sd', 2, '[{"changed": {"fields": ["date_upd"]}}]', 106, 1),
(87, '2020-08-18 03:57:07.742716', '1', 'sdfsdf sd', 2, '[{"changed": {"fields": ["date_upd"]}}]', 106, 1),
(88, '2020-08-18 04:15:08.483639', '1', 'sdfsdf sd', 2, '[{"changed": {"fields": ["date_upd"]}}]', 106, 1),
(89, '2020-08-18 04:15:16.094844', '1', 'sdfsdf sd', 2, '[{"changed": {"fields": ["date_upd", "Active"]}}]', 106, 1),
(90, '2020-08-18 04:16:16.448340', '1', 'sdfsdf sd', 2, '[{"changed": {"fields": ["date_upd"]}}]', 106, 1),
(91, '2020-08-18 04:16:26.161941', '1', 'sdfsdf sd', 2, '[{"changed": {"fields": ["date_upd", "Upload an image"]}}]', 106, 1),
(92, '2020-08-18 04:18:29.170310', '1', 'sdfsdf sd', 2, '[{"changed": {"fields": ["date_upd", "Upload an image"]}}]', 106, 1),
(93, '2020-08-18 04:40:23.296011', '1', 'sdfsdf sd', 2, '[{"changed": {"fields": ["date_upd", "Upload an image"]}}]', 106, 1),
(94, '2020-08-18 04:43:45.700764', '1', 'sdfsdf sd', 2, '[{"changed": {"fields": ["date_upd"]}}]', 106, 1),
(95, '2020-08-18 04:44:44.064159', '1', 'sdfsdf sd', 2, '[{"changed": {"fields": ["date_upd", "Upload an image"]}}]', 106, 1),
(96, '2020-08-18 04:44:53.553184', '1', 'sdfsdf sd', 2, '[{"changed": {"fields": ["date_upd", "Upload an image"]}}]', 106, 1),
(97, '2020-08-18 05:04:21.318147', '1', 'sdfsdf sd', 2, '[{"changed": {"fields": ["date_upd", "Upload an image"]}}]', 106, 1),
(98, '2020-08-18 06:17:46.037447', '2', 'fffff', 1, '[{"added": {}}]', 106, 1),
(99, '2020-08-18 06:17:56.672983', '2', 'fffff', 2, '[{"changed": {"fields": ["date_upd"]}}]', 106, 1),
(100, '2020-08-18 06:20:16.923768', '2', 'han 255 choices that should be presented to a us', 2, '[{"changed": {"fields": ["Name", "date_upd"]}}]', 106, 1),
(101, '2020-08-18 06:20:31.587150', '1', 'mary key. Something like in the following code, but preferably w', 2, '[{"changed": {"fields": ["Name", "date_upd"]}}]', 106, 1),
(102, '2020-08-18 06:33:56.706550', '10', 'sdghjghfs sffdfsda', 2, '[{"changed": {"fields": ["owner_upd_id", "date_upd"]}}]', 74, 1),
(103, '2020-08-18 06:34:10.235073', '1', 'danh muc 02', 2, '[{"changed": {"fields": ["date_upd"]}}]', 89, 1),
(104, '2020-08-18 06:57:34.215980', '1', 'Món', 1, '[{"added": {}}]', 105, 1),
(105, '2020-08-18 06:57:55.770306', '2', 'Ký', 1, '[{"added": {}}]', 105, 1),
(106, '2020-08-18 06:58:14.432322', '3', 'Thùng', 1, '[{"added": {}}]', 105, 1),
(107, '2020-08-18 06:58:26.733121', '4', 'Cái', 1, '[{"added": {}}]', 105, 1),
(108, '2020-08-18 08:36:06.106536', '1', 'dfdsf s', 1, '[{"added": {}}]', 116, 1),
(109, '2020-08-18 09:16:17.028327', '1', 'dfdsf s', 2, '[{"changed": {"fields": ["unity", "date_upd"]}}]', 116, 1),
(110, '2020-08-18 09:16:29.082722', '1', 'dfdsf s', 2, '[{"changed": {"fields": ["unity", "date_upd"]}}]', 116, 1),
(111, '2020-08-18 09:17:31.570705', '1', 'dfdsf s', 2, '[{"changed": {"fields": ["date_upd"]}}]', 116, 1),
(112, '2020-08-18 09:17:42.764676', '1', 'dfdsf s', 2, '[{"changed": {"fields": ["date_upd", "Upload an image"]}}]', 116, 1),
(113, '2020-08-18 09:26:30.177250', '1', 'dfdsf s', 2, '[{"changed": {"fields": ["date_upd", "Upload an image"]}}]', 116, 1),
(114, '2020-08-18 09:29:18.242698', '5', 'Sản', 1, '[{"added": {}}]', 105, 1),
(115, '2020-08-18 09:30:41.886291', '2', 'ssssssssss', 1, '[{"added": {}}]', 116, 1),
(116, '2020-08-18 09:31:11.950519', '2', 'ssssssssss', 2, '[{"changed": {"fields": ["date_upd", "Upload an image"]}}]', 116, 1),
(117, '2020-08-19 02:09:43.405520', '3', 'sdsda dsfsddd sdf', 1, '[{"added": {}}]', 116, 1),
(118, '2020-08-19 02:48:34.071116', '1', 'dfdsf s', 2, '[{"changed": {"fields": ["date_upd"]}}]', 116, 1),
(119, '2020-08-19 02:56:51.331814', '1', 'Feature object (1)', 1, '[{"added": {}}]', 103, 1),
(120, '2020-08-19 02:57:03.205620', '2', 'Feature object (2)', 1, '[{"added": {}}]', 103, 1),
(121, '2020-08-19 02:57:24.964718', '3', 'Feature object (3)', 1, '[{"added": {}}]', 103, 1),
(122, '2020-08-19 02:57:46.128093', '4', 'Feature object (4)', 1, '[{"added": {}}]', 103, 1),
(123, '2020-08-19 02:58:08.049159', '5', 'Feature object (5)', 1, '[{"added": {}}]', 103, 1),
(124, '2020-08-19 02:58:54.256545', '6', 'Feature object (6)', 1, '[{"added": {}}]', 103, 1),
(125, '2020-08-19 02:59:20.253641', '4', 'Feature object (4)', 2, '[{"changed": {"fields": ["Name"]}}]', 103, 1),
(126, '2020-08-19 03:00:05.396898', '4', 'Feature object (4)', 2, '[{"changed": {"fields": ["Name"]}}]', 103, 1),
(127, '2020-08-19 03:00:18.280598', '4', 'Feature object (4)', 2, '[{"changed": {"fields": ["Name"]}}]', 103, 1),
(128, '2020-08-19 03:00:28.150607', '5', 'Feature object (5)', 2, '[{"changed": {"fields": ["Name"]}}]', 103, 1),
(129, '2020-08-19 03:01:11.184567', '1', 'Feature object (1)', 2, '[{"changed": {"fields": ["Name"]}}]', 103, 1),
(130, '2020-08-19 03:39:14.778685', '1', 'ertert', 1, '[{"added": {}}]', 104, 1),
(131, '2020-08-19 04:08:22.706384', '1', '240x180x10', 2, '[{"changed": {"fields": ["feature_id", "Value"]}}]', 104, 1),
(132, '2020-08-19 04:13:34.894878', '2', '640x480x10', 1, '[{"added": {}}]', 104, 1),
(133, '2020-08-19 04:14:02.619092', '3', '30x30x30', 1, '[{"added": {}}]', 104, 1),
(134, '2020-08-19 04:14:14.910124', '2', '640x480x10', 2, '[{"changed": {"fields": ["Custom"]}}]', 104, 1),
(135, '2020-08-19 04:15:55.545956', '4', 'len', 1, '[{"added": {}}]', 104, 1),
(136, '2020-08-19 04:16:12.692622', '5', 'cotton', 1, '[{"added": {}}]', 104, 1),
(137, '2020-08-19 04:16:23.936465', '6', 'sieu', 1, '[{"added": {}}]', 104, 1),
(138, '2020-08-19 04:16:40.160231', '7', 'du', 1, '[{"added": {}}]', 104, 1),
(139, '2020-08-19 04:28:38.894726', '5', 'cotton', 2, '[]', 104, 1),
(140, '2020-08-19 04:32:18.807533', '5', 'cotton', 2, '[]', 104, 1),
(141, '2020-08-19 04:32:35.646210', '5', 'cotton', 2, '[{"changed": {"fields": ["Custom"]}}]', 104, 1),
(142, '2020-08-19 04:32:59.569975', '5', 'cotton', 2, '[{"changed": {"fields": ["Custom"]}}]', 104, 1),
(143, '2020-08-19 04:33:04.472484', '7', 'du', 2, '[]', 104, 1),
(144, '2020-08-19 04:33:09.219641', '4', 'len', 2, '[]', 104, 1),
(145, '2020-08-19 04:33:14.025904', '6', 'sieu', 2, '[]', 104, 1),
(146, '2020-08-19 04:36:13.250244', '2', 'ssssssssss', 2, '[{"changed": {"fields": ["date_upd"]}}]', 116, 1),
(147, '2020-08-19 04:36:52.215624', '1', 'Áo Thun', 2, '[{"changed": {"fields": ["date_upd", "Name"]}}]', 116, 1),
(148, '2020-08-19 04:37:12.384649', '2', 'Quần Jean', 2, '[{"changed": {"fields": ["date_upd", "Name"]}}]', 116, 1),
(149, '2020-08-19 04:37:31.299386', '3', 'Quần Kaki', 2, '[{"changed": {"fields": ["date_upd", "Name"]}}]', 116, 1),
(150, '2020-08-19 06:42:43.100541', 'None', 'tao moi thu muc nhanh', 1, '[{"added": {}}]', 89, 1),
(151, '2020-08-19 06:45:17.169701', '3', 'tao moi thu muc nhanh', 2, '[{"changed": {"fields": ["date_upd", "Name"]}}]', 89, 1),
(152, '2020-08-19 06:45:52.363924', 'None', 'Chiều Dài', 1, '[{"added": {}}]', 89, 1),
(153, '2020-08-19 06:46:45.310948', '3', 'tao moi thu muc nhanh', 2, '[{"changed": {"fields": ["date_upd"]}}]', 89, 1),
(154, '2020-08-19 06:50:00.531521', '4', 'aaaaaaaaaaaaaa', 1, '[{"added": {}}]', 89, 1),
(155, '2020-08-19 07:24:41.573098', '14', 'thay doi thu muc aaaaa', 2, '[{"changed": {"fields": ["owner_upd_id", "date_upd"]}}]', 74, 1),
(156, '2020-08-19 07:25:31.650038', '14', 'thay doi thu muc aaaaa', 2, '[{"changed": {"fields": ["owner_upd_id", "category_id", "date_upd"]}}]', 74, 1),
(157, '2020-08-19 07:27:49.881517', '14', 'thay doi thu muc aaaaa', 2, '[{"changed": {"fields": ["owner_upd_id", "category_id", "date_upd"]}}]', 74, 1),
(158, '2020-08-19 08:12:38.022972', '11', 'anh khac', 2, '[{"changed": {"fields": ["owner_upd_id", "category_id", "date_upd"]}}]', 74, 1),
(159, '2020-08-19 08:13:02.027239', '12', 'anh moi up', 2, '[{"changed": {"fields": ["owner_upd_id", "category_id", "date_upd"]}}]', 74, 1),
(160, '2020-08-20 06:54:56.906150', '1', 'FeatureProduct object (1)', 1, '[{"added": {}}]', 131, 1),
(161, '2020-08-20 08:01:58.991274', '2', 'FeatureProduct object (2)', 1, '[{"added": {}}]', 131, 1),
(162, '2020-08-20 08:25:22.229180', '1', 'FeatureProduct object (1)', 2, '[]', 131, 1),
(163, '2020-08-20 08:26:40.173563', '2', 'FeatureProduct object (2)', 3, '', 131, 1),
(164, '2020-08-20 08:26:54.180127', '1', 'FeatureProduct object (1)', 2, '[{"changed": {"fields": ["feature_value_id"]}}]', 131, 1),
(165, '2020-08-20 08:47:53.573239', '1', 'FeatureProduct object (1)', 2, '[]', 131, 1),
(166, '2020-08-20 08:50:40.697988', '1', 'FeatureProduct object (1)', 2, '[{"changed": {"fields": ["feature_value_id"]}}]', 131, 1),
(167, '2020-08-20 08:50:48.007872', '1', 'FeatureProduct object (1)', 2, '[{"changed": {"fields": ["feature_value_id"]}}]', 131, 1),
(168, '2020-08-20 09:12:49.012614', '1', 'FeatureProduct object (1)', 2, '[]', 131, 1),
(169, '2020-08-20 09:13:08.862025', '1', 'FeatureProduct object (1)', 2, '[{"changed": {"fields": ["Id feature value"]}}]', 131, 1),
(170, '2020-08-20 09:28:45.980419', '1', 'FeatureProduct object (1)', 2, '[]', 131, 1),
(171, '2020-08-20 09:28:54.473796', '1', 'FeatureProduct object (1)', 2, '[{"changed": {"fields": ["Id feature value"]}}]', 131, 1),
(172, '2020-08-20 09:29:01.666004', '1', 'FeatureProduct object (1)', 2, '[{"changed": {"fields": ["Id feature value"]}}]', 131, 1),
(173, '2020-08-20 09:38:11.626445', '1', 'FeatureProduct object (1)', 2, '[{"changed": {"fields": ["Id feature value"]}}]', 131, 1),
(174, '2020-08-20 09:49:37.979538', '1', 'FeatureProduct object (1)', 2, '[{"changed": {"fields": ["feature_value_id"]}}]', 131, 1),
(175, '2020-08-20 09:49:46.851410', '1', 'FeatureProduct object (1)', 2, '[{"changed": {"fields": ["feature_value_id"]}}]', 131, 1),
(176, '2020-08-20 10:05:41.572378', '1', 'FeatureProduct object (1)', 2, '[]', 131, 1),
(177, '2020-08-20 10:05:51.860290', '1', 'FeatureProduct object (1)', 2, '[{"changed": {"fields": ["feature_value_id"]}}]', 131, 1),
(178, '2020-08-20 10:36:51.100222', '1', 'FeatureProduct object (1)', 2, '[{"changed": {"fields": ["feature_value_id"]}}]', 131, 1),
(179, '2020-08-20 10:37:19.976181', '1', 'FeatureProduct object (1)', 2, '[{"changed": {"fields": ["feature_value_id"]}}]', 131, 1),
(180, '2020-08-20 10:37:27.493534', '1', 'FeatureProduct object (1)', 2, '[{"changed": {"fields": ["product_id"]}}]', 131, 1),
(181, '2020-08-20 10:48:48.393208', '1', 'FeatureProduct object (1)', 2, '[]', 131, 1),
(182, '2020-08-20 10:49:10.603631', '1', 'FeatureProduct object (1)', 2, '[{"changed": {"fields": ["product_id", "feature_value_id"]}}]', 131, 1),
(183, '2020-08-20 12:53:52.617495', '14', 'thay doi thu muc aaaaa', 2, '[{"changed": {"fields": ["owner_upd_id", "content", "date_upd"]}}]', 74, 1),
(184, '2020-08-20 12:54:20.705409', '14', 'thay doi thu muc aaaaa', 2, '[{"changed": {"fields": ["owner_upd_id", "content", "date_upd"]}}]', 74, 1),
(185, '2020-08-20 16:56:57.997855', '1', 'FeatureProduct object (1)', 2, '[{"changed": {"fields": ["feature_value_id"]}}]', 131, 1),
(186, '2020-08-20 18:31:43.545329', '2', 'FeatureProduct object (2)', 1, '[{"added": {}}]', 131, 1),
(187, '2020-08-20 18:32:07.772248', '1', 'FeatureProduct object (1)', 2, '[{"changed": {"fields": ["feature_id", "feature_value_id"]}}]', 131, 1),
(188, '2020-08-20 18:32:20.851542', '2', 'FeatureProduct object (2)', 2, '[{"changed": {"fields": ["feature_value_id"]}}]', 131, 1),
(189, '2020-08-20 18:32:36.580472', '2', 'FeatureProduct object (2)', 2, '[{"changed": {"fields": ["feature_value_id"]}}]', 131, 1),
(190, '2020-08-20 18:33:21.198849', '1', 'FeatureProduct object (1)', 2, '[{"changed": {"fields": ["feature_id", "feature_value_id"]}}]', 131, 1),
(191, '2020-08-20 18:33:58.445094', '1', 'FeatureProduct object (1)', 2, '[{"changed": {"fields": ["feature_id", "feature_value_id"]}}]', 131, 1),
(192, '2020-08-20 18:34:14.477434', '1', 'FeatureProduct object (1)', 2, '[{"changed": {"fields": ["feature_id", "feature_value_id"]}}]', 131, 1),
(193, '2020-08-20 18:35:07.795419', '8', '50cc', 1, '[{"added": {}}]', 104, 1),
(194, '2020-08-20 18:35:18.560432', '9', '90cc', 1, '[{"added": {}}]', 104, 1),
(195, '2020-08-20 18:35:26.805700', '10', '100cc', 1, '[{"added": {}}]', 104, 1),
(196, '2020-08-20 18:35:36.252517', '11', '115cc', 1, '[{"added": {}}]', 104, 1),
(197, '2020-08-20 18:35:43.393544', '12', '125cc', 1, '[{"added": {}}]', 104, 1),
(198, '2020-08-20 18:35:51.415086', '13', '150cc', 1, '[{"added": {}}]', 104, 1),
(199, '2020-08-20 18:36:10.409027', '3', 'FeatureProduct object (3)', 1, '[{"added": {}}]', 131, 1),
(200, '2020-08-20 18:50:34.788633', '0', 'FeatureProduct object (0)', 1, '[{"added": {}}]', 131, 1),
(201, '2020-08-20 19:19:14.412257', '2', 'FeatureProduct object (2)', 1, '[{"added": {}}]', 131, 1),
(202, '2020-08-20 19:19:26.765615', '1', 'FeatureProduct object (1)', 1, '[{"added": {}}]', 131, 1),
(203, '2020-08-20 19:19:36.861720', '3', 'FeatureProduct object (3)', 1, '[{"added": {}}]', 131, 1),
(204, '2020-08-20 19:34:42.941685', '0', 'FeatureProduct object (0)', 1, '[{"added": {}}]', 131, 1),
(205, '2020-08-20 19:51:56.561498', '1', 'FeatureProduct object (1)', 1, '[{"added": {}}]', 131, 1),
(206, '2020-08-20 19:52:06.888337', '2', 'FeatureProduct object (2)', 1, '[{"added": {}}]', 131, 1),
(207, '2020-08-20 19:52:17.299884', '3', 'FeatureProduct object (3)', 1, '[{"added": {}}]', 131, 1),
(208, '2020-08-20 19:52:25.744852', '4', 'FeatureProduct object (4)', 1, '[{"added": {}}]', 131, 1),
(209, '2020-08-20 19:52:42.658380', '5', 'FeatureProduct object (5)', 1, '[{"added": {}}]', 131, 1),
(210, '2020-08-20 19:52:52.275758', '6', 'FeatureProduct object (6)', 1, '[{"added": {}}]', 131, 1),
(211, '2020-08-20 19:53:02.019897', '6', 'FeatureProduct object (6)', 2, '[{"changed": {"fields": ["feature_value_id"]}}]', 131, 1),
(212, '2020-08-20 20:24:22.797269', '7', 'FeatureProduct object (7)', 1, '[{"added": {}}]', 131, 1),
(213, '2020-08-20 20:24:30.806405', '8', 'FeatureProduct object (8)', 1, '[{"added": {}}]', 131, 1),
(214, '2020-08-20 20:24:49.587853', '9', 'FeatureProduct object (9)', 1, '[{"added": {}}]', 131, 1),
(215, '2020-08-20 20:37:02.691375', '1', 'FeatureProduct object (1)', 2, '[{"changed": {"fields": ["feature_value_id"]}}]', 131, 1),
(216, '2020-08-21 07:07:06.667459', '4', 'FeatureProduct object (4)', 2, '[]', 131, 1),
(217, '2020-08-21 08:13:12.827144', '1', 'FeatureProduct object (1)', 3, '', 131, 1),
(218, '2020-08-21 08:13:12.836776', '2', 'FeatureProduct object (2)', 3, '', 131, 1),
(219, '2020-08-21 08:13:12.848126', '3', 'FeatureProduct object (3)', 3, '', 131, 1),
(220, '2020-08-21 08:21:07.441569', '10', 'FeatureProduct object (10)', 1, '[{"added": {}}]', 131, 1),
(221, '2020-08-21 08:21:15.395839', '11', 'FeatureProduct object (11)', 1, '[{"added": {}}]', 131, 1),
(222, '2020-08-21 10:26:06.917386', '97', 'City object (97)', 1, '[{"added": {}}, {"added": {"name": "district", "object": "District object (974)"}}, {"added": {"name": "ward", "object": "Ward object (32249)"}}]', 90, 1),
(223, '2020-08-22 14:13:28.230432', '98', 'City object (98)', 1, '[{"added": {}}, {"added": {"name": "district", "object": "District object (975)"}}]', 90, 1),
(224, '2020-08-24 01:52:45.895907', '97', 'City object (97)', 2, '[{"changed": {"fields": ["Date add", "date_upd"]}}]', 90, 1),
(225, '2020-08-24 01:52:52.234619', '97', 'City object (97)', 2, '[{"changed": {"fields": ["date_upd"]}}]', 90, 1),
(226, '2020-08-24 01:53:09.520717', '97', 'City object (97)', 2, '[{"changed": {"fields": ["date_upd"]}}, {"added": {"name": "ward", "object": "Ward object (32250)"}}]', 90, 1),
(227, '2020-08-24 01:53:32.857594', '97', 'City object (97)', 2, '[{"changed": {"fields": ["date_upd"]}}, {"added": {"name": "ward", "object": "Ward object (32251)"}}]', 90, 1),
(228, '2020-08-24 01:55:56.966119', '97', 'City object (97)', 2, '[{"changed": {"fields": ["date_upd"]}}, {"added": {"name": "district", "object": "District object (976)"}}, {"deleted": {"name": "ward", "object": "Ward object (None)"}}, {"deleted": {"name": "ward", "object": "Ward object (None)"}}, {"added": {"name": "ward", "object": "Ward object (32252)"}}]', 90, 1),
(229, '2020-08-24 01:57:01.084493', '97', 'City object (97)', 2, '[{"changed": {"fields": ["Date add", "date_upd"]}}]', 90, 1),
(230, '2020-08-24 02:04:45.078438', '97', 'City object (97)', 2, '[{"changed": {"fields": ["date_upd"]}}]', 90, 1),
(231, '2020-08-24 02:04:55.190773', '97', 'City object (97)', 2, '[{"changed": {"fields": ["date_upd"]}}]', 90, 1),
(232, '2020-08-24 02:05:05.703319', '92', 'City object (92)', 2, '[]', 90, 1),
(233, '2020-08-24 02:15:39.759501', '1', 'Áo Thun', 2, '[{"changed": {"fields": ["date_upd"]}}]', 116, 1),
(234, '2020-08-24 02:16:20.787711', '1', 'Áo Thun', 2, '[{"changed": {"fields": ["date_upd"]}}, {"added": {"name": "feature product", "object": "FeatureProduct object (12)"}}]', 116, 1),
(235, '2020-08-24 02:22:27.966533', '1', 'Áo Thun', 2, '[{"changed": {"fields": ["date_upd"]}}]', 116, 1),
(236, '2020-08-24 02:22:54.545694', '1', 'Áo Thun', 2, '[{"changed": {"fields": ["date_upd"]}}, {"deleted": {"name": "feature product", "object": "FeatureProduct object (None)"}}]', 116, 1),
(237, '2020-08-24 02:23:04.488607', '1', 'Áo Thun', 2, '[{"changed": {"fields": ["date_upd"]}}, {"deleted": {"name": "feature product", "object": "FeatureProduct object (None)"}}]', 116, 1),
(238, '2020-08-24 03:42:33.295996', '1', 'Áo Thun', 2, '[{"changed": {"fields": ["date_upd"]}}, {"changed": {"name": "feature product", "object": "FeatureProduct object (10)", "fields": ["Id feature value"]}}]', 116, 1),
(239, '2020-08-24 04:12:56.343416', '1', 'Áo Thun', 2, '[{"changed": {"fields": ["date_upd"]}}, {"added": {"name": "feature product", "object": "FeatureProduct object (13)"}}]', 116, 1),
(240, '2020-08-24 04:13:07.361995', '1', 'Áo Thun', 2, '[{"changed": {"fields": ["date_upd"]}}, {"added": {"name": "feature product", "object": "FeatureProduct object (14)"}}]', 116, 1),
(241, '2020-08-24 04:13:17.097147', '1', 'Áo Thun', 2, '[{"changed": {"fields": ["date_upd"]}}]', 116, 1),
(242, '2020-08-24 04:51:24.672187', '1', 'danh muc 02', 2, '[{"changed": {"fields": ["date_upd", "description"]}}]', 89, 1),
(243, '2020-08-24 04:51:39.770475', '1', 'danh muc 02', 2, '[{"changed": {"fields": ["date_upd", "description"]}}]', 89, 1),
(244, '2020-08-24 04:52:02.975768', '2', 'Thông tin cần biết', 2, '[{"changed": {"fields": ["date_upd"]}}]', 89, 1),
(245, '2020-08-24 04:52:23.844319', '4', 'p sử dụng các vaccine Covid-19 chưa được phê', 2, '[{"changed": {"fields": ["date_upd", "Name", "description"]}}]', 89, 1),
(246, '2020-08-24 05:02:30.844341', '97', 'City object (97)', 2, '[{"changed": {"fields": ["date_upd"]}}]', 90, 1),
(247, '2020-08-24 05:04:05.314090', '1', 'danh muc 02', 2, '[{"changed": {"fields": ["date_upd"]}}]', 89, 1),
(248, '2020-08-24 07:01:00.295845', '1', 'Áo Thun', 2, '[{"changed": {"fields": ["date_upd"]}}]', 116, 1),
(249, '2020-08-24 08:12:29.684967', '1', 'quan-jean', 1, '[{"added": {}}]', 117, 1),
(250, '2020-08-24 08:16:24.884397', '2', 'sdfsd sfdsdfdfsd', 1, '[{"added": {}}]', 117, 1),
(251, '2020-08-24 08:20:50.110543', '2', 'Quần Jean', 2, '[{"changed": {"fields": ["Attr name", "date_upd", "Upload an image"]}}]', 117, 1),
(252, '2020-08-24 08:41:02.126662', '3', 'sdfsdf', 1, '[{"added": {}}]', 117, 1),
(253, '2020-08-25 07:01:34.413962', '1', 'Áo Thun', 2, '[{"changed": {"fields": ["date_upd"]}}]', 116, 1),
(254, '2020-08-25 08:57:35.179165', '1', 'AttributeGroup object (1)', 1, '[{"added": {}}, {"added": {"name": "attribute", "object": "Attribute object (1)"}}, {"added": {"name": "attribute", "object": "Attribute object (2)"}}, {"added": {"name": "attribute", "object": "Attribute object (3)"}}]', 80, 1),
(255, '2020-08-25 08:59:08.648169', '2', 'AttributeGroup object (2)', 1, '[{"added": {}}, {"added": {"name": "attribute", "object": "Attribute object (4)"}}, {"added": {"name": "attribute", "object": "Attribute object (5)"}}, {"added": {"name": "attribute", "object": "Attribute object (6)"}}, {"added": {"name": "attribute", "object": "Attribute object (7)"}}, {"added": {"name": "attribute", "object": "Attribute object (8)"}}]', 80, 1),
(256, '2020-08-25 08:59:30.479987', '2', 'AttributeGroup object (2)', 2, '[{"changed": {"fields": ["Name"]}}]', 80, 1),
(257, '2020-08-25 09:01:20.165807', '3', 'AttributeGroup object (3)', 1, '[{"added": {}}, {"added": {"name": "attribute", "object": "Attribute object (9)"}}, {"added": {"name": "attribute", "object": "Attribute object (10)"}}, {"added": {"name": "attribute", "object": "Attribute object (11)"}}]', 80, 1),
(258, '2020-08-25 09:01:28.667630', '1', 'AttributeGroup object (1)', 2, '[{"changed": {"fields": ["group_type"]}}]', 80, 1),
(259, '2020-08-25 09:03:26.025164', '4', 'AttributeGroup object (4)', 1, '[{"added": {}}, {"added": {"name": "attribute", "object": "Attribute object (12)"}}, {"added": {"name": "attribute", "object": "Attribute object (13)"}}, {"added": {"name": "attribute", "object": "Attribute object (14)"}}]', 80, 1),
(260, '2020-08-26 09:52:07.258441', '1', 'ProductAttributeGroup object (1)', 1, '[{"added": {}}]', 146, 1),
(261, '2020-08-26 09:54:38.375925', '1', 'ProductAttributeGroup object (1)', 2, '[]', 146, 1),
(262, '2020-08-26 09:54:43.770107', '1', 'ProductAttributeGroup object (1)', 2, '[]', 146, 1),
(263, '2020-08-26 09:56:43.176370', '2', 'ProductAttributeGroup object (2)', 1, '[{"added": {}}]', 146, 1),
(264, '2020-08-26 09:56:56.713020', '3', 'ProductAttributeGroup object (3)', 1, '[{"added": {}}]', 146, 1),
(265, '2020-08-26 09:57:03.295354', '3', 'ProductAttributeGroup object (3)', 2, '[{"changed": {"fields": ["attribute_id"]}}]', 146, 1),
(266, '2020-08-26 09:57:17.764511', '4', 'ProductAttributeGroup object (4)', 1, '[{"added": {}}]', 146, 1),
(267, '2020-08-26 09:57:30.923848', '5', 'ProductAttributeGroup object (5)', 1, '[{"added": {}}]', 146, 1),
(268, '2020-08-26 09:57:40.413606', '6', 'ProductAttributeGroup object (6)', 1, '[{"added": {}}]', 146, 1),
(269, '2020-08-26 09:58:01.726786', '5', 'ProductAttributeGroup object (5)', 3, '', 146, 1),
(270, '2020-08-26 09:58:01.735165', '6', 'ProductAttributeGroup object (6)', 3, '', 146, 1),
(271, '2020-08-27 03:39:16.354454', '1', 'ProductAttributeGroup object (1)', 1, '[{"added": {}}]', 146, 1),
(272, '2020-08-27 03:39:27.565511', '2', 'ProductAttributeGroup object (2)', 1, '[{"added": {}}]', 146, 1),
(273, '2020-08-27 03:39:49.496078', '3', 'ProductAttributeGroup object (3)', 1, '[{"added": {}}]', 146, 1),
(274, '2020-08-27 03:40:01.496233', '1', 'ProductAttributeGroup object (1)', 2, '[{"changed": {"fields": ["attr_group_id", "attribute_id"]}}]', 146, 1),
(275, '2020-08-27 03:40:11.459988', '4', 'ProductAttributeGroup object (4)', 1, '[{"added": {}}]', 146, 1),
(276, '2020-08-27 18:40:51.073295', '1', 'ProductAttributeGroup object (1)', 2, '[]', 146, 1),
(277, '2020-08-27 18:41:18.014863', '5', 'ProductAttributeGroup object (5)', 1, '[{"added": {}}]', 146, 1),
(278, '2020-08-27 18:41:24.945110', '6', 'ProductAttributeGroup object (6)', 1, '[{"added": {}}]', 146, 1),
(279, '2020-08-27 18:41:33.074404', '7', 'ProductAttributeGroup object (7)', 1, '[{"added": {}}]', 146, 1),
(280, '2020-08-28 05:39:33.892987', '1', 'Áo Thun', 2, '[{"changed": {"fields": ["date_upd", "Config"]}}]', 116, 1),
(281, '2020-08-28 05:41:32.983724', '1', 'Áo Thun', 2, '[{"changed": {"fields": ["date_upd", "Config"]}}]', 116, 1),
(282, '2020-08-28 05:43:13.094003', '1', 'Áo Thun', 2, '[{"changed": {"fields": ["date_upd"]}}]', 116, 1),
(283, '2020-08-28 05:43:48.928203', '1', 'Áo Thun', 2, '[{"changed": {"fields": ["date_upd"]}}]', 116, 1),
(284, '2020-08-28 10:00:12.287866', '1', 'Áo Thun', 2, '[{"changed": {"fields": ["date_upd"]}}]', 116, 1),
(285, '2020-08-28 10:08:45.040488', '1', 'Áo Thun', 2, '[{"changed": {"fields": ["date_upd"]}}]', 116, 1),
(286, '2020-08-28 10:28:17.747456', '1', 'Áo Thun', 2, '[{"changed": {"fields": ["date_upd", "Config"]}}]', 116, 1),
(287, '2020-08-28 16:59:46.715315', '1', 'Áo Thun', 2, '[{"changed": {"fields": ["date_upd", "price_1", "price_2"]}}]', 116, 1),
(288, '2020-08-28 17:03:03.008752', '1', 'Áo Thun', 2, '[{"changed": {"fields": ["date_upd", "price_0", "price_1", "price_2"]}}]', 116, 1),
(289, '2020-08-28 17:04:27.493424', '2', 'Quần Jean', 2, '[{"changed": {"fields": ["date_upd", "Config", "price_0", "price_1", "price_2"]}}]', 116, 1),
(290, '2020-08-28 17:04:54.235008', '3', 'Quần Kaki', 2, '[{"changed": {"fields": ["date_upd", "Config", "price_0", "price_1", "price_2"]}}]', 116, 1),
(291, '2020-08-28 17:05:18.324903', '9', 'Áo Thun', 2, '[{"changed": {"fields": ["date_upd"]}}]', 117, 1),
(292, '2020-08-28 17:25:14.300340', '1', 'Áo Thun', 2, '[{"changed": {"fields": ["date_upd", "price_0", "price_1", "price_2"]}}]', 116, 1),
(293, '2020-08-28 17:45:07.045606', '2', 'Quần Jean', 2, '[{"changed": {"fields": ["Quantity", "date_upd", "price_1", "price_2"]}}]', 116, 1),
(294, '2020-08-28 18:01:04.630416', '2', 'Quần Jean', 2, '[{"changed": {"fields": ["price_0", "price_1", "price_2"]}}]', 116, 1),
(295, '2020-08-28 18:06:35.196582', '2', 'Quần Jean', 2, '[{"changed": {"fields": ["price_0", "price_1", "price_2"]}}]', 116, 1),
(296, '2020-08-28 18:09:46.086481', '1', 'Áo Thun', 2, '[{"changed": {"fields": ["price_1", "price_2"]}}]', 116, 1),
(297, '2020-08-28 18:20:45.952168', '3', 'Quần Kaki', 2, '[{"changed": {"fields": ["price_0", "price_1", "price_2"]}}]', 116, 1),
(298, '2020-08-28 18:21:01.889876', '2', 'Quần Jean', 2, '[{"changed": {"fields": ["price_0", "price_1", "price_2"]}}]', 116, 1),
(299, '2020-08-28 18:21:16.418609', '1', 'Áo Thun', 2, '[{"changed": {"fields": ["price_0", "price_1", "price_2"]}}]', 116, 1),
(300, '2020-08-28 18:25:20.818564', '39', 'Áo Thun', 2, '[{"changed": {"fields": ["date_upd"]}}]', 117, 1),
(301, '2020-08-28 18:25:35.663563', '40', 'Áo Thun', 1, '[{"added": {}}]', 117, 1),
(302, '2020-08-28 18:26:50.768851', '1', 'Áo Thun', 2, '[{"changed": {"fields": ["price_0", "price_1", "price_2"]}}]', 116, 1),
(303, '2020-08-31 04:20:11.291840', '1', 'Áo Thun', 2, '[{"changed": {"fields": ["extra_field_count"]}}]', 116, 1),
(304, '2020-08-31 04:20:20.789314', '1', 'Áo Thun', 2, '[{"changed": {"fields": ["extra_field_count"]}}]', 116, 1),
(305, '2020-08-31 04:52:12.515525', '1', 'Áo Thun', 2, '[{"changed": {"fields": ["extra_field_count"]}}]', 116, 1),
(306, '2020-08-31 06:36:07.822111', '1', 'Áo Thun', 2, '[{"changed": {"fields": ["extra_field_count", "price_0", "price_1", "price_2"]}}]', 116, 1),
(307, '2020-08-31 07:26:22.601429', '1', 'Áo Thun', 2, '[{"changed": {"fields": ["extra_field_count", "price_0", "price_1", "price_2"]}}]', 116, 1),
(308, '2020-08-31 07:28:10.400028', '1', 'Áo Thun', 2, '[{"changed": {"fields": ["extra_field_count", "price_0", "price_1", "price_2"]}}]', 116, 1),
(309, '2020-08-31 07:28:27.692005', '1', 'Áo Thun', 2, '[{"changed": {"fields": ["extra_field_count"]}}]', 116, 1),
(310, '2020-08-31 09:47:08.240260', '3', 'Động cơ - Phân Khối', 3, '', 103, 1),
(311, '2020-08-31 09:49:33.974806', '4', 'kích Thước NxDxS', 3, '', 131, 1),
(312, '2020-08-31 09:49:33.985551', '5', 'Chất liệu', 3, '', 131, 1),
(313, '2020-08-31 09:49:33.996186', '7', 'kích Thước NxDxS', 3, '', 131, 1),
(314, '2020-08-31 09:49:34.008759', '8', 'Chất liệu', 3, '', 131, 1),
(315, '2020-08-31 09:49:45.294921', '15', 'Chất liệu', 1, '[{"added": {}}]', 131, 1),
(316, '2020-08-31 09:50:26.582153', '16', 'kích Thước NxDxS', 1, '[{"added": {}}]', 131, 1),
(317, '2020-08-31 12:30:41.588752', '3', 'Quần Kaki', 2, '[]', 116, 1),
(318, '2020-08-31 12:31:56.269703', '1', 'Áo Thun', 2, '[]', 116, 1),
(319, '2020-08-31 12:32:43.529046', '3', 'Quần Kaki', 2, '[{"added": {"name": "feature product", "object": "Ch\\u1ea5t li\\u1ec7u"}}]', 116, 1),
(320, '2020-08-31 12:33:12.495064', '18', 'kích Thước NxDxS', 1, '[{"added": {}}]', 131, 1),
(321, '2020-08-31 12:33:50.036177', '5', 'Chiều Dọc', 2, '[]', 103, 1),
(322, '2020-08-31 12:34:03.581079', '5', 'Chiều Dọc', 2, '[]', 103, 1),
(323, '2020-08-31 12:34:32.383188', '8', '3m', 1, '[{"added": {}}]', 104, 1),
(324, '2020-08-31 12:34:42.341471', '9', '5m', 1, '[{"added": {}}]', 104, 1),
(325, '2020-08-31 12:34:51.448232', '10', '10m', 1, '[{"added": {}}]', 104, 1),
(326, '2020-08-31 12:35:14.477976', '11', '1m', 1, '[{"added": {}}]', 104, 1),
(327, '2020-08-31 12:35:22.854146', '12', '4m', 1, '[{"added": {}}]', 104, 1),
(328, '2020-08-31 12:35:31.280658', '13', '6m', 1, '[{"added": {}}]', 104, 1),
(329, '2020-08-31 12:35:44.783393', '14', '1m', 1, '[{"added": {}}]', 104, 1),
(330, '2020-08-31 12:35:52.002535', '15', '', 1, '[{"added": {}}]', 104, 1),
(331, '2020-08-31 12:36:04.016505', '16', '100m', 1, '[{"added": {}}]', 104, 1),
(332, '2020-08-31 12:36:36.081348', '3', 'Quần Kaki', 2, '[{"added": {"name": "feature product", "object": "Chi\\u1ec1u D\\u1ecdc"}}]', 116, 1),
(333, '2020-08-31 12:37:01.646050', '3', 'Quần Kaki', 2, '[{"added": {"name": "feature product", "object": "Chi\\u1ec1u S\\u00e2u"}}]', 116, 1),
(334, '2020-08-31 12:37:33.254886', '15', '30m', 2, '[{"changed": {"fields": ["Value"]}}]', 104, 1),
(335, '2020-08-31 12:47:27.358602', '3', 'Quần Kaki', 2, '[{"changed": {"fields": ["extra_field_count"]}}]', 116, 1),
(336, '2020-08-31 12:47:39.275166', '3', 'Quần Kaki', 2, '[{"changed": {"fields": ["extra_field_count"]}}, {"deleted": {"name": "feature product", "object": "Chi\\u1ec1u S\\u00e2u"}}]', 116, 1),
(337, '2020-08-31 12:58:22.791730', '3', 'Quần Kaki', 2, '[{"changed": {"fields": ["extra_field_count"]}}]', 116, 1),
(338, '2020-08-31 12:58:43.393050', '3', 'Quần Kaki', 2, '[{"changed": {"fields": ["extra_field_count"]}}, {"added": {"name": "feature product", "object": "Chi\\u1ec1u Ngang"}}]', 116, 1),
(339, '2020-08-31 12:59:05.348060', '2', 'Quần Jean', 2, '[{"changed": {"fields": ["extra_field_count"]}}, {"added": {"name": "feature product", "object": "Chi\\u1ec1u Ngang"}}, {"added": {"name": "feature product", "object": "Chi\\u1ec1u S\\u00e2u"}}]', 116, 1),
(340, '2020-08-31 12:59:31.401746', '1', 'Áo Thun', 2, '[{"changed": {"fields": ["extra_field_count"]}}, {"added": {"name": "feature product", "object": "Chi\\u1ec1u D\\u1ecdc"}}, {"added": {"name": "feature product", "object": "Chi\\u1ec1u Ngang"}}, {"added": {"name": "feature product", "object": "Chi\\u1ec1u S\\u00e2u"}}]', 116, 1),
(341, '2020-08-31 13:00:15.983362', '8', 'ProductAttributeGroup object (8)', 1, '[{"added": {}}]', 146, 1),
(342, '2020-08-31 13:00:21.795635', '9', 'ProductAttributeGroup object (9)', 1, '[{"added": {}}]', 146, 1),
(343, '2020-08-31 13:00:27.353571', '10', 'ProductAttributeGroup object (10)', 1, '[{"added": {}}]', 146, 1),
(344, '2020-08-31 13:00:33.153622', '11', 'ProductAttributeGroup object (11)', 1, '[{"added": {}}]', 146, 1),
(345, '2020-08-31 13:00:38.671885', '12', 'ProductAttributeGroup object (12)', 1, '[{"added": {}}]', 146, 1),
(346, '2020-08-31 13:00:45.928350', '13', 'ProductAttributeGroup object (13)', 1, '[{"added": {}}]', 146, 1),
(347, '2020-08-31 14:39:22.498634', '5', 'ProductAttributeGroup object (5)', 3, '', 146, 1),
(348, '2020-08-31 14:39:22.509652', '6', 'ProductAttributeGroup object (6)', 3, '', 146, 1),
(349, '2020-08-31 14:39:22.522158', '7', 'ProductAttributeGroup object (7)', 3, '', 146, 1),
(350, '2020-08-31 14:39:22.546866', '1', 'ProductAttributeGroup object (1)', 3, '', 146, 1),
(351, '2020-08-31 14:39:22.560482', '4', 'ProductAttributeGroup object (4)', 3, '', 146, 1),
(352, '2020-08-31 14:39:23.036190', '2', 'ProductAttributeGroup object (2)', 3, '', 146, 1),
(353, '2020-08-31 14:39:23.058464', '3', 'ProductAttributeGroup object (3)', 3, '', 146, 1),
(354, '2020-08-31 14:39:23.072918', '8', 'ProductAttributeGroup object (8)', 3, '', 146, 1),
(355, '2020-08-31 14:39:23.082734', '9', 'ProductAttributeGroup object (9)', 3, '', 146, 1),
(356, '2020-08-31 14:39:23.096489', '10', 'ProductAttributeGroup object (10)', 3, '', 146, 1),
(357, '2020-08-31 14:39:23.109507', '13', 'ProductAttributeGroup object (13)', 3, '', 146, 1),
(358, '2020-08-31 14:39:23.124338', '11', 'ProductAttributeGroup object (11)', 3, '', 146, 1),
(359, '2020-08-31 14:39:23.135791', '12', 'ProductAttributeGroup object (12)', 3, '', 146, 1),
(360, '2020-08-31 14:39:35.185605', '14', 'ProductAttributeGroup object (14)', 1, '[{"added": {}}]', 146, 1),
(361, '2020-08-31 14:39:43.233648', '15', 'ProductAttributeGroup object (15)', 1, '[{"added": {}}]', 146, 1),
(362, '2020-08-31 14:40:36.039349', '16', 'ProductAttributeGroup object (16)', 1, '[{"added": {}}]', 146, 1),
(363, '2020-08-31 14:41:02.371294', '17', 'ProductAttributeGroup object (17)', 1, '[{"added": {}}]', 146, 1),
(364, '2020-08-31 14:41:11.061193', '18', 'ProductAttributeGroup object (18)', 1, '[{"added": {}}]', 146, 1),
(365, '2020-08-31 14:41:20.130764', '19', 'ProductAttributeGroup object (19)', 1, '[{"added": {}}]', 146, 1),
(366, '2020-08-31 14:41:57.291433', '20', 'ProductAttributeGroup object (20)', 1, '[{"added": {}}]', 146, 1),
(367, '2020-08-31 14:46:56.684995', '15', 'ProductAttributeGroup object (15)', 3, '', 146, 1),
(368, '2020-08-31 14:46:56.695560', '18', 'ProductAttributeGroup object (18)', 3, '', 146, 1),
(369, '2020-08-31 14:46:56.706298', '19', 'ProductAttributeGroup object (19)', 3, '', 146, 1),
(370, '2020-08-31 14:49:38.590228', '1', 'Áo Thun', 2, '[{"changed": {"fields": ["extra_field_count"]}}]', 116, 1),
(371, '2020-08-31 14:49:50.264532', '2', 'Quần Jean', 2, '[{"changed": {"fields": ["extra_field_count"]}}]', 116, 1),
(372, '2020-08-31 14:50:07.012864', '3', 'Quần Kaki', 2, '[{"changed": {"fields": ["extra_field_count"]}}, {"deleted": {"name": "feature product", "object": "Chi\\u1ec1u D\\u1ecdc"}}, {"deleted": {"name": "feature product", "object": "Chi\\u1ec1u Ngang"}}]', 116, 1),
(373, '2020-08-31 14:50:17.517602', '2', 'Quần Jean', 2, '[{"changed": {"fields": ["extra_field_count"]}}, {"deleted": {"name": "feature product", "object": "Ch\\u1ea5t li\\u1ec7u"}}, {"deleted": {"name": "feature product", "object": "k\\u00edch Th\\u01b0\\u1edbc NxDxS"}}]', 116, 1),
(374, '2020-08-31 14:50:33.339466', '1', 'Áo Thun', 2, '[{"changed": {"fields": ["extra_field_count"]}}, {"deleted": {"name": "feature product", "object": "k\\u00edch Th\\u01b0\\u1edbc NxDxS"}}, {"deleted": {"name": "feature product", "object": "Chi\\u1ec1u D\\u1ecdc"}}, {"deleted": {"name": "feature product", "object": "Chi\\u1ec1u Ngang"}}]', 116, 1),
(375, '2020-08-31 14:51:00.115848', '2', 'Quần Jean', 2, '[{"changed": {"fields": ["extra_field_count"]}}, {"changed": {"name": "feature product", "object": "Chi\\u1ec1u S\\u00e2u", "fields": ["Id feature", "Id feature value"]}}]', 116, 1),
(376, '2020-08-31 15:36:11.514863', '3', 'Quần Kaki', 2, '[{"changed": {"fields": ["extra_field_count"]}}]', 116, 1),
(377, '2020-08-31 15:36:23.622706', '2', 'Quần Jean', 2, '[{"changed": {"fields": ["extra_field_count"]}}, {"added": {"name": "feature product", "object": "Chi\\u1ec1u D\\u1ecdc"}}]', 116, 1),
(378, '2020-08-31 15:38:59.170464', '1', 'Áo Thun', 2, '[{"changed": {"fields": ["extra_field_count"]}}]', 116, 1),
(379, '2020-08-31 15:39:08.776578', '2', 'Quần Jean', 2, '[{"changed": {"fields": ["extra_field_count"]}}, {"deleted": {"name": "feature product", "object": "Chi\\u1ec1u D\\u1ecdc"}}]', 116, 1),
(380, '2020-08-31 15:39:32.039732', '3', 'Quần Kaki', 2, '[{"changed": {"fields": ["extra_field_count"]}}, {"added": {"name": "feature product", "object": "Chi\\u1ec1u D\\u1ecdc"}}]', 116, 1),
(381, '2020-08-31 15:58:54.901262', '3', 'Quần Kaki', 2, '[{"changed": {"fields": ["extra_field_count"]}}]', 116, 1),
(382, '2020-08-31 15:59:03.973922', '3', 'Quần Kaki', 2, '[{"changed": {"fields": ["extra_field_count"]}}]', 116, 1),
(383, '2020-08-31 16:00:07.507075', '3', 'Quần Kaki', 2, '[{"changed": {"fields": ["extra_field_count"]}}]', 116, 1),
(384, '2020-09-01 03:55:17.486565', '3', 'Quần Kaki', 2, '[{"changed": {"fields": ["Config", "extra_field_count"]}}]', 116, 1),
(385, '2020-09-01 03:57:13.226493', '1', 'Áo Thun', 2, '[{"changed": {"fields": ["extra_field_count"]}}]', 116, 1),
(386, '2020-09-01 04:26:06.331522', '21', 'ProductAttributeGroup object (21)', 1, '[{"added": {}}]', 146, 1),
(387, '2020-09-01 04:26:14.876964', '22', 'ProductAttributeGroup object (22)', 1, '[{"added": {}}]', 146, 1),
(388, '2020-09-01 04:26:21.236074', '23', 'ProductAttributeGroup object (23)', 1, '[{"added": {}}]', 146, 1),
(389, '2020-09-01 04:26:29.862063', '24', 'ProductAttributeGroup object (24)', 1, '[{"added": {}}]', 146, 1),
(390, '2020-09-01 07:48:41.095102', '1', 'Áo Thun', 2, '[{"changed": {"fields": ["date_upd", "extra_field_count"]}}]', 116, 1),
(391, '2020-09-01 08:06:12.183605', '1', 'Áo Thun', 2, '[{"changed": {"fields": ["extra_field_count"]}}]', 116, 1),
(392, '2020-09-01 08:06:28.254163', '1', 'Áo Thun', 2, '[{"changed": {"fields": ["extra_field_count"]}}, {"added": {"name": "product attribute", "object": "\\u00c1o Thun"}}]', 116, 1),
(393, '2020-09-01 08:08:19.419079', '1', 'Áo Thun', 2, '[{"changed": {"fields": ["extra_field_count"]}}, {"added": {"name": "product attribute", "object": "\\u00c1o Thun"}}]', 116, 1),
(394, '2020-09-01 08:09:38.876739', '1', 'Áo Thun', 2, '[{"changed": {"fields": ["extra_field_count"]}}, {"added": {"name": "product attribute", "object": "\\u00c1o Thun"}}, {"added": {"name": "product attribute", "object": "dfsffdfdsf"}}, {"added": {"name": "product attribute", "object": "dfgdfggd dfgdf"}}, {"added": {"name": "product attribute", "object": "fghfghfg"}}]', 116, 1),
(395, '2020-09-01 08:15:54.687945', '1', 'Áo Thun', 2, '[{"changed": {"fields": ["extra_field_count"]}}]', 116, 1),
(396, '2020-09-01 08:16:13.979433', '1', 'Áo Thun', 2, '[{"changed": {"fields": ["extra_field_count"]}}, {"changed": {"name": "product attribute", "object": "\\u00c1o Thun", "fields": ["Price"]}}, {"changed": {"name": "product attribute", "object": "dfsffdfdsf", "fields": ["Price"]}}, {"changed": {"name": "product attribute", "object": "dfgdfggd dfgdf", "fields": ["Price"]}}, {"changed": {"name": "product attribute", "object": "fghfghfg", "fields": ["Price"]}}]', 116, 1),
(397, '2020-09-01 08:19:17.217404', '1', 'Áo Thun', 2, '[{"changed": {"fields": ["extra_field_count"]}}]', 116, 1),
(398, '2020-09-01 08:19:36.285296', '2', 'Quần Jean', 2, '[{"changed": {"fields": ["extra_field_count"]}}]', 116, 1),
(399, '2020-09-01 08:20:21.816972', '2', 'Quần Jean', 2, '[{"changed": {"fields": ["extra_field_count"]}}, {"added": {"name": "product attribute", "object": "Qu\\u1ea7n Jean"}}, {"added": {"name": "product attribute", "object": "dfsffdfdsf"}}]', 116, 1),
(400, '2020-09-01 08:20:54.238099', '2', 'Quần Jean', 2, '[{"changed": {"fields": ["extra_field_count"]}}, {"changed": {"name": "product attribute", "object": "dfsffdfdsf", "fields": ["Attr name"]}}]', 116, 1),
(401, '2020-09-01 08:21:13.877827', '2', 'Quần Jean', 2, '[{"changed": {"fields": ["extra_field_count"]}}, {"added": {"name": "product attribute", "object": "dfgdfggd dfgdf"}}, {"added": {"name": "product attribute", "object": "fghfghfg"}}]', 116, 1),
(402, '2020-09-01 08:21:52.047575', '3', 'Quần Kaki', 2, '[{"changed": {"fields": ["extra_field_count"]}}]', 116, 1),
(403, '2020-09-01 08:22:43.348952', '25', 'ProductAttributeGroup object (25)', 1, '[{"added": {}}]', 146, 1),
(404, '2020-09-01 08:22:52.506896', '26', 'ProductAttributeGroup object (26)', 1, '[{"added": {}}]', 146, 1),
(405, '2020-09-01 08:23:32.353486', '3', 'Quần Kaki', 2, '[{"changed": {"fields": ["extra_field_count"]}}]', 116, 1),
(406, '2020-09-01 08:34:37.843998', '3', 'Quần Kaki', 2, '[{"changed": {"fields": ["extra_field_count"]}}]', 116, 1),
(407, '2020-09-01 08:55:02.736899', '3', 'Quần Kaki', 2, '[{"changed": {"fields": ["extra_field_count"]}}, {"added": {"name": "product attribute", "object": "Qu\\u1ea7n Kaki"}}]', 116, 1);
INSERT INTO `django_admin_log` (`id`, `action_time`, `object_id`, `object_repr`, `action_flag`, `change_message`, `content_type_id`, `user_id`) VALUES
(408, '2020-09-01 08:58:59.647698', '1', 'Áo Thun', 2, '[{"changed": {"fields": ["extra_field_count"]}}, {"deleted": {"name": "product attribute", "object": "dfsffdfdsf"}}, {"deleted": {"name": "product attribute", "object": "fghfghfg"}}]', 116, 1),
(409, '2020-09-01 08:59:11.151825', '2', 'Quần Jean', 2, '[{"changed": {"fields": ["extra_field_count"]}}, {"deleted": {"name": "product attribute", "object": "Qu\\u1ea7n Jean"}}, {"deleted": {"name": "product attribute", "object": "dfgdfggd dfgdf"}}]', 116, 1),
(410, '2020-09-01 08:59:31.322305', '1', 'Áo Thun', 2, '[{"changed": {"fields": ["extra_field_count"]}}, {"added": {"name": "product attribute", "object": "aaaaaaa"}}]', 116, 1),
(411, '2020-09-01 11:41:15.883910', '1', 'Áo Thun', 2, '[{"changed": {"fields": ["extra_field_count"]}}]', 116, 1),
(412, '2020-09-01 11:41:29.764289', '3', 'Quần Kaki', 2, '[{"changed": {"fields": ["extra_field_count"]}}, {"added": {"name": "product attribute", "object": "aaaaaaa"}}]', 116, 1),
(413, '2020-09-01 11:43:28.756766', '3', 'Quần Kaki', 2, '[{"changed": {"fields": ["extra_field_count"]}}]', 116, 1),
(414, '2020-09-01 11:53:20.327982', '1', 'Áo Thun', 2, '[{"changed": {"fields": ["extra_field_count"]}}, {"deleted": {"name": "product attribute", "object": "dfgdfggd dfgdf"}}]', 116, 1),
(415, '2020-09-01 13:25:49.549461', '2', 'Quần Jean', 2, '[{"changed": {"fields": ["extra_field_count"]}}]', 116, 1),
(416, '2020-09-01 17:18:53.925971', '1', 'Áo Thun', 2, '[{"changed": {"fields": ["extra_field_count"]}}, {"changed": {"name": "product attribute", "object": "\\u00c1o Thun", "fields": ["Combination"]}}, {"changed": {"name": "product attribute", "object": "aaaaaaa", "fields": ["Combination"]}}]', 116, 1),
(417, '2020-09-01 18:13:28.345170', '2', 'Quần Jean', 2, '[{"changed": {"fields": ["extra_field_count"]}}, {"added": {"name": "product attribute", "object": "Qu\\u1ea7n Jean"}}, {"added": {"name": "product attribute", "object": "Qu\\u1ea7n Jean"}}, {"changed": {"name": "product attribute", "object": "aaaaaaa", "fields": ["Combination"]}}, {"changed": {"name": "product attribute", "object": "fghfghfg", "fields": ["Combination"]}}]', 116, 1),
(418, '2020-09-01 19:46:45.416912', '2', 'Quần Jean', 2, '[{"changed": {"fields": ["extra_field_count"]}}, {"changed": {"name": "product attribute", "object": "aaaaaaa", "fields": ["Combination"]}}, {"changed": {"name": "product attribute", "object": "fghfghfg", "fields": ["Combination"]}}, {"deleted": {"name": "product attribute", "object": "Qu\\u1ea7n Jean"}}, {"deleted": {"name": "product attribute", "object": "Qu\\u1ea7n Jean"}}]', 116, 1),
(419, '2020-09-02 04:26:38.695600', '2', 'Quần Jean', 2, '[{"changed": {"fields": ["extra_field_count"]}}, {"changed": {"name": "product attribute", "object": "aaaaaaa", "fields": ["Combination"]}}, {"changed": {"name": "product attribute", "object": "fghfghfg", "fields": ["Combination"]}}]', 116, 1),
(420, '2020-09-02 09:02:56.984646', '2', 'Quần Jean', 2, '[{"changed": {"fields": ["extra_field_count"]}}, {"added": {"name": "product attribute", "object": "aaaaaaaaaccccccccccc"}}, {"changed": {"name": "product attribute", "object": "aaaaaaa", "fields": ["Combination"]}}, {"changed": {"name": "product attribute", "object": "fghfghfg", "fields": ["Combination"]}}]', 116, 1),
(421, '2020-09-02 09:05:53.751963', '3', 'Quần Kaki', 2, '[{"changed": {"fields": ["extra_field_count"]}}, {"changed": {"name": "product attribute", "object": "Qu\\u1ea7n Kaki", "fields": ["Combination"]}}, {"deleted": {"name": "product attribute", "object": "aaaaaaa"}}]', 116, 1),
(422, '2020-09-02 09:11:29.703132', '2', 'Quần Jean', 2, '[{"changed": {"name": "product attribute", "object": "aaaaaaa", "fields": ["Combination"]}}, {"deleted": {"name": "product attribute", "object": "fghfghfg"}}, {"deleted": {"name": "product attribute", "object": "aaaaaaaaaccccccccccc"}}]', 116, 1),
(423, '2020-09-02 09:14:44.805917', '2', 'Quần Jean', 2, '[{"added": {"name": "product attribute", "object": "bbbbbbbbbbb"}}, {"changed": {"name": "product attribute", "object": "aaaaaaa", "fields": ["Combination"]}}]', 116, 1),
(424, '2020-09-02 09:18:45.318832', '2', 'Quần Jean', 2, '[{"added": {"name": "product attribute", "object": "cccccccccccccc"}}, {"changed": {"name": "product attribute", "object": "aaaaaaa", "fields": ["Combination"]}}, {"deleted": {"name": "product attribute", "object": "bbbbbbbbbbb"}}]', 116, 1),
(425, '2020-09-02 09:26:03.805299', '2', 'Quần Jean', 2, '[{"added": {"name": "product attribute", "object": "bbbbbb"}}, {"changed": {"name": "product attribute", "object": "aaaaaaa", "fields": ["Combination"]}}, {"changed": {"name": "product attribute", "object": "cccccccccccccc", "fields": ["Combination"]}}]', 116, 1),
(426, '2020-09-02 09:43:47.723840', '2', 'Quần Jean', 2, '[{"added": {"name": "product attribute", "object": "xxxxxxxxxxx"}}, {"changed": {"name": "product attribute", "object": "aaaaaaa", "fields": ["Combination"]}}, {"deleted": {"name": "product attribute", "object": "cccccccccccccc"}}, {"deleted": {"name": "product attribute", "object": "bbbbbb"}}]', 116, 1),
(427, '2020-09-02 09:48:32.986712', '2', 'Quần Jean', 2, '[{"added": {"name": "product attribute", "object": "ooooooooooooooo"}}, {"changed": {"name": "product attribute", "object": "aaaaaaa", "fields": ["Combination"]}}, {"changed": {"name": "product attribute", "object": "xxxxxxxxxxx", "fields": ["Combination"]}}]', 116, 1),
(428, '2020-09-02 09:49:35.402891', '2', 'Quần Jean', 2, '[{"added": {"name": "product attribute", "object": "uuuuuuuu"}}, {"changed": {"name": "product attribute", "object": "aaaaaaa", "fields": ["Combination"]}}, {"changed": {"name": "product attribute", "object": "xxxxxxxxxxx", "fields": ["Combination"]}}, {"deleted": {"name": "product attribute", "object": "ooooooooooooooo"}}]', 116, 1),
(429, '2020-09-02 10:01:35.982095', '2', 'Quần Jean', 2, '[{"added": {"name": "product attribute", "object": "okokoko"}}, {"changed": {"name": "product attribute", "object": "aaaaaaa", "fields": ["Combination"]}}, {"deleted": {"name": "product attribute", "object": "xxxxxxxxxxx"}}, {"deleted": {"name": "product attribute", "object": "uuuuuuuu"}}]', 116, 1),
(430, '2020-09-02 11:58:24.723300', '2', 'Quần Jean', 2, '[{"changed": {"name": "product attribute", "object": "aaaaaaa", "fields": ["Combination"]}}, {"changed": {"name": "product attribute", "object": "okokoko", "fields": ["Combination"]}}]', 116, 1),
(431, '2020-09-02 11:59:17.023001', '2', 'Quần Jean', 2, '[{"added": {"name": "product attribute", "object": "zzzz"}}, {"changed": {"name": "product attribute", "object": "aaaaaaa", "fields": ["Combination"]}}, {"changed": {"name": "product attribute", "object": "okokoko", "fields": ["Combination"]}}]', 116, 1),
(432, '2020-09-02 12:44:20.266294', '2', 'Quần Jean', 2, '[{"changed": {"name": "product attribute", "object": "aaaaaaa", "fields": ["Combination"]}}, {"changed": {"name": "product attribute", "object": "okokoko", "fields": ["Combination"]}}, {"changed": {"name": "product attribute", "object": "zzzz", "fields": ["Combination"]}}]', 116, 1),
(433, '2020-09-02 12:55:37.913546', '2', 'Quần Jean', 2, '[{"changed": {"name": "product attribute", "object": "aaaaaaa", "fields": ["Combination"]}}, {"changed": {"name": "product attribute", "object": "okokoko", "fields": ["Combination"]}}, {"changed": {"name": "product attribute", "object": "zzzz", "fields": ["Combination"]}}]', 116, 1),
(434, '2020-09-02 12:55:58.554442', '2', 'Quần Jean', 2, '[{"added": {"name": "product attribute", "object": "dsffdsdf"}}, {"changed": {"name": "product attribute", "object": "aaaaaaa", "fields": ["Combination"]}}, {"deleted": {"name": "product attribute", "object": "okokoko"}}, {"deleted": {"name": "product attribute", "object": "zzzz"}}]', 116, 1),
(435, '2020-09-02 12:57:32.413053', '2', 'Quần Jean', 2, '[{"changed": {"name": "product attribute", "object": "aaaaaaa", "fields": ["Combination"]}}, {"changed": {"name": "product attribute", "object": "dsffdsdf", "fields": ["Combination"]}}]', 116, 1),
(436, '2020-09-02 13:05:18.927757', '2', 'Quần Jean', 2, '[{"added": {"name": "product attribute", "object": "werwerr"}}, {"changed": {"name": "product attribute", "object": "aaaaaaa", "fields": ["Combination"]}}, {"deleted": {"name": "product attribute", "object": "dsffdsdf"}}]', 116, 1),
(437, '2020-09-02 13:18:21.291612', '2', 'Quần Jean', 2, '[{"changed": {"name": "product attribute", "object": "aaaaaaa", "fields": ["Combination"]}}, {"changed": {"name": "product attribute", "object": "werwerr", "fields": ["Combination"]}}]', 116, 1),
(438, '2020-09-03 02:04:29.476462', '2', 'Quần Jean', 2, '[{"changed": {"name": "product attribute", "object": "aaaaaaa", "fields": ["Combination"]}}, {"changed": {"name": "product attribute", "object": "werwerr", "fields": ["Combination"]}}]', 116, 1),
(439, '2020-09-03 02:29:25.820698', '2', 'Quần Jean', 2, '[{"added": {"name": "product attribute", "object": "collect some attributes 1"}}, {"changed": {"name": "product attribute", "object": "aaaaaaa", "fields": ["Combination"]}}, {"changed": {"name": "product attribute", "object": "werwerr", "fields": ["Combination"]}}]', 116, 1),
(440, '2020-09-03 04:16:53.156923', '2', 'Quần Jean', 2, '[{"changed": {"name": "product attribute", "object": "aaaaaaa", "fields": ["Combination"]}}, {"changed": {"name": "product attribute", "object": "werwerr", "fields": ["Combination"]}}, {"changed": {"name": "product attribute", "object": "collect some attributes 1", "fields": ["Combination"]}}]', 116, 1),
(441, '2020-09-03 04:21:16.699709', '2', 'Quần Jean', 2, '[{"changed": {"name": "product attribute", "object": "aaaaaaa", "fields": ["Combination"]}}, {"changed": {"name": "product attribute", "object": "werwerr", "fields": ["Combination"]}}, {"changed": {"name": "product attribute", "object": "collect some attributes 1", "fields": ["Combination"]}}]', 116, 1),
(442, '2020-09-03 04:28:57.020120', '2', 'Quần Jean', 2, '[{"changed": {"name": "product attribute", "object": "aaaaaaa", "fields": ["Combination"]}}, {"changed": {"name": "product attribute", "object": "werwerr", "fields": ["Combination"]}}, {"deleted": {"name": "product attribute", "object": "collect some attributes 1"}}]', 116, 1),
(443, '2020-09-03 04:29:09.015076', '2', 'Quần Jean', 2, '[{"changed": {"name": "product attribute", "object": "aaaaaaa", "fields": ["Combination"]}}, {"deleted": {"name": "product attribute", "object": "werwerr"}}]', 116, 1),
(444, '2020-09-03 05:59:37.332280', '2', 'Quần Jean', 2, '[{"added": {"name": "product attribute", "object": "asasdasda"}}]', 116, 1),
(445, '2020-09-03 06:00:01.580678', '2', 'Quần Jean', 2, '[{"deleted": {"name": "product attribute", "object": "aaaaaaa"}}, {"deleted": {"name": "product attribute", "object": "asasdasda"}}]', 116, 1),
(446, '2020-09-03 06:39:40.050840', '2', 'Quần Jean', 2, '[{"added": {"name": "product attribute", "object": "dsfsdf sfssfd"}}, {"added": {"name": "product attribute", "object": "dgfdgfdgdfg"}}, {"added": {"name": "product attribute", "object": "dfgdfdfg"}}, {"added": {"name": "product attribute", "object": "dfdfgdfg"}}]', 116, 1),
(447, '2020-09-03 06:40:00.698967', '2', 'Quần Jean', 2, '[{"deleted": {"name": "product attribute", "object": "dfgdfdfg"}}, {"deleted": {"name": "product attribute", "object": "dfdfgdfg"}}]', 116, 1),
(448, '2020-09-03 06:41:41.378832', '2', 'Quần Jean', 2, '[{"changed": {"name": "product attribute", "object": "dsfsdf sfssfd", "fields": ["Combination"]}}, {"changed": {"name": "product attribute", "object": "dgfdgfdgdfg", "fields": ["Combination"]}}]', 116, 1),
(449, '2020-09-03 06:43:36.062627', '2', 'Quần Jean', 2, '[]', 116, 1),
(450, '2020-09-03 06:56:39.196321', '2', 'Quần Jean', 2, '[{"deleted": {"name": "product attribute", "object": "dgfdgfdgdfg"}}]', 116, 1),
(451, '2020-09-03 06:57:47.461751', '2', 'Quần Jean', 2, '[{"added": {"name": "product attribute", "object": "aaaaa"}}]', 116, 1),
(452, '2020-09-03 07:00:42.673509', '2', 'Quần Jean', 2, '[{"added": {"name": "product attribute", "object": "eterte"}}, {"added": {"name": "product attribute", "object": "ertert"}}]', 116, 1),
(453, '2020-09-03 07:03:41.301058', '2', 'Quần Jean', 2, '[{"deleted": {"name": "product attribute", "object": "eterte"}}, {"deleted": {"name": "product attribute", "object": "ertert"}}]', 116, 1),
(454, '2020-09-03 07:05:27.802441', '2', 'Quần Jean', 2, '[{"added": {"name": "product attribute", "object": "zzzzzz"}}]', 116, 1),
(455, '2020-09-03 07:11:37.168658', '2', 'Quần Jean', 2, '[{"added": {"name": "product attribute", "object": "xxxxxxxxxxxxx"}}, {"deleted": {"name": "product attribute", "object": "zzzzzz"}}]', 116, 1),
(456, '2020-09-03 07:12:58.893896', '2', 'Quần Jean', 2, '[{"added": {"name": "product attribute", "object": "zzzzz"}}, {"deleted": {"name": "product attribute", "object": "aaaaa"}}, {"deleted": {"name": "product attribute", "object": "xxxxxxxxxxxxx"}}]', 116, 1),
(457, '2020-09-03 07:15:19.756688', '2', 'Quần Jean', 2, '[{"added": {"name": "product attribute", "object": "22222222222"}}, {"added": {"name": "product attribute", "object": "44444444444444"}}, {"deleted": {"name": "product attribute", "object": "dsfsdf sfssfd"}}, {"deleted": {"name": "product attribute", "object": "zzzzz"}}]', 116, 1),
(458, '2020-09-03 07:19:35.249863', '2', 'Quần Jean', 2, '[{"added": {"name": "product attribute", "object": "aaaaaaaa"}}, {"added": {"name": "product attribute", "object": "bbbbbbbbbbbbb"}}]', 116, 1),
(459, '2020-09-03 07:21:00.013716', '2', 'Quần Jean', 2, '[{"deleted": {"name": "product attribute", "object": "44444444444444"}}, {"deleted": {"name": "product attribute", "object": "aaaaaaaa"}}, {"deleted": {"name": "product attribute", "object": "bbbbbbbbbbbbb"}}]', 116, 1),
(460, '2020-09-03 07:22:26.480327', '2', 'Quần Jean', 2, '[{"added": {"name": "product attribute", "object": "change 1"}}, {"added": {"name": "product attribute", "object": "change 2"}}, {"added": {"name": "product attribute", "object": "no set"}}]', 116, 1),
(461, '2020-09-03 07:23:20.960171', '2', 'Quần Jean', 2, '[{"deleted": {"name": "product attribute", "object": "22222222222"}}, {"deleted": {"name": "product attribute", "object": "change 1"}}, {"deleted": {"name": "product attribute", "object": "change 2"}}, {"deleted": {"name": "product attribute", "object": "no set"}}]', 116, 1),
(462, '2020-09-03 07:23:49.900031', '2', 'Quần Jean', 2, '[{"added": {"name": "product attribute", "object": "Qu\\u1ea7n Jean"}}, {"added": {"name": "product attribute", "object": "Qu\\u1ea7n Jean"}}, {"added": {"name": "product attribute", "object": "Qu\\u1ea7n Jean"}}, {"added": {"name": "product attribute", "object": "Qu\\u1ea7n Jean"}}]', 116, 1),
(463, '2020-09-03 07:45:38.971862', '2', 'Quần Jean', 2, '[{"deleted": {"name": "product attribute", "object": "Qu\\u1ea7n Jean"}}, {"deleted": {"name": "product attribute", "object": "Qu\\u1ea7n Jean"}}, {"deleted": {"name": "product attribute", "object": "Qu\\u1ea7n Jean"}}]', 116, 1),
(464, '2020-09-03 07:45:58.359443', '2', 'Quần Jean', 2, '[{"added": {"name": "product attribute", "object": "sdfsdfs"}}, {"added": {"name": "product attribute", "object": "sdfsdfs"}}, {"added": {"name": "product attribute", "object": "sdfsdfs"}}]', 116, 1),
(465, '2020-09-03 08:04:23.381944', '2', 'Quần Jean', 2, '[{"deleted": {"name": "product attribute", "object": "sdfsdfs"}}, {"deleted": {"name": "product attribute", "object": "sdfsdfs"}}, {"deleted": {"name": "product attribute", "object": "sdfsdfs"}}]', 116, 1),
(466, '2020-09-03 08:07:40.322565', '2', 'Quần Jean', 2, '[{"added": {"name": "product attribute", "object": "dfsffdfdsf"}}]', 116, 1),
(467, '2020-09-03 08:07:56.415127', '2', 'Quần Jean', 2, '[{"changed": {"name": "product attribute", "object": "dfsffdfdsf", "fields": ["Combination"]}}]', 116, 1),
(468, '2020-09-03 08:08:16.578150', '2', 'Quần Jean', 2, '[{"changed": {"name": "product attribute", "object": "Qu\\u1ea7n Jean", "fields": ["Combination"]}}, {"changed": {"name": "product attribute", "object": "dfsffdfdsf", "fields": ["Combination"]}}]', 116, 1),
(469, '2020-09-03 08:10:50.661934', '2', 'Quần Jean', 2, '[{"added": {"name": "product attribute", "object": "adsdfsfd sfsd"}}, {"changed": {"name": "product attribute", "object": "Qu\\u1ea7n Jean", "fields": ["Combination"]}}, {"deleted": {"name": "product attribute", "object": "dfsffdfdsf"}}]', 116, 1),
(470, '2020-09-03 08:31:54.091946', '2', 'Quần Jean', 2, '[{"added": {"name": "product attribute", "object": "sdfsdfs df"}}, {"changed": {"name": "product attribute", "object": "Qu\\u1ea7n Jean", "fields": ["Combination"]}}, {"deleted": {"name": "product attribute", "object": "adsdfsfd sfsd"}}]', 116, 1),
(471, '2020-09-03 08:35:09.861112', '2', 'Quần Jean', 2, '[{"added": {"name": "product attribute", "object": "sfdf"}}, {"added": {"name": "product attribute", "object": "sdfsdf"}}, {"changed": {"name": "product attribute", "object": "Qu\\u1ea7n Jean", "fields": ["Combination"]}}, {"deleted": {"name": "product attribute", "object": "sdfsdfs df"}}]', 116, 1),
(472, '2020-09-03 08:38:28.795720', '2', 'Quần Jean', 2, '[{"added": {"name": "product attribute", "object": "aaaaaaaaaaaa"}}, {"deleted": {"name": "product attribute", "object": "sfdf"}}, {"deleted": {"name": "product attribute", "object": "sdfsdf"}}]', 116, 1),
(473, '2020-09-03 08:39:12.251337', '2', 'Quần Jean', 2, '[{"added": {"name": "product attribute", "object": "uuuuuuuuuuuuu"}}, {"changed": {"name": "product attribute", "object": "Qu\\u1ea7n Jean", "fields": ["Combination"]}}, {"deleted": {"name": "product attribute", "object": "aaaaaaaaaaaa"}}]', 116, 1),
(474, '2020-09-03 08:47:08.540785', '2', 'Quần Jean', 2, '[{"added": {"name": "product attribute", "object": "ooooo"}}, {"changed": {"name": "product attribute", "object": "Qu\\u1ea7n Jean", "fields": ["Combination"]}}, {"deleted": {"name": "product attribute", "object": "uuuuuuuuuuuuu"}}]', 116, 1),
(475, '2020-09-03 09:00:24.282416', '2', 'Quần Jean', 2, '[{"changed": {"name": "product attribute", "object": "Qu\\u1ea7n Jean", "fields": ["Combination"]}}, {"changed": {"name": "product attribute", "object": "ooooo", "fields": ["Combination"]}}]', 116, 1),
(476, '2020-09-03 09:01:32.477273', '2', 'Quần Jean', 2, '[{"changed": {"name": "product attribute", "object": "Qu\\u1ea7n Jean", "fields": ["Combination"]}}, {"changed": {"name": "product attribute", "object": "ooooo", "fields": ["Combination"]}}]', 116, 1),
(477, '2020-09-03 09:12:57.968637', '2', 'Quần Jean', 2, '[{"changed": {"name": "product attribute", "object": "Qu\\u1ea7n Jean", "fields": ["Combination"]}}, {"changed": {"name": "product attribute", "object": "ooooo", "fields": ["Combination"]}}]', 116, 1),
(478, '2020-09-03 09:14:09.089594', '2', 'Quần Jean', 2, '[{"added": {"name": "product attribute", "object": "uuuu"}}, {"changed": {"name": "product attribute", "object": "Qu\\u1ea7n Jean", "fields": ["Combination"]}}, {"changed": {"name": "product attribute", "object": "ooooo", "fields": ["Combination"]}}]', 116, 1),
(479, '2020-09-03 09:18:36.085485', '2', 'Quần Jean', 2, '[{"changed": {"name": "product attribute", "object": "Qu\\u1ea7n Jean", "fields": ["Combination"]}}, {"changed": {"name": "product attribute", "object": "ooooo", "fields": ["Combination"]}}, {"changed": {"name": "product attribute", "object": "uuuu", "fields": ["Combination"]}}]', 116, 1),
(480, '2020-09-03 10:36:51.041296', '3', 'Quần Kaki', 2, '[{"added": {"name": "product attribute", "object": "Qu\\u1ea7n Kaki"}}, {"changed": {"name": "product attribute", "object": "Qu\\u1ea7n Kaki", "fields": ["Combination"]}}]', 116, 1),
(481, '2020-09-03 10:37:29.618879', '2', 'Quần Jean', 2, '[{"added": {"name": "product attribute", "object": "Qu\\u1ea7n Jean 4"}}, {"changed": {"name": "product attribute", "object": "Qu\\u1ea7n Jean 1", "fields": ["Attr name", "Combination"]}}, {"changed": {"name": "product attribute", "object": "Qu\\u1ea7n Jean 2", "fields": ["Attr name", "Combination"]}}, {"changed": {"name": "product attribute", "object": "Qu\\u1ea7n Jean 3", "fields": ["Attr name", "Combination"]}}]', 116, 1),
(482, '2020-09-03 10:38:13.679636', '3', 'Quần Kaki', 2, '[{"deleted": {"name": "product attribute", "object": "Qu\\u1ea7n Kaki"}}, {"deleted": {"name": "product attribute", "object": "Qu\\u1ea7n Kaki"}}]', 116, 1),
(483, '2020-09-03 10:38:26.138688', '1', 'Áo Thun', 2, '[{"deleted": {"name": "product attribute", "object": "\\u00c1o Thun"}}, {"deleted": {"name": "product attribute", "object": "aaaaaaa"}}]', 116, 1),
(484, '2020-09-03 10:38:36.155214', '2', 'Quần Jean', 2, '[{"deleted": {"name": "product attribute", "object": "Qu\\u1ea7n Jean 1"}}, {"deleted": {"name": "product attribute", "object": "Qu\\u1ea7n Jean 2"}}, {"deleted": {"name": "product attribute", "object": "Qu\\u1ea7n Jean 3"}}, {"deleted": {"name": "product attribute", "object": "Qu\\u1ea7n Jean 4"}}]', 116, 1),
(485, '2020-09-03 10:39:13.813481', '2', 'Quần Jean', 2, '[{"added": {"name": "product attribute", "object": "Qu\\u1ea7n Jean"}}, {"added": {"name": "product attribute", "object": "Qu\\u1ea7n Jean"}}, {"added": {"name": "product attribute", "object": "Qu\\u1ea7n Jean"}}, {"added": {"name": "product attribute", "object": "Qu\\u1ea7n Jean"}}]', 116, 1),
(486, '2020-09-03 10:39:40.510025', '2', 'Quần Jean', 2, '[{"changed": {"name": "product attribute", "object": "Qu\\u1ea7n Jean", "fields": ["Combination"]}}, {"changed": {"name": "product attribute", "object": "Qu\\u1ea7n Jean", "fields": ["Combination"]}}, {"changed": {"name": "product attribute", "object": "Qu\\u1ea7n Jean", "fields": ["Combination"]}}, {"changed": {"name": "product attribute", "object": "Qu\\u1ea7n Jean", "fields": ["Combination"]}}]', 116, 1),
(487, '2020-09-03 11:15:42.342556', '3', 'Quần Kaki', 2, '[{"added": {"name": "product attribute", "object": "dsfsdf sfssfd"}}]', 116, 1),
(488, '2020-09-03 11:16:12.721079', '3', 'Quần Kaki', 2, '[]', 116, 1),
(489, '2020-09-03 11:20:25.580164', '3', 'Quần Kaki', 2, '[]', 116, 1),
(490, '2020-09-03 12:34:46.972212', '2', 'Quần Jean', 2, '[{"changed": {"fields": ["Config"]}}, {"deleted": {"name": "product attribute", "object": "Qu\\u1ea7n Jean"}}, {"deleted": {"name": "product attribute", "object": "Qu\\u1ea7n Jean"}}]', 116, 1),
(491, '2020-09-03 12:44:46.763524', '2', 'Quần Jean', 2, '[{"deleted": {"name": "product attribute", "object": "Qu\\u1ea7n Jean"}}, {"deleted": {"name": "product attribute", "object": "Qu\\u1ea7n Jean"}}]', 116, 1),
(492, '2020-09-03 12:44:56.179423', '3', 'Quần Kaki', 2, '[{"deleted": {"name": "product attribute", "object": "dsfsdf sfssfd"}}]', 116, 1),
(493, '2020-09-03 12:45:15.295259', '1', 'Áo Thun', 2, '[{"added": {"name": "product attribute", "object": "dssdfs"}}, {"added": {"name": "product attribute", "object": "sdfsfsdf"}}]', 116, 1),
(494, '2020-09-03 13:02:44.349144', '2', 'Quần Jean', 2, '[{"added": {"name": "product attribute", "object": "dsfsdfdfs"}}]', 116, 1),
(495, '2020-09-03 13:12:57.482628', '1', 'Áo Thun', 2, '[{"deleted": {"name": "product attribute", "object": "dssdfs"}}, {"deleted": {"name": "product attribute", "object": "sdfsfsdf"}}]', 116, 1),
(496, '2020-09-03 13:13:19.435068', '2', 'Quần Jean', 2, '[{"deleted": {"name": "product attribute", "object": "dsfsdfdfs"}}]', 116, 1),
(497, '2020-09-03 13:15:52.522579', '3', 'Quần Kaki', 2, '[]', 116, 1),
(498, '2020-09-03 13:27:54.063819', '2', 'Quần Jean', 2, '[{"added": {"name": "product attribute", "object": "sdfsdf sdfs"}}]', 116, 1),
(499, '2020-09-03 13:28:12.041107', '1', 'Áo Thun', 2, '[{"added": {"name": "product attribute", "object": "fsdfsdfs"}}, {"added": {"name": "product attribute", "object": "sdf sdfsd"}}]', 116, 1),
(500, '2020-09-03 17:16:13.200241', '2', 'Quần Jean', 2, '[{"added": {"name": "product attribute", "object": "reter etrt"}}, {"changed": {"name": "product attribute", "object": "sdfsdf sdfs", "fields": ["Combination"]}}]', 116, 1),
(501, '2020-09-03 17:16:49.315945', '3', 'Quần Kaki', 2, '[{"added": {"name": "product attribute", "object": "fdgfddd ddgdfg"}}, {"added": {"name": "product attribute", "object": "fdgfg dfgf"}}]', 116, 1),
(502, '2020-09-03 17:17:55.797722', '2', 'Quần Jean', 2, '[{"changed": {"fields": ["Config"]}}, {"deleted": {"name": "product attribute", "object": "sdfsdf sdfs"}}, {"deleted": {"name": "product attribute", "object": "reter etrt"}}]', 116, 1),
(503, '2020-09-03 17:19:00.993652', '2', 'Quần Jean', 2, '[{"added": {"name": "product attribute", "object": "sdsdfs"}}, {"added": {"name": "product attribute", "object": "sdsdf sdfsd"}}]', 116, 1),
(504, '2020-09-03 17:19:33.331747', '2', 'Quần Jean', 2, '[]', 116, 1),
(505, '2020-09-03 17:19:53.105753', '2', 'Quần Jean', 2, '[{"changed": {"name": "product attribute", "object": "sdsdfs", "fields": ["Combination"]}}, {"changed": {"name": "product attribute", "object": "sdsdf sdfsd", "fields": ["Combination"]}}]', 116, 1),
(506, '2020-09-03 17:37:16.906549', '2', 'Quần Jean', 2, '[{"deleted": {"name": "product attribute", "object": "sdsdfs"}}, {"deleted": {"name": "product attribute", "object": "sdsdf sdfsd"}}]', 116, 1),
(507, '2020-09-03 17:37:26.992454', '2', 'Quần Jean', 2, '[]', 116, 1),
(508, '2020-09-03 17:37:47.588424', '2', 'Quần Jean', 2, '[{"added": {"name": "product attribute", "object": "dsds"}}, {"added": {"name": "product attribute", "object": "sfsdfsfs"}}]', 116, 1),
(509, '2020-09-03 17:38:07.013743', '2', 'Quần Jean', 2, '[{"changed": {"name": "product attribute", "object": "dsds", "fields": ["Combination"]}}, {"changed": {"name": "product attribute", "object": "sfsdfsfs", "fields": ["Combination"]}}]', 116, 1),
(510, '2020-09-03 17:38:24.283289', '2', 'Quần Jean', 2, '[{"changed": {"fields": ["Config"]}}, {"deleted": {"name": "product attribute", "object": "dsds"}}]', 116, 1),
(511, '2020-09-03 17:38:50.206151', '2', 'Quần Jean', 2, '[{"changed": {"fields": ["Config"]}}, {"deleted": {"name": "product attribute", "object": "sfsdfsfs"}}]', 116, 1),
(512, '2020-09-03 17:39:18.864482', '2', 'Quần Jean', 2, '[{"added": {"name": "product attribute", "object": "ssdsdsf"}}, {"added": {"name": "product attribute", "object": "dsfsdfsd"}}]', 116, 1),
(513, '2020-09-03 17:40:04.622069', '2', 'Quần Jean', 2, '[{"changed": {"name": "product attribute", "object": "ssdsdsf", "fields": ["Combination"]}}, {"changed": {"name": "product attribute", "object": "dsfsdfsd", "fields": ["Combination"]}}]', 116, 1),
(514, '2020-09-03 17:41:22.022748', '2', 'Quần Jean', 2, '[{"changed": {"fields": ["Config"]}}]', 116, 1),
(515, '2020-09-03 19:21:00.196278', '2', 'Quần Jean', 2, '[{"added": {"name": "product attribute", "object": "dsfsfsd"}}, {"changed": {"name": "product attribute", "object": "ssdsdsf", "fields": ["Combination"]}}, {"deleted": {"name": "product attribute", "object": "dsfsdfsd"}}]', 116, 1),
(516, '2020-09-03 19:21:32.379858', '1', 'Áo Thun', 2, '[{"added": {"name": "product attribute", "object": "aaaaaaaaaaaaa"}}, {"changed": {"name": "product attribute", "object": "fsdfsdfs", "fields": ["Combination"]}}, {"deleted": {"name": "product attribute", "object": "sdf sdfsd"}}]', 116, 1),
(517, '2020-09-04 02:48:41.077464', '1', 'Áo Thun', 2, '[{"added": {"name": "product attribute", "object": "wwwwwwwwwwww"}}, {"added": {"name": "product attribute", "object": "xxxxxxxxxxxxx"}}, {"changed": {"name": "product attribute", "object": "fsdfsdfs", "fields": ["Combination"]}}, {"changed": {"name": "product attribute", "object": "aaaaaaaaaaaaa", "fields": ["Combination"]}}]', 116, 1),
(518, '2020-09-04 02:48:55.019096', '1', 'Áo Thun', 2, '[{"deleted": {"name": "product attribute", "object": "wwwwwwwwwwww"}}, {"deleted": {"name": "product attribute", "object": "xxxxxxxxxxxxx"}}]', 116, 1),
(519, '2020-09-04 02:55:58.028838', '1', 'Áo Thun', 2, '[{"deleted": {"name": "product attribute", "object": "aaaaaaaaaaaaa"}}]', 116, 1),
(520, '2020-09-04 03:34:26.988832', '2', 'Quần Jean', 2, '[]', 116, 1),
(521, '2020-09-04 04:26:19.061125', '1', 'Áo Thun', 2, '[{"added": {"name": "product attribute", "object": "sdeee"}}]', 116, 1),
(522, '2020-09-04 05:23:03.591512', '1', 'Áo Thun', 2, '[{"added": {"name": "product attribute", "object": "gdfgdfd"}}, {"changed": {"name": "product attribute", "object": "fsdfsdfs", "fields": ["Combination"]}}, {"deleted": {"name": "product attribute", "object": "sdeee"}}]', 116, 1),
(523, '2020-09-04 05:35:05.748476', '1', 'Áo Thun', 2, '[]', 116, 1),
(524, '2020-09-04 05:36:23.854991', '1', 'Áo Thun', 2, '[]', 116, 1),
(525, '2020-09-04 05:42:18.261430', '1', 'Áo Thun', 2, '[{"changed": {"name": "product attribute", "object": "fsdfsdfs", "fields": ["Price"]}}, {"changed": {"name": "product attribute", "object": "gdfgdfd", "fields": ["Price"]}}]', 116, 1),
(526, '2020-09-04 05:44:40.095851', '1', 'Áo Thun', 2, '[]', 116, 1),
(527, '2020-09-04 05:51:59.617941', '1', 'Áo Thun', 2, '[{"changed": {"name": "product attribute", "object": "fsdfsdfs", "fields": ["Price"]}}]', 116, 1),
(528, '2020-09-04 05:58:23.731664', '1', 'Áo Thun', 2, '[{"changed": {"name": "product attribute", "object": "fsdfsdfs", "fields": ["Price"]}}, {"changed": {"name": "product attribute", "object": "gdfgdfd", "fields": ["Price"]}}]', 116, 1),
(529, '2020-09-04 05:58:52.588448', '1', 'Áo Thun', 2, '[{"changed": {"name": "product attribute", "object": "fsdfsdfs", "fields": ["Price"]}}, {"changed": {"name": "product attribute", "object": "gdfgdfd", "fields": ["Price"]}}]', 116, 1),
(530, '2020-09-04 05:59:09.065504', '1', 'Áo Thun', 2, '[{"changed": {"name": "product attribute", "object": "fsdfsdfs", "fields": ["Price"]}}, {"changed": {"name": "product attribute", "object": "gdfgdfd", "fields": ["Price"]}}]', 116, 1),
(531, '2020-09-04 06:00:45.386817', '1', 'Áo Thun', 2, '[{"changed": {"name": "product attribute", "object": "fsdfsdfs", "fields": ["Price"]}}, {"changed": {"name": "product attribute", "object": "gdfgdfd", "fields": ["Price"]}}]', 116, 1),
(532, '2020-09-04 06:01:53.370419', '1', 'Áo Thun', 2, '[{"changed": {"name": "product attribute", "object": "fsdfsdfs", "fields": ["Price"]}}, {"changed": {"name": "product attribute", "object": "gdfgdfd", "fields": ["Price"]}}]', 116, 1),
(533, '2020-09-04 07:11:33.502070', '1', 'Áo Thun', 2, '[]', 116, 1),
(534, '2020-09-04 07:12:01.114385', '1', 'Áo Thun', 2, '[]', 116, 1),
(535, '2020-09-04 07:13:15.026731', '1', 'Áo Thun', 2, '[{"added": {"name": "product attribute", "object": "sdfsdfsdfs"}}, {"changed": {"name": "product attribute", "object": "fsdfsdfs", "fields": ["Combination"]}}, {"changed": {"name": "product attribute", "object": "gdfgdfd", "fields": ["Combination"]}}]', 116, 1),
(536, '2020-09-04 07:14:03.418734', '1', 'Áo Thun', 2, '[{"deleted": {"name": "product attribute", "object": "gdfgdfd"}}, {"deleted": {"name": "product attribute", "object": "sdfsdfsdfs"}}]', 116, 1),
(537, '2020-09-04 07:15:56.955885', '1', 'Áo Thun', 2, '[{"added": {"name": "product attribute", "object": "dsfds"}}, {"added": {"name": "product attribute", "object": "sdfsdfsd"}}, {"added": {"name": "product attribute", "object": "sdfsdfsd"}}, {"changed": {"name": "product attribute", "object": "fsdfsdfs", "fields": ["Combination"]}}]', 116, 1),
(538, '2020-09-04 07:26:01.035239', '1', 'Áo Thun', 2, '[{"deleted": {"name": "product attribute", "object": "dsfds"}}, {"deleted": {"name": "product attribute", "object": "sdfsdfsd"}}, {"deleted": {"name": "product attribute", "object": "sdfsdfsd"}}]', 116, 1),
(539, '2020-09-04 07:26:53.743992', '1', 'Áo Thun', 2, '[{"added": {"name": "product attribute", "object": "asdasdas"}}, {"changed": {"name": "product attribute", "object": "fsdfsdfs", "fields": ["Combination"]}}]', 116, 1),
(540, '2020-09-04 08:27:36.844562', '1', 'Áo Thun', 2, '[{"added": {"name": "product attribute", "object": "aaaaaaaaaaaa"}}, {"added": {"name": "product attribute", "object": "bbbbbbbbbbbbbbbbbbb"}}, {"deleted": {"name": "product attribute", "object": "fsdfsdfs"}}, {"deleted": {"name": "product attribute", "object": "asdasdas"}}]', 116, 1),
(541, '2020-09-04 08:32:56.525928', '1', 'Áo Thun', 2, '[{"added": {"name": "product attribute", "object": "vvvvvvvvvvv"}}, {"added": {"name": "product attribute", "object": "xxxxxxxxxxx"}}, {"deleted": {"name": "product attribute", "object": "aaaaaaaaaaaa"}}, {"deleted": {"name": "product attribute", "object": "bbbbbbbbbbbbbbbbbbb"}}]', 116, 1),
(542, '2020-09-04 08:57:44.362132', '1', 'Áo Thun', 2, '[{"deleted": {"name": "product attribute", "object": "vvvvvvvvvvv"}}, {"deleted": {"name": "product attribute", "object": "xxxxxxxxxxx"}}]', 116, 1),
(543, '2020-09-04 08:57:54.657727', '2', 'Quần Jean', 2, '[{"deleted": {"name": "product attribute", "object": "ssdsdsf"}}, {"deleted": {"name": "product attribute", "object": "dsfsfsd"}}]', 116, 1),
(544, '2020-09-04 08:58:04.745262', '3', 'Quần Kaki', 2, '[{"deleted": {"name": "product attribute", "object": "fdgfddd ddgdfg"}}, {"deleted": {"name": "product attribute", "object": "fdgfg dfgf"}}]', 116, 1),
(545, '2020-09-04 08:58:38.574826', '3', 'Quần Kaki', 2, '[{"added": {"name": "product attribute", "object": "aaaa"}}, {"added": {"name": "product attribute", "object": "aaaaaa"}}]', 116, 1),
(546, '2020-09-04 09:00:38.983070', '3', 'Quần Kaki', 2, '[{"changed": {"name": "product attribute", "object": "aaaa", "fields": ["Combination"]}}, {"changed": {"name": "product attribute", "object": "aaaaaa", "fields": ["Combination"]}}]', 116, 1),
(547, '2020-09-04 09:01:09.320076', '2', 'Quần Jean', 2, '[{"added": {"name": "product attribute", "object": "dssdfsd"}}, {"added": {"name": "product attribute", "object": "sdsdfdsssdf"}}]', 116, 1),
(548, '2020-09-04 09:06:23.844701', '1', 'Áo Thun', 2, '[{"added": {"name": "product attribute", "object": "sdsfsfdff"}}, {"added": {"name": "product attribute", "object": "sdfsdfsdfff"}}, {"added": {"name": "product attribute", "object": "ggsdsdsdf"}}, {"added": {"name": "product attribute", "object": "ggsdsdfsd"}}]', 116, 1),
(549, '2020-09-04 11:16:51.414606', '1', 'Áo Thun', 2, '[]', 116, 1),
(550, '2020-09-04 11:18:13.476147', '2', 'Quần Jean', 2, '[{"deleted": {"name": "product attribute", "object": "sdsdfdsssdf"}}]', 116, 1),
(551, '2020-09-04 11:20:48.493150', '1', 'Áo Thun', 2, '[{"deleted": {"name": "product attribute", "object": "ggsdsdsdf"}}, {"deleted": {"name": "product attribute", "object": "ggsdsdfsd"}}]', 116, 1),
(552, '2020-09-04 11:21:19.417344', '2', 'Quần Jean', 2, '[{"added": {"name": "product attribute", "object": "sdfdsfsfds"}}]', 116, 1),
(553, '2020-09-04 11:22:28.847632', '2', 'Quần Jean', 2, '[{"added": {"name": "product attribute", "object": "wrerrerwerwer"}}, {"deleted": {"name": "product attribute", "object": "sdfdsfsfds"}}]', 116, 1),
(554, '2020-09-04 11:25:37.080164', '1', 'Áo Thun', 2, '[{"deleted": {"name": "product attribute", "object": "sdsfsfdff"}}, {"deleted": {"name": "product attribute", "object": "sdfsdfsdfff"}}]', 116, 1),
(555, '2020-09-04 11:25:47.744970', '2', 'Quần Jean', 2, '[{"deleted": {"name": "product attribute", "object": "dssdfsd"}}, {"deleted": {"name": "product attribute", "object": "wrerrerwerwer"}}]', 116, 1),
(556, '2020-09-04 11:25:58.367307', '3', 'Quần Kaki', 2, '[{"deleted": {"name": "product attribute", "object": "aaaa"}}, {"deleted": {"name": "product attribute", "object": "aaaaaa"}}]', 116, 1),
(557, '2020-09-04 11:26:20.968671', '3', 'Quần Kaki', 2, '[{"added": {"name": "product attribute", "object": "wewerw"}}, {"added": {"name": "product attribute", "object": "wrwerewrwe"}}]', 116, 1),
(558, '2020-09-04 11:27:04.553670', '2', 'Quần Jean', 2, '[{"added": {"name": "product attribute", "object": "rteessdfd"}}, {"added": {"name": "product attribute", "object": "dssdfsd sfsdfs"}}]', 116, 1),
(559, '2020-09-04 12:04:04.101222', '1', 'Áo Thun', 2, '[{"added": {"name": "product attribute", "object": "dfgfdg"}}, {"added": {"name": "product attribute", "object": "dfdgdfg"}}]', 116, 1),
(560, '2020-09-04 12:08:30.231144', '1', 'Áo Thun', 2, '[{"changed": {"fields": ["Config"]}}]', 116, 1),
(561, '2020-09-04 12:09:34.349781', '2', 'Quần Jean', 2, '[{"changed": {"fields": ["Config"]}}]', 116, 1),
(562, '2020-09-04 12:12:03.000127', '2', 'Quần Jean', 2, '[]', 116, 1),
(563, '2020-09-04 12:13:14.431445', '1', 'Áo Thun', 2, '[]', 116, 1),
(564, '2020-09-04 12:13:34.694048', '3', 'Quần Kaki', 2, '[{"changed": {"name": "product attribute", "object": "wewerw", "fields": ["Combination"]}}, {"changed": {"name": "product attribute", "object": "wrwerewrwe", "fields": ["Combination"]}}]', 116, 1),
(565, '2020-09-04 12:14:32.832383', '2', 'Quần Jean', 2, '[{"added": {"name": "product attribute", "object": "ewrweewr"}}, {"added": {"name": "product attribute", "object": "weerw"}}, {"changed": {"name": "product attribute", "object": "rteessdfd", "fields": ["Combination"]}}, {"changed": {"name": "product attribute", "object": "dssdfsd sfsdfs", "fields": ["Combination"]}}]', 116, 1),
(566, '2020-09-04 12:15:17.064390', '2', 'Quần Jean', 2, '[]', 116, 1),
(567, '2020-09-04 12:15:49.975805', '2', 'Quần Jean', 2, '[{"changed": {"name": "product attribute", "object": "rteessdfd", "fields": ["Combination"]}}, {"changed": {"name": "product attribute", "object": "dssdfsd sfsdfs", "fields": ["Combination"]}}, {"changed": {"name": "product attribute", "object": "ewrweewr", "fields": ["Combination"]}}, {"changed": {"name": "product attribute", "object": "weerw", "fields": ["Combination"]}}]', 116, 1),
(568, '2020-09-04 12:16:17.256119', '2', 'Quần Jean', 2, '[]', 116, 1),
(569, '2020-09-04 12:17:08.762687', '2', 'Quần Jean', 2, '[{"changed": {"name": "product attribute", "object": "rteessdfd", "fields": ["Combination"]}}, {"changed": {"name": "product attribute", "object": "dssdfsd sfsdfs", "fields": ["Combination"]}}, {"changed": {"name": "product attribute", "object": "ewrweewr", "fields": ["Combination"]}}, {"changed": {"name": "product attribute", "object": "weerw", "fields": ["Combination"]}}]', 116, 1),
(570, '2020-09-04 12:59:21.889305', '2', 'Quần Jean', 2, '[]', 116, 1),
(571, '2020-09-04 13:04:15.335422', '2', 'Quần Jean', 2, '[{"deleted": {"name": "product attribute", "object": "dssdfsd sfsdfs"}}, {"deleted": {"name": "product attribute", "object": "ewrweewr"}}, {"deleted": {"name": "product attribute", "object": "weerw"}}]', 116, 1),
(572, '2020-09-04 13:04:28.979841', '1', 'Áo Thun', 2, '[]', 116, 1),
(573, '2020-09-04 13:04:49.103694', '1', 'Áo Thun', 2, '[{"deleted": {"name": "product attribute", "object": "dfgfdg"}}, {"deleted": {"name": "product attribute", "object": "dfdgdfg"}}]', 116, 1),
(574, '2020-09-04 13:05:05.510747', '1', 'Áo Thun', 2, '[{"changed": {"fields": ["Config"]}}]', 116, 1),
(575, '2020-09-04 13:05:38.866887', '1', 'Áo Thun', 2, '[{"added": {"name": "product attribute", "object": "sdfdsf"}}]', 116, 1),
(576, '2020-09-05 11:29:08.993718', '3', 'Quần Kaki', 2, '[]', 116, 1),
(577, '2020-09-05 11:29:19.837167', '3', 'Quần Kaki', 2, '[{"deleted": {"name": "product attribute", "object": "wewerw"}}, {"deleted": {"name": "product attribute", "object": "wrwerewrwe"}}]', 116, 1),
(578, '2020-09-05 11:29:31.577673', '2', 'Quần Jean', 2, '[{"deleted": {"name": "product attribute", "object": "rteessdfd"}}]', 116, 1),
(579, '2020-09-05 11:29:42.018189', '1', 'Áo Thun', 2, '[{"deleted": {"name": "product attribute", "object": "sdfdsf"}}]', 116, 1),
(580, '2020-09-05 11:30:04.636702', '2', 'Quần Jean', 2, '[{"added": {"name": "product attribute", "object": "vcccvb"}}, {"added": {"name": "product attribute", "object": "cvbcvbbnmbn"}}, {"added": {"name": "product attribute", "object": "bnmbnxc"}}, {"added": {"name": "product attribute", "object": "xcvxcbv"}}]', 116, 1),
(581, '2020-09-05 11:31:47.005586', '2', 'Quần Jean', 2, '[{"deleted": {"name": "product attribute", "object": "xcvxcbv"}}]', 116, 1),
(582, '2020-09-05 11:32:15.766688', '2', 'Quần Jean', 2, '[{"deleted": {"name": "product attribute", "object": "cvbcvbbnmbn"}}, {"deleted": {"name": "product attribute", "object": "bnmbnxc"}}]', 116, 1),
(583, '2020-09-05 15:29:03.454526', '2', 'Quần Jean', 2, '[{"added": {"name": "product attribute", "object": "aaaaaaaaaa"}}]', 116, 1),
(584, '2020-09-05 15:29:23.335289', '2', 'Quần Jean', 2, '[{"deleted": {"name": "product attribute", "object": "aaaaaaaaaa"}}]', 116, 1),
(585, '2020-09-05 15:29:42.866697', '2', 'Quần Jean', 2, '[{"added": {"name": "product attribute", "object": "sdfsdsf"}}]', 116, 1),
(586, '2020-09-05 16:56:36.891404', '2', 'Quần Jean', 2, '[{"changed": {"name": "product attribute", "object": "vcccvb", "fields": ["Combination"]}}, {"changed": {"name": "product attribute", "object": "sdfsdsf", "fields": ["Combination"]}}]', 116, 1),
(587, '2020-09-05 16:57:06.884097', '2', 'Quần Jean', 2, '[{"changed": {"name": "product attribute", "object": "vcccvb", "fields": ["Combination"]}}, {"changed": {"name": "product attribute", "object": "sdfsdsf", "fields": ["Combination"]}}]', 116, 1),
(588, '2020-09-05 19:19:14.379617', '2', 'Quần Jean', 2, '[{"changed": {"name": "product attribute", "object": "vcccvb", "fields": ["combination"]}}, {"changed": {"name": "product attribute", "object": "sdfsdsf", "fields": ["combination"]}}]', 116, 1),
(589, '2020-09-05 19:19:58.968089', '2', 'Quần Jean', 2, '[{"added": {"name": "product attribute", "object": "zxxzczczc"}}, {"added": {"name": "product attribute", "object": "zxzxcxz"}}, {"changed": {"name": "product attribute", "object": "vcccvb", "fields": ["combination"]}}, {"changed": {"name": "product attribute", "object": "sdfsdsf", "fields": ["combination"]}}]', 116, 1),
(590, '2020-09-05 19:20:19.047948', '2', 'Quần Jean', 2, '[{"changed": {"name": "product attribute", "object": "vcccvb", "fields": ["combination"]}}, {"changed": {"name": "product attribute", "object": "sdfsdsf", "fields": ["combination"]}}, {"changed": {"name": "product attribute", "object": "zxxzczczc", "fields": ["combination"]}}, {"changed": {"name": "product attribute", "object": "zxzxcxz", "fields": ["combination"]}}]', 116, 1),
(591, '2020-09-05 19:20:41.893944', '2', 'Quần Jean', 2, '[{"changed": {"name": "product attribute", "object": "vcccvb", "fields": ["combination"]}}, {"changed": {"name": "product attribute", "object": "sdfsdsf", "fields": ["combination"]}}, {"deleted": {"name": "product attribute", "object": "zxxzczczc"}}, {"deleted": {"name": "product attribute", "object": "zxzxcxz"}}]', 116, 1),
(592, '2020-09-05 19:21:20.834660', '2', 'Quần Jean', 2, '[{"changed": {"name": "product attribute", "object": "vcccvb", "fields": ["combination"]}}, {"changed": {"name": "product attribute", "object": "sdfsdsf", "fields": ["combination"]}}]', 116, 1),
(593, '2020-09-05 20:03:39.844674', '2', 'Quần Jean', 2, '[{"deleted": {"name": "product attribute", "object": "vcccvb"}}, {"deleted": {"name": "product attribute", "object": "sdfsdsf"}}]', 116, 1),
(594, '2020-09-06 03:29:16.253651', '27', 'ProductAttributeGroup object (27)', 1, '[{"added": {}}]', 146, 1),
(595, '2020-09-06 03:51:00.878729', '1', 'Áo Thun', 2, '[{"added": {"name": "product attribute", "object": "sdfsdf fsf"}}, {"added": {"name": "product attribute", "object": "sdfsd sdsf"}}, {"added": {"name": "product attribute", "object": "sdfsd sdf"}}, {"added": {"name": "product attribute", "object": "sdff dsfsd"}}]', 116, 1),
(596, '2020-09-07 02:28:09.709183', '2', 'Quần Jean', 2, '[{"added": {"name": "product attribute", "object": "fddfdg"}}, {"added": {"name": "product attribute", "object": "dfgfgf"}}, {"added": {"name": "product attribute", "object": "dfdfgdf"}}, {"added": {"name": "product attribute", "object": "dfgfgfd"}}]', 116, 1),
(597, '2020-09-07 02:28:28.990090', '3', 'Quần Kaki', 2, '[{"added": {"name": "product attribute", "object": "wweeyr"}}, {"added": {"name": "product attribute", "object": "reyeyrr"}}]', 116, 1),
(598, '2020-09-07 02:45:33.725768', '1', 'Cafe chon', 2, '[{"changed": {"fields": ["Attr name", "Quantity", "combination"]}}]', 117, 1),
(599, '2020-09-07 03:09:54.485218', '3', 'moi sua ten', 2, '[{"changed": {"fields": ["Attr name", "Quantity", "combination"]}}]', 117, 1),
(600, '2020-09-07 05:37:32.557972', '14', 'ProductAttributeGroup object (14)', 2, '[]', 146, 1),
(601, '2020-09-07 05:37:37.266450', '14', 'ProductAttributeGroup object (14)', 2, '[]', 146, 1),
(602, '2020-09-07 05:37:41.601836', '14', 'ProductAttributeGroup object (14)', 2, '[]', 146, 1),
(603, '2020-09-07 05:44:23.809243', '14', 'ProductAttributeGroup object (14)', 2, '[]', 146, 1),
(604, '2020-09-07 05:45:16.717347', '14', 'ProductAttributeGroup object (14)', 2, '[]', 146, 1),
(605, '2020-09-07 06:51:54.874939', '14', 'ProductAttributeGroup object (14)', 2, '[]', 146, 1),
(606, '2020-09-07 06:57:23.963662', '14', 'ProductAttributeGroup object (14)', 2, '[]', 146, 1),
(607, '2020-09-07 07:02:06.491195', '14', 'ProductAttributeGroup object (14)', 2, '[]', 146, 1),
(608, '2020-09-07 07:31:24.074218', '14', 'ProductAttributeGroup object (14)', 2, '[]', 146, 1),
(609, '2020-09-07 07:37:24.242774', '1', 'Áo Thun', 2, '[{"changed": {"name": "product attribute", "object": "Cafe chon", "fields": ["combination"]}}, {"changed": {"name": "product attribute", "object": "sdfsd sdsf", "fields": ["combination"]}}, {"changed": {"name": "product attribute", "object": "moi sua ten", "fields": ["combination"]}}, {"changed": {"name": "product attribute", "object": "sdff dsfsd", "fields": ["combination"]}}]', 116, 1),
(610, '2020-09-07 08:07:36.657194', '2', 'Quần Jean', 2, '[{"changed": {"name": "product attribute", "object": "fddfdg", "fields": ["combination"]}}, {"changed": {"name": "product attribute", "object": "dfgfgf", "fields": ["combination"]}}, {"deleted": {"name": "product attribute", "object": "dfdfgdf"}}, {"deleted": {"name": "product attribute", "object": "dfgfgfd"}}]', 116, 1),
(611, '2020-09-07 08:07:45.140454', '1', 'Áo Thun', 2, '[{"changed": {"name": "product attribute", "object": "Cafe chon", "fields": ["combination"]}}, {"changed": {"name": "product attribute", "object": "sdfsd sdsf", "fields": ["combination"]}}, {"deleted": {"name": "product attribute", "object": "moi sua ten"}}, {"deleted": {"name": "product attribute", "object": "sdff dsfsd"}}]', 116, 1),
(612, '2020-09-07 08:14:43.305870', '1', 'Áo Thun', 2, '[{"changed": {"name": "product attribute", "object": "Cafe chon", "fields": ["combination"]}}, {"changed": {"name": "product attribute", "object": "sdfsd sdsf", "fields": ["combination"]}}]', 116, 1),
(613, '2020-09-07 08:18:29.700842', '13', 'Chất liệu', 2, '[{"changed": {"fields": ["feature_value_id"]}}]', 131, 1),
(614, '2020-09-07 08:18:51.453929', '13', 'Chất liệu', 2, '[{"changed": {"fields": ["feature_value_id"]}}]', 131, 1),
(615, '2020-09-07 08:49:08.894110', '1', 'Áo Thun', 2, '[{"changed": {"name": "product attribute", "object": "Cafe chon", "fields": ["combination"]}}, {"changed": {"name": "product attribute", "object": "sdfsd sdsf", "fields": ["combination"]}}]', 116, 1),
(616, '2020-09-07 08:49:23.286821', '2', 'Quần Jean', 2, '[{"added": {"name": "feature product", "object": "k\\u00edch Th\\u01b0\\u1edbc NxDxS"}}, {"changed": {"name": "product attribute", "object": "fddfdg", "fields": ["combination"]}}, {"changed": {"name": "product attribute", "object": "dfgfgf", "fields": ["combination"]}}]', 116, 1),
(617, '2020-09-07 08:50:01.632093', '1', 'Áo Thun', 2, '[{"added": {"name": "feature product", "object": "k\\u00edch Th\\u01b0\\u1edbc NxDxS"}}, {"changed": {"name": "product attribute", "object": "Cafe chon", "fields": ["combination"]}}, {"changed": {"name": "product attribute", "object": "sdfsd sdsf", "fields": ["combination"]}}]', 116, 1),
(618, '2020-09-07 08:50:39.083556', '1', 'Áo Thun', 2, '[{"added": {"name": "feature product", "object": "Chi\\u1ec1u D\\u1ecdc"}}, {"added": {"name": "product attribute", "object": "asddass"}}, {"changed": {"name": "product attribute", "object": "Cafe chon", "fields": ["combination"]}}, {"changed": {"name": "product attribute", "object": "sdfsd sdsf", "fields": ["combination"]}}]', 116, 1),
(619, '2020-09-07 08:51:10.271038', '1', 'Áo Thun', 2, '[{"changed": {"name": "product attribute", "object": "Cafe chon", "fields": ["combination"]}}, {"changed": {"name": "product attribute", "object": "sdfsd sdsf", "fields": ["combination"]}}, {"changed": {"name": "product attribute", "object": "asddass", "fields": ["combination"]}}]', 116, 1),
(620, '2020-09-07 08:54:54.050240', '1', 'Áo Thun', 2, '[{"changed": {"name": "product attribute", "object": "Cafe chon", "fields": ["combination"]}}, {"changed": {"name": "product attribute", "object": "sdfsd sdsf", "fields": ["combination"]}}, {"changed": {"name": "product attribute", "object": "asddass", "fields": ["combination"]}}]', 116, 1),
(621, '2020-09-07 08:55:13.409801', '1', 'Áo Thun', 2, '[{"deleted": {"name": "feature product", "object": "Chi\\u1ec1u D\\u1ecdc"}}, {"changed": {"name": "product attribute", "object": "Cafe chon", "fields": ["combination"]}}, {"changed": {"name": "product attribute", "object": "sdfsd sdsf", "fields": ["combination"]}}, {"changed": {"name": "product attribute", "object": "asddass", "fields": ["combination"]}}]', 116, 1),
(622, '2020-09-07 08:55:29.115405', '1', 'Áo Thun', 2, '[{"deleted": {"name": "feature product", "object": "Chi\\u1ec1u S\\u00e2u"}}, {"deleted": {"name": "feature product", "object": "k\\u00edch Th\\u01b0\\u1edbc NxDxS"}}, {"changed": {"name": "product attribute", "object": "Cafe chon", "fields": ["combination"]}}, {"changed": {"name": "product attribute", "object": "sdfsd sdsf", "fields": ["combination"]}}, {"changed": {"name": "product attribute", "object": "asddass", "fields": ["combination"]}}]', 116, 1),
(623, '2020-09-07 08:57:55.306876', '1', 'Áo Thun', 2, '[{"added": {"name": "feature product", "object": "k\\u00edch Th\\u01b0\\u1edbc NxDxS"}}, {"changed": {"name": "product attribute", "object": "Cafe chon", "fields": ["combination"]}}, {"changed": {"name": "product attribute", "object": "sdfsd sdsf", "fields": ["combination"]}}, {"changed": {"name": "product attribute", "object": "asddass", "fields": ["combination"]}}]', 116, 1);
INSERT INTO `django_admin_log` (`id`, `action_time`, `object_id`, `object_repr`, `action_flag`, `change_message`, `content_type_id`, `user_id`) VALUES
(624, '2020-09-07 08:58:09.566276', '1', 'Áo Thun', 2, '[{"added": {"name": "feature product", "object": "Chi\\u1ec1u D\\u1ecdc"}}, {"changed": {"name": "product attribute", "object": "Cafe chon", "fields": ["combination"]}}, {"changed": {"name": "product attribute", "object": "sdfsd sdsf", "fields": ["combination"]}}, {"changed": {"name": "product attribute", "object": "asddass", "fields": ["combination"]}}]', 116, 1),
(625, '2020-09-07 08:58:40.120079', '1', 'Áo Thun', 2, '[{"added": {"name": "feature product", "object": "Chi\\u1ec1u Ngang"}}, {"changed": {"name": "product attribute", "object": "Cafe chon", "fields": ["combination"]}}, {"changed": {"name": "product attribute", "object": "sdfsd sdsf", "fields": ["combination"]}}, {"changed": {"name": "product attribute", "object": "asddass", "fields": ["combination"]}}]', 116, 1),
(626, '2020-09-07 08:59:22.726635', '1', 'Áo Thun', 2, '[{"deleted": {"name": "feature product", "object": "Chi\\u1ec1u Ngang"}}, {"changed": {"name": "product attribute", "object": "Cafe chon", "fields": ["combination"]}}, {"changed": {"name": "product attribute", "object": "sdfsd sdsf", "fields": ["combination"]}}, {"changed": {"name": "product attribute", "object": "asddass", "fields": ["combination"]}}]', 116, 1),
(627, '2020-09-08 02:03:24.235875', '1', 'Áo Thun', 2, '[{"deleted": {"name": "feature product", "object": "k\\u00edch Th\\u01b0\\u1edbc NxDxS"}}, {"deleted": {"name": "feature product", "object": "Chi\\u1ec1u D\\u1ecdc"}}, {"changed": {"name": "product attribute", "object": "Cafe chon", "fields": ["combination"]}}, {"changed": {"name": "product attribute", "object": "sdfsd sdsf", "fields": ["combination"]}}, {"changed": {"name": "product attribute", "object": "asddass", "fields": ["combination"]}}]', 116, 1),
(628, '2020-09-08 02:03:40.664967', '1', 'Áo Thun', 2, '[{"changed": {"name": "product attribute", "object": "Cafe chon", "fields": ["combination"]}}, {"deleted": {"name": "product attribute", "object": "sdfsd sdsf"}}, {"deleted": {"name": "product attribute", "object": "asddass"}}]', 116, 1),
(629, '2020-09-08 02:08:36.955528', '1', 'Áo Thun', 2, '[{"added": {"name": "feature product", "object": "Chi\\u1ec1u D\\u1ecdc"}}, {"changed": {"name": "product attribute", "object": "Cafe chon", "fields": ["combination"]}}]', 116, 1),
(630, '2020-09-08 02:11:46.592522', '1', 'Áo Thun', 2, '[{"added": {"name": "feature product", "object": "Chi\\u1ec1u Ngang"}}, {"changed": {"name": "product attribute", "object": "Cafe chon", "fields": ["combination"]}}]', 116, 1),
(631, '2020-09-08 02:36:21.759686', '1', 'Áo Thun', 2, '[{"changed": {"name": "product attribute", "object": "Cafe chon", "fields": ["combination"]}}]', 116, 1),
(632, '2020-09-08 02:38:21.016310', '1', 'Áo Thun', 2, '[{"changed": {"name": "feature product", "object": "Chi\\u1ec1u Ngang", "fields": ["feature_value_id"]}}, {"changed": {"name": "product attribute", "object": "Cafe chon", "fields": ["combination"]}}]', 116, 1),
(633, '2020-09-08 02:55:08.636958', '1', 'Áo Thun', 2, '[{"changed": {"name": "product attribute", "object": "Cafe chon", "fields": ["combination"]}}]', 116, 1),
(634, '2020-09-08 02:55:54.020252', '1', 'Áo Thun', 2, '[{"changed": {"name": "product attribute", "object": "Cafe chon", "fields": ["combination"]}}]', 116, 1),
(635, '2020-09-08 02:59:17.970732', '1', 'Áo Thun', 2, '[{"added": {"name": "feature product", "object": "k\\u00edch Th\\u01b0\\u1edbc NxDxS"}}, {"changed": {"name": "product attribute", "object": "Cafe chon", "fields": ["combination"]}}]', 116, 1),
(636, '2020-09-08 03:05:33.014671', '14', 'ProductAttributeGroup object (14)', 2, '[]', 146, 1),
(637, '2020-09-08 03:07:05.293459', '14', 'ProductAttributeGroup object (14)', 2, '[]', 146, 1),
(638, '2020-09-08 03:07:18.615365', '27', 'ProductAttributeGroup object (27)', 3, '', 146, 1),
(639, '2020-09-08 03:07:18.626528', '16', 'ProductAttributeGroup object (16)', 3, '', 146, 1),
(640, '2020-09-08 03:07:36.646652', '14', 'ProductAttributeGroup object (14)', 3, '', 146, 1),
(641, '2020-09-08 03:07:36.657625', '17', 'ProductAttributeGroup object (17)', 3, '', 146, 1),
(642, '2020-09-08 03:07:36.669160', '20', 'ProductAttributeGroup object (20)', 3, '', 146, 1),
(643, '2020-09-08 03:07:36.680604', '21', 'ProductAttributeGroup object (21)', 3, '', 146, 1),
(644, '2020-09-08 03:07:36.691698', '22', 'ProductAttributeGroup object (22)', 3, '', 146, 1),
(645, '2020-09-08 03:07:36.702361', '23', 'ProductAttributeGroup object (23)', 3, '', 146, 1),
(646, '2020-09-08 03:07:36.712897', '24', 'ProductAttributeGroup object (24)', 3, '', 146, 1),
(647, '2020-09-08 03:07:36.723851', '25', 'ProductAttributeGroup object (25)', 3, '', 146, 1),
(648, '2020-09-08 03:07:36.735590', '26', 'ProductAttributeGroup object (26)', 3, '', 146, 1),
(649, '2020-09-08 03:56:59.097960', '28', 'ProductAttributeGroup object (28)', 1, '[{"added": {}}]', 146, 1),
(650, '2020-09-08 03:57:09.626441', '29', 'ProductAttributeGroup object (29)', 1, '[{"added": {}}]', 146, 1),
(651, '2020-09-08 03:57:18.551651', '30', 'ProductAttributeGroup object (30)', 1, '[{"added": {}}]', 146, 1),
(652, '2020-09-08 03:57:49.764589', '1', 'Áo Thun', 2, '[{"changed": {"name": "product attribute", "object": "Cafe chon", "fields": ["combination"]}}]', 116, 1),
(653, '2020-09-08 03:58:20.367311', '31', 'ProductAttributeGroup object (31)', 1, '[{"added": {}}]', 146, 1),
(654, '2020-09-08 03:58:26.624228', '32', 'ProductAttributeGroup object (32)', 1, '[{"added": {}}]', 146, 1),
(655, '2020-09-08 03:58:32.469558', '33', 'ProductAttributeGroup object (33)', 1, '[{"added": {}}]', 146, 1),
(656, '2020-09-08 03:58:37.762949', '34', 'ProductAttributeGroup object (34)', 1, '[{"added": {}}]', 146, 1),
(657, '2020-09-08 03:58:43.759259', '35', 'ProductAttributeGroup object (35)', 1, '[{"added": {}}]', 146, 1),
(658, '2020-09-08 03:58:50.723901', '36', 'ProductAttributeGroup object (36)', 1, '[{"added": {}}]', 146, 1),
(659, '2020-09-08 04:13:31.449908', '28', 'ProductAttributeGroup object (28)', 2, '[]', 146, 1),
(660, '2020-09-08 04:13:39.042028', '28', 'ProductAttributeGroup object (28)', 2, '[]', 146, 1),
(661, '2020-09-08 04:38:42.169736', '28', 'ProductAttributeGroup object (28)', 2, '[]', 146, 1),
(662, '2020-09-08 04:38:49.878329', '32', 'ProductAttributeGroup object (32)', 2, '[]', 146, 1),
(663, '2020-09-08 04:38:54.092016', '36', 'ProductAttributeGroup object (36)', 2, '[]', 146, 1),
(664, '2020-09-08 04:39:15.743559', '1', 'Áo Thun', 2, '[{"changed": {"name": "product attribute", "object": "Cafe chon", "fields": ["combination"]}}]', 116, 1),
(665, '2020-09-08 04:39:35.540357', '2', 'Quần Jean', 2, '[{"changed": {"name": "product attribute", "object": "fddfdg", "fields": ["combination"]}}, {"changed": {"name": "product attribute", "object": "dfgfgf", "fields": ["combination"]}}]', 116, 1),
(666, '2020-09-08 04:40:03.665507', '3', 'Quần Kaki', 2, '[{"changed": {"name": "product attribute", "object": "wweeyr", "fields": ["combination"]}}, {"changed": {"name": "product attribute", "object": "reyeyrr", "fields": ["combination"]}}]', 116, 1),
(667, '2020-09-08 04:40:15.992133', '3', 'Quần Kaki', 2, '[{"changed": {"name": "product attribute", "object": "wweeyr", "fields": ["combination"]}}, {"changed": {"name": "product attribute", "object": "reyeyrr", "fields": ["combination"]}}]', 116, 1),
(668, '2020-09-08 04:40:25.445262', '2', 'Quần Jean', 2, '[{"changed": {"name": "product attribute", "object": "fddfdg", "fields": ["combination"]}}, {"deleted": {"name": "product attribute", "object": "dfgfgf"}}]', 116, 1),
(669, '2020-09-08 04:40:35.710254', '3', 'Quần Kaki', 2, '[{"changed": {"name": "product attribute", "object": "wweeyr", "fields": ["combination"]}}, {"deleted": {"name": "product attribute", "object": "reyeyrr"}}]', 116, 1),
(670, '2020-09-08 04:42:37.753136', '1', 'Áo Thun', 2, '[{"deleted": {"name": "feature product", "object": "Chi\\u1ec1u D\\u1ecdc"}}, {"deleted": {"name": "feature product", "object": "Chi\\u1ec1u Ngang"}}, {"deleted": {"name": "feature product", "object": "k\\u00edch Th\\u01b0\\u1edbc NxDxS"}}, {"added": {"name": "product attribute", "object": "Cafe chon"}}, {"added": {"name": "product attribute", "object": "Cafe chon"}}, {"changed": {"name": "product attribute", "object": "Cafe chon", "fields": ["combination"]}}]', 116, 1),
(671, '2020-09-08 04:43:02.321886', '3', 'Quần Kaki', 2, '[{"added": {"name": "product attribute", "object": "Attr name"}}, {"added": {"name": "product attribute", "object": "Attr name"}}, {"changed": {"name": "product attribute", "object": "Attr name", "fields": ["Attr name", "combination"]}}]', 116, 1),
(672, '2020-09-08 04:43:47.934743', '3', 'Quần Kaki', 2, '[{"added": {"name": "feature product", "object": "Chi\\u1ec1u Ngang"}}, {"changed": {"name": "product attribute", "object": "Attr name", "fields": ["combination"]}}, {"changed": {"name": "product attribute", "object": "Attr name", "fields": ["combination"]}}, {"changed": {"name": "product attribute", "object": "Attr name", "fields": ["combination"]}}]', 116, 1),
(673, '2020-09-08 04:44:04.884281', '3', 'Quần Kaki', 2, '[{"added": {"name": "feature product", "object": "Chi\\u1ec1u S\\u00e2u"}}, {"deleted": {"name": "feature product", "object": "k\\u00edch Th\\u01b0\\u1edbc NxDxS"}}, {"deleted": {"name": "feature product", "object": "Chi\\u1ec1u D\\u1ecdc"}}, {"deleted": {"name": "feature product", "object": "Chi\\u1ec1u Ngang"}}, {"changed": {"name": "product attribute", "object": "Attr name", "fields": ["combination"]}}, {"changed": {"name": "product attribute", "object": "Attr name", "fields": ["combination"]}}, {"changed": {"name": "product attribute", "object": "Attr name", "fields": ["combination"]}}]', 116, 1),
(674, '2020-09-08 04:44:31.494971', '2', 'Quần Jean', 2, '[{"deleted": {"name": "feature product", "object": "Ch\\u1ea5t li\\u1ec7u"}}, {"deleted": {"name": "feature product", "object": "k\\u00edch Th\\u01b0\\u1edbc NxDxS"}}, {"added": {"name": "product attribute", "object": "fddfdg View on site"}}, {"added": {"name": "product attribute", "object": "fddfdg View on site"}}, {"changed": {"name": "product attribute", "object": "fddfdg View on site", "fields": ["Attr name", "combination"]}}]', 116, 1),
(675, '2020-09-08 05:13:11.810558', '1', 'Áo Thun', 2, '[{"changed": {"fields": ["Config"]}}, {"changed": {"name": "product attribute", "object": "Cafe chon", "fields": ["combination"]}}, {"deleted": {"name": "product attribute", "object": "Cafe chon"}}, {"deleted": {"name": "product attribute", "object": "Cafe chon"}}]', 116, 1),
(676, '2020-09-08 05:13:30.840937', '1', 'Áo Thun', 2, '[{"changed": {"fields": ["Config"]}}, {"changed": {"name": "product attribute", "object": "Cafe chon", "fields": ["combination"]}}]', 116, 1),
(677, '2020-09-08 05:13:52.109684', '37', 'ProductAttributeGroup object (37)', 1, '[{"added": {}}]', 146, 1),
(678, '2020-09-08 05:14:02.106271', '38', 'ProductAttributeGroup object (38)', 1, '[{"added": {}}]', 146, 1),
(679, '2020-09-08 05:15:59.939247', '39', 'ProductAttributeGroup object (39)', 1, '[{"added": {}}]', 146, 1),
(680, '2020-09-08 05:16:08.331031', '40', 'ProductAttributeGroup object (40)', 1, '[{"added": {}}]', 146, 1),
(681, '2020-09-08 05:17:27.431433', '1', 'Áo Thun', 2, '[{"added": {"name": "product attribute", "object": "Cafe chon"}}, {"deleted": {"name": "product attribute", "object": "Cafe chon"}}]', 116, 1),
(682, '2020-09-08 05:18:27.779637', '1', 'Áo Thun', 2, '[{"added": {"name": "product attribute", "object": "Cafe chon"}}, {"added": {"name": "product attribute", "object": "Cafe chon"}}, {"changed": {"name": "product attribute", "object": "Cafe chon", "fields": ["combination"]}}]', 116, 1),
(683, '2020-09-08 06:22:12.921912', '1', 'Áo Thun', 2, '[{"added": {"name": "feature product", "object": "Chi\\u1ec1u Ngang"}}, {"added": {"name": "feature product", "object": "k\\u00edch Th\\u01b0\\u1edbc NxDxS"}}, {"changed": {"name": "product attribute", "object": "Cafe chon", "fields": ["combination"]}}, {"changed": {"name": "product attribute", "object": "Cafe chon", "fields": ["combination"]}}, {"changed": {"name": "product attribute", "object": "Cafe chon", "fields": ["combination"]}}]', 116, 1),
(684, '2020-09-08 06:22:49.831740', '1', 'Áo Thun', 2, '[{"added": {"name": "product attribute", "object": "Cafe chon"}}, {"changed": {"name": "product attribute", "object": "Cafe chon", "fields": ["combination"]}}, {"changed": {"name": "product attribute", "object": "Cafe chon", "fields": ["combination"]}}, {"changed": {"name": "product attribute", "object": "Cafe chon", "fields": ["combination"]}}]', 116, 1),
(685, '2020-09-08 06:24:03.433495', '1', 'Áo Thun', 2, '[{"added": {"name": "product attribute", "object": "Cafe chon"}}, {"changed": {"name": "product attribute", "object": "Cafe chon", "fields": ["combination"]}}, {"changed": {"name": "product attribute", "object": "Cafe chon", "fields": ["combination"]}}, {"changed": {"name": "product attribute", "object": "Cafe chon", "fields": ["combination"]}}, {"changed": {"name": "product attribute", "object": "Cafe chon", "fields": ["combination"]}}]', 116, 1),
(686, '2020-09-08 06:32:29.349832', '1', 'Áo Thun', 2, '[{"added": {"name": "feature product", "object": "Chi\\u1ec1u S\\u00e2u"}}, {"added": {"name": "product attribute", "object": "Cafe chon"}}, {"changed": {"name": "product attribute", "object": "Cafe chon", "fields": ["combination"]}}, {"changed": {"name": "product attribute", "object": "Cafe chon", "fields": ["combination"]}}, {"changed": {"name": "product attribute", "object": "Cafe chon", "fields": ["combination"]}}, {"changed": {"name": "product attribute", "object": "Cafe chon", "fields": ["combination"]}}, {"changed": {"name": "product attribute", "object": "Cafe chon", "fields": ["combination"]}}]', 116, 1),
(687, '2020-09-08 06:33:09.241482', '2', 'Quần Jean', 2, '[{"changed": {"name": "product attribute", "object": "fddfdg View on site", "fields": ["combination"]}}, {"changed": {"name": "product attribute", "object": "fddfdg View on site", "fields": ["combination"]}}, {"changed": {"name": "product attribute", "object": "fddfdg View on site", "fields": ["combination"]}}]', 116, 1),
(688, '2020-09-08 06:33:23.726397', '3', 'Quần Kaki', 2, '[{"changed": {"name": "product attribute", "object": "Attr name", "fields": ["combination"]}}, {"changed": {"name": "product attribute", "object": "Attr name", "fields": ["combination"]}}, {"deleted": {"name": "product attribute", "object": "Attr name"}}]', 116, 1),
(689, '2020-09-08 06:47:03.918446', '3', 'Quần Kaki', 2, '[{"changed": {"name": "product attribute", "object": "Attr name", "fields": ["combination"]}}, {"changed": {"name": "product attribute", "object": "Attr name", "fields": ["combination"]}}]', 116, 1),
(690, '2020-09-08 06:47:27.411589', '2', 'Quần Jean', 2, '[{"added": {"name": "feature product", "object": "k\\u00edch Th\\u01b0\\u1edbc NxDxS"}}, {"added": {"name": "feature product", "object": "Ch\\u1ea5t li\\u1ec7u"}}, {"added": {"name": "feature product", "object": "Chi\\u1ec1u D\\u1ecdc"}}, {"changed": {"name": "product attribute", "object": "fddfdg View on site", "fields": ["combination"]}}, {"changed": {"name": "product attribute", "object": "fddfdg View on site", "fields": ["combination"]}}, {"changed": {"name": "product attribute", "object": "fddfdg View on site", "fields": ["combination"]}}]', 116, 1),
(691, '2020-09-08 06:54:25.217843', '2', 'han-255-choices-that-should-be-presented-to-a-us', 2, '[]', 106, 1),
(692, '2020-09-08 06:54:35.990230', '3', 'tao-moi-thu-muc-nhanh', 2, '[]', 89, 1),
(693, '2020-09-08 06:55:53.915131', '1', 'Nhóm Nhà Quản Trị Cấp Cáo', 1, '[{"added": {}}]', 3, 1),
(694, '2020-09-08 06:56:14.443273', '2', 'Nhóm Quản Trị Website', 1, '[{"added": {}}]', 3, 1),
(695, '2020-09-08 06:56:29.672145', '3', 'Nhóm Thành Viên', 1, '[{"added": {}}]', 3, 1),
(696, '2020-09-08 06:56:43.355861', '4', 'Nhóm Khách Hàng', 1, '[{"added": {}}]', 3, 1),
(697, '2020-09-08 06:57:47.095445', '5', 'Nhóm Đăng Nhập Mạng Xã Hội', 1, '[{"added": {}}]', 3, 1),
(698, '2020-09-08 06:58:56.338871', '1', 'huunguyen', 2, '[{"changed": {"fields": ["First name", "Last name", "Groups", "User permissions"]}}]', 4, 1),
(699, '2020-09-08 06:59:34.163977', '2', 'super', 1, '[{"added": {}}]', 4, 1),
(700, '2020-09-08 06:59:46.063620', '3', 'admin', 1, '[{"added": {}}]', 4, 1),
(701, '2020-09-08 06:59:56.469092', '4', 'thanhvien', 1, '[{"added": {}}]', 4, 1),
(702, '2020-09-08 07:00:06.030478', '5', 'khachhang', 1, '[{"added": {}}]', 4, 1),
(703, '2020-09-08 07:00:23.883133', '6', 'khachvanglai', 1, '[{"added": {}}]', 4, 1),
(704, '2020-09-08 07:01:58.013650', '3', 'admin', 2, '[{"changed": {"fields": ["First name", "Last name", "Email address", "Staff status", "Groups"]}}]', 4, 1),
(705, '2020-09-08 07:02:46.172840', '2', 'super', 2, '[{"changed": {"fields": ["First name", "Last name", "Email address", "Staff status", "Superuser status", "Groups", "User permissions"]}}]', 4, 1),
(706, '2020-09-08 07:03:25.923530', '4', 'thanhvien', 2, '[{"changed": {"fields": ["First name", "Last name", "Email address", "Staff status", "Groups"]}}]', 4, 1),
(707, '2020-09-08 07:03:55.055439', '5', 'khachhang', 2, '[{"changed": {"fields": ["First name", "Last name", "Email address", "Groups"]}}]', 4, 1),
(708, '2020-09-08 07:04:26.516767', '6', 'khachvanglai', 2, '[{"changed": {"fields": ["First name", "Last name", "Email address", "Groups"]}}]', 4, 1),
(709, '2020-09-08 07:04:42.906331', '5', 'khachhang', 2, '[]', 4, 1),
(710, '2020-09-08 07:17:36.654518', '41', 'ProductAttributeGroup object (41)', 1, '[{"added": {}}]', 146, 1),
(711, '2020-09-08 07:17:52.644849', '42', 'ProductAttributeGroup object (42)', 1, '[{"added": {}}]', 146, 1),
(712, '2020-09-08 07:32:40.446241', '28', 'ProductAttributeGroup object (28)', 2, '[]', 146, 1),
(713, '2020-09-08 07:32:58.446752', '29', 'ProductAttributeGroup object (29)', 3, '', 146, 1),
(714, '2020-09-08 07:32:58.458425', '30', 'ProductAttributeGroup object (30)', 3, '', 146, 1),
(715, '2020-09-08 07:33:06.707849', '28', 'ProductAttributeGroup object (28)', 2, '[{"changed": {"fields": ["attribute_id"]}}]', 146, 1),
(716, '2020-09-08 07:33:13.863264', '28', 'ProductAttributeGroup object (28)', 2, '[{"changed": {"fields": ["attribute_id"]}}]', 146, 1),
(717, '2020-09-08 07:35:07.149730', '28', 'ProductAttributeGroup object (28)', 2, '[]', 146, 1),
(718, '2020-09-08 07:37:31.213277', '28', 'ProductAttributeGroup object (28)', 2, '[]', 146, 1),
(719, '2020-09-08 07:38:53.758733', '28', 'ProductAttributeGroup object (28)', 2, '[]', 146, 1),
(720, '2020-09-08 07:40:23.314976', '28', 'ProductAttributeGroup object (28)', 2, '[]', 146, 1),
(721, '2020-09-08 07:40:30.818029', '28', 'ProductAttributeGroup object (28)', 2, '[{"changed": {"fields": ["attribute_id"]}}]', 146, 1),
(722, '2020-09-08 07:42:47.499166', '28', 'ProductAttributeGroup object (28)', 2, '[]', 146, 1),
(723, '2020-09-08 07:42:52.732552', '37', 'ProductAttributeGroup object (37)', 2, '[]', 146, 1),
(724, '2020-09-08 07:42:58.065667', '28', 'ProductAttributeGroup object (28)', 2, '[{"changed": {"fields": ["attribute_id"]}}]', 146, 1),
(725, '2020-09-08 07:45:21.057793', '28', 'ProductAttributeGroup object (28)', 2, '[]', 146, 1),
(726, '2020-09-08 07:45:26.854065', '28', 'ProductAttributeGroup object (28)', 2, '[]', 146, 1),
(727, '2020-09-09 02:18:29.688555', '2', 'Bootstrap', 2, '[{"changed": {"fields": ["Name", "Display", "Favicon", "Title", "Visible", "Use dropdown"]}}]', 144, 1),
(728, '2020-09-10 09:48:34.653679', '35', 'ProductAttributeGroup object (35)', 3, '', 146, 1),
(729, '2020-09-10 09:48:34.664581', '36', 'ProductAttributeGroup object (36)', 3, '', 146, 1),
(730, '2020-09-10 09:48:34.675352', '41', 'ProductAttributeGroup object (41)', 3, '', 146, 1),
(731, '2020-09-10 09:48:34.686964', '42', 'ProductAttributeGroup object (42)', 3, '', 146, 1),
(732, '2020-09-10 09:55:34.137924', '43', 'ProductAttributeGroup object (43)', 1, '[{"added": {}}]', 146, 1),
(733, '2020-09-10 09:55:44.857400', '43', 'ProductAttributeGroup object (43)', 2, '[{"changed": {"fields": ["product_id"]}}]', 146, 1),
(734, '2020-09-10 09:56:03.922198', '43', 'ProductAttributeGroup object (43)', 2, '[{"changed": {"fields": ["product_id", "attribute_id"]}}]', 146, 1),
(735, '2020-09-10 10:18:37.991751', '3', 'Quần Kaki', 2, '[]', 116, 1),
(736, '2020-09-10 10:18:54.345892', '1', 'Áo Thun', 2, '[{"changed": {"name": "product attribute", "object": "Cafe chon", "fields": ["combination"]}}, {"changed": {"name": "product attribute", "object": "Cafe chon", "fields": ["combination"]}}, {"changed": {"name": "product attribute", "object": "Cafe chon", "fields": ["combination"]}}, {"changed": {"name": "product attribute", "object": "Cafe chon", "fields": ["combination"]}}, {"changed": {"name": "product attribute", "object": "Cafe chon", "fields": ["combination"]}}, {"changed": {"name": "product attribute", "object": "Cafe chon", "fields": ["combination"]}}]', 116, 1),
(737, '2020-09-10 10:19:28.066831', '3', 'Quần Kaki', 2, '[{"changed": {"fields": ["Config"]}}]', 116, 1),
(738, '2020-09-10 10:19:41.337838', '3', 'Quần Kaki', 2, '[{"changed": {"fields": ["Config"]}}]', 116, 1),
(739, '2020-09-10 10:19:54.528927', '2', 'Quần Jean', 2, '[{"changed": {"name": "product attribute", "object": "fddfdg View on site", "fields": ["combination"]}}, {"deleted": {"name": "product attribute", "object": "fddfdg View on site"}}, {"deleted": {"name": "product attribute", "object": "fddfdg View on site"}}]', 116, 1),
(740, '2020-09-10 10:20:05.456112', '2', 'Quần Jean', 2, '[{"deleted": {"name": "product attribute", "object": "fddfdg View on site"}}]', 116, 1),
(741, '2020-09-10 10:20:31.643061', '2', 'Quần Jean', 2, '[{"added": {"name": "product attribute", "object": "dfdsfs"}}, {"added": {"name": "product attribute", "object": "dsfsdfsd"}}, {"added": {"name": "product attribute", "object": "sdfsdfs s"}}]', 116, 1),
(742, '2020-09-10 10:20:57.836609', '3', 'Quần Kaki', 2, '[{"changed": {"fields": ["Config"]}}, {"added": {"name": "feature product", "object": "k\\u00edch Th\\u01b0\\u1edbc NxDxS"}}, {"added": {"name": "feature product", "object": "Chi\\u1ec1u Ngang"}}, {"added": {"name": "feature product", "object": "Chi\\u1ec1u D\\u1ecdc"}}]', 116, 1),
(743, '2020-09-10 10:24:12.305757', '43', 'ProductAttributeGroup object (43)', 2, '[]', 146, 1),
(744, '2020-09-10 10:28:51.907886', '44', 'ProductAttributeGroup object (44)', 1, '[{"added": {}}]', 146, 1),
(745, '2020-09-10 10:31:18.080924', '44', 'ProductAttributeGroup object (44)', 3, '', 146, 1),
(746, '2020-09-10 10:31:18.091608', '28', 'ProductAttributeGroup object (28)', 3, '', 146, 1),
(747, '2020-09-10 10:32:56.443477', '45', 'ProductAttributeGroup object (45)', 1, '[{"added": {}}]', 146, 1),
(748, '2020-09-10 10:33:40.158438', '46', 'ProductAttributeGroup object (46)', 1, '[{"added": {}}]', 146, 1),
(749, '2020-09-10 10:37:32.725506', '3', 'Quần Kaki', 2, '[]', 116, 1),
(750, '2020-09-10 10:38:02.151248', '43', 'ProductAttributeGroup object (43)', 2, '[{"changed": {"fields": ["product_id"]}}]', 146, 1),
(751, '2020-09-10 10:38:39.681486', '3', 'Quần Kaki', 2, '[{"added": {"name": "product attribute", "object": "sdffdsfs sdfsdfsdf sdfdsfsdf"}}]', 116, 1),
(752, '2020-09-10 10:39:07.807579', '3', 'Quần Kaki', 2, '[{"changed": {"fields": ["description"]}}, {"changed": {"name": "product attribute", "object": "sdffdsfs sdfsdfsdf sdfdsfsdf", "fields": ["combination"]}}]', 116, 1),
(753, '2020-09-10 10:39:56.558927', '3', 'Quần Kaki', 2, '[{"changed": {"fields": ["description_short"]}}, {"changed": {"name": "product attribute", "object": "sdffdsfs sdfsdfsdf sdfdsfsdf", "fields": ["combination"]}}]', 116, 1),
(754, '2020-09-10 10:40:28.173237', '3', 'Quần Kaki', 2, '[{"changed": {"name": "product attribute", "object": "u kh\\u00e1c bi\\u1ec7t v\\u1ec1 thi\\u1ebft k\\u1ebf, nh\\u01b0ng kh\\u1ea9u trang c\\u1ee7a Apple l\\u1ea1i c\\u00f3 nhi\\u1ec1u c\\u00f4ng d\\u1ee5ng h\\u01a1n h\\u1eb3n", "fields": ["Attr name", "combination"]}}]', 116, 1),
(755, '2020-09-10 10:56:14.527990', '3', 'Quần Kaki', 2, '[{"changed": {"name": "product attribute", "object": "u kh\\u00e1c bi\\u1ec7t v\\u1ec1 thi\\u1ebft k\\u1ebf, nh\\u01b0ng kh\\u1ea9u trang c\\u1ee7a Apple l\\u1ea1i c\\u00f3 nhi\\u1ec1u c\\u00f4ng d\\u1ee5ng h\\u01a1n h\\u1eb3n", "fields": ["combination"]}}]', 116, 1),
(756, '2020-09-10 10:57:24.441801', '3', 'Quần Kaki', 2, '[{"changed": {"fields": ["description_short"]}}, {"changed": {"name": "product attribute", "object": "u kh\\u00e1c bi\\u1ec7t v\\u1ec1 thi\\u1ebft k\\u1ebf, nh\\u01b0ng kh\\u1ea9u trang c\\u1ee7a Apple l\\u1ea1i c\\u00f3 nhi\\u1ec1u c\\u00f4ng d\\u1ee5ng h\\u01a1n h\\u1eb3n", "fields": ["combination"]}}]', 116, 1),
(757, '2020-09-10 11:01:01.817894', '3', 'Quần Kaki', 2, '[{"changed": {"name": "product attribute", "object": "u kh\\u00e1c bi\\u1ec7t v\\u1ec1 thi\\u1ebft k\\u1ebf, nh\\u01b0ng kh\\u1ea9u trang c\\u1ee7a Apple l\\u1ea1i c\\u00f3 nhi\\u1ec1u c\\u00f4ng d\\u1ee5ng h\\u01a1n h\\u1eb3n", "fields": ["combination"]}}]', 116, 1),
(758, '2020-09-10 11:01:19.867403', '1', 'Áo Thun', 2, '[{"changed": {"name": "product attribute", "object": "Cafe chon", "fields": ["combination"]}}, {"changed": {"name": "product attribute", "object": "Cafe chon", "fields": ["combination"]}}, {"changed": {"name": "product attribute", "object": "Cafe chon", "fields": ["combination"]}}, {"changed": {"name": "product attribute", "object": "Cafe chon", "fields": ["combination"]}}, {"changed": {"name": "product attribute", "object": "Cafe chon", "fields": ["combination"]}}, {"deleted": {"name": "product attribute", "object": "Cafe chon"}}]', 116, 1),
(759, '2020-09-10 11:01:47.801466', '1', 'Áo Thun', 2, '[{"changed": {"name": "product attribute", "object": "Cafe chon", "fields": ["combination"]}}, {"changed": {"name": "product attribute", "object": "Cafe chon", "fields": ["combination"]}}, {"changed": {"name": "product attribute", "object": "Cafe chon", "fields": ["combination"]}}, {"deleted": {"name": "product attribute", "object": "Cafe chon"}}, {"deleted": {"name": "product attribute", "object": "Cafe chon"}}]', 116, 1),
(760, '2020-09-10 11:02:32.953068', '1', 'Áo Thun', 2, '[{"changed": {"fields": ["description_short", "description"]}}, {"changed": {"name": "product attribute", "object": "Cafe chon", "fields": ["combination"]}}, {"changed": {"name": "product attribute", "object": "Cafe chon", "fields": ["combination"]}}, {"changed": {"name": "product attribute", "object": "Cafe chon", "fields": ["combination"]}}]', 116, 1),
(761, '2020-09-10 11:03:19.164653', '2', 'Quần Jean', 2, '[{"changed": {"fields": ["description_short", "description"]}}, {"changed": {"name": "product attribute", "object": "dfdsfs", "fields": ["combination"]}}, {"changed": {"name": "product attribute", "object": "dsfsdfsd", "fields": ["combination"]}}, {"changed": {"name": "product attribute", "object": "sdfsdfs s", "fields": ["combination"]}}]', 116, 1),
(762, '2020-09-10 11:04:07.880132', '1', 'Áo Thun', 2, '[{"changed": {"name": "product attribute", "object": "ng th\\u00eam kh\\u00e1 nhi\\u1ec1u t\\u00ednh n\\u0103ng m\\u1edbi, t\\u1eadp trung v\\u00e0o vi\\u1ec7", "fields": ["Attr name", "combination"]}}, {"changed": {"name": "product attribute", "object": "ng th\\u00eam kh\\u00e1 nhi\\u1ec1u t\\u00ednh n\\u0103ng m\\u1edbi, t\\u1eadp trung v\\u00e0o vi\\u1ec7", "fields": ["Attr name", "combination"]}}, {"changed": {"name": "product attribute", "object": "ng th\\u00eam kh\\u00e1 nhi\\u1ec1u t\\u00ednh n\\u0103ng m\\u1edbi, t\\u1eadp trung v\\u00e0o vi\\u1ec7", "fields": ["Attr name", "combination"]}}]', 116, 1),
(763, '2020-09-10 11:04:29.914062', '2', 'Quần Jean', 2, '[{"changed": {"name": "product attribute", "object": "h\\u1ea5t l\\u00e0 c\\u00e1ch Android 11 x\\u1eed l\\u00fd c\\u00e1c", "fields": ["Attr name", "combination"]}}, {"changed": {"name": "product attribute", "object": "h\\u1ea5t l\\u00e0 c\\u00e1ch Android 11 x\\u1eed l\\u00fd c\\u00e1c", "fields": ["Attr name", "combination"]}}, {"changed": {"name": "product attribute", "object": "h\\u1ea5t l\\u00e0 c\\u00e1ch Android 11 x\\u1eed l\\u00fd c\\u00e1c", "fields": ["Attr name", "combination"]}}]', 116, 1),
(764, '2020-09-10 11:06:37.068786', '47', 'ProductAttributeGroup object (47)', 1, '[{"added": {}}]', 146, 1),
(765, '2020-09-10 11:06:50.969754', '48', 'ProductAttributeGroup object (48)', 1, '[{"added": {}}]', 146, 1),
(766, '2020-09-10 11:07:06.239468', '49', 'ProductAttributeGroup object (49)', 1, '[{"added": {}}]', 146, 1),
(767, '2020-09-10 11:07:13.629136', '50', 'ProductAttributeGroup object (50)', 1, '[{"added": {}}]', 146, 1),
(768, '2020-09-10 11:07:20.761162', '51', 'ProductAttributeGroup object (51)', 1, '[{"added": {}}]', 146, 1),
(769, '2020-09-10 11:07:28.714793', '52', 'ProductAttributeGroup object (52)', 1, '[{"added": {}}]', 146, 1),
(770, '2020-09-10 11:10:06.252258', '3', 'Quần Kaki', 2, '[{"added": {"name": "product attribute", "object": "u kh\\u00e1c bi\\u1ec7t v\\u1ec1 thi\\u1ebft k\\u1ebf,"}}, {"added": {"name": "product attribute", "object": "u kh\\u00e1c bi\\u1ec7t v\\u1ec1 thi\\u1ebft k\\u1ebf,u kh\\u00e1c bi\\u1ec7t v\\u1ec1 thi\\u1ebft k\\u1ebf,"}}, {"deleted": {"name": "product attribute", "object": "u kh\\u00e1c bi\\u1ec7t v\\u1ec1 thi\\u1ebft k\\u1ebf, nh\\u01b0ng kh\\u1ea9u trang c\\u1ee7a Apple l\\u1ea1i c\\u00f3 nhi\\u1ec1u c\\u00f4ng d\\u1ee5ng h\\u01a1n h\\u1eb3n"}}]', 116, 1),
(771, '2020-09-10 11:11:13.259847', '3', 'Quần Kaki', 2, '[{"added": {"name": "product attribute", "object": "u kh\\u00e1c bi\\u1ec7t v\\u1ec1 thi\\u1ebft k\\u1ebf,u kh\\u00e1c bi"}}, {"added": {"name": "product attribute", "object": "t k\\u1ebf,u kh\\u00e1c t k\\u1ebf,u kh\\u00e1c t k\\u1ebf,u kh\\u00e1c"}}, {"added": {"name": "product attribute", "object": "t k\\u1ebf,u kh\\u00e1c t k\\u1ebf,u kh\\u00e1c"}}, {"added": {"name": "product attribute", "object": "t k\\u1ebf,u kh\\u00e1c"}}, {"added": {"name": "product attribute", "object": "thi\\u1ebft k\\u1ebf,u kh\\u00e1c bi"}}, {"changed": {"name": "product attribute", "object": "u kh\\u00e1c bi\\u1ec7t v\\u1ec1 thi\\u1ebft k\\u1ebf,", "fields": ["combination"]}}, {"changed": {"name": "product attribute", "object": "\\u1ec7tu kh\\u00e1c bi\\u1ec7t v\\u1ec1 thi\\u1ebft k\\u1ebf,u kh\\u00e1c bi v\\u1ec1 thi\\u1ebft k\\u1ebf,", "fields": ["Attr name", "combination"]}}]', 116, 1),
(772, '2020-09-10 11:11:24.064294', '2', 'Quần Jean', 2, '[{"changed": {"name": "product attribute", "object": "h\\u1ea5t l\\u00e0 c\\u00e1ch Android 11 x\\u1eed l\\u00fd c\\u00e1c", "fields": ["combination"]}}, {"changed": {"name": "product attribute", "object": "h\\u1ea5t l\\u00e0 c\\u00e1ch Android 11 x\\u1eed l\\u00fd c\\u00e1c", "fields": ["combination"]}}, {"changed": {"name": "product attribute", "object": "h\\u1ea5t l\\u00e0 c\\u00e1ch Android 11 x\\u1eed l\\u00fd c\\u00e1c", "fields": ["combination"]}}]', 116, 1),
(773, '2020-09-10 11:12:22.408807', '53', 'ProductAttributeGroup object (53)', 1, '[{"added": {}}]', 146, 1),
(774, '2020-09-10 11:12:28.773332', '54', 'ProductAttributeGroup object (54)', 1, '[{"added": {}}]', 146, 1),
(775, '2020-09-10 11:12:36.437157', '55', 'ProductAttributeGroup object (55)', 1, '[{"added": {}}]', 146, 1),
(776, '2020-09-10 11:13:38.963167', '2', 'Quần Jean', 2, '[{"added": {"name": "product attribute", "object": "h\\u1ea5t l\\u00e0 c\\u00e1ch Androh\\u1ea5t l\\u00e0 c\\u00e1ch Andro"}}, {"added": {"name": "product attribute", "object": "h\\u1ea5t l\\u00e0 c\\u00e1ch Andro"}}, {"added": {"name": "product attribute", "object": "h\\u1ea5t l\\u00e0 c\\u00e1ch Androh\\u1ea5t l\\u00e0 c\\u00e1ch Androh\\u1ea5t l\\u00e0 c\\u00e1ch Andro"}}, {"added": {"name": "product attribute", "object": "h\\u1ea5t l\\u00e0 c\\u00e1ch Andro1"}}, {"added": {"name": "product attribute", "object": "h\\u1ea5t l\\u00e0 c\\u00e1ch Andro3"}}, {"added": {"name": "product attribute", "object": "h\\u1ea5t l\\u00e0 c\\u00e1ch Andro6"}}, {"changed": {"name": "product attribute", "object": "h\\u1ea5t l\\u00e0 c\\u00e1ch Android 11 x\\u1eed l\\u00fd c\\u00e1c", "fields": ["combination"]}}, {"changed": {"name": "product attribute", "object": "h\\u1ea5t l\\u00e0 c\\u00e1ch Android 11 x\\u1eed l\\u00fd c\\u00e1c", "fields": ["combination"]}}, {"changed": {"name": "product attribute", "object": "h\\u1ea5t l\\u00e0 c\\u00e1ch Android 11 x\\u1eed l\\u00fd c\\u00e1c", "fields": ["combination"]}}]', 116, 1),
(777, '2020-09-10 11:14:34.339026', '2', 'Quần Jean', 2, '[{"changed": {"name": "product attribute", "object": "h\\u1ea5t l\\u00e0 c\\u00e1ch Android 11 x\\u1eed l\\u00fd c\\u00e1c", "fields": ["combination"]}}, {"deleted": {"name": "product attribute", "object": "h\\u1ea5t l\\u00e0 c\\u00e1ch Android 11 x\\u1eed l\\u00fd c\\u00e1c"}}, {"deleted": {"name": "product attribute", "object": "h\\u1ea5t l\\u00e0 c\\u00e1ch Android 11 x\\u1eed l\\u00fd c\\u00e1c"}}, {"deleted": {"name": "product attribute", "object": "h\\u1ea5t l\\u00e0 c\\u00e1ch Androh\\u1ea5t l\\u00e0 c\\u00e1ch Andro"}}, {"deleted": {"name": "product attribute", "object": "h\\u1ea5t l\\u00e0 c\\u00e1ch Andro"}}, {"deleted": {"name": "product attribute", "object": "h\\u1ea5t l\\u00e0 c\\u00e1ch Androh\\u1ea5t l\\u00e0 c\\u00e1ch Androh\\u1ea5t l\\u00e0 c\\u00e1ch Andro"}}, {"deleted": {"name": "product attribute", "object": "h\\u1ea5t l\\u00e0 c\\u00e1ch Andro1"}}, {"deleted": {"name": "product attribute", "object": "h\\u1ea5t l\\u00e0 c\\u00e1ch Andro3"}}, {"deleted": {"name": "product attribute", "object": "h\\u1ea5t l\\u00e0 c\\u00e1ch Andro6"}}]', 116, 1),
(778, '2020-09-10 11:14:51.714962', '2', 'Quần Jean', 2, '[{"deleted": {"name": "product attribute", "object": "h\\u1ea5t l\\u00e0 c\\u00e1ch Android 11 x\\u1eed l\\u00fd c\\u00e1c"}}]', 116, 1),
(779, '2020-09-10 11:15:16.851246', '2', 'Quần Jean', 2, '[{"added": {"name": "product attribute", "object": "h\\u1ea5t l\\u00e0 c\\u00e1ch Andro"}}, {"added": {"name": "product attribute", "object": "h\\u1ea5t l\\u00e0 c\\u00e1ch Androh\\u1ea5t l\\u00e0 c\\u00e1ch Andro"}}]', 116, 1),
(780, '2020-09-10 15:31:20.143564', '43', 'ProductAttributeGroup object (43)', 2, '[{"changed": {"fields": ["product_id"]}}]', 146, 1),
(781, '2020-09-10 15:51:25.959260', '43', 'ProductAttributeGroup object (43)', 2, '[{"changed": {"fields": ["product_id"]}}]', 146, 1),
(782, '2020-09-10 15:51:44.723353', '45', 'ProductAttributeGroup object (45)', 3, '', 146, 1),
(783, '2020-09-10 15:51:44.732197', '46', 'ProductAttributeGroup object (46)', 3, '', 146, 1),
(784, '2020-09-10 15:51:54.184798', '56', 'ProductAttributeGroup object (56)', 1, '[{"added": {}}]', 146, 1),
(785, '2020-09-10 15:52:00.552731', '57', 'ProductAttributeGroup object (57)', 1, '[{"added": {}}]', 146, 1),
(786, '2020-09-10 15:52:36.864861', '1', 'Áo Thun', 2, '[{"added": {"name": "product attribute", "object": "ng th\\u00eam kh\\u00e1 nhi\\u1ec1u"}}, {"changed": {"name": "product attribute", "object": "ng th\\u00eam kh\\u00e1 nhi\\u1ec1u t\\u00ednh n\\u0103ng m\\u1edbi, t\\u1eadp trung v\\u00e0o vi\\u1ec7", "fields": ["combination"]}}, {"changed": {"name": "product attribute", "object": "ng th\\u00eam kh\\u00e1 nhi\\u1ec1u t\\u00ednh n\\u0103ng m\\u1edbi, t\\u1eadp trung v\\u00e0o vi\\u1ec7", "fields": ["combination"]}}, {"changed": {"name": "product attribute", "object": "ng th\\u00eam kh\\u00e1 nhi\\u1ec1u t\\u00ednh n\\u0103ng m\\u1edbi, t\\u1eadp trung v\\u00e0o vi\\u1ec7", "fields": ["combination"]}}]', 116, 1),
(787, '2020-09-10 15:52:59.420356', '1', 'Áo Thun', 2, '[{"deleted": {"name": "feature product", "object": "Chi\\u1ec1u S\\u00e2u"}}, {"changed": {"name": "product attribute", "object": "ng th\\u00eam kh\\u00e1 nhi\\u1ec1u t\\u00ednh n\\u0103ng m\\u1edbi, t\\u1eadp trung v\\u00e0o vi\\u1ec7", "fields": ["combination"]}}, {"changed": {"name": "product attribute", "object": "ng th\\u00eam kh\\u00e1 nhi\\u1ec1u t\\u00ednh n\\u0103ng m\\u1edbi, t\\u1eadp trung v\\u00e0o vi\\u1ec7", "fields": ["combination"]}}, {"changed": {"name": "product attribute", "object": "ng th\\u00eam kh\\u00e1 nhi\\u1ec1u t\\u00ednh n\\u0103ng m\\u1edbi, t\\u1eadp trung v\\u00e0o vi\\u1ec7", "fields": ["combination"]}}, {"changed": {"name": "product attribute", "object": "ng th\\u00eam kh\\u00e1 nhi\\u1ec1u", "fields": ["combination"]}}]', 116, 1),
(788, '2020-09-10 15:53:37.501922', '2', 'Quần Jean', 2, '[{"added": {"name": "product attribute", "object": "h\\u1ea5t l\\u00e0 c\\u00e1ch Androh\\u1ea5t l\\u00e0 ch\\u1ea5t l\\u00e0 c\\u00e1ch Androh\\u1ea5t l\\u00e0 c"}}, {"added": {"name": "product attribute", "object": "h\\u1ea5t l\\u00e0 c\\u00e1ch Androh\\u1ea5t l\\u00e0 c"}}, {"changed": {"name": "product attribute", "object": "h\\u1ea5t l\\u00e0 c\\u00e1ch Andro", "fields": ["combination"]}}, {"changed": {"name": "product attribute", "object": "h\\u1ea5t l\\u00e0 c\\u00e1ch Androh\\u1ea5t l\\u00e0 c\\u00e1ch Andro", "fields": ["combination"]}}]', 116, 1),
(789, '2020-09-10 18:25:32.565364', '1', 'Áo Thun', 2, '[{"changed": {"name": "product attribute", "object": "ng th\\u00eam kh\\u00e1 nhi\\u1ec1u t\\u00ednh n\\u0103ng m\\u1edbi, t\\u1eadp trung v\\u00e0o vi\\u1ec7", "fields": ["Upload an image", "combination"]}}, {"changed": {"name": "product attribute", "object": "ng th\\u00eam kh\\u00e1 nhi\\u1ec1u t\\u00ednh n\\u0103ng m\\u1edbi, t\\u1eadp trung v\\u00e0o vi\\u1ec7", "fields": ["Upload an image", "combination"]}}, {"changed": {"name": "product attribute", "object": "ng th\\u00eam kh\\u00e1 nhi\\u1ec1u t\\u00ednh n\\u0103ng m\\u1edbi, t\\u1eadp trung v\\u00e0o vi\\u1ec7", "fields": ["Upload an image", "combination"]}}, {"changed": {"name": "product attribute", "object": "ng th\\u00eam kh\\u00e1 nhi\\u1ec1u", "fields": ["Upload an image", "combination"]}}]', 116, 1),
(790, '2020-09-10 18:34:16.248508', '43', 'ng thêm khá nhiều', 2, '[{"changed": {"fields": ["Upload an image", "combination"]}}]', 117, 1),
(791, '2020-09-10 18:34:24.381443', '18', 'ng thêm khá nhiều tính năng mới, tập trung vào việ', 2, '[{"changed": {"fields": ["Upload an image", "combination"]}}]', 117, 1),
(792, '2020-09-10 18:34:31.634109', '19', 'ng thêm khá nhiều tính năng mới, tập trung vào việ', 2, '[{"changed": {"fields": ["Upload an image", "combination"]}}]', 117, 1),
(793, '2020-09-10 18:34:39.210671', '21', 'ng thêm khá nhiều tính năng mới, tập trung vào việ', 2, '[{"changed": {"fields": ["Upload an image", "combination"]}}]', 117, 1),
(794, '2020-09-10 18:34:46.183778', '21', 'ng thêm khá nhiều tính năng mới, tập trung vào việ', 2, '[{"changed": {"fields": ["Upload an image", "combination"]}}]', 117, 1),
(795, '2020-09-10 18:34:54.283241', '21', 'ng thêm khá nhiều tính năng mới, tập trung vào việ', 2, '[{"changed": {"fields": ["Upload an image", "combination"]}}]', 117, 1),
(796, '2020-09-10 18:35:03.127949', '41', 'hất là cách Andro', 2, '[{"changed": {"fields": ["Upload an image", "combination"]}}]', 117, 1),
(797, '2020-09-10 18:35:15.732697', '45', 'hất là cách Androhất là c', 2, '[{"changed": {"fields": ["Upload an image", "combination"]}}]', 117, 1),
(798, '2020-09-10 18:35:24.326530', '42', 'hất là cách Androhất là cách Andro', 2, '[{"changed": {"fields": ["Upload an image", "combination"]}}]', 117, 1),
(799, '2020-09-10 18:35:34.337036', '44', 'hất là cách Androhất là chất là cách Androhất là c', 2, '[{"changed": {"fields": ["Upload an image", "combination"]}}]', 117, 1),
(800, '2020-09-10 18:36:01.958704', '29', 'ệtu khác biệt về thiết kế,u khác bi về thiết kế,', 2, '[{"changed": {"fields": ["Upload an image", "combination"]}}]', 117, 1),
(801, '2020-09-10 18:36:11.229255', '33', 't kế,u khác', 2, '[{"changed": {"fields": ["Upload an image", "combination"]}}]', 117, 1),
(802, '2020-09-10 18:36:23.505524', '32', 't kế,u khác t kế,u khác', 2, '[{"changed": {"fields": ["Upload an image", "combination"]}}]', 117, 1),
(803, '2020-09-10 18:36:32.459793', '31', 't kế,u khác t kế,u khác t kế,u khác', 2, '[{"changed": {"fields": ["Upload an image", "combination"]}}]', 117, 1),
(804, '2020-09-10 18:36:40.784254', '34', 'thiết kế,u khác bi', 2, '[{"changed": {"fields": ["Upload an image", "combination"]}}]', 117, 1),
(805, '2020-09-10 18:36:50.053250', '28', 'u khác biệt về thiết kế,', 2, '[{"changed": {"fields": ["Upload an image", "combination"]}}]', 117, 1),
(806, '2020-09-10 18:36:57.649312', '30', 'u khác biệt về thiết kế,u khác bi', 2, '[{"changed": {"fields": ["Upload an image", "combination"]}}]', 117, 1),
(807, '2020-09-10 18:39:50.791840', '1', 'Áo Thun', 2, '[{"changed": {"name": "product attribute", "object": "ng th\\u00eam kh\\u00e1 nhi\\u1ec1u t\\u00ednh n\\u0103ng m\\u1edbi, t\\u1eadp trung v\\u00e0o vi\\u1ec7", "fields": ["combination"]}}, {"changed": {"name": "product attribute", "object": "ng th\\u00eam kh\\u00e1 nhi\\u1ec1u t\\u00ednh n\\u0103ng m\\u1edbi, t\\u1eadp trung v\\u00e0o vi\\u1ec7", "fields": ["combination"]}}, {"changed": {"name": "product attribute", "object": "ng th\\u00eam kh\\u00e1 nhi\\u1ec1u t\\u00ednh n\\u0103ng m\\u1edbi, t\\u1eadp trung v\\u00e0o vi\\u1ec7", "fields": ["combination"]}}, {"changed": {"name": "product attribute", "object": "ng th\\u00eam kh\\u00e1 nhi\\u1ec1u", "fields": ["combination"]}}]', 116, 1),
(808, '2020-09-10 18:41:36.720164', '4', 'camera trên iPhone không thể chụp', 1, '[{"added": {}}]', 116, 1),
(809, '2020-09-10 18:42:05.802626', '4', 'camera trên iPhone không thể chụp', 2, '[{"added": {"name": "feature product", "object": "k\\u00edch Th\\u01b0\\u1edbc NxDxS"}}, {"added": {"name": "feature product", "object": "Ch\\u1ea5t li\\u1ec7u"}}, {"added": {"name": "feature product", "object": "Chi\\u1ec1u Ngang"}}, {"added": {"name": "feature product", "object": "Chi\\u1ec1u D\\u1ecdc"}}, {"added": {"name": "feature product", "object": "Chi\\u1ec1u S\\u00e2u"}}]', 116, 1),
(810, '2020-09-10 18:45:33.352834', '58', 'ProductAttributeGroup object (58)', 1, '[{"added": {}}]', 146, 1),
(811, '2020-09-10 19:09:30.111129', '59', 'ProductAttributeGroup object (59)', 1, '[{"added": {}}]', 146, 1),
(812, '2020-09-10 19:09:49.491677', '60', 'ProductAttributeGroup object (60)', 1, '[{"added": {}}]', 146, 1),
(813, '2020-09-10 19:09:59.474983', '61', 'ProductAttributeGroup object (61)', 1, '[{"added": {}}]', 146, 1),
(814, '2020-09-10 19:10:09.677355', '62', 'ProductAttributeGroup object (62)', 1, '[{"added": {}}]', 146, 1),
(815, '2020-09-10 19:10:19.240915', '63', 'ProductAttributeGroup object (63)', 1, '[{"added": {}}]', 146, 1),
(816, '2020-09-10 19:10:28.854115', '64', 'ProductAttributeGroup object (64)', 1, '[{"added": {}}]', 146, 1),
(817, '2020-09-10 19:11:55.749672', '66', 'ProductAttributeGroup object (66)', 1, '[{"added": {}}]', 146, 1),
(818, '2020-09-10 19:13:16.266961', '43', 'ProductAttributeGroup object (43)', 2, '[{"changed": {"fields": ["product_id"]}}]', 146, 1),
(819, '2020-09-10 19:23:59.332351', '43', 'ProductAttributeGroup object (43)', 2, '[{"changed": {"fields": ["product_id"]}}]', 146, 1),
(820, '2020-09-10 19:24:23.355313', '67', 'ProductAttributeGroup object (67)', 1, '[{"added": {}}]', 146, 1),
(821, '2020-09-10 19:25:03.941502', '1', 'Áo Thun', 2, '[{"added": {"name": "product attribute", "object": "ng th\\u00eam kh\\u00e1 nhi\\u1ec1ung th\\u00eam kh\\u00e1 nhi\\u1ec1u"}}, {"changed": {"name": "product attribute", "object": "ng th\\u00eam kh\\u00e1 nhi\\u1ec1u t\\u00ednh n\\u0103ng m\\u1edbi, t\\u1eadp trung v\\u00e0o vi\\u1ec7", "fields": ["combination"]}}, {"changed": {"name": "product attribute", "object": "ng th\\u00eam kh\\u00e1 nhi\\u1ec1u t\\u00ednh n\\u0103ng m\\u1edbi, t\\u1eadp trung v\\u00e0o vi\\u1ec7", "fields": ["combination"]}}, {"changed": {"name": "product attribute", "object": "ng th\\u00eam kh\\u00e1 nhi\\u1ec1u t\\u00ednh n\\u0103ng m\\u1edbi, t\\u1eadp trung v\\u00e0o vi\\u1ec7", "fields": ["combination"]}}, {"changed": {"name": "product attribute", "object": "ng th\\u00eam kh\\u00e1 nhi\\u1ec1u", "fields": ["combination"]}}]', 116, 1),
(822, '2020-09-10 19:25:37.644065', '1', 'Áo Thun', 2, '[{"added": {"name": "feature product", "object": "Chi\\u1ec1u S\\u00e2u"}}, {"added": {"name": "product attribute", "object": "kh\\u00e1 nhi\\u1ec1u t\\u00edn kh\\u00e1 nhi\\u1ec1u t\\u00edn"}}, {"changed": {"name": "product attribute", "object": "ng th\\u00eam kh\\u00e1 nhi\\u1ec1u t\\u00ednh n\\u0103ng m\\u1edbi, t\\u1eadp trung v\\u00e0o vi\\u1ec7", "fields": ["combination"]}}, {"changed": {"name": "product attribute", "object": "ng th\\u00eam kh\\u00e1 nhi\\u1ec1u t\\u00ednh n\\u0103ng m\\u1edbi, t\\u1eadp trung v\\u00e0o vi\\u1ec7", "fields": ["combination"]}}, {"changed": {"name": "product attribute", "object": "ng th\\u00eam kh\\u00e1 nhi\\u1ec1u t\\u00ednh n\\u0103ng m\\u1edbi, t\\u1eadp trung v\\u00e0o vi\\u1ec7", "fields": ["combination"]}}, {"changed": {"name": "product attribute", "object": "ng th\\u00eam kh\\u00e1 nhi\\u1ec1u", "fields": ["combination"]}}, {"changed": {"name": "product attribute", "object": "ng th\\u00eam kh\\u00e1 nhi\\u1ec1ung th\\u00eam kh\\u00e1 nhi\\u1ec1u", "fields": ["combination"]}}]', 116, 1),
(823, '2020-09-10 19:57:20.857649', '1', 'Áo Thun', 2, '[{"changed": {"name": "product attribute", "object": "ng th\\u00eam kh\\u00e1 nhi\\u1ec1u t\\u00ednh n\\u0103ng m\\u1edbi, t\\u1eadp trung v\\u00e0o vi\\u1ec7", "fields": ["combination"]}}, {"changed": {"name": "product attribute", "object": "ng th\\u00eam kh\\u00e1 nhi\\u1ec1u t\\u00ednh n\\u0103ng m\\u1edbi, t\\u1eadp trung v\\u00e0o vi\\u1ec7", "fields": ["combination"]}}, {"changed": {"name": "product attribute", "object": "ng th\\u00eam kh\\u00e1 nhi\\u1ec1u t\\u00ednh n\\u0103ng m\\u1edbi, t\\u1eadp trung v\\u00e0o vi\\u1ec7", "fields": ["combination"]}}, {"changed": {"name": "product attribute", "object": "ng th\\u00eam kh\\u00e1 nhi\\u1ec1u", "fields": ["combination"]}}, {"changed": {"name": "product attribute", "object": "ng th\\u00eam kh\\u00e1 nhi\\u1ec1ung th\\u00eam kh\\u00e1 nhi\\u1ec1u", "fields": ["combination"]}}, {"changed": {"name": "product attribute", "object": "kh\\u00e1 nhi\\u1ec1u t\\u00edn kh\\u00e1 nhi\\u1ec1u t\\u00edn", "fields": ["combination"]}}]', 116, 1),
(824, '2020-09-10 19:58:09.032848', '1', 'Áo Thun', 2, '[{"added": {"name": "feature product", "object": "Chi\\u1ec1u D\\u1ecdc"}}, {"added": {"name": "product attribute", "object": "ng th\\u00eam kh\\u00e1 nhi\\u1ec1ung th\\u00eam kh\\u00e1"}}, {"added": {"name": "product attribute", "object": "ng th\\u00eam kh\\u00e1 nhi\\u1ec1ung th\\u00eam kh\\u00e1 ng th\\u00eam kh\\u00e1 nhi\\u1ec1ung th\\u00eam kh\\u00e1"}}, {"changed": {"name": "product attribute", "object": "ng th\\u00eam kh\\u00e1 nhi\\u1ec1u t\\u00ednh n\\u0103ng m\\u1edbi, t\\u1eadp trung v\\u00e0o vi\\u1ec7", "fields": ["combination"]}}, {"changed": {"name": "product attribute", "object": "ng th\\u00eam kh\\u00e1 nhi\\u1ec1u t\\u00ednh n\\u0103ng m\\u1edbi, t\\u1eadp trung v\\u00e0o vi\\u1ec7", "fields": ["combination"]}}, {"changed": {"name": "product attribute", "object": "ng th\\u00eam kh\\u00e1 nhi\\u1ec1u t\\u00ednh n\\u0103ng m\\u1edbi, t\\u1eadp trung v\\u00e0o vi\\u1ec7", "fields": ["combination"]}}, {"changed": {"name": "product attribute", "object": "ng th\\u00eam kh\\u00e1 nhi\\u1ec1u", "fields": ["combination"]}}, {"changed": {"name": "product attribute", "object": "ng th\\u00eam kh\\u00e1 nhi\\u1ec1ung th\\u00eam kh\\u00e1 nhi\\u1ec1u", "fields": ["combination"]}}, {"changed": {"name": "product attribute", "object": "kh\\u00e1 nhi\\u1ec1u t\\u00edn kh\\u00e1 nhi\\u1ec1u t\\u00edn", "fields": ["combination"]}}]', 116, 1),
(825, '2020-09-11 01:31:12.560372', '1', 'Áo Thun', 2, '[{"changed": {"name": "product attribute", "object": "ng th\\u00eam kh\\u00e1 nhi\\u1ec1u t\\u00ednh n\\u0103ng m\\u1edbi, t\\u1eadp trung v\\u00e0o vi\\u1ec7", "fields": ["combination"]}}, {"changed": {"name": "product attribute", "object": "ng th\\u00eam kh\\u00e1 nhi\\u1ec1u t\\u00ednh n\\u0103ng m\\u1edbi, t\\u1eadp trung v\\u00e0o vi\\u1ec7", "fields": ["combination"]}}, {"changed": {"name": "product attribute", "object": "ng th\\u00eam kh\\u00e1 nhi\\u1ec1u t\\u00ednh n\\u0103ng m\\u1edbi, t\\u1eadp trung v\\u00e0o vi\\u1ec7", "fields": ["combination"]}}, {"changed": {"name": "product attribute", "object": "ng th\\u00eam kh\\u00e1 nhi\\u1ec1u", "fields": ["combination"]}}, {"changed": {"name": "product attribute", "object": "ng th\\u00eam kh\\u00e1 nhi\\u1ec1ung th\\u00eam kh\\u00e1 nhi\\u1ec1u", "fields": ["combination"]}}, {"changed": {"name": "product attribute", "object": "kh\\u00e1 nhi\\u1ec1u t\\u00edn kh\\u00e1 nhi\\u1ec1u t\\u00edn", "fields": ["combination"]}}, {"changed": {"name": "product attribute", "object": "ng th\\u00eam kh\\u00e1 nhi\\u1ec1ung th\\u00eam kh\\u00e1", "fields": ["combination"]}}, {"changed": {"name": "product attribute", "object": "ng th\\u00eam kh\\u00e1 nhi\\u1ec1ung th\\u00eam kh\\u00e1 ng th\\u00eam kh\\u00e1 nhi\\u1ec1ung th\\u00eam kh\\u00e1", "fields": ["combination"]}}]', 116, 1);
INSERT INTO `django_admin_log` (`id`, `action_time`, `object_id`, `object_repr`, `action_flag`, `change_message`, `content_type_id`, `user_id`) VALUES
(826, '2020-09-11 01:33:14.853124', '1', 'Áo Thun', 2, '[{"changed": {"name": "product attribute", "object": "ng th\\u00eam kh\\u00e1 nhi\\u1ec1u t\\u00ednh n\\u0103ng m\\u1edbi, t\\u1eadp trung v\\u00e0o vi\\u1ec7", "fields": ["combination"]}}, {"changed": {"name": "product attribute", "object": "ng th\\u00eam kh\\u00e1 nhi\\u1ec1u t\\u00ednh n\\u0103ng m\\u1edbi, t\\u1eadp trung v\\u00e0o vi\\u1ec7", "fields": ["combination"]}}, {"changed": {"name": "product attribute", "object": "ng th\\u00eam kh\\u00e1 nhi\\u1ec1u t\\u00ednh n\\u0103ng m\\u1edbi, t\\u1eadp trung v\\u00e0o vi\\u1ec7", "fields": ["combination"]}}, {"changed": {"name": "product attribute", "object": "ng th\\u00eam kh\\u00e1 nhi\\u1ec1u", "fields": ["combination"]}}, {"changed": {"name": "product attribute", "object": "ng th\\u00eam kh\\u00e1 nhi\\u1ec1ung th\\u00eam kh\\u00e1 nhi\\u1ec1u", "fields": ["combination"]}}, {"changed": {"name": "product attribute", "object": "kh\\u00e1 nhi\\u1ec1u t\\u00edn kh\\u00e1 nhi\\u1ec1u t\\u00edn", "fields": ["combination"]}}, {"changed": {"name": "product attribute", "object": "ng th\\u00eam kh\\u00e1 nhi\\u1ec1ung th\\u00eam kh\\u00e1", "fields": ["combination"]}}, {"changed": {"name": "product attribute", "object": "ng th\\u00eam kh\\u00e1 nhi\\u1ec1ung th\\u00eam kh\\u00e1 ng th\\u00eam kh\\u00e1 nhi\\u1ec1ung th\\u00eam kh\\u00e1", "fields": ["combination"]}}]', 116, 1),
(827, '2020-09-11 01:36:30.804054', '1', 'Áo Thun', 2, '[{"changed": {"name": "product attribute", "object": "ng th\\u00eam kh\\u00e1 nhi\\u1ec1u t\\u00ednh n\\u0103ng m\\u1edbi, t\\u1eadp trung v\\u00e0o vi\\u1ec7", "fields": ["combination"]}}, {"changed": {"name": "product attribute", "object": "ng th\\u00eam kh\\u00e1 nhi\\u1ec1u t\\u00ednh n\\u0103ng m\\u1edbi, t\\u1eadp trung v\\u00e0o vi\\u1ec7", "fields": ["combination"]}}, {"changed": {"name": "product attribute", "object": "ng th\\u00eam kh\\u00e1 nhi\\u1ec1u t\\u00ednh n\\u0103ng m\\u1edbi, t\\u1eadp trung v\\u00e0o vi\\u1ec7", "fields": ["combination"]}}, {"changed": {"name": "product attribute", "object": "ng th\\u00eam kh\\u00e1 nhi\\u1ec1u", "fields": ["combination"]}}, {"changed": {"name": "product attribute", "object": "ng th\\u00eam kh\\u00e1 nhi\\u1ec1ung th\\u00eam kh\\u00e1 nhi\\u1ec1u", "fields": ["combination"]}}, {"changed": {"name": "product attribute", "object": "kh\\u00e1 nhi\\u1ec1u t\\u00edn kh\\u00e1 nhi\\u1ec1u t\\u00edn", "fields": ["combination"]}}, {"changed": {"name": "product attribute", "object": "ng th\\u00eam kh\\u00e1 nhi\\u1ec1ung th\\u00eam kh\\u00e1", "fields": ["combination"]}}, {"changed": {"name": "product attribute", "object": "ng th\\u00eam kh\\u00e1 nhi\\u1ec1ung th\\u00eam kh\\u00e1 ng th\\u00eam kh\\u00e1 nhi\\u1ec1ung th\\u00eam kh\\u00e1", "fields": ["combination"]}}]', 116, 1),
(828, '2020-09-11 01:40:20.207801', '1', 'Áo Thun', 2, '[{"changed": {"name": "product attribute", "object": "ng th\\u00eam kh\\u00e1 nhi\\u1ec1u t\\u00ednh n\\u0103ng m\\u1edbi, t\\u1eadp trung v\\u00e0o vi\\u1ec7", "fields": ["Upload an image", "combination"]}}, {"changed": {"name": "product attribute", "object": "ng th\\u00eam kh\\u00e1 nhi\\u1ec1u t\\u00ednh n\\u0103ng m\\u1edbi, t\\u1eadp trung v\\u00e0o vi\\u1ec7", "fields": ["Upload an image", "combination"]}}, {"changed": {"name": "product attribute", "object": "ng th\\u00eam kh\\u00e1 nhi\\u1ec1u t\\u00ednh n\\u0103ng m\\u1edbi, t\\u1eadp trung v\\u00e0o vi\\u1ec7", "fields": ["Upload an image", "combination"]}}, {"changed": {"name": "product attribute", "object": "ng th\\u00eam kh\\u00e1 nhi\\u1ec1u", "fields": ["Upload an image", "combination"]}}, {"changed": {"name": "product attribute", "object": "ng th\\u00eam kh\\u00e1 nhi\\u1ec1ung th\\u00eam kh\\u00e1 nhi\\u1ec1u", "fields": ["Upload an image", "combination"]}}, {"changed": {"name": "product attribute", "object": "kh\\u00e1 nhi\\u1ec1u t\\u00edn kh\\u00e1 nhi\\u1ec1u t\\u00edn", "fields": ["Upload an image", "combination"]}}, {"changed": {"name": "product attribute", "object": "ng th\\u00eam kh\\u00e1 nhi\\u1ec1ung th\\u00eam kh\\u00e1", "fields": ["Upload an image", "combination"]}}, {"changed": {"name": "product attribute", "object": "ng th\\u00eam kh\\u00e1 nhi\\u1ec1ung th\\u00eam kh\\u00e1 ng th\\u00eam kh\\u00e1 nhi\\u1ec1ung th\\u00eam kh\\u00e1", "fields": ["Upload an image", "combination"]}}]', 116, 1),
(829, '2020-09-11 02:25:52.040423', '5', 'Intel và NVIDIA coi chừng', 1, '[{"added": {}}]', 116, 1),
(830, '2020-09-11 02:31:42.971476', '5', 'Intel và NVIDIA coi chừng', 2, '[{"added": {"name": "feature product", "object": "k\\u00edch Th\\u01b0\\u1edbc NxDxS"}}]', 116, 1),
(831, '2020-09-11 02:33:16.344773', '5', 'Intel và NVIDIA coi chừng', 2, '[{"added": {"name": "feature product", "object": "Ch\\u1ea5t li\\u1ec7u"}}]', 116, 1),
(832, '2020-09-11 02:33:31.448799', '5', 'Intel và NVIDIA coi chừng', 2, '[{"added": {"name": "feature product", "object": "Chi\\u1ec1u Ngang"}}, {"added": {"name": "feature product", "object": "Chi\\u1ec1u D\\u1ecdc"}}, {"added": {"name": "feature product", "object": "Chi\\u1ec1u S\\u00e2u"}}]', 116, 1),
(833, '2020-09-11 02:33:48.433952', '68', 'ProductAttributeGroup object (68)', 1, '[{"added": {}}]', 146, 1),
(834, '2020-09-11 02:33:54.497726', '69', 'ProductAttributeGroup object (69)', 1, '[{"added": {}}]', 146, 1),
(835, '2020-09-11 02:34:01.218044', '70', 'ProductAttributeGroup object (70)', 1, '[{"added": {}}]', 146, 1),
(836, '2020-09-11 02:40:47.733945', '5', 'Intel và NVIDIA coi chừng', 2, '[{"added": {"name": "product attribute", "object": "Ra m\\u1eaft laptop Acer Aspire 5 d\\u00f9ng Intel Core 10,"}}, {"added": {"name": "product attribute", "object": "card \\u0111\\u1ed3 h\\u1ecda r\\u1eddi NVIDIA"}}, {"added": {"name": "product attribute", "object": "Acer Aspire 5 d\\u00f9ng Intel C"}}]', 116, 1),
(837, '2020-09-11 02:43:00.982951', '51', 'card đồ họa rời NVIDIA', 2, '[{"changed": {"fields": ["Upload an image", "combination"]}}]', 117, 1),
(838, '2020-09-11 03:35:39.715090', '52', 'Acer Aspire 5 dùng Intel C', 2, '[{"changed": {"fields": ["Upload an image", "combination"]}}]', 117, 1),
(839, '2020-09-11 03:36:27.315181', '52', 'Acer Aspire 5 dùng Intel C', 2, '[{"changed": {"fields": ["Upload an image", "combination"]}}]', 117, 1),
(840, '2020-09-11 03:39:51.218296', '52', 'Acer Aspire 5 dùng Intel C', 2, '[{"changed": {"fields": ["Upload an image", "combination"]}}]', 117, 1),
(841, '2020-09-11 03:42:48.592033', '1', 'Áo Thun', 2, '[{"changed": {"name": "product attribute", "object": "ng th\\u00eam kh\\u00e1 nhi\\u1ec1u t\\u00ednh n\\u0103ng m\\u1edbi, t\\u1eadp trung v\\u00e0o vi\\u1ec7", "fields": ["Upload an image", "combination"]}}, {"changed": {"name": "product attribute", "object": "ng th\\u00eam kh\\u00e1 nhi\\u1ec1u t\\u00ednh n\\u0103ng m\\u1edbi, t\\u1eadp trung v\\u00e0o vi\\u1ec7", "fields": ["Upload an image", "combination"]}}, {"changed": {"name": "product attribute", "object": "ng th\\u00eam kh\\u00e1 nhi\\u1ec1u t\\u00ednh n\\u0103ng m\\u1edbi, t\\u1eadp trung v\\u00e0o vi\\u1ec7", "fields": ["Upload an image", "combination"]}}, {"changed": {"name": "product attribute", "object": "ng th\\u00eam kh\\u00e1 nhi\\u1ec1u", "fields": ["Upload an image", "combination"]}}, {"changed": {"name": "product attribute", "object": "ng th\\u00eam kh\\u00e1 nhi\\u1ec1ung th\\u00eam kh\\u00e1 nhi\\u1ec1u", "fields": ["Upload an image", "combination"]}}, {"changed": {"name": "product attribute", "object": "kh\\u00e1 nhi\\u1ec1u t\\u00edn kh\\u00e1 nhi\\u1ec1u t\\u00edn", "fields": ["Upload an image", "combination"]}}, {"changed": {"name": "product attribute", "object": "ng th\\u00eam kh\\u00e1 nhi\\u1ec1ung th\\u00eam kh\\u00e1", "fields": ["Upload an image", "combination"]}}, {"changed": {"name": "product attribute", "object": "ng th\\u00eam kh\\u00e1 nhi\\u1ec1ung th\\u00eam kh\\u00e1 ng th\\u00eam kh\\u00e1 nhi\\u1ec1ung th\\u00eam kh\\u00e1", "fields": ["Upload an image", "combination"]}}]', 116, 1),
(842, '2020-09-11 03:44:20.093861', '2', 'Quần Jean', 2, '[{"added": {"name": "product attribute", "object": "c\\u00e1ch Androh\\u1ea5t l\\u00e0 ch\\u1ea5t l\\u00e0 c"}}, {"added": {"name": "product attribute", "object": "c\\u00e1ch Androh\\u1ea5t l\\u00e0 ch\\u1ea5t l\\u00e0 cc\\u00e1ch Androh\\u1ea5t l\\u00e0 ch\\u1ea5t l\\u00e0 c"}}, {"added": {"name": "product attribute", "object": "h\\u1ea5t l\\u00e0 c\\u00e1ch Androhh\\u1ea5t l\\u00e0 c\\u00e1ch Androh"}}, {"added": {"name": "product attribute", "object": "h\\u1ea5t l\\u00e0 c\\u00e1ch Androh"}}, {"added": {"name": "product attribute", "object": "h\\u1ea5t l\\u00e0 c\\u00e1ch Androhh\\u1ea5t l\\u00e0 c\\u00e1ch Androhh\\u1ea5t l\\u00e0 c\\u00e1ch Androh"}}, {"changed": {"name": "product attribute", "object": "h\\u1ea5t l\\u00e0 c\\u00e1ch Andro", "fields": ["Upload an image", "combination"]}}, {"changed": {"name": "product attribute", "object": "h\\u1ea5t l\\u00e0 c\\u00e1ch Androh\\u1ea5t l\\u00e0 c\\u00e1ch Andro", "fields": ["Upload an image", "combination"]}}, {"changed": {"name": "product attribute", "object": "h\\u1ea5t l\\u00e0 c\\u00e1ch Androh\\u1ea5t l\\u00e0 ch\\u1ea5t l\\u00e0 c\\u00e1ch Androh\\u1ea5t l\\u00e0 c", "fields": ["Upload an image", "combination"]}}, {"changed": {"name": "product attribute", "object": "h\\u1ea5t l\\u00e0 c\\u00e1ch Androh\\u1ea5t l\\u00e0 c", "fields": ["Upload an image", "combination"]}}]', 116, 1),
(843, '2020-09-11 03:45:23.124355', '2', 'Quần Jean', 2, '[{"changed": {"name": "product attribute", "object": "h\\u1ea5t l\\u00e0 c\\u00e1ch Andro", "fields": ["Upload an image", "combination"]}}, {"changed": {"name": "product attribute", "object": "h\\u1ea5t l\\u00e0 c\\u00e1ch Androh\\u1ea5t l\\u00e0 c\\u00e1ch Andro", "fields": ["Upload an image", "combination"]}}, {"changed": {"name": "product attribute", "object": "h\\u1ea5t l\\u00e0 c\\u00e1ch Androh\\u1ea5t l\\u00e0 ch\\u1ea5t l\\u00e0 c\\u00e1ch Androh\\u1ea5t l\\u00e0 c", "fields": ["Upload an image", "combination"]}}, {"changed": {"name": "product attribute", "object": "h\\u1ea5t l\\u00e0 c\\u00e1ch Androh\\u1ea5t l\\u00e0 c", "fields": ["Upload an image", "combination"]}}, {"changed": {"name": "product attribute", "object": "c\\u00e1ch Androh\\u1ea5t l\\u00e0 ch\\u1ea5t l\\u00e0 c", "fields": ["Upload an image", "combination"]}}, {"changed": {"name": "product attribute", "object": "c\\u00e1ch Androh\\u1ea5t l\\u00e0 ch\\u1ea5t l\\u00e0 cc\\u00e1ch Androh\\u1ea5t l\\u00e0 ch\\u1ea5t l\\u00e0 c", "fields": ["Upload an image", "combination"]}}, {"changed": {"name": "product attribute", "object": "h\\u1ea5t l\\u00e0 c\\u00e1ch Androhh\\u1ea5t l\\u00e0 c\\u00e1ch Androh", "fields": ["Upload an image", "combination"]}}, {"changed": {"name": "product attribute", "object": "h\\u1ea5t l\\u00e0 c\\u00e1ch Androh", "fields": ["Upload an image", "combination"]}}, {"changed": {"name": "product attribute", "object": "h\\u1ea5t l\\u00e0 c\\u00e1ch Androhh\\u1ea5t l\\u00e0 c\\u00e1ch Androhh\\u1ea5t l\\u00e0 c\\u00e1ch Androh", "fields": ["Upload an image", "combination"]}}]', 116, 1),
(844, '2020-09-11 03:47:01.705162', '3', 'Quần Kaki', 2, '[{"added": {"name": "product attribute", "object": "ate my own storage that will just not save the file to the dis"}}, {"added": {"name": "product attribute", "object": "t will just not save the file"}}, {"added": {"name": "product attribute", "object": "t will just not save the file t will just not save the file"}}, {"added": {"name": "product attribute", "object": "file t will just not sa file t will just not sa"}}, {"added": {"name": "product attribute", "object": "t will just not sa file t will just n"}}, {"changed": {"name": "product attribute", "object": "u kh\\u00e1c bi\\u1ec7t v\\u1ec1 thi\\u1ebft k\\u1ebf,", "fields": ["Upload an image", "combination"]}}, {"changed": {"name": "product attribute", "object": "\\u1ec7tu kh\\u00e1c bi\\u1ec7t v\\u1ec1 thi\\u1ebft k\\u1ebf,u kh\\u00e1c bi v\\u1ec1 thi\\u1ebft k\\u1ebf,", "fields": ["Upload an image", "combination"]}}, {"changed": {"name": "product attribute", "object": "u kh\\u00e1c bi\\u1ec7t v\\u1ec1 thi\\u1ebft k\\u1ebf,u kh\\u00e1c bi", "fields": ["Upload an image", "combination"]}}, {"changed": {"name": "product attribute", "object": "t k\\u1ebf,u kh\\u00e1c t k\\u1ebf,u kh\\u00e1c t k\\u1ebf,u kh\\u00e1c", "fields": ["Upload an image", "combination"]}}, {"changed": {"name": "product attribute", "object": "t k\\u1ebf,u kh\\u00e1c t k\\u1ebf,u kh\\u00e1c", "fields": ["Upload an image", "combination"]}}, {"changed": {"name": "product attribute", "object": "t k\\u1ebf,u kh\\u00e1c", "fields": ["Upload an image", "combination"]}}, {"changed": {"name": "product attribute", "object": "thi\\u1ebft k\\u1ebf,u kh\\u00e1c bi", "fields": ["Upload an image", "combination"]}}]', 116, 1),
(845, '2020-09-11 03:50:42.689408', '4', 'camera trên iPhone không thể chụp', 2, '[{"added": {"name": "product attribute", "object": "sao camera tr\\u00ean iPhone"}}, {"added": {"name": "product attribute", "object": "sao camera tr\\u00ean iPhonesao camera tr\\u00ean iPhone"}}, {"added": {"name": "product attribute", "object": "sao camera tr\\u00ean iPhonesao camera tr\\u00ean iPhonesao camera tr\\u00ean iPhone"}}, {"added": {"name": "product attribute", "object": "iPhonesao camera tr\\u00ean iPho"}}, {"added": {"name": "product attribute", "object": "iPhonesao camera tr\\u00ean iPho iPhonesao camera tr\\u00ean iPho"}}, {"added": {"name": "product attribute", "object": "p b\\u1ea1n ch\\u1ee5p \\u1ea3nh \\u0111\\u1eb9p, nh\\u01b0ng kh\\u00f4ng"}}, {"added": {"name": "product attribute", "object": "p b\\u1ea1n ch\\u1ee5p \\u1ea3nh \\u0111\\u1eb9p, nh\\u01b0ng kh\\u00f4ngp b\\u1ea1n ch\\u1ee5p \\u1ea3nh \\u0111\\u1eb9p, nh\\u01b0ng kh\\u00f4ng"}}, {"added": {"name": "product attribute", "object": "mera c\\u1ee7a Apple gi\\u00fap b\\u1ea1n ch\\u1ee5p \\u1ea3"}}, {"added": {"name": "product attribute", "object": "mera c\\u1ee7a Apple gi\\u00fap b\\u1ea1n ch\\u1ee5p \\u1ea3mera c\\u1ee7a Apple gi\\u00fap b\\u1ea1n ch\\u1ee5p \\u1ea3"}}, {"added": {"name": "product attribute", "object": "mera c\\u1ee7a Apple gi\\u00fap b\\u1ea1n ch\\u1ee5p \\u1ea3mera c\\u1ee7a Apple gi\\u00fap b\\u1ea1n ch\\u1ee5p \\u1ea3mera c\\u1ee7a Apple gi\\u00fap b\\u1ea1n ch\\u1ee5p \\u1ea3"}}, {"added": {"name": "product attribute", "object": "\\u1ec3n sang t\\u00f4ng m\\u00e0u \\u0111\\u1ecf tr\\u1ea7m. Nguy\\u00ean nh\\u00e2n \\u0111\\u01b0\\u1ee3c cho l\\u00e0 v\\u00ec c"}}, {"added": {"name": "product attribute", "object": "\\u1ec3n sang t\\u00f4ng m\\u00e0u \\u0111\\u1ecf tr\\u1ea7m. Nguy\\u00ean nh\\u00e2n \\u0111\\u01b0\\u1ee3c cho l\\u00e0 v\\u00ec c\\u1ec3n sang t\\u00f4ng m\\u00e0u \\u0111\\u1ecf tr\\u1ea7m. Nguy\\u00ean nh\\u00e2n \\u0111\\u01b0\\u1ee3c cho l\\u00e0 v\\u00ec c"}}, {"added": {"name": "product attribute", "object": "\\u1ea7m. Nguy\\u00ean nh\\u00e2n \\u0111\\u01b0\\u1ee3c cho l\\u00e0 v\\u00ec c"}}, {"added": {"name": "product attribute", "object": "\\u1ea7m. Nguy\\u00ean nh\\u00e2n \\u0111\\u01b0\\u1ee3c cho l\\u00e0 v\\u00ec c\\u1ea7m. Nguy\\u00ean nh\\u00e2n \\u0111\\u01b0\\u1ee3c cho l\\u00e0 v\\u00ec c"}}, {"added": {"name": "product attribute", "object": "ra b\\u1edfi hi\\u1ec7n t\\u01b0\\u1ee3ng c\\u00f3 t\\u00ean \\"t\\u00e1n x\\u1ea1 Rayleigh\\", do c\\u00e1c ph\\u00e2"}}, {"added": {"name": "product attribute", "object": "ra b\\u1edfi hi\\u1ec7n t\\u01b0\\u1ee3ng c\\u00f3 t\\u00ean \\"t\\u00e1n x\\u1ea1 Rayleigh\\", do c\\u00e1c ph\\u00e2"}}]', 116, 1),
(846, '2020-09-11 03:54:47.470571', '47', 'khá nhiều tín khá nhiều tín', 2, '[{"changed": {"fields": ["Upload an image", "combination"]}}]', 117, 1),
(847, '2020-09-11 04:14:35.014317', '21', 'ng thêm khá nhiều tính năng mới, tập trung vào việ', 2, '[{"changed": {"fields": ["Upload an image", "combination"]}}]', 117, 1),
(848, '2020-09-11 04:15:01.175464', '48', 'ng thêm khá nhiềung thêm khá', 2, '[{"changed": {"fields": ["Upload an image", "combination"]}}]', 117, 1),
(849, '2020-09-11 04:15:08.206062', '49', 'ng thêm khá nhiềung thêm khá ng thêm khá nhiềung thêm khá', 2, '[{"changed": {"fields": ["Upload an image", "combination"]}}]', 117, 1),
(850, '2020-09-11 04:15:15.342796', '46', 'ng thêm khá nhiềung thêm khá nhiều', 2, '[{"changed": {"fields": ["Upload an image", "combination"]}}]', 117, 1),
(851, '2020-09-11 04:15:30.237723', '48', 'ng thêm khá nhiềung thêm khá', 2, '[{"changed": {"fields": ["Upload an image", "combination"]}}]', 117, 1),
(852, '2020-09-11 05:36:40.415680', '45', 'hất là cách Androhất là c', 2, '[{"changed": {"fields": ["Upload an image", "combination"]}}]', 117, 1),
(853, '2020-09-11 05:36:51.963419', '46', 'ng thêm khá nhiềung thêm khá nhiều', 2, '[{"changed": {"fields": ["Upload an image", "combination"]}}]', 117, 1),
(854, '2020-09-11 06:50:22.853248', '51', 'card đồ họa rời NVIDIA', 2, '[{"changed": {"fields": ["Upload an image", "combination"]}}]', 117, 1),
(855, '2020-09-11 06:50:52.509179', '53', 'cách Androhất là chất là c', 2, '[{"changed": {"fields": ["Upload an image", "combination"]}}]', 117, 1),
(856, '2020-09-11 06:51:32.180767', '64', 'sao camera trên iPhonesao camera trên iPhone', 2, '[{"changed": {"fields": ["Upload an image", "combination"]}}]', 117, 1),
(857, '2020-09-11 07:03:19.252782', '43', 'ng thêm khá nhiều', 2, '[{"changed": {"fields": ["combination"]}}]', 117, 1),
(858, '2020-09-14 02:09:38.790187', '2', 'Bootstrap', 2, '[]', 144, 1),
(859, '2020-09-14 02:10:02.621375', '2', 'Bootstrap', 2, '[]', 144, 1),
(860, '2020-09-14 02:40:36.469074', '4', 'camera trên iPhone không thể chụp', 2, '[{"changed": {"name": "product attribute", "object": "sao camera tr\\u00ean iPhone", "fields": ["combination"]}}, {"changed": {"name": "product attribute", "object": "sao camera tr\\u00ean iPhonesao camera tr\\u00ean iPhone", "fields": ["combination"]}}, {"changed": {"name": "product attribute", "object": "sao camera tr\\u00ean iPhonesao camera tr\\u00ean iPhonesao camera tr\\u00ean iPhone", "fields": ["combination"]}}, {"changed": {"name": "product attribute", "object": "iPhonesao camera tr\\u00ean iPho", "fields": ["combination"]}}, {"changed": {"name": "product attribute", "object": "iPhonesao camera tr\\u00ean iPho iPhonesao camera tr\\u00ean iPho", "fields": ["combination"]}}, {"changed": {"name": "product attribute", "object": "p b\\u1ea1n ch\\u1ee5p \\u1ea3nh \\u0111\\u1eb9p, nh\\u01b0ng kh\\u00f4ng", "fields": ["combination"]}}, {"changed": {"name": "product attribute", "object": "p b\\u1ea1n ch\\u1ee5p \\u1ea3nh \\u0111\\u1eb9p, nh\\u01b0ng kh\\u00f4ngp b\\u1ea1n ch\\u1ee5p \\u1ea3nh \\u0111\\u1eb9p, nh\\u01b0ng kh\\u00f4ng", "fields": ["combination"]}}, {"changed": {"name": "product attribute", "object": "mera c\\u1ee7a Apple gi\\u00fap b\\u1ea1n ch\\u1ee5p \\u1ea3", "fields": ["combination"]}}, {"changed": {"name": "product attribute", "object": "mera c\\u1ee7a Apple gi\\u00fap b\\u1ea1n ch\\u1ee5p \\u1ea3mera c\\u1ee7a Apple gi\\u00fap b\\u1ea1n ch\\u1ee5p \\u1ea3", "fields": ["combination"]}}, {"changed": {"name": "product attribute", "object": "mera c\\u1ee7a Apple gi\\u00fap b\\u1ea1n ch\\u1ee5p \\u1ea3mera c\\u1ee7a Apple gi\\u00fap b\\u1ea1n ch\\u1ee5p \\u1ea3mera c\\u1ee7a Apple gi\\u00fap b\\u1ea1n ch\\u1ee5p \\u1ea3", "fields": ["combination"]}}, {"changed": {"name": "product attribute", "object": "\\u1ec3n sang t\\u00f4ng m\\u00e0u \\u0111\\u1ecf tr\\u1ea7m. Nguy\\u00ean nh\\u00e2n \\u0111\\u01b0\\u1ee3c cho l\\u00e0 v\\u00ec c", "fields": ["combination"]}}, {"changed": {"name": "product attribute", "object": "\\u1ec3n sang t\\u00f4ng m\\u00e0u \\u0111\\u1ecf tr\\u1ea7m. Nguy\\u00ean nh\\u00e2n \\u0111\\u01b0\\u1ee3c cho l\\u00e0 v\\u00ec c\\u1ec3n sang t\\u00f4ng m\\u00e0u \\u0111\\u1ecf tr\\u1ea7m. Nguy\\u00ean nh\\u00e2n \\u0111\\u01b0\\u1ee3c cho l\\u00e0 v\\u00ec c", "fields": ["combination"]}}, {"changed": {"name": "product attribute", "object": "\\u1ea7m. Nguy\\u00ean nh\\u00e2n \\u0111\\u01b0\\u1ee3c cho l\\u00e0 v\\u00ec c", "fields": ["combination"]}}, {"changed": {"name": "product attribute", "object": "\\u1ea7m. Nguy\\u00ean nh\\u00e2n \\u0111\\u01b0\\u1ee3c cho l\\u00e0 v\\u00ec c\\u1ea7m. Nguy\\u00ean nh\\u00e2n \\u0111\\u01b0\\u1ee3c cho l\\u00e0 v\\u00ec c", "fields": ["combination"]}}, {"changed": {"name": "product attribute", "object": "ra b\\u1edfi hi\\u1ec7n t\\u01b0\\u1ee3ng c\\u00f3 t\\u00ean \\"t\\u00e1n x\\u1ea1 Rayleigh\\", do c\\u00e1c ph\\u00e2", "fields": ["combination"]}}, {"changed": {"name": "product attribute", "object": "ra b\\u1edfi hi\\u1ec7n t\\u01b0\\u1ee3ng c\\u00f3 t\\u00ean \\"t\\u00e1n x\\u1ea1 Rayleigh\\", do c\\u00e1c ph\\u00e2", "fields": ["combination"]}}]', 116, 1),
(861, '2020-09-14 02:45:16.533023', '1', 'Django', 2, '[{"changed": {"fields": ["Active"]}}]', 144, 1),
(862, '2020-09-14 02:45:32.784914', '3', 'USWDS', 2, '[{"changed": {"fields": ["Active"]}}]', 144, 1),
(863, '2020-09-14 02:45:42.634014', '2', 'Bootstrap', 2, '[{"changed": {"fields": ["Active"]}}]', 144, 1),
(864, '2020-09-14 02:46:32.636926', '2', 'Bootstrap', 2, '[{"changed": {"fields": ["Logo"]}}]', 144, 1),
(865, '2020-09-14 02:47:29.041060', '2', 'Bootstrap', 2, '[{"changed": {"fields": ["Logo"]}}]', 144, 1),
(866, '2020-09-14 02:48:32.953566', '2', 'Bootstrap', 2, '[{"changed": {"fields": ["Logo"]}}]', 144, 1),
(867, '2020-09-14 02:48:50.714310', '2', 'Bootstrap', 2, '[{"changed": {"fields": ["Display"]}}]', 144, 1),
(868, '2020-09-14 02:49:49.195000', '2', 'Bootstrap', 2, '[{"changed": {"fields": ["Title"]}}]', 144, 1),
(869, '2020-09-14 02:50:26.682182', '2', 'Bootstrap', 2, '[{"changed": {"fields": ["Name"]}}]', 144, 1),
(870, '2020-09-14 06:00:42.895568', '47', 'khá nhiều tín khá nhiều tín', 2, '[{"changed": {"fields": ["combination"]}}]', 117, 1),
(871, '2020-09-14 06:00:46.310392', '47', 'khá nhiều tín khá nhiều tín', 2, '[{"changed": {"fields": ["combination"]}}]', 117, 1),
(872, '2020-09-14 08:20:13.767765', '47', 'khá nhiều tín khá nhiều tín', 2, '[{"changed": {"fields": ["Cover image", "combination"]}}]', 117, 1),
(873, '2020-09-14 08:20:37.853142', '47', 'khá nhiều tín khá nhiều tín', 2, '[{"changed": {"fields": ["combination"]}}]', 117, 1),
(874, '2020-09-14 09:08:27.773117', '47', 'khá nhiều tín khá nhiều tín', 2, '[{"changed": {"fields": ["Alt Cover image", "combination"]}}]', 117, 1),
(875, '2020-09-14 09:09:36.041264', '47', 'khá nhiều tín khá nhiều tín', 2, '[{"changed": {"fields": ["Alt Cover image", "combination"]}}]', 117, 1),
(876, '2020-09-14 14:14:35.176045', '47', 'khá nhiều tín khá nhiều tín', 2, '[{"changed": {"fields": ["Alt Cover image", "combination"]}}]', 117, 1),
(877, '2020-09-14 14:17:04.076074', '47', 'khá nhiều tín khá nhiều tín', 2, '[{"changed": {"fields": ["Alt Cover image", "combination"]}}]', 117, 1),
(878, '2020-09-14 15:23:03.706376', '47', 'khá nhiều tín khá nhiều tín', 2, '[{"changed": {"fields": ["Cover image", "Alt Cover image", "combination"]}}]', 117, 1),
(879, '2020-09-14 15:41:15.145402', '47', 'khá nhiều tín khá nhiều tín', 2, '[{"changed": {"fields": ["Cover image", "Alt Cover image", "combination"]}}]', 117, 1),
(880, '2020-09-14 16:15:38.145961', '47', 'khá nhiều tín khá nhiều tín', 2, '[{"changed": {"fields": ["Cover image", "Alt Cover image", "combination"]}}]', 117, 1),
(881, '2020-09-14 16:15:59.389906', '47', 'khá nhiều tín khá nhiều tín', 2, '[{"changed": {"fields": ["Cover image", "Alt Cover image", "Slider an image 1", "combination"]}}]', 117, 1),
(882, '2020-09-14 16:23:54.503416', '47', 'khá nhiều tín khá nhiều tín', 2, '[{"changed": {"fields": ["Slider an image 1", "Slider an image 2", "Slider an image 3", "Slider an image 4", "combination"]}}]', 117, 1),
(883, '2020-09-14 16:25:29.706541', '47', 'khá nhiều tín khá nhiều tín', 2, '[{"changed": {"fields": ["Cover image", "Alt Cover image", "Slider an image 1", "Slider an image 2", "Slider an image 3", "Slider an image 4", "combination"]}}]', 117, 1),
(884, '2020-09-14 16:27:03.494124', '47', 'khá nhiều tín khá nhiều tín', 2, '[{"changed": {"fields": ["Alt Cover image", "combination"]}}]', 117, 1),
(885, '2020-09-14 16:28:14.230273', '47', 'khá nhiều tín khá nhiều tín', 2, '[{"changed": {"fields": ["Alt Cover image", "combination"]}}]', 117, 1),
(886, '2020-09-14 16:37:44.276311', '47', 'khá nhiều tín khá nhiều tín', 2, '[{"changed": {"fields": ["Alt Cover image", "Slider an image 1", "Slider an image 2", "Slider an image 3", "Slider an image 4", "combination"]}}]', 117, 1),
(887, '2020-09-14 16:39:31.088523', '47', 'khá nhiều tín khá nhiều tín', 2, '[{"changed": {"fields": ["Cover image", "Alt Cover image", "Slider an image 1", "Slider an image 2", "Slider an image 3", "Slider an image 4", "combination"]}}]', 117, 1),
(888, '2020-09-14 16:47:56.885090', '43', 'ng thêm khá nhiều', 2, '[{"changed": {"fields": ["Cover image", "Alt Cover image", "Slider an image 1", "Slider an image 2", "Slider an image 3", "Slider an image 4", "combination"]}}]', 117, 1),
(889, '2020-09-14 16:48:52.789355', '18', 'ng thêm khá nhiều tính năng mới, tập trung vào việ', 2, '[{"changed": {"fields": ["Cover image", "Alt Cover image", "Slider an image 1", "Slider an image 2", "Slider an image 3", "Slider an image 4", "combination"]}}]', 117, 1),
(890, '2020-09-14 17:01:41.910632', '19', 'ng thêm khá nhiều tính năng mới, tập trung vào việ', 2, '[{"changed": {"fields": ["Cover image", "Alt Cover image", "Slider an image 1", "Slider an image 2", "Slider an image 3", "Slider an image 4", "combination"]}}]', 117, 1),
(891, '2020-09-14 17:37:43.213262', '47', 'khá nhiều tín khá nhiều tín', 2, '[{"changed": {"fields": ["Cover image", "combination"]}}]', 117, 1),
(892, '2020-09-14 17:38:26.398422', '47', 'khá nhiều tín khá nhiều tín', 2, '[{"changed": {"fields": ["Cover image", "combination"]}}]', 117, 1),
(893, '2020-09-14 17:57:51.920337', '1', 'Áo Thun', 2, '[{"changed": {"name": "product attribute", "object": "ng th\\u00eam kh\\u00e1 nhi\\u1ec1u t\\u00ednh n\\u0103ng m\\u1edbi, t\\u1eadp trung v\\u00e0o vi\\u1ec7", "fields": ["Upload an image", "combination"]}}, {"changed": {"name": "product attribute", "object": "ng th\\u00eam kh\\u00e1 nhi\\u1ec1u t\\u00ednh n\\u0103ng m\\u1edbi, t\\u1eadp trung v\\u00e0o vi\\u1ec7", "fields": ["Upload an image", "combination"]}}, {"changed": {"name": "product attribute", "object": "ng th\\u00eam kh\\u00e1 nhi\\u1ec1u t\\u00ednh n\\u0103ng m\\u1edbi, t\\u1eadp trung v\\u00e0o vi\\u1ec7", "fields": ["Upload an image", "combination"]}}, {"changed": {"name": "product attribute", "object": "ng th\\u00eam kh\\u00e1 nhi\\u1ec1u", "fields": ["Upload an image", "combination"]}}, {"changed": {"name": "product attribute", "object": "ng th\\u00eam kh\\u00e1 nhi\\u1ec1ung th\\u00eam kh\\u00e1 nhi\\u1ec1u", "fields": ["Upload an image", "combination"]}}, {"changed": {"name": "product attribute", "object": "kh\\u00e1 nhi\\u1ec1u t\\u00edn kh\\u00e1 nhi\\u1ec1u t\\u00edn", "fields": ["Upload an image", "combination"]}}, {"changed": {"name": "product attribute", "object": "ng th\\u00eam kh\\u00e1 nhi\\u1ec1ung th\\u00eam kh\\u00e1", "fields": ["Upload an image", "combination"]}}, {"changed": {"name": "product attribute", "object": "ng th\\u00eam kh\\u00e1 nhi\\u1ec1ung th\\u00eam kh\\u00e1 ng th\\u00eam kh\\u00e1 nhi\\u1ec1ung th\\u00eam kh\\u00e1", "fields": ["Upload an image", "combination"]}}]', 116, 1),
(894, '2020-09-14 18:00:05.798819', '1', 'Áo Thun', 2, '[{"changed": {"name": "product attribute", "object": "ng th\\u00eam kh\\u00e1 nhi\\u1ec1u t\\u00ednh n\\u0103ng m\\u1edbi, t\\u1eadp trung v\\u00e0o vi\\u1ec7", "fields": ["Upload an image", "combination"]}}, {"changed": {"name": "product attribute", "object": "ng th\\u00eam kh\\u00e1 nhi\\u1ec1u t\\u00ednh n\\u0103ng m\\u1edbi, t\\u1eadp trung v\\u00e0o vi\\u1ec7", "fields": ["combination"]}}, {"changed": {"name": "product attribute", "object": "ng th\\u00eam kh\\u00e1 nhi\\u1ec1u t\\u00ednh n\\u0103ng m\\u1edbi, t\\u1eadp trung v\\u00e0o vi\\u1ec7", "fields": ["combination"]}}, {"changed": {"name": "product attribute", "object": "ng th\\u00eam kh\\u00e1 nhi\\u1ec1u", "fields": ["combination"]}}, {"changed": {"name": "product attribute", "object": "ng th\\u00eam kh\\u00e1 nhi\\u1ec1ung th\\u00eam kh\\u00e1 nhi\\u1ec1u", "fields": ["combination"]}}, {"changed": {"name": "product attribute", "object": "kh\\u00e1 nhi\\u1ec1u t\\u00edn kh\\u00e1 nhi\\u1ec1u t\\u00edn", "fields": ["combination"]}}, {"changed": {"name": "product attribute", "object": "ng th\\u00eam kh\\u00e1 nhi\\u1ec1ung th\\u00eam kh\\u00e1", "fields": ["combination"]}}, {"changed": {"name": "product attribute", "object": "ng th\\u00eam kh\\u00e1 nhi\\u1ec1ung th\\u00eam kh\\u00e1 ng th\\u00eam kh\\u00e1 nhi\\u1ec1ung th\\u00eam kh\\u00e1", "fields": ["combination"]}}]', 116, 1),
(895, '2020-09-14 18:03:08.058541', '75', 'ầm. Nguyên nhân được cho là vì c', 2, '[{"changed": {"fields": ["Cover image", "Alt Cover image", "Slider an image 1", "Slider an image 2", "Slider an image 3", "Slider an image 4", "combination"]}}]', 117, 1),
(896, '2020-09-14 18:09:27.761130', '4', 'camera trên iPhone không thể chụp', 2, '[{"changed": {"name": "product attribute", "object": "sao camera tr\\u00ean iPhone", "fields": ["combination"]}}, {"changed": {"name": "product attribute", "object": "sao camera tr\\u00ean iPhonesao camera tr\\u00ean iPhone", "fields": ["combination"]}}, {"changed": {"name": "product attribute", "object": "sao camera tr\\u00ean iPhonesao camera tr\\u00ean iPhonesao camera tr\\u00ean iPhone", "fields": ["combination"]}}, {"changed": {"name": "product attribute", "object": "iPhonesao camera tr\\u00ean iPho", "fields": ["combination"]}}, {"changed": {"name": "product attribute", "object": "iPhonesao camera tr\\u00ean iPho iPhonesao camera tr\\u00ean iPho", "fields": ["combination"]}}, {"changed": {"name": "product attribute", "object": "p b\\u1ea1n ch\\u1ee5p \\u1ea3nh \\u0111\\u1eb9p, nh\\u01b0ng kh\\u00f4ng", "fields": ["combination"]}}, {"changed": {"name": "product attribute", "object": "p b\\u1ea1n ch\\u1ee5p \\u1ea3nh \\u0111\\u1eb9p, nh\\u01b0ng kh\\u00f4ngp b\\u1ea1n ch\\u1ee5p \\u1ea3nh \\u0111\\u1eb9p, nh\\u01b0ng kh\\u00f4ng", "fields": ["combination"]}}, {"changed": {"name": "product attribute", "object": "mera c\\u1ee7a Apple gi\\u00fap b\\u1ea1n ch\\u1ee5p \\u1ea3", "fields": ["combination"]}}, {"deleted": {"name": "product attribute", "object": "mera c\\u1ee7a Apple gi\\u00fap b\\u1ea1n ch\\u1ee5p \\u1ea3mera c\\u1ee7a Apple gi\\u00fap b\\u1ea1n ch\\u1ee5p \\u1ea3"}}, {"deleted": {"name": "product attribute", "object": "mera c\\u1ee7a Apple gi\\u00fap b\\u1ea1n ch\\u1ee5p \\u1ea3mera c\\u1ee7a Apple gi\\u00fap b\\u1ea1n ch\\u1ee5p \\u1ea3mera c\\u1ee7a Apple gi\\u00fap b\\u1ea1n ch\\u1ee5p \\u1ea3"}}, {"deleted": {"name": "product attribute", "object": "\\u1ec3n sang t\\u00f4ng m\\u00e0u \\u0111\\u1ecf tr\\u1ea7m. Nguy\\u00ean nh\\u00e2n \\u0111\\u01b0\\u1ee3c cho l\\u00e0 v\\u00ec c"}}, {"deleted": {"name": "product attribute", "object": "\\u1ec3n sang t\\u00f4ng m\\u00e0u \\u0111\\u1ecf tr\\u1ea7m. Nguy\\u00ean nh\\u00e2n \\u0111\\u01b0\\u1ee3c cho l\\u00e0 v\\u00ec c\\u1ec3n sang t\\u00f4ng m\\u00e0u \\u0111\\u1ecf tr\\u1ea7m. Nguy\\u00ean nh\\u00e2n \\u0111\\u01b0\\u1ee3c cho l\\u00e0 v\\u00ec c"}}, {"deleted": {"name": "product attribute", "object": "\\u1ea7m. Nguy\\u00ean nh\\u00e2n \\u0111\\u01b0\\u1ee3c cho l\\u00e0 v\\u00ec c"}}, {"deleted": {"name": "product attribute", "object": "\\u1ea7m. Nguy\\u00ean nh\\u00e2n \\u0111\\u01b0\\u1ee3c cho l\\u00e0 v\\u00ec c\\u1ea7m. Ngho l\\u00e0 v\\u00ec c"}}, {"deleted": {"name": "product attribute", "object": "ra b\\u1edfieigh\\", do c\\u00e1c ph\\u00e2"}}, {"deleted": {"name": "product attribute", "object": "ra b\\u1edfi hi\\u1ec7n t\\u01b0\\u1ee3ng c\\u00f3 t\\u00ean \\"t\\u00e1n x\\u1ea1 Rayleigh\\", do c\\u00e1c ph\\u00e2"}}]', 116, 1),
(897, '2020-09-14 18:10:32.074357', '6', 'aaaa', 1, '[{"added": {}}]', 116, 1),
(898, '2020-09-14 18:10:56.437925', '71', 'ProductAttributeGroup object (71)', 1, '[{"added": {}}]', 146, 1),
(899, '2020-09-14 18:11:04.926232', '72', 'ProductAttributeGroup object (72)', 1, '[{"added": {}}]', 146, 1),
(900, '2020-09-14 18:11:52.560441', '6', 'aaaa', 2, '[{"added": {"name": "product attribute", "object": "dfgfgdf"}}, {"added": {"name": "product attribute", "object": "ghghjghjghjg"}}]', 116, 1),
(901, '2020-09-14 18:12:53.274017', '6', 'aaaa', 2, '[{"changed": {"name": "product attribute", "object": "dfgfgdf", "fields": ["Upload an image", "combination"]}}, {"changed": {"name": "product attribute", "object": "ghghjghjghjg", "fields": ["Upload an image", "combination"]}}]', 116, 1),
(902, '2020-09-14 18:14:50.942529', '6', 'aaaa', 2, '[{"changed": {"name": "product attribute", "object": "dfgfgdf", "fields": ["Upload an image", "combination"]}}, {"changed": {"name": "product attribute", "object": "ghghjghjghjg", "fields": ["Upload an image", "combination"]}}]', 116, 1),
(903, '2020-09-14 18:15:54.893310', '6', 'aaaa', 2, '[{"changed": {"name": "product attribute", "object": "dfgfgdf", "fields": ["Upload an image", "combination"]}}, {"changed": {"name": "product attribute", "object": "ghghjghjghjg", "fields": ["Upload an image", "combination"]}}]', 116, 1),
(904, '2020-09-14 18:16:38.156913', '6', 'aaaa', 2, '[{"changed": {"name": "product attribute", "object": "dfgfgdf", "fields": ["Upload an image", "combination"]}}, {"changed": {"name": "product attribute", "object": "ghghjghjghjg", "fields": ["Upload an image", "combination"]}}]', 116, 1),
(905, '2020-09-14 18:18:12.947851', '6', 'aaaa', 2, '[{"changed": {"name": "product attribute", "object": "dfgfgdf", "fields": ["Upload an image", "combination"]}}, {"changed": {"name": "product attribute", "object": "ghghjghjghjg", "fields": ["Upload an image", "combination"]}}]', 116, 1),
(906, '2020-09-14 18:19:00.340742', '6', 'aaaa', 2, '[{"changed": {"name": "product attribute", "object": "dfgfgdf", "fields": ["Upload an image", "combination"]}}, {"changed": {"name": "product attribute", "object": "ghghjghjghjg", "fields": ["Upload an image", "combination"]}}]', 116, 1),
(907, '2020-09-14 18:20:44.618952', '6', 'aaaa', 2, '[{"added": {"name": "feature product", "object": "k\\u00edch Th\\u01b0\\u1edbc NxDxS"}}, {"added": {"name": "feature product", "object": "Ch\\u1ea5t li\\u1ec7u"}}, {"added": {"name": "feature product", "object": "Chi\\u1ec1u Ngang"}}, {"added": {"name": "feature product", "object": "Chi\\u1ec1u S\\u00e2u"}}, {"changed": {"name": "product attribute", "object": "dfgfgdf", "fields": ["Upload an image", "combination"]}}, {"changed": {"name": "product attribute", "object": "ghghjghjghjg", "fields": ["Upload an image", "combination"]}}]', 116, 1),
(908, '2020-09-14 18:23:45.287073', '6', 'aaaa', 2, '[{"changed": {"name": "product attribute", "object": "dfgfgdf", "fields": ["Upload an image", "combination"]}}, {"changed": {"name": "product attribute", "object": "ghghjghjghjg", "fields": ["Upload an image", "combination"]}}]', 116, 1),
(909, '2020-09-14 18:24:18.550965', '6', 'aaaa', 2, '[{"changed": {"name": "product attribute", "object": "dfgfgdf", "fields": ["Upload an image", "combination"]}}, {"changed": {"name": "product attribute", "object": "ghghjghjghjg", "fields": ["Upload an image", "combination"]}}]', 116, 1),
(910, '2020-09-14 18:24:59.519796', '6', 'aaaa', 2, '[{"changed": {"name": "product attribute", "object": "dfgfgdf", "fields": ["Upload an image", "combination"]}}, {"changed": {"name": "product attribute", "object": "ghghjghjghjg", "fields": ["Upload an image", "combination"]}}]', 116, 1),
(911, '2020-09-14 18:26:27.797196', '6', 'aaaa', 2, '[{"changed": {"name": "product attribute", "object": "dfgfgdf", "fields": ["Upload an image", "combination"]}}, {"changed": {"name": "product attribute", "object": "ghghjghjghjg", "fields": ["Upload an image", "combination"]}}]', 116, 1),
(912, '2020-09-14 18:26:56.694171', '6', 'aaaa', 2, '[{"changed": {"name": "product attribute", "object": "dfgfgdf", "fields": ["Upload an image", "combination"]}}, {"changed": {"name": "product attribute", "object": "ghghjghjghjg", "fields": ["Upload an image", "combination"]}}]', 116, 1),
(913, '2020-09-14 18:28:42.436369', '7', 'bbb', 1, '[{"added": {}}]', 116, 1),
(914, '2020-09-14 18:29:05.146017', '73', 'ProductAttributeGroup object (73)', 1, '[{"added": {}}]', 146, 1),
(915, '2020-09-14 18:29:12.686711', '74', 'ProductAttributeGroup object (74)', 1, '[{"added": {}}]', 146, 1),
(916, '2020-09-14 18:30:19.542678', '7', 'bbb', 2, '[{"added": {"name": "feature product", "object": "k\\u00edch Th\\u01b0\\u1edbc NxDxS"}}, {"added": {"name": "feature product", "object": "Chi\\u1ec1u D\\u1ecdc"}}, {"added": {"name": "product attribute", "object": "fddfdf dgd"}}, {"added": {"name": "product attribute", "object": "dffgf dfgf"}}]', 116, 1),
(917, '2020-09-14 18:33:27.907674', '7', 'bbb', 2, '[{"changed": {"name": "product attribute", "object": "fddfdf dgd", "fields": ["Upload an image", "combination"]}}, {"changed": {"name": "product attribute", "object": "dffgf dfgf", "fields": ["Upload an image", "combination"]}}]', 116, 1),
(918, '2020-09-14 18:33:58.304857', '7', 'bbb', 2, '[{"changed": {"name": "product attribute", "object": "fddfdf dgd", "fields": ["Upload an image", "combination"]}}, {"changed": {"name": "product attribute", "object": "dffgf dfgf", "fields": ["Upload an image", "combination"]}}]', 116, 1),
(919, '2020-09-14 18:36:32.273704', '7', 'bbb', 2, '[{"changed": {"name": "product attribute", "object": "fddfdf dgd", "fields": ["Upload an image", "combination"]}}, {"changed": {"name": "product attribute", "object": "dffgf dfgf", "fields": ["Upload an image", "combination"]}}]', 116, 1),
(920, '2020-09-14 18:41:02.463176', '7', 'bbb', 2, '[{"changed": {"name": "product attribute", "object": "fddfdf dgd", "fields": ["combination"]}}, {"changed": {"name": "product attribute", "object": "dffgf dfgf", "fields": ["combination"]}}]', 116, 1),
(921, '2020-09-14 18:41:19.898137', '7', 'bbb', 2, '[{"changed": {"name": "product attribute", "object": "fddfdf dgd", "fields": ["Upload an image", "combination"]}}, {"changed": {"name": "product attribute", "object": "dffgf dfgf", "fields": ["Upload an image", "combination"]}}]', 116, 1),
(922, '2020-09-14 18:42:00.539194', '7', 'bbb', 2, '[{"changed": {"name": "product attribute", "object": "fddfdf dgd", "fields": ["Upload an image", "combination"]}}, {"changed": {"name": "product attribute", "object": "dffgf dfgf", "fields": ["Upload an image", "combination"]}}]', 116, 1),
(923, '2020-09-14 18:42:35.471877', '7', 'bbb', 2, '[{"changed": {"name": "product attribute", "object": "fddfdf dgd", "fields": ["Upload an image", "combination"]}}, {"changed": {"name": "product attribute", "object": "dffgf dfgf", "fields": ["Upload an image", "combination"]}}]', 116, 1),
(924, '2020-09-14 18:50:12.874928', '7', 'bbb', 2, '[{"changed": {"name": "product attribute", "object": "fddfdf dgd", "fields": ["Upload an image", "combination"]}}, {"changed": {"name": "product attribute", "object": "dffgf dfgf", "fields": ["Upload an image", "combination"]}}]', 116, 1),
(925, '2020-09-15 01:41:36.228814', '7', 'bbb', 2, '[{"changed": {"name": "product attribute", "object": "fddfdf dgd", "fields": ["Upload an image", "combination"]}}, {"changed": {"name": "product attribute", "object": "dffgf dfgf", "fields": ["Upload an image", "combination"]}}]', 116, 1),
(926, '2020-09-15 01:48:21.109573', '7', 'bbb', 2, '[{"changed": {"name": "product attribute", "object": "fddfdf dgd", "fields": ["Upload an image", "combination"]}}, {"changed": {"name": "product attribute", "object": "dffgf dfgf", "fields": ["Upload an image", "combination"]}}]', 116, 1),
(927, '2020-09-15 01:58:16.063483', '7', 'bbb', 2, '[{"changed": {"name": "product attribute", "object": "fddfdf dgd", "fields": ["Upload an image", "combination"]}}, {"changed": {"name": "product attribute", "object": "dffgf dfgf", "fields": ["Upload an image", "combination"]}}]', 116, 1),
(928, '2020-09-15 02:06:41.896775', '7', 'bbb', 2, '[{"changed": {"name": "product attribute", "object": "fddfdf dgd", "fields": ["Upload an image", "combination"]}}, {"changed": {"name": "product attribute", "object": "dffgf dfgf", "fields": ["Upload an image", "combination"]}}]', 116, 1),
(929, '2020-09-15 02:07:36.184531', '7', 'bbb', 2, '[{"changed": {"name": "product attribute", "object": "fddfdf dgd", "fields": ["Quantity", "combination"]}}, {"changed": {"name": "product attribute", "object": "dffgf dfgf", "fields": ["Quantity", "combination"]}}]', 116, 1),
(930, '2020-09-15 02:07:50.016683', '7', 'bbb', 2, '[{"changed": {"name": "product attribute", "object": "fddfdf dgd", "fields": ["Upload an image", "combination"]}}, {"changed": {"name": "product attribute", "object": "dffgf dfgf", "fields": ["Upload an image", "combination"]}}]', 116, 1),
(931, '2020-09-15 02:08:02.076095', '7', 'bbb', 2, '[{"changed": {"name": "product attribute", "object": "fddfdf dgd", "fields": ["combination"]}}, {"changed": {"name": "product attribute", "object": "dffgf dfgf", "fields": ["combination"]}}]', 116, 1),
(932, '2020-09-15 02:08:13.503847', '6', 'aaaa', 2, '[{"changed": {"name": "product attribute", "object": "dfgfgdf", "fields": ["Upload an image", "combination"]}}, {"changed": {"name": "product attribute", "object": "ghghjghjghjg", "fields": ["Upload an image", "combination"]}}]', 116, 1),
(933, '2020-09-15 02:16:20.153643', '6', 'aaaa', 2, '[{"changed": {"name": "product attribute", "object": "dfgfgdf", "fields": ["Upload an image", "combination"]}}, {"changed": {"name": "product attribute", "object": "ghghjghjghjg", "fields": ["Upload an image", "combination"]}}]', 116, 1),
(934, '2020-09-15 02:16:56.912080', '7', 'bbb', 2, '[{"changed": {"name": "product attribute", "object": "fddfdf dgd", "fields": ["Upload an image", "combination"]}}, {"changed": {"name": "product attribute", "object": "dffgf dfgf", "fields": ["Upload an image", "combination"]}}]', 116, 1),
(935, '2020-09-15 02:21:11.682247', '7', 'bbb', 2, '[{"changed": {"name": "product attribute", "object": "fddfdf dgd", "fields": ["Upload an image", "combination"]}}, {"changed": {"name": "product attribute", "object": "dffgf dfgf", "fields": ["Upload an image", "combination"]}}]', 116, 1),
(936, '2020-09-15 02:32:18.678049', '7', 'bbb', 2, '[{"changed": {"name": "product attribute", "object": "fddfdf dgd", "fields": ["Upload an image", "combination"]}}, {"changed": {"name": "product attribute", "object": "dffgf dfgf", "fields": ["Upload an image", "combination"]}}]', 116, 1),
(937, '2020-09-15 02:34:20.727031', '7', 'bbb', 2, '[{"changed": {"name": "product attribute", "object": "fddfdf dgd", "fields": ["Upload an image", "combination"]}}, {"changed": {"name": "product attribute", "object": "dffgf dfgf", "fields": ["Upload an image", "combination"]}}]', 116, 1),
(938, '2020-09-15 02:44:38.591565', '7', 'bbb', 2, '[{"changed": {"name": "product attribute", "object": "fddfdf dgd", "fields": ["Upload an image", "combination"]}}, {"changed": {"name": "product attribute", "object": "dffgf dfgf", "fields": ["Upload an image", "combination"]}}]', 116, 1),
(939, '2020-09-15 02:45:59.404297', '7', 'bbb', 2, '[{"changed": {"name": "product attribute", "object": "fddfdf dgd", "fields": ["Upload an image", "combination"]}}, {"changed": {"name": "product attribute", "object": "dffgf dfgf", "fields": ["Upload an image", "combination"]}}]', 116, 1),
(940, '2020-09-15 02:47:09.549733', '7', 'bbb', 2, '[{"changed": {"name": "product attribute", "object": "fddfdf dgd", "fields": ["Upload an image", "combination"]}}, {"changed": {"name": "product attribute", "object": "dffgf dfgf", "fields": ["Upload an image", "combination"]}}]', 116, 1),
(941, '2020-09-15 02:53:49.370767', '7', 'bbb', 2, '[{"changed": {"name": "product attribute", "object": "fddfdf dgd", "fields": ["Upload an image", "combination"]}}, {"changed": {"name": "product attribute", "object": "dffgf dfgf", "fields": ["Upload an image", "combination"]}}]', 116, 1),
(942, '2020-09-15 02:58:02.685520', '7', 'bbb', 2, '[{"changed": {"name": "product attribute", "object": "fddfdf dgd", "fields": ["Upload an image", "combination"]}}, {"changed": {"name": "product attribute", "object": "dffgf dfgf", "fields": ["Upload an image", "combination"]}}]', 116, 1),
(943, '2020-09-15 03:10:44.205357', '47', 'khá nhiều tín khá nhiều tín', 2, '[{"changed": {"fields": ["Cover image", "Alt Cover image", "Slider an image 1", "Slider an image 2", "Slider an image 3", "Slider an image 4", "combination"]}}]', 117, 1),
(944, '2020-09-15 03:20:33.550571', '7', 'bbb', 2, '[{"changed": {"name": "product attribute", "object": "fddfdf dgd", "fields": ["Upload an image", "combination"]}}, {"changed": {"name": "product attribute", "object": "dffgf dfgf", "fields": ["Upload an image", "combination"]}}]', 116, 1),
(945, '2020-09-15 03:21:08.924119', '7', 'bbb', 2, '[{"changed": {"name": "product attribute", "object": "fddfdf dgd", "fields": ["Upload an image", "combination"]}}, {"changed": {"name": "product attribute", "object": "dffgf dfgf", "fields": ["Upload an image", "combination"]}}]', 116, 1),
(946, '2020-09-15 03:46:13.129719', '47', 'khá nhiều tín khá nhiều tín', 2, '[{"changed": {"fields": ["Cover image", "Alt Cover image", "Slider an image 1", "Slider an image 2", "Slider an image 3", "Slider an image 4", "combination"]}}]', 117, 1),
(947, '2020-09-15 03:47:40.250129', '47', 'khá nhiều tín khá nhiều tín', 2, '[{"changed": {"fields": ["Cover image", "Alt Cover image", "Slider an image 1", "Slider an image 2", "Slider an image 3", "Slider an image 4", "combination"]}}]', 117, 1),
(948, '2020-09-15 03:52:59.347755', '43', 'ng thêm khá nhiều', 2, '[{"changed": {"fields": ["Cover image", "Alt Cover image", "Slider an image 1", "Slider an image 2", "Slider an image 3", "Slider an image 4", "combination"]}}]', 117, 1),
(949, '2020-09-15 03:53:43.286780', '47', 'khá nhiều tín khá nhiều tín', 2, '[{"changed": {"fields": ["Cover image", "Alt Cover image", "Slider an image 1", "Slider an image 2", "Slider an image 3", "Slider an image 4", "combination"]}}]', 117, 1),
(950, '2020-09-15 03:54:18.759597', '47', 'khá nhiều tín khá nhiều tín', 2, '[{"changed": {"fields": ["Cover image", "Alt Cover image", "Slider an image 1", "Slider an image 2", "Slider an image 3", "Slider an image 4", "combination"]}}]', 117, 1),
(951, '2020-09-15 04:16:23.646138', '47', 'khá nhiều tín khá nhiều tín', 2, '[{"changed": {"fields": ["Cover image", "Alt Cover image", "Slider an image 1", "Slider an image 2", "Slider an image 3", "Slider an image 4", "combination"]}}]', 117, 1),
(952, '2020-09-15 04:17:36.736335', '47', 'khá nhiều tín khá nhiều tín', 2, '[{"changed": {"fields": ["Cover image", "Alt Cover image", "Slider an image 1", "Slider an image 2", "Slider an image 3", "Slider an image 4", "combination"]}}]', 117, 1),
(953, '2020-09-15 04:33:58.277094', '6', 'aaaa', 3, '', 116, 1),
(954, '2020-09-15 04:33:58.288432', '7', 'bbb', 3, '', 116, 1),
(955, '2020-09-15 04:34:47.179064', '1', 'Áo Thun', 2, '[{"changed": {"name": "product attribute", "object": "ng th\\u00eam kh\\u00e1 nhi\\u1ec1u t\\u00ednh n\\u0103ng m\\u1edbi, t\\u1eadp trung v\\u00e0o vi\\u1ec7", "fields": ["Upload an image", "combination"]}}, {"changed": {"name": "product attribute", "object": "ng th\\u00eam kh\\u00e1 nhi\\u1ec1u t\\u00ednh n\\u0103ng m\\u1edbi, t\\u1eadp trung v\\u00e0o vi\\u1ec7", "fields": ["Upload an image", "combination"]}}, {"changed": {"name": "product attribute", "object": "ng th\\u00eam kh\\u00e1 nhi\\u1ec1u t\\u00ednh n\\u0103ng m\\u1edbi, t\\u1eadp trung v\\u00e0o vi\\u1ec7", "fields": ["Upload an image", "combination"]}}, {"changed": {"name": "product attribute", "object": "ng th\\u00eam kh\\u00e1 nhi\\u1ec1u", "fields": ["Upload an image", "combination"]}}, {"changed": {"name": "product attribute", "object": "ng th\\u00eam kh\\u00e1 nhi\\u1ec1ung th\\u00eam kh\\u00e1 nhi\\u1ec1u", "fields": ["Upload an image", "combination"]}}, {"changed": {"name": "product attribute", "object": "kh\\u00e1 nhi\\u1ec1u t\\u00edn kh\\u00e1 nhi\\u1ec1u t\\u00edn", "fields": ["Upload an image", "combination"]}}, {"changed": {"name": "product attribute", "object": "ng th\\u00eam kh\\u00e1 nhi\\u1ec1ung th\\u00eam kh\\u00e1", "fields": ["Upload an image", "combination"]}}, {"changed": {"name": "product attribute", "object": "ng th\\u00eam kh\\u00e1 nhi\\u1ec1ung th\\u00eam kh\\u00e1 ng th\\u00eam kh\\u00e1 nhi\\u1ec1ung th\\u00eam kh\\u00e1", "fields": ["Upload an image", "combination"]}}]', 116, 1),
(956, '2020-09-15 04:35:37.717891', '1', 'Áo Thun', 2, '[{"changed": {"name": "product attribute", "object": "ng th\\u00eam kh\\u00e1 nhi\\u1ec1u t\\u00ednh n\\u0103ng m\\u1edbi, t\\u1eadp trung v\\u00e0o vi\\u1ec7", "fields": ["Upload an image", "combination"]}}, {"changed": {"name": "product attribute", "object": "ng th\\u00eam kh\\u00e1 nhi\\u1ec1u t\\u00ednh n\\u0103ng m\\u1edbi, t\\u1eadp trung v\\u00e0o vi\\u1ec7", "fields": ["Upload an image", "combination"]}}, {"changed": {"name": "product attribute", "object": "ng th\\u00eam kh\\u00e1 nhi\\u1ec1u t\\u00ednh n\\u0103ng m\\u1edbi, t\\u1eadp trung v\\u00e0o vi\\u1ec7", "fields": ["Upload an image", "combination"]}}, {"changed": {"name": "product attribute", "object": "ng th\\u00eam kh\\u00e1 nhi\\u1ec1u", "fields": ["Upload an image", "combination"]}}, {"changed": {"name": "product attribute", "object": "ng th\\u00eam kh\\u00e1 nhi\\u1ec1ung th\\u00eam kh\\u00e1 nhi\\u1ec1u", "fields": ["Upload an image", "combination"]}}, {"changed": {"name": "product attribute", "object": "kh\\u00e1 nhi\\u1ec1u t\\u00edn kh\\u00e1 nhi\\u1ec1u t\\u00edn", "fields": ["Upload an image", "combination"]}}, {"changed": {"name": "product attribute", "object": "ng th\\u00eam kh\\u00e1 nhi\\u1ec1ung th\\u00eam kh\\u00e1", "fields": ["Upload an image", "combination"]}}, {"changed": {"name": "product attribute", "object": "ng th\\u00eam kh\\u00e1 nhi\\u1ec1ung th\\u00eam kh\\u00e1 ng th\\u00eam kh\\u00e1 nhi\\u1ec1ung th\\u00eam kh\\u00e1", "fields": ["Upload an image", "combination"]}}]', 116, 1);
INSERT INTO `django_admin_log` (`id`, `action_time`, `object_id`, `object_repr`, `action_flag`, `change_message`, `content_type_id`, `user_id`) VALUES
(957, '2020-09-15 04:36:30.117799', '2', 'Quần Jean', 2, '[{"changed": {"name": "product attribute", "object": "h\\u1ea5t l\\u00e0 c\\u00e1ch Andro", "fields": ["Upload an image", "combination"]}}, {"changed": {"name": "product attribute", "object": "h\\u1ea5t l\\u00e0 c\\u00e1ch Androh\\u1ea5t l\\u00e0 c\\u00e1ch Andro", "fields": ["Upload an image", "combination"]}}, {"changed": {"name": "product attribute", "object": "h\\u1ea5t l\\u00e0 c\\u00e1ch Androh\\u1ea5t l\\u00e0 ch\\u1ea5t l\\u00e0 c\\u00e1ch Androh\\u1ea5t l\\u00e0 c", "fields": ["Upload an image", "combination"]}}, {"changed": {"name": "product attribute", "object": "h\\u1ea5t l\\u00e0 c\\u00e1ch Androh\\u1ea5t l\\u00e0 c", "fields": ["Upload an image", "combination"]}}, {"changed": {"name": "product attribute", "object": "c\\u00e1ch Androh\\u1ea5t l\\u00e0 ch\\u1ea5t l\\u00e0 c", "fields": ["Upload an image", "combination"]}}, {"changed": {"name": "product attribute", "object": "c\\u00e1ch Androh\\u1ea5t l\\u00e0 ch\\u1ea5t l\\u00e0 cc\\u00e1ch Androh\\u1ea5t l\\u00e0 ch\\u1ea5t l\\u00e0 c", "fields": ["Upload an image", "combination"]}}, {"changed": {"name": "product attribute", "object": "h\\u1ea5t l\\u00e0 c\\u00e1ch Androhh\\u1ea5t l\\u00e0 c\\u00e1ch Androh", "fields": ["Upload an image", "combination"]}}, {"changed": {"name": "product attribute", "object": "h\\u1ea5t l\\u00e0 c\\u00e1ch Androh", "fields": ["Upload an image", "combination"]}}, {"changed": {"name": "product attribute", "object": "h\\u1ea5t l\\u00e0 c\\u00e1ch Androhh\\u1ea5t l\\u00e0 c\\u00e1ch Androhh\\u1ea5t l\\u00e0 c\\u00e1ch Androh", "fields": ["Upload an image", "combination"]}}]', 116, 1),
(958, '2020-09-15 04:37:16.108954', '3', 'Quần Kaki', 2, '[{"changed": {"name": "product attribute", "object": "u kh\\u00e1c bi\\u1ec7t v\\u1ec1 thi\\u1ebft k\\u1ebf,", "fields": ["Upload an image", "combination"]}}, {"changed": {"name": "product attribute", "object": "\\u1ec7tu kh\\u00e1c bi\\u1ec7t v\\u1ec1 thi\\u1ebft k\\u1ebf,u kh\\u00e1c bi v\\u1ec1 thi\\u1ebft k\\u1ebf,", "fields": ["Upload an image", "combination"]}}, {"changed": {"name": "product attribute", "object": "u kh\\u00e1c bi\\u1ec7t v\\u1ec1 thi\\u1ebft k\\u1ebf,u kh\\u00e1c bi", "fields": ["Upload an image", "combination"]}}, {"changed": {"name": "product attribute", "object": "t k\\u1ebf,u kh\\u00e1c t k\\u1ebf,u kh\\u00e1c t k\\u1ebf,u kh\\u00e1c", "fields": ["Upload an image", "combination"]}}, {"changed": {"name": "product attribute", "object": "t k\\u1ebf,u kh\\u00e1c t k\\u1ebf,u kh\\u00e1c", "fields": ["Upload an image", "combination"]}}, {"changed": {"name": "product attribute", "object": "t k\\u1ebf,u kh\\u00e1c", "fields": ["Upload an image", "combination"]}}, {"changed": {"name": "product attribute", "object": "thi\\u1ebft k\\u1ebf,u kh\\u00e1c bi", "fields": ["Upload an image", "combination"]}}, {"changed": {"name": "product attribute", "object": "ate my own storage that will just not save the file to the dis", "fields": ["Upload an image", "combination"]}}, {"changed": {"name": "product attribute", "object": "t will just not save the file", "fields": ["Upload an image", "combination"]}}, {"changed": {"name": "product attribute", "object": "t will just not save the file t will just not save the file", "fields": ["Upload an image", "combination"]}}, {"changed": {"name": "product attribute", "object": "file t will just not sa file t will just not sa", "fields": ["Upload an image", "combination"]}}, {"changed": {"name": "product attribute", "object": "t will just not sa file t will just n", "fields": ["Upload an image", "combination"]}}]', 116, 1),
(959, '2020-09-15 04:38:02.540034', '4', 'camera trên iPhone không thể chụp', 2, '[{"changed": {"name": "product attribute", "object": "sao camera tr\\u00ean iPhone", "fields": ["Upload an image", "combination"]}}, {"changed": {"name": "product attribute", "object": "sao camera tr\\u00ean iPhonesao camera tr\\u00ean iPhone", "fields": ["Upload an image", "combination"]}}, {"changed": {"name": "product attribute", "object": "sao camera tr\\u00ean iPhonesao camera tr\\u00ean iPhonesao camera tr\\u00ean iPhone", "fields": ["Upload an image", "combination"]}}, {"changed": {"name": "product attribute", "object": "iPhonesao camera tr\\u00ean iPho", "fields": ["Upload an image", "combination"]}}, {"changed": {"name": "product attribute", "object": "iPhonesao camera tr\\u00ean iPho iPhonesao camera tr\\u00ean iPho", "fields": ["Upload an image", "combination"]}}, {"changed": {"name": "product attribute", "object": "p b\\u1ea1n ch\\u1ee5p \\u1ea3nh \\u0111\\u1eb9p, nh\\u01b0ng kh\\u00f4ng", "fields": ["Upload an image", "combination"]}}, {"changed": {"name": "product attribute", "object": "p b\\u1ea1n ch\\u1ee5p \\u1ea3nh \\u0111\\u1eb9p, nh\\u01b0ng kh\\u00f4ngp b\\u1ea1n ch\\u1ee5p \\u1ea3nh \\u0111\\u1eb9p, nh\\u01b0ng kh\\u00f4ng", "fields": ["Upload an image", "combination"]}}, {"changed": {"name": "product attribute", "object": "mera c\\u1ee7a Apple gi\\u00fap b\\u1ea1n ch\\u1ee5p \\u1ea3", "fields": ["Upload an image", "combination"]}}]', 116, 1),
(960, '2020-09-15 04:38:21.102854', '5', 'Intel và NVIDIA coi chừng', 2, '[{"changed": {"name": "product attribute", "object": "Ra m\\u1eaft laptop Acer Aspire 5 d\\u00f9ng Intel Core 10,", "fields": ["Upload an image", "combination"]}}, {"changed": {"name": "product attribute", "object": "card \\u0111\\u1ed3 h\\u1ecda r\\u1eddi NVIDIA", "fields": ["Upload an image", "combination"]}}, {"changed": {"name": "product attribute", "object": "Acer Aspire 5 d\\u00f9ng Intel C", "fields": ["Upload an image", "combination"]}}]', 116, 1),
(961, '2020-09-15 04:40:03.582510', '70', 'mera của Apple giúp bạn chụp ả', 2, '[{"changed": {"fields": ["Cover image", "Alt Cover image", "Slider an image 1", "Slider an image 2", "Slider an image 3", "Slider an image 4", "combination"]}}]', 117, 1),
(962, '2020-09-15 04:41:36.261055', '44', 'hất là cách Androhất là chất là cách Androhất là c', 2, '[{"changed": {"fields": ["Cover image", "Alt Cover image", "Slider an image 1", "Slider an image 2", "Slider an image 3", "Slider an image 4", "combination"]}}]', 117, 1),
(963, '2020-09-15 07:19:31.251177', '1', 'thoi-trang', 2, '[{"changed": {"fields": ["Active", "Name"]}}]', 89, 1),
(964, '2020-09-15 07:20:00.998553', '1', 'thoi-trang', 2, '[]', 89, 1),
(965, '2020-09-15 07:20:32.418405', '3', 'san-pham-gia-dung', 2, '[{"changed": {"fields": ["Name"]}}]', 89, 1),
(966, '2020-09-15 07:21:17.968274', '4', 'p-su-dung-cac-vaccine-covid-19-chua-uoc-phe', 2, '[{"changed": {"fields": ["Name"]}}]', 89, 1),
(967, '2020-09-15 09:06:49.784241', '5', 'mau-san-pham-hinh-ung', 1, '[{"added": {}}]', 89, 1),
(968, '2020-09-15 09:07:13.185680', '6', 'mau-san-pham-hinh-nam-ngang', 1, '[{"added": {}}]', 89, 1),
(969, '2020-09-17 11:22:36.516410', '20', 'aaaaaa', 1, '[{"added": {}}]', 74, 1),
(970, '2020-09-17 13:22:12.062179', '14', 'thay doi thu muc aaaaa', 2, '[]', 74, 1),
(971, '2020-09-17 13:30:51.262233', '14', 'thay doi thu muc aaaaa', 2, '[]', 74, 1),
(972, '2020-09-17 13:30:59.709527', '13', 'cap nhat ngay va fixed loi ngay', 2, '[]', 74, 1),
(973, '2020-09-17 13:31:24.038177', '21', 'sdfsf ssfs uuuuuuuuuuuu', 1, '[{"added": {}}]', 74, 1),
(974, '2020-09-17 14:33:54.605020', '21', 'sdfsf ssfs uuuuuuuuuuuu', 2, '[]', 74, 1),
(975, '2020-09-17 14:38:32.250911', '14', 'thay doi thu muc aaaaa', 2, '[{"changed": {"fields": ["owner_upd_id"]}}]', 74, 1),
(976, '2020-09-17 14:38:48.420346', '22', 'reterterte ertete', 1, '[{"added": {}}]', 74, 1),
(977, '2020-09-18 07:25:18.768852', '1', 'Áo Thun', 2, '[{"changed": {"name": "product attribute", "object": "ng th\\u00eam kh\\u00e1 nhi\\u1ec1ung th\\u00eam kh\\u00e1", "fields": ["Price", "combination"]}}, {"changed": {"name": "product attribute", "object": "ng th\\u00eam kh\\u00e1 nhi\\u1ec1ung th\\u00eam kh\\u00e1 ng th\\u00eam kh\\u00e1 nhi\\u1ec1ung th\\u00eam kh\\u00e1", "fields": ["Price", "combination"]}}, {"changed": {"name": "product attribute", "object": "kh\\u00e1 nhi\\u1ec1u t\\u00edn kh\\u00e1 nhi\\u1ec1u t\\u00edn", "fields": ["Price", "combination"]}}, {"changed": {"name": "product attribute", "object": "ng th\\u00eam kh\\u00e1 nhi\\u1ec1ung th\\u00eam kh\\u00e1 nhi\\u1ec1u", "fields": ["Price", "combination"]}}, {"changed": {"name": "product attribute", "object": "ng th\\u00eam kh\\u00e1 nhi\\u1ec1u", "fields": ["Price", "combination"]}}, {"changed": {"name": "product attribute", "object": "ng th\\u00eam kh\\u00e1 nhi\\u1ec1u t\\u00ednh n\\u0103ng m\\u1edbi, t\\u1eadp trung v\\u00e0o vi\\u1ec7", "fields": ["Price", "combination"]}}, {"changed": {"name": "product attribute", "object": "ng th\\u00eam kh\\u00e1 nhi\\u1ec1u t\\u00ednh n\\u0103ng m\\u1edbi, t\\u1eadp trung v\\u00e0o vi\\u1ec7", "fields": ["Price", "combination"]}}, {"changed": {"name": "product attribute", "object": "ng th\\u00eam kh\\u00e1 nhi\\u1ec1u t\\u00ednh n\\u0103ng m\\u1edbi, t\\u1eadp trung v\\u00e0o vi\\u1ec7", "fields": ["Price", "combination"]}}]', 116, 1),
(978, '2020-09-18 07:25:30.330452', '2', 'Quần Jean', 2, '[{"changed": {"name": "product attribute", "object": "c\\u00e1ch Androh\\u1ea5t l\\u00e0 ch\\u1ea5t l\\u00e0 c", "fields": ["Price", "combination"]}}, {"changed": {"name": "product attribute", "object": "c\\u00e1ch Androh\\u1ea5t l\\u00e0 ch\\u1ea5t l\\u00e0 cc\\u00e1ch Androh\\u1ea5t l\\u00e0 ch\\u1ea5t l\\u00e0 c", "fields": ["Price", "combination"]}}, {"changed": {"name": "product attribute", "object": "h\\u1ea5t l\\u00e0 c\\u00e1ch Androhh\\u1ea5t l\\u00e0 c\\u00e1ch Androh", "fields": ["Price", "combination"]}}, {"changed": {"name": "product attribute", "object": "h\\u1ea5t l\\u00e0 c\\u00e1ch Androh", "fields": ["Price", "combination"]}}, {"changed": {"name": "product attribute", "object": "h\\u1ea5t l\\u00e0 c\\u00e1ch Androhh\\u1ea5t l\\u00e0 c\\u00e1ch Androhh\\u1ea5t l\\u00e0 c\\u00e1ch Androh", "fields": ["Price", "combination"]}}, {"changed": {"name": "product attribute", "object": "h\\u1ea5t l\\u00e0 c\\u00e1ch Androh\\u1ea5t l\\u00e0 ch\\u1ea5t l\\u00e0 c\\u00e1ch Androh\\u1ea5t l\\u00e0 c", "fields": ["Price", "combination"]}}, {"changed": {"name": "product attribute", "object": "h\\u1ea5t l\\u00e0 c\\u00e1ch Androh\\u1ea5t l\\u00e0 c", "fields": ["Price", "combination"]}}, {"changed": {"name": "product attribute", "object": "h\\u1ea5t l\\u00e0 c\\u00e1ch Andro", "fields": ["Price", "combination"]}}, {"changed": {"name": "product attribute", "object": "h\\u1ea5t l\\u00e0 c\\u00e1ch Androh\\u1ea5t l\\u00e0 c\\u00e1ch Andro", "fields": ["Price", "combination"]}}]', 116, 1),
(979, '2020-09-18 07:25:39.002161', '3', 'Quần Kaki', 2, '[{"changed": {"name": "product attribute", "object": "ate my own storage that will just not save the file to the dis", "fields": ["Price", "combination"]}}, {"changed": {"name": "product attribute", "object": "t will just not save the file", "fields": ["Price", "combination"]}}, {"changed": {"name": "product attribute", "object": "t will just not save the file t will just not save the file", "fields": ["Price", "combination"]}}, {"changed": {"name": "product attribute", "object": "file t will just not sa file t will just not sa", "fields": ["Price", "combination"]}}, {"changed": {"name": "product attribute", "object": "t will just not sa file t will just n", "fields": ["Price", "combination"]}}, {"changed": {"name": "product attribute", "object": "u kh\\u00e1c bi\\u1ec7t v\\u1ec1 thi\\u1ebft k\\u1ebf,u kh\\u00e1c bi", "fields": ["Price", "combination"]}}, {"changed": {"name": "product attribute", "object": "t k\\u1ebf,u kh\\u00e1c t k\\u1ebf,u kh\\u00e1c t k\\u1ebf,u kh\\u00e1c", "fields": ["Price", "combination"]}}, {"changed": {"name": "product attribute", "object": "t k\\u1ebf,u kh\\u00e1c t k\\u1ebf,u kh\\u00e1c", "fields": ["Price", "combination"]}}, {"changed": {"name": "product attribute", "object": "t k\\u1ebf,u kh\\u00e1c", "fields": ["Price", "combination"]}}, {"changed": {"name": "product attribute", "object": "thi\\u1ebft k\\u1ebf,u kh\\u00e1c bi", "fields": ["Price", "combination"]}}, {"changed": {"name": "product attribute", "object": "u kh\\u00e1c bi\\u1ec7t v\\u1ec1 thi\\u1ebft k\\u1ebf,", "fields": ["Price", "combination"]}}, {"changed": {"name": "product attribute", "object": "\\u1ec7tu kh\\u00e1c bi\\u1ec7t v\\u1ec1 thi\\u1ebft k\\u1ebf,u kh\\u00e1c bi v\\u1ec1 thi\\u1ebft k\\u1ebf,", "fields": ["Price", "combination"]}}]', 116, 1),
(980, '2020-09-18 07:25:54.708689', '4', 'camera trên iPhone không thể chụp', 2, '[{"changed": {"name": "product attribute", "object": "sao camera tr\\u00ean iPhone", "fields": ["Price", "combination"]}}, {"changed": {"name": "product attribute", "object": "sao camera tr\\u00ean iPhonesao camera tr\\u00ean iPhone", "fields": ["Price", "combination"]}}, {"changed": {"name": "product attribute", "object": "sao camera tr\\u00ean iPhonesao camera tr\\u00ean iPhonesao camera tr\\u00ean iPhone", "fields": ["Price", "combination"]}}, {"changed": {"name": "product attribute", "object": "iPhonesao camera tr\\u00ean iPho", "fields": ["Price", "combination"]}}, {"changed": {"name": "product attribute", "object": "iPhonesao camera tr\\u00ean iPho iPhonesao camera tr\\u00ean iPho", "fields": ["Price", "combination"]}}, {"changed": {"name": "product attribute", "object": "p b\\u1ea1n ch\\u1ee5p \\u1ea3nh \\u0111\\u1eb9p, nh\\u01b0ng kh\\u00f4ng", "fields": ["Price", "combination"]}}, {"changed": {"name": "product attribute", "object": "p b\\u1ea1n ch\\u1ee5p \\u1ea3nh \\u0111\\u1eb9p, nh\\u01b0ng kh\\u00f4ngp b\\u1ea1n ch\\u1ee5p \\u1ea3nh \\u0111\\u1eb9p, nh\\u01b0ng kh\\u00f4ng", "fields": ["Price", "combination"]}}, {"changed": {"name": "product attribute", "object": "mera c\\u1ee7a Apple gi\\u00fap b\\u1ea1n ch\\u1ee5p \\u1ea3", "fields": ["Price", "combination"]}}]', 116, 1),
(981, '2020-09-18 07:26:02.146876', '5', 'Intel và NVIDIA coi chừng', 2, '[{"changed": {"name": "product attribute", "object": "Ra m\\u1eaft laptop Acer Aspire 5 d\\u00f9ng Intel Core 10,", "fields": ["Price", "combination"]}}, {"changed": {"name": "product attribute", "object": "card \\u0111\\u1ed3 h\\u1ecda r\\u1eddi NVIDIA", "fields": ["Price", "combination"]}}, {"changed": {"name": "product attribute", "object": "Acer Aspire 5 d\\u00f9ng Intel C", "fields": ["Price", "combination"]}}]', 116, 1),
(982, '2020-09-18 07:50:56.918673', '52', 'Acer Aspire 5 dùng Intel C', 2, '[{"changed": {"fields": ["Cover image", "Alt Cover image", "Slider an image 1", "Slider an image 2", "Slider an image 3", "Slider an image 4", "combination"]}}]', 117, 1),
(983, '2020-09-18 07:52:15.032262', '51', 'card đồ họa rời NVIDIA', 2, '[{"changed": {"fields": ["Cover image", "Alt Cover image", "Slider an image 1", "Slider an image 2", "Slider an image 3", "Slider an image 4", "combination"]}}]', 117, 1),
(984, '2020-09-18 08:38:47.853931', '64', 'sao camera trên iPhonesao camera trên iPhone', 2, '[{"changed": {"fields": ["Cover image", "Alt Cover image", "Slider an image 1", "Slider an image 2", "Slider an image 3", "Slider an image 4", "combination"]}}]', 117, 1),
(985, '2020-09-18 08:39:22.828959', '67', 'iPhonesao camera trên iPho iPhonesao camera trên iPho', 2, '[{"changed": {"fields": ["Cover image", "Alt Cover image", "Slider an image 1", "Slider an image 2", "Slider an image 3", "Slider an image 4", "combination"]}}]', 117, 1),
(986, '2020-09-18 08:40:13.877599', '69', 'p bạn chụp ảnh đẹp, nhưng khôngp bạn chụp ảnh đẹp, nhưng không', 2, '[{"changed": {"fields": ["Cover image", "Alt Cover image", "Slider an image 1", "Slider an image 2", "Slider an image 3", "Slider an image 4", "combination"]}}]', 117, 1),
(987, '2020-09-18 08:40:49.684697', '70', 'mera của Apple giúp bạn chụp ả', 2, '[{"changed": {"fields": ["Cover image", "Alt Cover image", "Slider an image 1", "Slider an image 2", "Slider an image 3", "Slider an image 4", "combination"]}}]', 117, 1),
(988, '2020-09-18 08:41:30.319791', '68', 'p bạn chụp ảnh đẹp, nhưng không', 2, '[{"changed": {"fields": ["Cover image", "Alt Cover image", "Slider an image 1", "Slider an image 2", "Slider an image 3", "Slider an image 4", "combination"]}}]', 117, 1),
(989, '2020-09-18 08:42:07.091246', '66', 'iPhonesao camera trên iPho', 2, '[{"changed": {"fields": ["Cover image", "Alt Cover image", "Slider an image 1", "Slider an image 2", "Slider an image 3", "Slider an image 4", "combination"]}}]', 117, 1),
(990, '2020-09-18 08:42:49.293747', '65', 'sao camera trên iPhonesao camera trên iPhonesao camera trên iPhone', 2, '[{"changed": {"fields": ["Cover image", "Alt Cover image", "Slider an image 1", "Slider an image 2", "Slider an image 3", "Slider an image 4", "combination"]}}]', 117, 1),
(991, '2020-09-18 08:43:32.160847', '63', 'sao camera trên iPhone', 2, '[{"changed": {"fields": ["Cover image", "Alt Cover image", "Slider an image 1", "Slider an image 2", "Slider an image 3", "Slider an image 4", "combination"]}}]', 117, 1),
(992, '2020-09-21 05:18:57.536875', '1', 'Áo Thun', 2, '[{"changed": {"name": "product attribute", "object": "ng th\\u00eam kh\\u00e1 nhi\\u1ec1ung th\\u00eam kh\\u00e1", "fields": ["combination"]}}, {"changed": {"name": "product attribute", "object": "ng th\\u00eam kh\\u00e1 nhi\\u1ec1ung th\\u00eam kh\\u00e1 ng th\\u00eam kh\\u00e1 nhi\\u1ec1ung th\\u00eam kh\\u00e1", "fields": ["combination"]}}, {"changed": {"name": "product attribute", "object": "kh\\u00e1 nhi\\u1ec1u t\\u00edn kh\\u00e1 nhi\\u1ec1u t\\u00edn", "fields": ["combination"]}}, {"changed": {"name": "product attribute", "object": "ng th\\u00eam kh\\u00e1 nhi\\u1ec1ung th\\u00eam kh\\u00e1 nhi\\u1ec1u", "fields": ["combination"]}}, {"changed": {"name": "product attribute", "object": "ng th\\u00eam kh\\u00e1 nhi\\u1ec1u", "fields": ["combination"]}}, {"changed": {"name": "product attribute", "object": "ng th\\u00eam kh\\u00e1 nhi\\u1ec1u t\\u00ednh n\\u0103ng m\\u1edbi, t\\u1eadp trung v\\u00e0o vi\\u1ec7", "fields": ["combination"]}}, {"changed": {"name": "product attribute", "object": "ng th\\u00eam kh\\u00e1 nhi\\u1ec1u t\\u00ednh n\\u0103ng m\\u1edbi, t\\u1eadp trung v\\u00e0o vi\\u1ec7", "fields": ["combination"]}}, {"changed": {"name": "product attribute", "object": "ng th\\u00eam kh\\u00e1 nhi\\u1ec1u t\\u00ednh n\\u0103ng m\\u1edbi, t\\u1eadp trung v\\u00e0o vi\\u1ec7", "fields": ["combination"]}}]', 116, 1),
(993, '2020-09-21 05:19:24.614584', '3', 'san-pham-gia-dung', 2, '[]', 89, 1),
(994, '2020-09-21 05:19:35.662346', '3', 'san-pham-gia-dung', 2, '[]', 89, 1),
(995, '2020-09-21 05:19:40.905485', '1', 'thoi-trang', 2, '[]', 89, 1),
(996, '2020-09-21 05:19:47.924239', '4', 'p-su-dung-cac-vaccine-covid-19-chua-uoc-phe', 2, '[]', 89, 1),
(997, '2020-09-21 05:19:54.219004', '5', 'mau-san-pham-hinh-ung', 2, '[]', 89, 1),
(998, '2020-09-21 05:20:05.201113', '6', 'mau-san-pham-hinh-nam-ngang', 2, '[]', 89, 1),
(999, '2020-09-21 05:20:50.860207', '97', 'City object (97)', 3, '', 90, 1),
(1000, '2020-09-21 06:28:48.868777', '3', 'admin', 2, '[]', 4, 1),
(1001, '2020-09-21 08:07:52.304774', '1', 'huunguyen', 2, '[{"added": {"name": "profile", "object": "huunguyen"}}]', 4, 1),
(1002, '2020-09-21 08:08:08.280182', '1', 'huunguyen', 2, '[]', 4, 1),
(1003, '2020-09-21 08:23:34.961971', '1', 'huunguyen', 2, '[]', 4, 1),
(1004, '2020-09-21 08:37:07.592115', '1', 'huunguyen', 2, '[{"added": {"name": "profile", "object": "huunguyen"}}]', 4, 1),
(1005, '2020-09-21 08:37:26.911346', '1', 'huunguyen', 2, '[{"changed": {"name": "profile", "object": "huunguyen", "fields": ["Role"]}}]', 4, 1),
(1006, '2020-09-25 07:25:20.636596', '6', 'ời dùng những thiết bị Vsmart sẽ có thể xem nội dung Full HD', 1, '[{"added": {}}]', 116, 1),
(1007, '2020-09-25 07:25:42.211436', '71', 'ProductAttributeGroup object (71)', 1, '[{"added": {}}]', 146, 1),
(1008, '2020-09-25 07:25:50.526864', '72', 'ProductAttributeGroup object (72)', 1, '[{"added": {}}]', 146, 1),
(1009, '2020-09-25 07:26:09.307274', '73', 'ProductAttributeGroup object (73)', 1, '[{"added": {}}]', 146, 1),
(1010, '2020-09-25 07:26:25.368463', '74', 'ProductAttributeGroup object (74)', 1, '[{"added": {}}]', 146, 1),
(1011, '2020-09-25 07:26:34.053801', '75', 'ProductAttributeGroup object (75)', 1, '[{"added": {}}]', 146, 1),
(1012, '2020-09-25 15:53:11.348092', '5', 'Intel và NVIDIA coi chừng', 2, '[{"changed": {"name": "product attribute", "object": "Ra m\\u1eaft laptop Acer Aspire 5 d\\u00f9ng Intel Core 10,", "fields": ["combination"]}}, {"changed": {"name": "product attribute", "object": "card \\u0111\\u1ed3 h\\u1ecda r\\u1eddi NVIDIA", "fields": ["combination"]}}, {"changed": {"name": "product attribute", "object": "Acer Aspire 5 d\\u00f9ng Intel C", "fields": ["combination"]}}]', 116, 1),
(1013, '2020-09-28 01:55:18.827468', '6', 'ời dùng những thiết bị Vsmart sẽ có thể xem nội dung Full HD', 2, '[{"added": {"name": "feature product", "object": "k\\u00edch Th\\u01b0\\u1edbc NxDxS"}}, {"added": {"name": "feature product", "object": "Ch\\u1ea5t li\\u1ec7u"}}, {"added": {"name": "feature product", "object": "Chi\\u1ec1u S\\u00e2u"}}, {"added": {"name": "product attribute", "object": "\\u1eddi d\\u00f9ng nh\\u1eefng thi\\u1ebft b\\u1ecb Vsmart s\\u1ebd c\\u00f3 th\\u1ec3 xem n\\u1ed9i dung Full HD"}}, {"added": {"name": "product attribute", "object": "\\u1eddi d\\u00f9ng nh\\u1eefng thi\\u1ebft b\\u1ecb Vsmart s\\u1ebd c\\u00f3 th\\u1ec3 xem n\\u1ed9i dung Full HD"}}, {"added": {"name": "product attribute", "object": "\\u1eddi d\\u00f9ng nh\\u1eefng thi\\u1ebft b\\u1ecb Vsmart s\\u1ebd c\\u00f3 th\\u1ec3 xem n\\u1ed9i dung Full HD"}}, {"added": {"name": "product attribute", "object": "\\u1eddi d\\u00f9ng nh\\u1eefng thi\\u1ebft b\\u1ecb Vsmart s\\u1ebd c\\u00f3 th\\u1ec3 xem n\\u1ed9i dung Full HD"}}, {"added": {"name": "product attribute", "object": "\\u1eddi d\\u00f9ng nh\\u1eefng thi\\u1ebft b\\u1ecb Vsmart s\\u1ebd c\\u00f3 th\\u1ec3 xem n\\u1ed9i dung Full HD"}}, {"added": {"name": "product attribute", "object": "\\u1eddi d\\u00f9ng nh\\u1eefng thi\\u1ebft b\\u1ecb Vsmart s\\u1ebd c\\u00f3 th\\u1ec3 xem n\\u1ed9i dung Full HD"}}]', 116, 1),
(1014, '2020-09-28 02:24:18.626928', '6', 'ời dùng những thiết bị Vsmart sẽ có thể xem nội dung Full HD', 2, '[{"added": {"name": "product attribute", "object": "\\u1eddi d\\u00f9ng nh\\u1eefng thi\\u1ebft b\\u1ecb Vsmart s\\u1ebd c\\u00f3 th\\u1ec3 xem n\\u1ed9i dung Full HD"}}, {"added": {"name": "product attribute", "object": "\\u1eddi d\\u00f9ng nh\\u1eefng thi\\u1ebft b\\u1ecb Vsmart s\\u1ebd c\\u00f3 th\\u1ec3 xem n\\u1ed9i dung Full HD"}}]', 116, 1),
(1015, '2020-09-28 02:34:51.851411', '6', 'ời dùng những thiết bị Vsmart sẽ có thể xem nội dung Full HD', 2, '[{"deleted": {"name": "product attribute", "object": "\\u1eddi d\\u00f9ng nh\\u1eefng thi\\u1ebft b\\u1ecb Vsmart s\\u1ebd c\\u00f3 th\\u1ec3 xem n\\u1ed9i dung Full HD"}}, {"deleted": {"name": "product attribute", "object": "\\u1eddi d\\u00f9ng nh\\u1eefng thi\\u1ebft b\\u1ecb Vsmart s\\u1ebd c\\u00f3 th\\u1ec3 xem n\\u1ed9i dung Full HD"}}]', 116, 1),
(1016, '2020-09-28 02:38:38.914347', '6', 'ời dùng những thiết bị Vsmart sẽ có thể xem nội dung Full HD', 2, '[{"added": {"name": "product attribute", "object": "\\u1eddi d\\u00f9ng nh\\u1eefng thi\\u1ebft b\\u1ecb Vsmart s\\u1ebd c\\u00f3 th\\u1ec3 xem n\\u1ed9i dung Full HD"}}]', 116, 1),
(1017, '2020-09-28 02:42:01.180919', '6', 'ời dùng những thiết bị Vsmart sẽ có thể xem nội dung Full HD', 2, '[{"added": {"name": "product attribute", "object": "\\u1eddi d\\u00f9ng nh\\u1eefng thi\\u1ebft b\\u1ecb Vsmart s\\u1ebd c\\u00f3 th\\u1ec3 xem n\\u1ed9i dung Full HD"}}, {"deleted": {"name": "product attribute", "object": "\\u1eddi d\\u00f9ng nh\\u1eefng thi\\u1ebft b\\u1ecb Vsmart s\\u1ebd c\\u00f3 th\\u1ec3 xem n\\u1ed9i dung Full HD"}}]', 116, 1),
(1018, '2020-09-28 02:42:14.724195', '6', 'ời dùng những thiết bị Vsmart sẽ có thể xem nội dung Full HD', 2, '[{"added": {"name": "product attribute", "object": "\\u1eddi d\\u00f9ng nh\\u1eefng thi\\u1ebft b\\u1ecb Vsmart s\\u1ebd c\\u00f3 th\\u1ec3 xem n\\u1ed9i dung Full HD"}}, {"deleted": {"name": "product attribute", "object": "\\u1eddi d\\u00f9ng nh\\u1eefng thi\\u1ebft b\\u1ecb Vsmart s\\u1ebd c\\u00f3 th\\u1ec3 xem n\\u1ed9i dung Full HD"}}]', 116, 1),
(1019, '2020-09-28 02:52:53.951679', '6', 'ời dùng những thiết bị Vsmart sẽ có thể xem nội dung Full HD', 2, '[{"deleted": {"name": "product attribute", "object": "\\u1eddi d\\u00f9ng nh\\u1eefng thi\\u1ebft b\\u1ecb Vsmart s\\u1ebd c\\u00f3 th\\u1ec3 xem n\\u1ed9i dung Full HD"}}]', 116, 1),
(1020, '2020-09-28 03:11:37.931022', '6', 'ời dùng những thiết bị Vsmart sẽ có thể xem nội dung Full HD', 2, '[{"added": {"name": "product attribute", "object": "\\u1eddi d\\u00f9ng nh\\u1eefng thi\\u1ebft b\\u1ecb Vsmart s\\u1ebd c\\u00f3 th\\u1ec3 xem n\\u1ed9i dung Full HD"}}, {"added": {"name": "product attribute", "object": "\\u1eddi d\\u00f9ng nh\\u1eefng thi\\u1ebft b\\u1ecb Vsmart s\\u1ebd c\\u00f3 th\\u1ec3 xem n\\u1ed9i dung Full HD"}}]', 116, 1),
(1021, '2020-09-28 03:12:21.438596', '6', 'ời dùng những thiết bị Vsmart sẽ có thể xem nội dung Full HD', 2, '[{"deleted": {"name": "product attribute", "object": "\\u1eddi d\\u00f9ng nh\\u1eefng thi\\u1ebft b\\u1ecb Vsmart s\\u1ebd c\\u00f3 th\\u1ec3 xem n\\u1ed9i dung Full HD"}}, {"deleted": {"name": "product attribute", "object": "\\u1eddi d\\u00f9ng nh\\u1eefng thi\\u1ebft b\\u1ecb Vsmart s\\u1ebd c\\u00f3 th\\u1ec3 xem n\\u1ed9i dung Full HD"}}]', 116, 1),
(1022, '2020-09-28 03:20:32.236983', '6', 'ời dùng những thiết bị Vsmart sẽ có thể xem nội dung Full HD', 2, '[{"added": {"name": "product attribute", "object": "\\u1eddi d\\u00f9ng nh\\u1eefng thi\\u1ebft b\\u1ecb Vsmart s\\u1ebd c\\u00f3 th\\u1ec3 xem n\\u1ed9i dung Full HD"}}]', 116, 1),
(1023, '2020-09-28 03:27:21.797219', '6', 'ời dùng những thiết bị Vsmart sẽ có thể xem nội dung Full HD', 2, '[{"deleted": {"name": "product attribute", "object": "\\u1eddi d\\u00f9ng nh\\u1eefng thi\\u1ebft b\\u1ecb Vsmart s\\u1ebd c\\u00f3 th\\u1ec3 xem n\\u1ed9i dung Full HD"}}]', 116, 1),
(1024, '2020-09-28 03:27:36.557007', '6', 'ời dùng những thiết bị Vsmart sẽ có thể xem nội dung Full HD', 2, '[{"deleted": {"name": "product attribute", "object": "\\u1eddi d\\u00f9ng nh\\u1eefng thi\\u1ebft b\\u1ecb Vsmart s\\u1ebd c\\u00f3 th\\u1ec3 xem n\\u1ed9i dung Full HD"}}]', 116, 1),
(1025, '2020-09-28 03:29:39.745757', '6', 'ời dùng những thiết bị Vsmart sẽ có thể xem nội dung Full HD', 2, '[]', 116, 1),
(1026, '2020-09-28 03:29:53.903541', '6', 'ời dùng những thiết bị Vsmart sẽ có thể xem nội dung Full HD', 2, '[{"added": {"name": "product attribute", "object": "\\u1eddi d\\u00f9ng nh\\u1eefng thi\\u1ebft b\\u1ecb Vsmart s\\u1ebd c\\u00f3 th\\u1ec3 xem n\\u1ed9i dung Full HD"}}]', 116, 1),
(1027, '2020-09-28 03:38:13.760292', '6', 'ời dùng những thiết bị Vsmart sẽ có thể xem nội dung Full HD', 2, '[{"added": {"name": "product attribute", "object": "\\u1eddi d\\u00f9ng nh\\u1eefng thi\\u1ebft b\\u1ecb Vsmart s\\u1ebd c\\u00f3 th\\u1ec3 xem n\\u1ed9i dung Full HD"}}]', 116, 1),
(1028, '2020-09-28 03:40:05.764543', '6', 'ời dùng những thiết bị Vsmart sẽ có thể xem nội dung Full HD', 2, '[{"added": {"name": "product attribute", "object": "\\u1eddi d\\u00f9ng nh\\u1eefng thi\\u1ebft b\\u1ecb Vsmart s\\u1ebd c\\u00f3 th\\u1ec3 xem n\\u1ed9i dung Full HD"}}]', 116, 1),
(1029, '2020-09-28 03:54:42.740260', '6', 'ời dùng những thiết bị Vsmart sẽ có thể xem nội dung Full HD', 2, '[{"added": {"name": "product attribute", "object": "\\u1eddi d\\u00f9ng nh\\u1eefng thi\\u1ebft b\\u1ecb Vsmart s\\u1ebd c\\u00f3 th\\u1ec3 xem n\\u1ed9i dung Full HD"}}]', 116, 1),
(1030, '2020-09-28 04:13:36.176124', '6', 'ời dùng những thiết bị Vsmart sẽ có thể xem nội dung Full HD', 2, '[{"added": {"name": "product attribute", "object": "\\u1eddi d\\u00f9ng nh\\u1eefng thi\\u1ebft b\\u1ecb Vsmart s\\u1ebd c\\u00f3 th\\u1ec3 xem n\\u1ed9i dung Full HD"}}, {"added": {"name": "product attribute", "object": "\\u1eddi d\\u00f9ng nh\\u1eefng thi\\u1ebft b\\u1ecb Vsmart s\\u1ebd c\\u00f3 th\\u1ec3 xem n\\u1ed9i dung Full HD"}}, {"added": {"name": "product attribute", "object": "\\u1eddi d\\u00f9ng nh\\u1eefng thi\\u1ebft b\\u1ecb Vsmart s\\u1ebd c\\u00f3 th\\u1ec3 xem n\\u1ed9i dung Full HD"}}, {"added": {"name": "product attribute", "object": "\\u1eddi d\\u00f9ng nh\\u1eefng thi\\u1ebft b\\u1ecb Vsmart s\\u1ebd c\\u00f3 th\\u1ec3 xem n\\u1ed9i dung Full HD"}}, {"added": {"name": "product attribute", "object": "\\u1eddi d\\u00f9ng nh\\u1eefng thi\\u1ebft b\\u1ecb Vsmart s\\u1ebd c\\u00f3 th\\u1ec3 xem n\\u1ed9i dung Full HD"}}]', 116, 1),
(1031, '2020-09-28 04:14:17.056127', '6', 'ời dùng những thiết bị Vsmart sẽ có thể xem nội dung Full HD', 2, '[]', 116, 1),
(1032, '2020-09-28 04:24:01.349564', '6', 'ời dùng những thiết bị Vsmart sẽ có thể xem nội dung Full HD', 2, '[{"added": {"name": "product attribute", "object": "\\u1eddi d\\u00f9ng nh\\u1eefng thi\\u1ebft b\\u1ecb Vsmart s\\u1ebd c\\u00f3 th\\u1ec3 xem n\\u1ed9i dung Full HD"}}, {"added": {"name": "product attribute", "object": "\\u1eddi d\\u00f9ng nh\\u1eefng thi\\u1ebft b\\u1ecb Vsmart s\\u1ebd c\\u00f3 th\\u1ec3 xem n\\u1ed9i dung Full HD"}}, {"added": {"name": "product attribute", "object": "\\u1eddi d\\u00f9ng nh\\u1eefng thi\\u1ebft b\\u1ecb Vsmart s\\u1ebd c\\u00f3 th\\u1ec3 xem n\\u1ed9i dung Full HD"}}, {"added": {"name": "product attribute", "object": "\\u1eddi d\\u00f9ng nh\\u1eefng thi\\u1ebft b\\u1ecb Vsmart s\\u1ebd c\\u00f3 th\\u1ec3 xem n\\u1ed9i dung Full HD"}}, {"added": {"name": "product attribute", "object": "\\u1eddi d\\u00f9ng nh\\u1eefng thi\\u1ebft b\\u1ecb Vsmart s\\u1ebd c\\u00f3 th\\u1ec3 xem n\\u1ed9i dung Full HD"}}, {"added": {"name": "product attribute", "object": "\\u1eddi d\\u00f9ng nh\\u1eefng thi\\u1ebft b\\u1ecb Vsmart s\\u1ebd c\\u00f3 th\\u1ec3 xem n\\u1ed9i dung Full HD"}}]', 116, 1),
(1033, '2020-09-28 04:25:16.962627', '6', 'ời dùng những thiết bị Vsmart sẽ có thể xem nội dung Full HD', 2, '[]', 116, 1),
(1034, '2020-09-28 04:31:35.753649', '6', 'ời dùng những thiết bị Vsmart sẽ có thể xem nội dung Full HD', 2, '[{"added": {"name": "product attribute", "object": "\\u1eddi d\\u00f9ng nh\\u1eefng thi\\u1ebft b\\u1ecb Vsmart s\\u1ebd c\\u00f3 th\\u1ec3 xem n\\u1ed9i dung Full HD"}}, {"added": {"name": "product attribute", "object": "\\u1eddi d\\u00f9ng nh\\u1eefng thi\\u1ebft b\\u1ecb Vsmart s\\u1ebd c\\u00f3 th\\u1ec3 xem n\\u1ed9i dung Full HD"}}, {"added": {"name": "product attribute", "object": "\\u1eddi d\\u00f9ng nh\\u1eefng thi\\u1ebft b\\u1ecb Vsmart s\\u1ebd c\\u00f3 th\\u1ec3 xem n\\u1ed9i dung Full HD"}}, {"added": {"name": "product attribute", "object": "\\u1eddi d\\u00f9ng nh\\u1eefng thi\\u1ebft b\\u1ecb Vsmart s\\u1ebd c\\u00f3 th\\u1ec3 xem n\\u1ed9i dung Full HD"}}, {"added": {"name": "product attribute", "object": "\\u1eddi d\\u00f9ng nh\\u1eefng thi\\u1ebft b\\u1ecb Vsmart s\\u1ebd c\\u00f3 th\\u1ec3 xem n\\u1ed9i dung Full HD"}}, {"added": {"name": "product attribute", "object": "\\u1eddi d\\u00f9ng nh\\u1eefng thi\\u1ebft b\\u1ecb Vsmart s\\u1ebd c\\u00f3 th\\u1ec3 xem n\\u1ed9i dung Full HD"}}]', 116, 1),
(1035, '2020-09-28 04:34:25.459672', '6', 'ời dùng những thiết bị Vsmart sẽ có thể xem nội dung Full HD', 2, '[]', 116, 1),
(1036, '2020-09-28 04:54:52.782927', '6', 'ời dùng những thiết bị Vsmart sẽ có thể xem nội dung Full HD', 2, '[{"added": {"name": "product attribute", "object": "\\u1eddi d\\u00f9ng nh\\u1eefng thi\\u1ebft b\\u1ecb Vsmart s\\u1ebd c\\u00f3 th\\u1ec3 xem n\\u1ed9i dung Full HD"}}, {"added": {"name": "product attribute", "object": "\\u1eddi d\\u00f9ng nh\\u1eefng thi\\u1ebft b\\u1ecb Vsmart s\\u1ebd c\\u00f3 th\\u1ec3 xem n\\u1ed9i dung Full HD"}}, {"added": {"name": "product attribute", "object": "\\u1eddi d\\u00f9ng nh\\u1eefng thi\\u1ebft b\\u1ecb Vsmart s\\u1ebd c\\u00f3 th\\u1ec3 xem n\\u1ed9i dung Full HD"}}, {"added": {"name": "product attribute", "object": "\\u1eddi d\\u00f9ng nh\\u1eefng thi\\u1ebft b\\u1ecb Vsmart s\\u1ebd c\\u00f3 th\\u1ec3 xem n\\u1ed9i dung Full HD"}}, {"added": {"name": "product attribute", "object": "\\u1eddi d\\u00f9ng nh\\u1eefng thi\\u1ebft b\\u1ecb Vsmart s\\u1ebd c\\u00f3 th\\u1ec3 xem n\\u1ed9i dung Full HD"}}, {"added": {"name": "product attribute", "object": "\\u1eddi d\\u00f9ng nh\\u1eefng thi\\u1ebft b\\u1ecb Vsmart s\\u1ebd c\\u00f3 th\\u1ec3 xem n\\u1ed9i dung Full HD"}}]', 116, 1),
(1037, '2020-09-28 04:55:23.317745', '6', 'ời dùng những thiết bị Vsmart sẽ có thể xem nội dung Full HD', 2, '[]', 116, 1),
(1038, '2020-09-28 04:57:13.678085', '6', 'ời dùng những thiết bị Vsmart sẽ có thể xem nội dung Full HD', 2, '[{"added": {"name": "product attribute", "object": "\\u1eddi d\\u00f9ng nh\\u1eefng thi\\u1ebft b\\u1ecb Vsmart s\\u1ebd c\\u00f3 th\\u1ec3 xem n\\u1ed9i dung Full HD"}}, {"added": {"name": "product attribute", "object": "\\u1eddi d\\u00f9ng nh\\u1eefng thi\\u1ebft b\\u1ecb Vsmart s\\u1ebd c\\u00f3 th\\u1ec3 xem n\\u1ed9i dung Full HD"}}, {"added": {"name": "product attribute", "object": "\\u1eddi d\\u00f9ng nh\\u1eefng thi\\u1ebft b\\u1ecb Vsmart s\\u1ebd c\\u00f3 th\\u1ec3 xem n\\u1ed9i dung Full HD"}}, {"added": {"name": "product attribute", "object": "\\u1eddi d\\u00f9ng nh\\u1eefng thi\\u1ebft b\\u1ecb Vsmart s\\u1ebd c\\u00f3 th\\u1ec3 xem n\\u1ed9i dung Full HD"}}, {"added": {"name": "product attribute", "object": "\\u1eddi d\\u00f9ng nh\\u1eefng thi\\u1ebft b\\u1ecb Vsmart s\\u1ebd c\\u00f3 th\\u1ec3 xem n\\u1ed9i dung Full HD"}}, {"added": {"name": "product attribute", "object": "\\u1eddi d\\u00f9ng nh\\u1eefng thi\\u1ebft b\\u1ecb Vsmart s\\u1ebd c\\u00f3 th\\u1ec3 xem n\\u1ed9i dung Full HD"}}]', 116, 1),
(1039, '2020-09-28 04:57:31.987615', '6', 'ời dùng những thiết bị Vsmart sẽ có thể xem nội dung Full HD', 2, '[]', 116, 1),
(1040, '2020-09-28 05:00:47.037821', '6', 'ời dùng những thiết bị Vsmart sẽ có thể xem nội dung Full HD', 2, '[{"added": {"name": "product attribute", "object": "\\u1eddi d\\u00f9ng nh\\u1eefng thi\\u1ebft b\\u1ecb Vsmart s\\u1ebd c\\u00f3 th\\u1ec3 xem n\\u1ed9i dung Full HD"}}, {"added": {"name": "product attribute", "object": "\\u1eddi d\\u00f9ng nh\\u1eefng thi\\u1ebft b\\u1ecb Vsmart s\\u1ebd c\\u00f3 th\\u1ec3 xem n\\u1ed9i dung Full HD"}}, {"added": {"name": "product attribute", "object": "\\u1eddi d\\u00f9ng nh\\u1eefng thi\\u1ebft b\\u1ecb Vsmart s\\u1ebd c\\u00f3 th\\u1ec3 xem n\\u1ed9i dung Full HD"}}, {"added": {"name": "product attribute", "object": "\\u1eddi d\\u00f9ng nh\\u1eefng thi\\u1ebft b\\u1ecb Vsmart s\\u1ebd c\\u00f3 th\\u1ec3 xem n\\u1ed9i dung Full HD"}}, {"added": {"name": "product attribute", "object": "\\u1eddi d\\u00f9ng nh\\u1eefng thi\\u1ebft b\\u1ecb Vsmart s\\u1ebd c\\u00f3 th\\u1ec3 xem n\\u1ed9i dung Full HD"}}, {"added": {"name": "product attribute", "object": "\\u1eddi d\\u00f9ng nh\\u1eefng thi\\u1ebft b\\u1ecb Vsmart s\\u1ebd c\\u00f3 th\\u1ec3 xem n\\u1ed9i dung Full HD"}}]', 116, 1),
(1041, '2020-09-28 05:04:46.645858', '6', 'ời dùng những thiết bị Vsmart sẽ có thể xem nội dung Full HD', 2, '[]', 116, 1),
(1042, '2020-09-28 05:05:20.420471', '6', 'ời dùng những thiết bị Vsmart sẽ có thể xem nội dung Full HD', 2, '[{"added": {"name": "product attribute", "object": "\\u1eddi d\\u00f9ng nh\\u1eefng thi\\u1ebft b\\u1ecb Vsmart s\\u1ebd c\\u00f3 th\\u1ec3 xem n\\u1ed9i dung Full HD"}}, {"added": {"name": "product attribute", "object": "\\u1eddi d\\u00f9ng nh\\u1eefng thi\\u1ebft b\\u1ecb Vsmart s\\u1ebd c\\u00f3 th\\u1ec3 xem n\\u1ed9i dung Full HD"}}, {"added": {"name": "product attribute", "object": "\\u1eddi d\\u00f9ng nh\\u1eefng thi\\u1ebft b\\u1ecb Vsmart s\\u1ebd c\\u00f3 th\\u1ec3 xem n\\u1ed9i dung Full HD"}}, {"added": {"name": "product attribute", "object": "\\u1eddi d\\u00f9ng nh\\u1eefng thi\\u1ebft b\\u1ecb Vsmart s\\u1ebd c\\u00f3 th\\u1ec3 xem n\\u1ed9i dung Full HD"}}, {"added": {"name": "product attribute", "object": "\\u1eddi d\\u00f9ng nh\\u1eefng thi\\u1ebft b\\u1ecb Vsmart s\\u1ebd c\\u00f3 th\\u1ec3 xem n\\u1ed9i dung Full HD"}}, {"added": {"name": "product attribute", "object": "\\u1eddi d\\u00f9ng nh\\u1eefng thi\\u1ebft b\\u1ecb Vsmart s\\u1ebd c\\u00f3 th\\u1ec3 xem n\\u1ed9i dung Full HD"}}]', 116, 1),
(1043, '2020-09-28 05:06:43.932016', '6', 'ời dùng những thiết bị Vsmart sẽ có thể xem nội dung Full HD', 2, '[]', 116, 1),
(1044, '2020-09-28 05:07:08.819428', '6', 'ời dùng những thiết bị Vsmart sẽ có thể xem nội dung Full HD', 2, '[{"added": {"name": "product attribute", "object": "\\u1eddi d\\u00f9ng nh\\u1eefng thi\\u1ebft b\\u1ecb Vsmart s\\u1ebd c\\u00f3 th\\u1ec3 xem n\\u1ed9i dung Full HD"}}, {"added": {"name": "product attribute", "object": "\\u1eddi d\\u00f9ng nh\\u1eefng thi\\u1ebft b\\u1ecb Vsmart s\\u1ebd c\\u00f3 th\\u1ec3 xem n\\u1ed9i dung Full HD"}}, {"added": {"name": "product attribute", "object": "\\u1eddi d\\u00f9ng nh\\u1eefng thi\\u1ebft b\\u1ecb Vsmart s\\u1ebd c\\u00f3 th\\u1ec3 xem n\\u1ed9i dung Full HD"}}, {"added": {"name": "product attribute", "object": "\\u1eddi d\\u00f9ng nh\\u1eefng thi\\u1ebft b\\u1ecb Vsmart s\\u1ebd c\\u00f3 th\\u1ec3 xem n\\u1ed9i dung Full HD"}}, {"added": {"name": "product attribute", "object": "\\u1eddi d\\u00f9ng nh\\u1eefng thi\\u1ebft b\\u1ecb Vsmart s\\u1ebd c\\u00f3 th\\u1ec3 xem n\\u1ed9i dung Full HD"}}, {"added": {"name": "product attribute", "object": "\\u1eddi d\\u00f9ng nh\\u1eefng thi\\u1ebft b\\u1ecb Vsmart s\\u1ebd c\\u00f3 th\\u1ec3 xem n\\u1ed9i dung Full HD"}}]', 116, 1),
(1045, '2020-09-28 05:09:23.225507', '6', 'ời dùng những thiết bị Vsmart sẽ có thể xem nội dung Full HD', 2, '[]', 116, 1),
(1046, '2020-09-28 05:16:22.842330', '6', 'ời dùng những thiết bị Vsmart sẽ có thể xem nội dung Full HD', 2, '[{"added": {"name": "product attribute", "object": "\\u1eddi d\\u00f9ng nh\\u1eefng thi\\u1ebft b\\u1ecb Vsmart s\\u1ebd c\\u00f3 th\\u1ec3 xem n\\u1ed9i dung Full HD"}}, {"added": {"name": "product attribute", "object": "\\u1eddi d\\u00f9ng nh\\u1eefng thi\\u1ebft b\\u1ecb Vsmart s\\u1ebd c\\u00f3 th\\u1ec3 xem n\\u1ed9i dung Full HD"}}, {"added": {"name": "product attribute", "object": "\\u1eddi d\\u00f9ng nh\\u1eefng thi\\u1ebft b\\u1ecb Vsmart s\\u1ebd c\\u00f3 th\\u1ec3 xem n\\u1ed9i dung Full HD"}}, {"added": {"name": "product attribute", "object": "\\u1eddi d\\u00f9ng nh\\u1eefng thi\\u1ebft b\\u1ecb Vsmart s\\u1ebd c\\u00f3 th\\u1ec3 xem n\\u1ed9i dung Full HD"}}, {"added": {"name": "product attribute", "object": "\\u1eddi d\\u00f9ng nh\\u1eefng thi\\u1ebft b\\u1ecb Vsmart s\\u1ebd c\\u00f3 th\\u1ec3 xem n\\u1ed9i dung Full HD"}}, {"added": {"name": "product attribute", "object": "\\u1eddi d\\u00f9ng nh\\u1eefng thi\\u1ebft b\\u1ecb Vsmart s\\u1ebd c\\u00f3 th\\u1ec3 xem n\\u1ed9i dung Full HD"}}]', 116, 1),
(1047, '2020-09-28 06:26:54.766927', '6', 'ời dùng những thiết bị Vsmart sẽ có thể xem nội dung Full HD', 2, '[]', 116, 1),
(1048, '2020-09-28 06:28:25.584065', '6', 'ời dùng những thiết bị Vsmart sẽ có thể xem nội dung Full HD', 2, '[{"added": {"name": "product attribute", "object": "sdfsfs sdfsdfsd"}}]', 116, 1),
(1049, '2020-09-28 06:30:32.201450', '6', 'ời dùng những thiết bị Vsmart sẽ có thể xem nội dung Full HD', 2, '[]', 116, 1),
(1050, '2020-09-28 06:37:41.708763', '6', 'ời dùng những thiết bị Vsmart sẽ có thể xem nội dung Full HD', 2, '[{"added": {"name": "product attribute", "object": "aaaaaaaaaa"}}]', 116, 1),
(1051, '2020-09-28 06:38:30.984462', '6', 'ời dùng những thiết bị Vsmart sẽ có thể xem nội dung Full HD', 2, '[{"added": {"name": "product attribute", "object": "vvvvvvv"}}]', 116, 1),
(1052, '2020-09-28 06:40:06.733752', '6', 'ời dùng những thiết bị Vsmart sẽ có thể xem nội dung Full HD', 2, '[{"added": {"name": "product attribute", "object": "sddsdsfsd"}}]', 116, 1),
(1053, '2020-09-28 06:41:51.313526', '6', 'ời dùng những thiết bị Vsmart sẽ có thể xem nội dung Full HD', 2, '[{"added": {"name": "product attribute", "object": "aaaaa"}}]', 116, 1),
(1054, '2020-09-28 06:48:28.819208', '6', 'ời dùng những thiết bị Vsmart sẽ có thể xem nội dung Full HD', 2, '[]', 116, 1),
(1055, '2020-09-28 06:50:08.486366', '6', 'ời dùng những thiết bị Vsmart sẽ có thể xem nội dung Full HD', 2, '[{"added": {"name": "product attribute", "object": "sdsddfd"}}, {"added": {"name": "product attribute", "object": "sdsdfffd"}}]', 116, 1),
(1056, '2020-09-28 06:57:46.782916', '6', 'ời dùng những thiết bị Vsmart sẽ có thể xem nội dung Full HD', 2, '[{"added": {"name": "product attribute", "object": "wwwwww313"}}, {"changed": {"name": "product attribute", "object": "sdsddfd", "fields": ["combination"]}}]', 116, 1),
(1057, '2020-09-28 06:58:11.222744', '6', 'ời dùng những thiết bị Vsmart sẽ có thể xem nội dung Full HD', 2, '[{"added": {"name": "product attribute", "object": "dssd sdfds"}}, {"added": {"name": "product attribute", "object": "sdfdf sff"}}, {"added": {"name": "product attribute", "object": "sdfd dfsdfs"}}, {"added": {"name": "product attribute", "object": "s sdfsdfsdfdsfsdfsd"}}, {"changed": {"name": "product attribute", "object": "wwwwww313", "fields": ["combination"]}}, {"changed": {"name": "product attribute", "object": "sdsddfd", "fields": ["combination"]}}]', 116, 1),
(1058, '2020-09-28 07:00:14.527517', '168', 'dssd sdfds', 2, '[{"changed": {"fields": ["Cover image", "Alt Cover image", "Slider an image 1", "Slider an image 2", "Slider an image 3", "Slider an image 4", "combination"]}}]', 117, 1),
(1059, '2020-09-28 07:00:36.520271', '167', 'wwwwww313', 2, '[{"changed": {"fields": ["Cover image", "Alt Cover image", "Slider an image 1", "Slider an image 2", "Slider an image 3", "Slider an image 4", "combination"]}}]', 117, 1),
(1060, '2020-09-28 07:04:55.026212', '168', 'dssd sdfds', 2, '[{"changed": {"fields": ["Cover image", "Alt Cover image", "Slider an image 1", "Slider an image 2", "Slider an image 3", "Slider an image 4", "combination"]}}]', 117, 1),
(1061, '2020-09-28 07:05:53.709709', '168', 'up full', 2, '[{"changed": {"fields": ["Attr name", "Cover image", "Alt Cover image", "Slider an image 1", "Slider an image 2", "Slider an image 3", "Slider an image 4", "combination"]}}]', 117, 1),
(1062, '2020-09-28 07:11:54.958276', '168', 'up full', 2, '[{"changed": {"fields": ["Cover image", "Alt Cover image", "Slider an image 1", "Slider an image 2", "Slider an image 3", "Slider an image 4", "combination"]}}]', 117, 1),
(1063, '2020-09-28 07:14:58.429372', '171', 'full image', 2, '[{"changed": {"fields": ["Attr name", "Cover image", "Alt Cover image", "Slider an image 1", "Slider an image 2", "Slider an image 3", "Slider an image 4", "combination"]}}]', 117, 1),
(1064, '2020-09-28 07:18:42.768730', '171', 'full image', 2, '[{"changed": {"fields": ["Cover image", "Alt Cover image", "Slider an image 1", "Slider an image 2", "Slider an image 3", "Slider an image 4", "combination"]}}]', 117, 1),
(1065, '2020-09-28 07:19:37.833494', '167', 'wwwwww313', 2, '[{"changed": {"fields": ["Cover image", "Alt Cover image", "Slider an image 1", "Slider an image 2", "Slider an image 3", "Slider an image 4", "combination"]}}]', 117, 1),
(1066, '2020-09-28 07:20:01.722731', '168', 'up full', 2, '[{"changed": {"fields": ["Cover image", "Alt Cover image", "Slider an image 1", "Slider an image 2", "Slider an image 3", "Slider an image 4", "combination"]}}]', 117, 1),
(1067, '2020-09-28 07:20:22.060306', '170', 'sdfd dfsdfs', 2, '[{"changed": {"fields": ["Cover image", "Alt Cover image", "Slider an image 1", "Slider an image 2", "Slider an image 3", "Slider an image 4", "combination"]}}]', 117, 1),
(1068, '2020-09-28 07:20:43.812472', '169', 'sdfdf sff', 2, '[{"changed": {"fields": ["Cover image", "Alt Cover image", "Slider an image 1", "Slider an image 2", "Slider an image 3", "Slider an image 4", "combination"]}}]', 117, 1),
(1069, '2020-09-28 07:21:04.459855', '165', 'sdsddfd', 2, '[{"changed": {"fields": ["Cover image", "Alt Cover image", "Slider an image 1", "Slider an image 2", "Slider an image 3", "Slider an image 4", "combination"]}}]', 117, 1),
(1070, '2020-09-28 07:37:32.393252', '68', 'p bạn chụp ảnh đẹp, nhưng không', 2, '[{"changed": {"fields": ["Cover image", "combination"]}}]', 117, 1),
(1071, '2020-09-28 07:37:46.188368', '171', 'full image', 2, '[{"changed": {"fields": ["Cover image", "Alt Cover image", "combination"]}}]', 117, 1),
(1072, '2020-09-28 07:38:30.025721', '58', 'ate my own storage that will just not save the file to the dis', 2, '[{"changed": {"fields": ["Cover image", "Alt Cover image", "Slider an image 1", "Slider an image 2", "Slider an image 3", "Slider an image 4", "combination"]}}]', 117, 1),
(1073, '2020-09-28 07:39:02.792950', '58', 'ate my own storage that will just not save the file to the dis', 2, '[{"changed": {"fields": ["Cover image", "Alt Cover image", "combination"]}}]', 117, 1),
(1074, '2020-09-28 07:39:47.503222', '58', 'ate my own storage that will just not save the file to the dis', 2, '[{"changed": {"fields": ["Cover image", "Alt Cover image", "Slider an image 1", "Slider an image 2", "Slider an image 3", "Slider an image 4", "combination"]}}]', 117, 1),
(1075, '2020-09-28 07:45:02.936246', '6', 'ời dùng những thiết bị Vsmart sẽ có thể xem nội dung Full HD', 2, '[{"changed": {"name": "product attribute", "object": "up full", "fields": ["combination"]}}, {"changed": {"name": "product attribute", "object": "sdfdf sff", "fields": ["combination"]}}, {"changed": {"name": "product attribute", "object": "sdfd dfsdfs", "fields": ["combination"]}}, {"changed": {"name": "product attribute", "object": "full image", "fields": ["combination"]}}, {"changed": {"name": "product attribute", "object": "wwwwww313", "fields": ["combination"]}}, {"changed": {"name": "product attribute", "object": "aaaaaaaaaaaaa", "fields": ["Attr name", "combination"]}}]', 116, 1),
(1076, '2020-09-28 07:50:13.140784', '6', 'ời dùng những thiết bị Vsmart sẽ có thể xem nội dung Full HD', 2, '[{"changed": {"name": "product attribute", "object": "up full", "fields": ["combination"]}}, {"changed": {"name": "product attribute", "object": "sdfdf sff", "fields": ["combination"]}}, {"changed": {"name": "product attribute", "object": "sdfd dfsdfs", "fields": ["combination"]}}, {"changed": {"name": "product attribute", "object": "full image", "fields": ["combination"]}}, {"changed": {"name": "product attribute", "object": "wwwwww313", "fields": ["combination"]}}, {"changed": {"name": "product attribute", "object": "\\u1eddi d\\u00f9ng nh\\u1eefng thi\\u1ebft b\\u1ecb Vsmart s\\u1ebd c\\u00f3 th\\u1ec3 xem n\\u1ed9i dung Full HD", "fields": ["Attr name", "combination"]}}]', 116, 1),
(1077, '2020-09-28 07:50:56.887779', '6', 'ời dùng những thiết bị Vsmart sẽ có thể xem nội dung Full HD', 2, '[{"changed": {"name": "product attribute", "object": "up full", "fields": ["combination"]}}, {"changed": {"name": "product attribute", "object": "sdfdf sff", "fields": ["combination"]}}, {"changed": {"name": "product attribute", "object": "sdfd dfsdfs", "fields": ["combination"]}}, {"changed": {"name": "product attribute", "object": "full image", "fields": ["combination"]}}, {"changed": {"name": "product attribute", "object": "wwwwww313", "fields": ["combination"]}}, {"changed": {"name": "product attribute", "object": "\\u1eddi d\\u00f9ng nh\\u1eefng thi\\u1ebft b\\u1ecb Vsmart s\\u1ebd c\\u00f3 th\\u1ec3 xem n\\u1ed9i dung Full HD", "fields": ["combination"]}}]', 116, 1),
(1078, '2020-09-28 07:51:13.140922', '3', 'Quần Kaki', 2, '[{"changed": {"name": "product attribute", "object": "ate my own storage that will just not save the file to the dis", "fields": ["combination"]}}, {"changed": {"name": "product attribute", "object": "t will just not save the file", "fields": ["combination"]}}, {"changed": {"name": "product attribute", "object": "t will just not save the file t will just not save the file", "fields": ["combination"]}}, {"changed": {"name": "product attribute", "object": "file t will just not sa file t will just not sa", "fields": ["combination"]}}, {"changed": {"name": "product attribute", "object": "t will just not sa file t will just n", "fields": ["combination"]}}, {"changed": {"name": "product attribute", "object": "u kh\\u00e1c bi\\u1ec7t v\\u1ec1 thi\\u1ebft k\\u1ebf,u kh\\u00e1c bi", "fields": ["combination"]}}, {"changed": {"name": "product attribute", "object": "t k\\u1ebf,u kh\\u00e1c t k\\u1ebf,u kh\\u00e1c t k\\u1ebf,u kh\\u00e1c", "fields": ["combination"]}}, {"changed": {"name": "product attribute", "object": "t k\\u1ebf,u kh\\u00e1c t k\\u1ebf,u kh\\u00e1c", "fields": ["combination"]}}, {"changed": {"name": "product attribute", "object": "t k\\u1ebf,u kh\\u00e1c", "fields": ["combination"]}}, {"changed": {"name": "product attribute", "object": "thi\\u1ebft k\\u1ebf,u kh\\u00e1c bi", "fields": ["combination"]}}, {"changed": {"name": "product attribute", "object": "u kh\\u00e1c bi\\u1ec7t v\\u1ec1 thi\\u1ebft k\\u1ebf,", "fields": ["combination"]}}, {"changed": {"name": "product attribute", "object": "\\u1ec7tu kh\\u00e1c bi\\u1ec7t v\\u1ec1 thi\\u1ebft k\\u1ebf,u kh\\u00e1c bi v\\u1ec1 thi\\u1ebft k\\u1ebf,", "fields": ["combination"]}}]', 116, 1);
INSERT INTO `django_admin_log` (`id`, `action_time`, `object_id`, `object_repr`, `action_flag`, `change_message`, `content_type_id`, `user_id`) VALUES
(1079, '2020-09-28 07:51:32.939408', '4', 'camera trên iPhone không thể chụp', 2, '[{"added": {"name": "product attribute", "object": "camera tr\\u00ean iPhone kh\\u00f4ng th\\u1ec3 ch\\u1ee5p"}}, {"added": {"name": "product attribute", "object": "camera tr\\u00ean iPhone kh\\u00f4ng th\\u1ec3 ch\\u1ee5p"}}, {"added": {"name": "product attribute", "object": "camera tr\\u00ean iPhone kh\\u00f4ng th\\u1ec3 ch\\u1ee5p"}}, {"added": {"name": "product attribute", "object": "camera tr\\u00ean iPhone kh\\u00f4ng th\\u1ec3 ch\\u1ee5p"}}, {"added": {"name": "product attribute", "object": "camera tr\\u00ean iPhone kh\\u00f4ng th\\u1ec3 ch\\u1ee5p"}}, {"added": {"name": "product attribute", "object": "camera tr\\u00ean iPhone kh\\u00f4ng th\\u1ec3 ch\\u1ee5p"}}, {"added": {"name": "product attribute", "object": "camera tr\\u00ean iPhone kh\\u00f4ng th\\u1ec3 ch\\u1ee5p"}}, {"added": {"name": "product attribute", "object": "camera tr\\u00ean iPhone kh\\u00f4ng th\\u1ec3 ch\\u1ee5p"}}, {"changed": {"name": "product attribute", "object": "sao camera tr\\u00ean iPhone", "fields": ["combination"]}}, {"changed": {"name": "product attribute", "object": "sao camera tr\\u00ean iPhonesao camera tr\\u00ean iPhone", "fields": ["combination"]}}, {"changed": {"name": "product attribute", "object": "sao camera tr\\u00ean iPhonesao camera tr\\u00ean iPhonesao camera tr\\u00ean iPhone", "fields": ["combination"]}}, {"changed": {"name": "product attribute", "object": "iPhonesao camera tr\\u00ean iPho", "fields": ["combination"]}}, {"changed": {"name": "product attribute", "object": "iPhonesao camera tr\\u00ean iPho iPhonesao camera tr\\u00ean iPho", "fields": ["combination"]}}, {"changed": {"name": "product attribute", "object": "p b\\u1ea1n ch\\u1ee5p \\u1ea3nh \\u0111\\u1eb9p, nh\\u01b0ng kh\\u00f4ng", "fields": ["combination"]}}, {"changed": {"name": "product attribute", "object": "p b\\u1ea1n ch\\u1ee5p \\u1ea3nh \\u0111\\u1eb9p, nh\\u01b0ng kh\\u00f4ngp b\\u1ea1n ch\\u1ee5p \\u1ea3nh \\u0111\\u1eb9p, nh\\u01b0ng kh\\u00f4ng", "fields": ["combination"]}}, {"changed": {"name": "product attribute", "object": "mera c\\u1ee7a Apple gi\\u00fap b\\u1ea1n ch\\u1ee5p \\u1ea3", "fields": ["combination"]}}]', 116, 1),
(1080, '2020-09-28 07:53:56.703417', '4', 'camera trên iPhone không thể chụp', 2, '[{"changed": {"name": "product attribute", "object": "camera tr\\u00ean iPhone kh\\u00f4ng th\\u1ec3 ch\\u1ee5p111", "fields": ["Attr name", "Quantity", "combination"]}}, {"changed": {"name": "product attribute", "object": "camera tr\\u00ean iPhone kh\\u00f4ng th\\u1ec3 ch\\u1ee5p11", "fields": ["Attr name", "Price", "Quantity", "combination"]}}, {"changed": {"name": "product attribute", "object": "camera tr\\u00ean iPhone kh\\u00f4ng th\\u1ec3 ch\\u1ee5p111", "fields": ["Attr name", "combination"]}}, {"changed": {"name": "product attribute", "object": "camera tr\\u00ean iPhone kh\\u00f4ng th\\u1ec3 ch\\u1ee5p11", "fields": ["Attr name", "combination"]}}, {"changed": {"name": "product attribute", "object": "camera tr\\u00ean iPhone kh\\u00f4ng th\\u1ec3 ch\\u1ee5p11", "fields": ["Attr name", "combination"]}}, {"changed": {"name": "product attribute", "object": "camera tr\\u00ean iPhone kh\\u00f4ng th\\u1ec3 ch\\u1ee5p111", "fields": ["Attr name", "combination"]}}, {"changed": {"name": "product attribute", "object": "camera tr\\u00ean iPhone kh\\u00f4ng th\\u1ec3 ch\\u1ee5p111", "fields": ["Attr name", "combination"]}}, {"changed": {"name": "product attribute", "object": "camera tr\\u00ean iPhone kh\\u00f4ng th\\u1ec3 ch\\u1ee5p111", "fields": ["Attr name", "combination"]}}, {"changed": {"name": "product attribute", "object": "sao camera tr\\u00ean iPhone", "fields": ["combination"]}}, {"changed": {"name": "product attribute", "object": "sao camera tr\\u00ean iPhonesao camera tr\\u00ean iPhone", "fields": ["combination"]}}, {"changed": {"name": "product attribute", "object": "sao camera tr\\u00ean iPhonesao camera tr\\u00ean iPhonesao camera tr\\u00ean iPhone", "fields": ["combination"]}}, {"changed": {"name": "product attribute", "object": "iPhonesao camera tr\\u00ean iPho", "fields": ["combination"]}}, {"changed": {"name": "product attribute", "object": "iPhonesao camera tr\\u00ean iPho iPhonesao camera tr\\u00ean iPho", "fields": ["combination"]}}, {"changed": {"name": "product attribute", "object": "p b\\u1ea1n ch\\u1ee5p \\u1ea3nh \\u0111\\u1eb9p, nh\\u01b0ng kh\\u00f4ng", "fields": ["combination"]}}, {"changed": {"name": "product attribute", "object": "p b\\u1ea1n ch\\u1ee5p \\u1ea3nh \\u0111\\u1eb9p, nh\\u01b0ng kh\\u00f4ngp b\\u1ea1n ch\\u1ee5p \\u1ea3nh \\u0111\\u1eb9p, nh\\u01b0ng kh\\u00f4ng", "fields": ["combination"]}}, {"changed": {"name": "product attribute", "object": "mera c\\u1ee7a Apple gi\\u00fap b\\u1ea1n ch\\u1ee5p \\u1ea3", "fields": ["combination"]}}]', 116, 1),
(1081, '2020-09-28 07:56:16.126738', '3', 'Quần Kaki', 2, '[{"changed": {"name": "product attribute", "object": "ate my own storage that will just not save the file to the dis", "fields": ["combination"]}}, {"changed": {"name": "product attribute", "object": "t will just not save the file", "fields": ["combination"]}}, {"changed": {"name": "product attribute", "object": "t will just not save the file t will just not save the file", "fields": ["combination"]}}, {"changed": {"name": "product attribute", "object": "file t will just not sa file t will just not sa", "fields": ["combination"]}}, {"changed": {"name": "product attribute", "object": "t will just not sa file t will just n", "fields": ["combination"]}}, {"changed": {"name": "product attribute", "object": "u kh\\u00e1c bi\\u1ec7t v\\u1ec1 thi\\u1ebft k\\u1ebf,u kh\\u00e1c bi", "fields": ["combination"]}}, {"changed": {"name": "product attribute", "object": "t k\\u1ebf,u kh\\u00e1c t k\\u1ebf,u kh\\u00e1c t k\\u1ebf,u kh\\u00e1c", "fields": ["combination"]}}, {"changed": {"name": "product attribute", "object": "t k\\u1ebf,u kh\\u00e1c t k\\u1ebf,u kh\\u00e1c", "fields": ["combination"]}}, {"changed": {"name": "product attribute", "object": "t k\\u1ebf,u kh\\u00e1c", "fields": ["combination"]}}, {"changed": {"name": "product attribute", "object": "thi\\u1ebft k\\u1ebf,u kh\\u00e1c bi", "fields": ["combination"]}}, {"changed": {"name": "product attribute", "object": "u kh\\u00e1c bi\\u1ec7t v\\u1ec1 thi\\u1ebft k\\u1ebf,", "fields": ["combination"]}}, {"changed": {"name": "product attribute", "object": "\\u1ec7tu kh\\u00e1c bi\\u1ec7t v\\u1ec1 thi\\u1ebft k\\u1ebf,u kh\\u00e1c bi v\\u1ec1 thi\\u1ebft k\\u1ebf,", "fields": ["combination"]}}]', 116, 1),
(1082, '2020-09-28 07:56:25.506700', '1', 'Áo Thun', 2, '[{"added": {"name": "product attribute", "object": "\\u00c1o Thun"}}, {"added": {"name": "product attribute", "object": "\\u00c1o Thun"}}, {"added": {"name": "product attribute", "object": "\\u00c1o Thun"}}, {"added": {"name": "product attribute", "object": "\\u00c1o Thun"}}, {"changed": {"name": "product attribute", "object": "ng th\\u00eam kh\\u00e1 nhi\\u1ec1ung th\\u00eam kh\\u00e1", "fields": ["combination"]}}, {"changed": {"name": "product attribute", "object": "ng th\\u00eam kh\\u00e1 nhi\\u1ec1ung th\\u00eam kh\\u00e1 ng th\\u00eam kh\\u00e1 nhi\\u1ec1ung th\\u00eam kh\\u00e1", "fields": ["combination"]}}, {"changed": {"name": "product attribute", "object": "kh\\u00e1 nhi\\u1ec1u t\\u00edn kh\\u00e1 nhi\\u1ec1u t\\u00edn", "fields": ["combination"]}}, {"changed": {"name": "product attribute", "object": "ng th\\u00eam kh\\u00e1 nhi\\u1ec1ung th\\u00eam kh\\u00e1 nhi\\u1ec1u", "fields": ["combination"]}}, {"changed": {"name": "product attribute", "object": "ng th\\u00eam kh\\u00e1 nhi\\u1ec1u", "fields": ["combination"]}}, {"changed": {"name": "product attribute", "object": "ng th\\u00eam kh\\u00e1 nhi\\u1ec1u t\\u00ednh n\\u0103ng m\\u1edbi, t\\u1eadp trung v\\u00e0o vi\\u1ec7", "fields": ["combination"]}}, {"changed": {"name": "product attribute", "object": "ng th\\u00eam kh\\u00e1 nhi\\u1ec1u t\\u00ednh n\\u0103ng m\\u1edbi, t\\u1eadp trung v\\u00e0o vi\\u1ec7", "fields": ["combination"]}}, {"changed": {"name": "product attribute", "object": "ng th\\u00eam kh\\u00e1 nhi\\u1ec1u t\\u00ednh n\\u0103ng m\\u1edbi, t\\u1eadp trung v\\u00e0o vi\\u1ec7", "fields": ["combination"]}}]', 116, 1),
(1083, '2020-09-28 07:57:13.039054', '1', 'Áo Thun', 2, '[{"changed": {"name": "product attribute", "object": "ng th\\u00eam kh\\u00e1 nhi\\u1ec1ung th\\u00eam kh\\u00e1", "fields": ["combination"]}}, {"changed": {"name": "product attribute", "object": "ng th\\u00eam kh\\u00e1 nhi\\u1ec1ung th\\u00eam kh\\u00e1 ng th\\u00eam kh\\u00e1 nhi\\u1ec1ung th\\u00eam kh\\u00e1", "fields": ["combination"]}}, {"changed": {"name": "product attribute", "object": "kh\\u00e1 nhi\\u1ec1u t\\u00edn kh\\u00e1 nhi\\u1ec1u t\\u00edn", "fields": ["combination"]}}, {"changed": {"name": "product attribute", "object": "ng th\\u00eam kh\\u00e1 nhi\\u1ec1ung th\\u00eam kh\\u00e1 nhi\\u1ec1u", "fields": ["combination"]}}, {"changed": {"name": "product attribute", "object": "ng th\\u00eam kh\\u00e1 nhi\\u1ec1u", "fields": ["combination"]}}, {"changed": {"name": "product attribute", "object": "ng th\\u00eam kh\\u00e1 nhi\\u1ec1u t\\u00ednh n\\u0103ng m\\u1edbi, t\\u1eadp trung v\\u00e0o vi\\u1ec7", "fields": ["combination"]}}, {"changed": {"name": "product attribute", "object": "ng th\\u00eam kh\\u00e1 nhi\\u1ec1u t\\u00ednh n\\u0103ng m\\u1edbi, t\\u1eadp trung v\\u00e0o vi\\u1ec7", "fields": ["combination"]}}, {"changed": {"name": "product attribute", "object": "ng th\\u00eam kh\\u00e1 nhi\\u1ec1u t\\u00ednh n\\u0103ng m\\u1edbi, t\\u1eadp trung v\\u00e0o vi\\u1ec7", "fields": ["combination"]}}]', 116, 1),
(1084, '2020-09-28 07:57:20.928000', '1', 'Áo Thun', 2, '[{"added": {"name": "product attribute", "object": "\\u00c1o Thun"}}, {"added": {"name": "product attribute", "object": "\\u00c1o Thun"}}, {"added": {"name": "product attribute", "object": "\\u00c1o Thun"}}, {"added": {"name": "product attribute", "object": "\\u00c1o Thun"}}, {"changed": {"name": "product attribute", "object": "ng th\\u00eam kh\\u00e1 nhi\\u1ec1ung th\\u00eam kh\\u00e1", "fields": ["combination"]}}, {"changed": {"name": "product attribute", "object": "ng th\\u00eam kh\\u00e1 nhi\\u1ec1ung th\\u00eam kh\\u00e1 ng th\\u00eam kh\\u00e1 nhi\\u1ec1ung th\\u00eam kh\\u00e1", "fields": ["combination"]}}, {"changed": {"name": "product attribute", "object": "kh\\u00e1 nhi\\u1ec1u t\\u00edn kh\\u00e1 nhi\\u1ec1u t\\u00edn", "fields": ["combination"]}}, {"changed": {"name": "product attribute", "object": "ng th\\u00eam kh\\u00e1 nhi\\u1ec1ung th\\u00eam kh\\u00e1 nhi\\u1ec1u", "fields": ["combination"]}}, {"changed": {"name": "product attribute", "object": "ng th\\u00eam kh\\u00e1 nhi\\u1ec1u", "fields": ["combination"]}}, {"changed": {"name": "product attribute", "object": "ng th\\u00eam kh\\u00e1 nhi\\u1ec1u t\\u00ednh n\\u0103ng m\\u1edbi, t\\u1eadp trung v\\u00e0o vi\\u1ec7", "fields": ["combination"]}}, {"changed": {"name": "product attribute", "object": "ng th\\u00eam kh\\u00e1 nhi\\u1ec1u t\\u00ednh n\\u0103ng m\\u1edbi, t\\u1eadp trung v\\u00e0o vi\\u1ec7", "fields": ["combination"]}}, {"changed": {"name": "product attribute", "object": "ng th\\u00eam kh\\u00e1 nhi\\u1ec1u t\\u00ednh n\\u0103ng m\\u1edbi, t\\u1eadp trung v\\u00e0o vi\\u1ec7", "fields": ["combination"]}}]', 116, 1),
(1085, '2020-09-28 08:00:33.011380', '1', 'Áo Thun', 2, '[{"changed": {"name": "product attribute", "object": "ng th\\u00eam kh\\u00e1 nhi\\u1ec1ung th\\u00eam kh\\u00e1", "fields": ["combination"]}}, {"changed": {"name": "product attribute", "object": "ng th\\u00eam kh\\u00e1 nhi\\u1ec1ung th\\u00eam kh\\u00e1 ng th\\u00eam kh\\u00e1 nhi\\u1ec1ung th\\u00eam kh\\u00e1", "fields": ["combination"]}}, {"changed": {"name": "product attribute", "object": "kh\\u00e1 nhi\\u1ec1u t\\u00edn kh\\u00e1 nhi\\u1ec1u t\\u00edn", "fields": ["combination"]}}, {"changed": {"name": "product attribute", "object": "ng th\\u00eam kh\\u00e1 nhi\\u1ec1ung th\\u00eam kh\\u00e1 nhi\\u1ec1u", "fields": ["combination"]}}, {"changed": {"name": "product attribute", "object": "ng th\\u00eam kh\\u00e1 nhi\\u1ec1u", "fields": ["combination"]}}, {"changed": {"name": "product attribute", "object": "ng th\\u00eam kh\\u00e1 nhi\\u1ec1u t\\u00ednh n\\u0103ng m\\u1edbi, t\\u1eadp trung v\\u00e0o vi\\u1ec7", "fields": ["combination"]}}, {"changed": {"name": "product attribute", "object": "ng th\\u00eam kh\\u00e1 nhi\\u1ec1u t\\u00ednh n\\u0103ng m\\u1edbi, t\\u1eadp trung v\\u00e0o vi\\u1ec7", "fields": ["combination"]}}, {"changed": {"name": "product attribute", "object": "ng th\\u00eam kh\\u00e1 nhi\\u1ec1u t\\u00ednh n\\u0103ng m\\u1edbi, t\\u1eadp trung v\\u00e0o vi\\u1ec7", "fields": ["combination"]}}]', 116, 1),
(1086, '2020-09-28 08:00:40.248166', '1', 'Áo Thun', 2, '[{"added": {"name": "product attribute", "object": "\\u00c1o Thun fablwtnq"}}, {"added": {"name": "product attribute", "object": "\\u00c1o Thun balcongx"}}, {"added": {"name": "product attribute", "object": "\\u00c1o Thun mhlgpykn"}}, {"added": {"name": "product attribute", "object": "\\u00c1o Thun fsiinlej"}}, {"changed": {"name": "product attribute", "object": "ng th\\u00eam kh\\u00e1 nhi\\u1ec1ung th\\u00eam kh\\u00e1", "fields": ["combination"]}}, {"changed": {"name": "product attribute", "object": "ng th\\u00eam kh\\u00e1 nhi\\u1ec1ung th\\u00eam kh\\u00e1 ng th\\u00eam kh\\u00e1 nhi\\u1ec1ung th\\u00eam kh\\u00e1", "fields": ["combination"]}}, {"changed": {"name": "product attribute", "object": "kh\\u00e1 nhi\\u1ec1u t\\u00edn kh\\u00e1 nhi\\u1ec1u t\\u00edn", "fields": ["combination"]}}, {"changed": {"name": "product attribute", "object": "ng th\\u00eam kh\\u00e1 nhi\\u1ec1ung th\\u00eam kh\\u00e1 nhi\\u1ec1u", "fields": ["combination"]}}, {"changed": {"name": "product attribute", "object": "ng th\\u00eam kh\\u00e1 nhi\\u1ec1u", "fields": ["combination"]}}, {"changed": {"name": "product attribute", "object": "ng th\\u00eam kh\\u00e1 nhi\\u1ec1u t\\u00ednh n\\u0103ng m\\u1edbi, t\\u1eadp trung v\\u00e0o vi\\u1ec7", "fields": ["combination"]}}, {"changed": {"name": "product attribute", "object": "ng th\\u00eam kh\\u00e1 nhi\\u1ec1u t\\u00ednh n\\u0103ng m\\u1edbi, t\\u1eadp trung v\\u00e0o vi\\u1ec7", "fields": ["combination"]}}, {"changed": {"name": "product attribute", "object": "ng th\\u00eam kh\\u00e1 nhi\\u1ec1u t\\u00ednh n\\u0103ng m\\u1edbi, t\\u1eadp trung v\\u00e0o vi\\u1ec7", "fields": ["combination"]}}]', 116, 1),
(1087, '2020-09-28 08:03:49.446103', '1', 'Áo Thun', 2, '[{"changed": {"name": "product attribute", "object": "\\u00c1o Thun fablwtnq", "fields": ["Upload an image", "combination"]}}, {"changed": {"name": "product attribute", "object": "\\u00c1o Thun balcongx", "fields": ["Upload an image", "combination"]}}, {"changed": {"name": "product attribute", "object": "\\u00c1o Thun mhlgpykn", "fields": ["Upload an image", "combination"]}}, {"changed": {"name": "product attribute", "object": "\\u00c1o Thun fsiinlej", "fields": ["Upload an image", "combination"]}}, {"changed": {"name": "product attribute", "object": "ng th\\u00eam kh\\u00e1 nhi\\u1ec1ung th\\u00eam kh\\u00e1", "fields": ["combination"]}}, {"changed": {"name": "product attribute", "object": "ng th\\u00eam kh\\u00e1 nhi\\u1ec1ung th\\u00eam kh\\u00e1 ng th\\u00eam kh\\u00e1 nhi\\u1ec1ung th\\u00eam kh\\u00e1", "fields": ["combination"]}}, {"changed": {"name": "product attribute", "object": "kh\\u00e1 nhi\\u1ec1u t\\u00edn kh\\u00e1 nhi\\u1ec1u t\\u00edn", "fields": ["combination"]}}, {"changed": {"name": "product attribute", "object": "ng th\\u00eam kh\\u00e1 nhi\\u1ec1ung th\\u00eam kh\\u00e1 nhi\\u1ec1u", "fields": ["combination"]}}, {"changed": {"name": "product attribute", "object": "ng th\\u00eam kh\\u00e1 nhi\\u1ec1u", "fields": ["combination"]}}, {"changed": {"name": "product attribute", "object": "ng th\\u00eam kh\\u00e1 nhi\\u1ec1u t\\u00ednh n\\u0103ng m\\u1edbi, t\\u1eadp trung v\\u00e0o vi\\u1ec7", "fields": ["combination"]}}, {"changed": {"name": "product attribute", "object": "ng th\\u00eam kh\\u00e1 nhi\\u1ec1u t\\u00ednh n\\u0103ng m\\u1edbi, t\\u1eadp trung v\\u00e0o vi\\u1ec7", "fields": ["combination"]}}, {"changed": {"name": "product attribute", "object": "ng th\\u00eam kh\\u00e1 nhi\\u1ec1u t\\u00ednh n\\u0103ng m\\u1edbi, t\\u1eadp trung v\\u00e0o vi\\u1ec7", "fields": ["combination"]}}]', 116, 1),
(1088, '2020-09-28 09:06:01.282790', '7', 'may giac', 1, '[{"added": {}}]', 116, 1),
(1089, '2020-09-28 09:06:24.185936', '7', 'may giac', 2, '[{"added": {"name": "feature product", "object": "k\\u00edch Th\\u01b0\\u1edbc NxDxS"}}, {"added": {"name": "feature product", "object": "Chi\\u1ec1u S\\u00e2u"}}, {"added": {"name": "feature product", "object": "Chi\\u1ec1u D\\u1ecdc"}}, {"added": {"name": "feature product", "object": "Ch\\u1ea5t li\\u1ec7u"}}]', 116, 1),
(1090, '2020-09-28 09:06:41.428405', '76', 'ProductAttributeGroup object (76)', 1, '[{"added": {}}]', 146, 1),
(1091, '2020-09-28 09:06:48.686004', '77', 'ProductAttributeGroup object (77)', 1, '[{"added": {}}]', 146, 1),
(1092, '2020-09-28 09:06:56.263305', '78', 'ProductAttributeGroup object (78)', 1, '[{"added": {}}]', 146, 1),
(1093, '2020-09-28 09:07:01.610894', '79', 'ProductAttributeGroup object (79)', 1, '[{"added": {}}]', 146, 1),
(1094, '2020-09-28 09:07:08.437400', '80', 'ProductAttributeGroup object (80)', 1, '[{"added": {}}]', 146, 1),
(1095, '2020-09-28 09:07:14.112501', '81', 'ProductAttributeGroup object (81)', 1, '[{"added": {}}]', 146, 1),
(1096, '2020-09-28 09:07:25.148060', '82', 'ProductAttributeGroup object (82)', 1, '[{"added": {}}]', 146, 1),
(1097, '2020-09-28 09:07:45.329599', '7', 'may giac', 2, '[{"added": {"name": "product attribute", "object": "may giac fajackrg"}}, {"added": {"name": "product attribute", "object": "may giac kssntonw"}}, {"added": {"name": "product attribute", "object": "may giac npzfitvk"}}, {"added": {"name": "product attribute", "object": "may giac kycuwjvo"}}, {"added": {"name": "product attribute", "object": "may giac kdzfklwb"}}, {"added": {"name": "product attribute", "object": "may giac xxgflbnh"}}, {"added": {"name": "product attribute", "object": "may giac muwooyxj"}}, {"added": {"name": "product attribute", "object": "may giac xppbxsfm"}}]', 116, 1),
(1098, '2020-09-28 09:08:30.242035', '7', 'may giac', 2, '[{"changed": {"name": "product attribute", "object": "may giac fajackrg", "fields": ["Upload an image", "combination"]}}, {"changed": {"name": "product attribute", "object": "may giac kssntonw", "fields": ["Upload an image", "combination"]}}, {"changed": {"name": "product attribute", "object": "may giac npzfitvk", "fields": ["Upload an image", "combination"]}}, {"changed": {"name": "product attribute", "object": "may giac kycuwjvo", "fields": ["Upload an image", "combination"]}}, {"changed": {"name": "product attribute", "object": "may giac kdzfklwb", "fields": ["Upload an image", "combination"]}}, {"changed": {"name": "product attribute", "object": "may giac xxgflbnh", "fields": ["Upload an image", "combination"]}}, {"changed": {"name": "product attribute", "object": "may giac muwooyxj", "fields": ["Upload an image", "combination"]}}, {"changed": {"name": "product attribute", "object": "may giac xppbxsfm", "fields": ["Upload an image", "combination"]}}]', 116, 1),
(1099, '2020-09-28 15:14:22.586796', '6', 'ời dùng những thiết bị Vsmart sẽ có thể xem nội dung Full HD', 2, '[{"changed": {"name": "product attribute", "object": "up full", "fields": ["combination"]}}, {"changed": {"name": "product attribute", "object": "sdfdf sff", "fields": ["combination"]}}, {"changed": {"name": "product attribute", "object": "sdfd dfsdfs", "fields": ["combination"]}}, {"changed": {"name": "product attribute", "object": "full image", "fields": ["combination"]}}, {"changed": {"name": "product attribute", "object": "wwwwww313", "fields": ["combination"]}}]', 116, 1),
(1100, '2020-09-28 15:15:33.512754', '6', 'ời dùng những thiết bị Vsmart sẽ có thể xem nội dung Full HD', 2, '[{"added": {"name": "product attribute", "object": "\\u1eddi d\\u00f9ng nh\\u1eefng thi\\u1ebft b\\u1ecb Vsmart s\\u1ebd c\\u00f3 th\\u1ec3 xem n\\u1ed9i dung Full HD axmobnbo"}}, {"changed": {"name": "product attribute", "object": "up full", "fields": ["combination"]}}, {"changed": {"name": "product attribute", "object": "sdfdf sff", "fields": ["combination"]}}, {"changed": {"name": "product attribute", "object": "sdfd dfsdfs", "fields": ["combination"]}}, {"changed": {"name": "product attribute", "object": "full image", "fields": ["combination"]}}]', 116, 1),
(1101, '2020-09-28 15:15:46.389401', '6', 'ời dùng những thiết bị Vsmart sẽ có thể xem nội dung Full HD', 2, '[{"changed": {"name": "product attribute", "object": "\\u1eddi d\\u00f9ng nh\\u1eefng thi\\u1ebft b\\u1ecb Vsmart s\\u1ebd c\\u00f3 th\\u1ec3 xem n\\u1ed9i dung Full HD axmobnbo", "fields": ["combination"]}}, {"changed": {"name": "product attribute", "object": "up full", "fields": ["combination"]}}, {"changed": {"name": "product attribute", "object": "sdfdf sff", "fields": ["combination"]}}, {"changed": {"name": "product attribute", "object": "sdfd dfsdfs", "fields": ["combination"]}}]', 116, 1),
(1102, '2020-09-28 15:17:17.846492', '6', 'ời dùng những thiết bị Vsmart sẽ có thể xem nội dung Full HD', 2, '[{"changed": {"name": "product attribute", "object": "\\u1eddi d\\u00f9ng nh\\u1eefng thi\\u1ebft b\\u1ecb Vsmart s\\u1ebd c\\u00f3 th\\u1ec3 xem n\\u1ed9i dung Full HD axmobnbo", "fields": ["combination"]}}, {"changed": {"name": "product attribute", "object": "up full", "fields": ["combination"]}}, {"changed": {"name": "product attribute", "object": "sdfdf sff", "fields": ["combination"]}}, {"changed": {"name": "product attribute", "object": "sdfd dfsdfs", "fields": ["combination"]}}]', 116, 1),
(1103, '2020-09-28 15:42:01.883382', '6', 'ời dùng những thiết bị Vsmart sẽ có thể xem nội dung Full HD', 2, '[]', 116, 1),
(1104, '2020-09-28 15:42:14.730851', '6', 'ời dùng những thiết bị Vsmart sẽ có thể xem nội dung Full HD', 2, '[{"added": {"name": "product attribute", "object": "\\u1eddi d\\u00f9ng nh\\u1eefng thi\\u1ebft b\\u1ecb Vsmart s\\u1ebd c\\u00f3 th\\u1ec3 xem n\\u1ed9i dung Full HD ozwunhao"}}, {"added": {"name": "product attribute", "object": "\\u1eddi d\\u00f9ng nh\\u1eefng thi\\u1ebft b\\u1ecb Vsmart s\\u1ebd c\\u00f3 th\\u1ec3 xem n\\u1ed9i dung Full HD sxgqmbds"}}, {"added": {"name": "product attribute", "object": "\\u1eddi d\\u00f9ng nh\\u1eefng thi\\u1ebft b\\u1ecb Vsmart s\\u1ebd c\\u00f3 th\\u1ec3 xem n\\u1ed9i dung Full HD udrvgooy"}}, {"added": {"name": "product attribute", "object": "\\u1eddi d\\u00f9ng nh\\u1eefng thi\\u1ebft b\\u1ecb Vsmart s\\u1ebd c\\u00f3 th\\u1ec3 xem n\\u1ed9i dung Full HD czcewzoz"}}, {"added": {"name": "product attribute", "object": "\\u1eddi d\\u00f9ng nh\\u1eefng thi\\u1ebft b\\u1ecb Vsmart s\\u1ebd c\\u00f3 th\\u1ec3 xem n\\u1ed9i dung Full HD bnsznplg"}}, {"added": {"name": "product attribute", "object": "\\u1eddi d\\u00f9ng nh\\u1eefng thi\\u1ebft b\\u1ecb Vsmart s\\u1ebd c\\u00f3 th\\u1ec3 xem n\\u1ed9i dung Full HD yaqxbxza"}}]', 116, 1),
(1105, '2020-09-29 03:48:06.957494', '7', 'may giac', 2, '[{"changed": {"name": "product attribute", "object": "may giac fajackrg", "fields": ["combination"]}}, {"changed": {"name": "product attribute", "object": "may giac kssntonw", "fields": ["combination"]}}, {"changed": {"name": "product attribute", "object": "may giac npzfitvk", "fields": ["combination"]}}, {"changed": {"name": "product attribute", "object": "may giac kycuwjvo", "fields": ["combination"]}}, {"changed": {"name": "product attribute", "object": "may giac kdzfklwb", "fields": ["combination"]}}, {"changed": {"name": "product attribute", "object": "may giac xxgflbnh", "fields": ["combination"]}}, {"changed": {"name": "product attribute", "object": "may giac muwooyxj", "fields": ["combination"]}}, {"changed": {"name": "product attribute", "object": "may giac xppbxsfm", "fields": ["combination"]}}]', 116, 1),
(1106, '2020-09-29 03:50:35.954339', '7', 'may giac', 2, '[]', 116, 1),
(1107, '2020-09-29 03:50:48.299449', '7', 'may giac', 2, '[{"added": {"name": "product attribute", "object": "may giac bcgwuupd"}}, {"added": {"name": "product attribute", "object": "may giac ubwzipew"}}, {"added": {"name": "product attribute", "object": "may giac akcxplbc"}}, {"added": {"name": "product attribute", "object": "may giac zpwmpinz"}}, {"added": {"name": "product attribute", "object": "may giac zimnnvdv"}}, {"added": {"name": "product attribute", "object": "may giac icdftuog"}}, {"added": {"name": "product attribute", "object": "may giac yhqkrmaa"}}, {"added": {"name": "product attribute", "object": "may giac rurrfqdf"}}]', 116, 1),
(1108, '2020-09-29 04:03:12.152318', '205', 'ời dùng những thiết bị Vsmart sẽ có thể xem nội dung Full HD bnsznplg', 2, '[{"changed": {"fields": ["Cover image", "Alt Cover image", "Slider an image 1", "Slider an image 2", "Slider an image 3", "Slider an image 4", "combination"]}}]', 117, 1),
(1109, '2020-09-29 04:03:39.387896', '204', 'ời dùng những thiết bị Vsmart sẽ có thể xem nội dung Full HD czcewzoz', 2, '[{"changed": {"fields": ["Cover image", "Alt Cover image", "Slider an image 1", "Slider an image 2", "Slider an image 3", "Slider an image 4", "combination"]}}]', 117, 1),
(1110, '2020-09-29 04:04:03.124713', '201', 'ời dùng những thiết bị Vsmart sẽ có thể xem nội dung Full HD ozwunhao', 2, '[{"changed": {"fields": ["Cover image", "Alt Cover image", "Slider an image 1", "Slider an image 2", "Slider an image 3", "Slider an image 4", "combination"]}}]', 117, 1),
(1111, '2020-09-29 04:04:34.556734', '202', 'ời dùng những thiết bị Vsmart sẽ có thể xem nội dung Full HD sxgqmbds', 2, '[{"changed": {"fields": ["Cover image", "Alt Cover image", "Slider an image 1", "Slider an image 2", "Slider an image 3", "Slider an image 4", "combination"]}}]', 117, 1),
(1112, '2020-09-29 04:04:58.247988', '203', 'ời dùng những thiết bị Vsmart sẽ có thể xem nội dung Full HD udrvgooy', 2, '[{"changed": {"fields": ["Cover image", "Alt Cover image", "Slider an image 1", "Slider an image 2", "Slider an image 3", "Slider an image 4", "combination"]}}]', 117, 1),
(1113, '2020-09-29 04:05:50.300744', '206', 'ời dùng những thiết bị Vsmart sẽ có thể xem nội dung Full HD yaqxbxza', 2, '[{"changed": {"fields": ["Cover image", "Alt Cover image", "Slider an image 1", "Slider an image 2", "Slider an image 3", "Slider an image 4", "combination"]}}]', 117, 1),
(1114, '2020-09-29 04:11:09.658352', '1', 'Áo Thun', 2, '[]', 116, 1),
(1115, '2020-09-29 04:11:29.753647', '2', 'Quần Jean', 2, '[]', 116, 1),
(1116, '2020-09-29 04:11:46.568061', '3', 'Quần Kaki', 2, '[]', 116, 1),
(1117, '2020-09-29 04:12:07.389670', '4', 'camera trên iPhone không thể chụp', 2, '[]', 116, 1),
(1118, '2020-09-29 04:13:13.588327', '7', 'may giac', 2, '[]', 116, 1),
(1119, '2020-09-29 04:13:42.178396', '7', 'may giac', 2, '[{"added": {"name": "product attribute", "object": "may giac aefhhogp"}}, {"added": {"name": "product attribute", "object": "may giac eylzsqtg"}}, {"added": {"name": "product attribute", "object": "may giac fhdqopwn"}}, {"added": {"name": "product attribute", "object": "may giac zphjivyp"}}, {"added": {"name": "product attribute", "object": "may giac zpjcythc"}}, {"added": {"name": "product attribute", "object": "may giac vxovquda"}}, {"added": {"name": "product attribute", "object": "may giac kesryvhe"}}, {"added": {"name": "product attribute", "object": "may giac niwcnask"}}]', 116, 1),
(1120, '2020-09-29 04:15:00.901536', '7', 'may giac', 2, '[]', 116, 1),
(1121, '2020-09-29 04:17:20.973750', '50', 'Ra mắt laptop Acer Aspire 5 dùng Intel Core 10,', 2, '[{"changed": {"fields": ["Cover image", "Alt Cover image", "Slider an image 1", "Slider an image 2", "Slider an image 3", "Slider an image 4", "combination"]}}]', 117, 1),
(1122, '2020-09-29 04:17:53.884896', '52', 'Acer Aspire 5 dùng Intel C', 2, '[{"changed": {"fields": ["Cover image", "Alt Cover image", "Slider an image 1", "Slider an image 2", "Slider an image 3", "Slider an image 4", "combination"]}}]', 117, 1),
(1123, '2020-09-29 04:18:15.702928', '51', 'card đồ họa rời NVIDIA', 2, '[{"changed": {"fields": ["Cover image", "Alt Cover image", "Slider an image 1", "Slider an image 2", "Slider an image 3", "Slider an image 4", "combination"]}}]', 117, 1),
(1124, '2020-09-29 04:18:37.267069', '50', 'Ra mắt laptop Acer Aspire 5 dùng Intel Core 10,', 2, '[{"changed": {"fields": ["Cover image", "Alt Cover image", "Slider an image 1", "Slider an image 2", "Slider an image 3", "Slider an image 4", "combination"]}}]', 117, 1),
(1125, '2020-09-29 04:20:51.042788', '202', 'ời dùng những thiết bị Vsmart sẽ có thể xem nội dung Full HD sxgqmbds', 2, '[{"changed": {"fields": ["Cover image", "Alt Cover image", "combination"]}}]', 117, 1),
(1126, '2020-09-29 04:21:34.384509', '203', 'ời dùng những thiết bị Vsmart sẽ có thể xem nội dung Full HD udrvgooy', 2, '[{"changed": {"fields": ["Cover image", "Alt Cover image", "combination"]}}]', 117, 1),
(1127, '2020-09-29 04:22:21.545955', '201', 'ời dùng những thiết bị Vsmart sẽ có thể xem nội dung Full HD ozwunhao', 2, '[{"changed": {"fields": ["Cover image", "Alt Cover image", "combination"]}}]', 117, 1),
(1128, '2020-09-29 04:22:55.577339', '201', 'ời dùng những thiết bị Vsmart sẽ có thể xem nội dung Full HD ozwunhao', 2, '[{"changed": {"fields": ["Slider an image 1", "Slider an image 2", "Slider an image 3", "Slider an image 4", "combination"]}}]', 117, 1),
(1129, '2020-09-29 04:24:17.713964', '82', 'ProductAttributeGroup object (82)', 3, '', 146, 1),
(1130, '2020-09-29 04:24:42.287740', '7', 'may giac', 2, '[{"added": {"name": "product attribute", "object": "may giac zuwqsdyu"}}, {"added": {"name": "product attribute", "object": "may giac xokakrlt"}}, {"added": {"name": "product attribute", "object": "may giac bwfkxbur"}}, {"added": {"name": "product attribute", "object": "may giac arwiiopv"}}, {"added": {"name": "product attribute", "object": "may giac yqgenrwg"}}, {"added": {"name": "product attribute", "object": "may giac dizrwryr"}}, {"added": {"name": "product attribute", "object": "may giac qevrshwt"}}, {"added": {"name": "product attribute", "object": "may giac afnsmvqh"}}]', 116, 1),
(1131, '2020-09-29 04:28:32.792632', '7', 'may giac', 2, '[]', 116, 1),
(1132, '2020-09-29 04:39:25.981545', '83', 'ProductAttributeGroup object (83)', 1, '[{"added": {}}]', 146, 1),
(1133, '2020-09-29 04:39:33.559026', '84', 'ProductAttributeGroup object (84)', 1, '[{"added": {}}]', 146, 1),
(1134, '2020-09-29 04:49:12.605413', '85', 'ProductAttributeGroup object (85)', 1, '[{"added": {}}]', 146, 1),
(1135, '2020-09-29 04:49:21.496714', '86', 'ProductAttributeGroup object (86)', 1, '[{"added": {}}]', 146, 1),
(1136, '2020-09-29 04:49:26.956018', '87', 'ProductAttributeGroup object (87)', 1, '[{"added": {}}]', 146, 1),
(1137, '2020-09-29 04:49:32.568008', '88', 'ProductAttributeGroup object (88)', 1, '[{"added": {}}]', 146, 1),
(1138, '2020-09-29 04:49:59.414069', '7', 'may giac', 2, '[{"added": {"name": "product attribute", "object": "may giac ypzvlugc"}}, {"added": {"name": "product attribute", "object": "may giac imxgkngk"}}, {"added": {"name": "product attribute", "object": "may giac xunejsgk"}}, {"added": {"name": "product attribute", "object": "may giac cipupelv"}}, {"added": {"name": "product attribute", "object": "may giac dyaemjrn"}}, {"added": {"name": "product attribute", "object": "may giac besvtgtd"}}, {"added": {"name": "product attribute", "object": "may giac diudgzlm"}}, {"added": {"name": "product attribute", "object": "may giac vzjuipcb"}}, {"added": {"name": "product attribute", "object": "may giac wmkgghyt"}}]', 116, 1),
(1139, '2020-09-29 04:50:53.061996', '89', 'ProductAttributeGroup object (89)', 1, '[{"added": {}}]', 146, 1),
(1140, '2020-09-29 04:51:00.318779', '90', 'ProductAttributeGroup object (90)', 1, '[{"added": {}}]', 146, 1),
(1141, '2020-09-29 04:51:44.055330', '7', 'may giac', 2, '[]', 116, 1),
(1142, '2020-09-29 04:52:05.001717', '7', 'may giac', 2, '[{"added": {"name": "product attribute", "object": "may giac nqrpfcjn"}}, {"added": {"name": "product attribute", "object": "may giac nkofnkti"}}, {"added": {"name": "product attribute", "object": "may giac kcmkekvy"}}, {"added": {"name": "product attribute", "object": "may giac swpiexdi"}}, {"added": {"name": "product attribute", "object": "may giac jbrekqrq"}}, {"added": {"name": "product attribute", "object": "may giac eszavzer"}}, {"added": {"name": "product attribute", "object": "may giac iplztfdp"}}, {"added": {"name": "product attribute", "object": "may giac fntedojg"}}, {"added": {"name": "product attribute", "object": "may giac enhtkrie"}}, {"added": {"name": "product attribute", "object": "may giac tsmwpdof"}}, {"added": {"name": "product attribute", "object": "may giac jkaphiog"}}, {"added": {"name": "product attribute", "object": "may giac xknzygwn"}}, {"added": {"name": "product attribute", "object": "may giac nclcoogw"}}, {"added": {"name": "product attribute", "object": "may giac cwaixtzi"}}, {"added": {"name": "product attribute", "object": "may giac brgvkxvz"}}, {"added": {"name": "product attribute", "object": "may giac muwzbgpx"}}, {"added": {"name": "product attribute", "object": "may giac qpaednhi"}}, {"added": {"name": "product attribute", "object": "may giac xutoudej"}}]', 116, 1),
(1143, '2020-09-29 06:21:30.958563', '1', 'Áo Thun', 3, '', 116, 1),
(1144, '2020-09-29 06:21:30.967876', '2', 'Quần Jean', 3, '', 116, 1),
(1145, '2020-09-29 06:21:30.981700', '3', 'Quần Kaki', 3, '', 116, 1),
(1146, '2020-09-29 06:21:30.990997', '4', 'camera trên iPhone không thể chụp', 3, '', 116, 1),
(1147, '2020-09-29 06:28:04.514422', '7', 'may giac', 2, '[]', 116, 1),
(1148, '2020-09-29 06:43:18.525499', '91', 'ProductAttributeGroup object (91)', 1, '[{"added": {}}]', 146, 1),
(1149, '2020-09-29 06:43:25.889722', '92', 'ProductAttributeGroup object (92)', 1, '[{"added": {}}]', 146, 1),
(1150, '2020-09-29 06:43:42.395410', '7', 'may giac', 2, '[{"added": {"name": "product attribute", "object": "may giac ymzwhwjv"}}, {"added": {"name": "product attribute", "object": "may giac fcaypyyf"}}, {"added": {"name": "product attribute", "object": "may giac hkxffmak"}}, {"added": {"name": "product attribute", "object": "may giac zzbftldk"}}, {"added": {"name": "product attribute", "object": "may giac iknwykrg"}}, {"added": {"name": "product attribute", "object": "may giac rzcsrkjm"}}, {"added": {"name": "product attribute", "object": "may giac vsdnfkgd"}}, {"added": {"name": "product attribute", "object": "may giac sgiwozql"}}]', 116, 1),
(1151, '2020-09-29 06:45:59.561671', '7', 'may giac', 2, '[]', 116, 1),
(1152, '2020-09-29 06:48:05.642907', '91', 'ProductAttributeGroup object (91)', 3, '', 146, 1),
(1153, '2020-09-29 06:48:05.655418', '92', 'ProductAttributeGroup object (92)', 3, '', 146, 1),
(1154, '2020-09-29 06:48:19.458125', '7', 'may giac', 2, '[{"added": {"name": "product attribute", "object": "may giac gxbyxpvj"}}, {"added": {"name": "product attribute", "object": "may giac wcimyuxl"}}, {"added": {"name": "product attribute", "object": "may giac qwpqzssa"}}, {"added": {"name": "product attribute", "object": "may giac yeaeeigd"}}]', 116, 1),
(1155, '2020-09-29 06:48:56.332743', '7', 'may giac', 2, '[{"changed": {"name": "product attribute", "object": "may giac gxbyxpvj", "fields": ["combination"]}}, {"changed": {"name": "product attribute", "object": "may giac wcimyuxl", "fields": ["combination"]}}, {"changed": {"name": "product attribute", "object": "may giac qwpqzssa", "fields": ["combination"]}}, {"changed": {"name": "product attribute", "object": "may giac yeaeeigd", "fields": ["combination"]}}]', 116, 1),
(1156, '2020-09-29 06:49:08.117933', '7', 'may giac', 2, '[]', 116, 1),
(1157, '2020-09-29 07:02:57.794158', '93', 'ProductAttributeGroup object (93)', 1, '[{"added": {}}]', 146, 1),
(1158, '2020-09-29 07:03:26.160283', '7', 'may giac', 2, '[{"added": {"name": "product attribute", "object": "may giac fihduoku"}}, {"added": {"name": "product attribute", "object": "may giac isojaqzw"}}, {"added": {"name": "product attribute", "object": "may giac epuhgaak"}}, {"added": {"name": "product attribute", "object": "may giac iihmcmtk"}}]', 116, 1),
(1159, '2020-09-29 07:04:29.273421', '7', 'may giac', 2, '[]', 116, 1),
(1160, '2020-09-29 07:04:41.694701', '94', 'ProductAttributeGroup object (94)', 1, '[{"added": {}}]', 146, 1),
(1161, '2020-09-29 07:04:49.858893', '7', 'may giac', 2, '[{"added": {"name": "product attribute", "object": "may giac pwsujeap"}}, {"added": {"name": "product attribute", "object": "may giac vcxsifei"}}, {"added": {"name": "product attribute", "object": "may giac kcqhfnwn"}}, {"added": {"name": "product attribute", "object": "may giac erpbkcgl"}}, {"added": {"name": "product attribute", "object": "may giac ccrudbyx"}}, {"added": {"name": "product attribute", "object": "may giac sqhnavvj"}}, {"added": {"name": "product attribute", "object": "may giac mlermizk"}}, {"added": {"name": "product attribute", "object": "may giac edygtazp"}}]', 116, 1),
(1162, '2020-09-29 07:09:33.413266', '7', 'may giac', 2, '[]', 116, 1),
(1163, '2020-09-29 07:39:34.126346', '98', 'ProductAttributeGroup object (98)', 1, '[{"added": {}}]', 146, 1),
(1164, '2020-09-29 17:47:27.177645', '99', 'ProductAttributeGroup object (99)', 1, '[{"added": {}}]', 146, 1),
(1165, '2020-09-29 17:47:41.320608', '100', 'ProductAttributeGroup object (100)', 1, '[{"added": {}}]', 146, 1),
(1166, '2020-09-29 17:48:39.870832', '7', 'may giac', 2, '[{"added": {"name": "product attribute", "object": "may giac rxpnapxn"}}, {"added": {"name": "product attribute", "object": "may giac zxhytemb"}}, {"added": {"name": "product attribute", "object": "may giac kebkmifz"}}, {"added": {"name": "product attribute", "object": "may giac jcqvcggk"}}, {"added": {"name": "product attribute", "object": "may giac zzhhheeh"}}, {"added": {"name": "product attribute", "object": "may giac fmjybkyy"}}, {"added": {"name": "product attribute", "object": "may giac sxerbjgl"}}, {"added": {"name": "product attribute", "object": "may giac ktveettb"}}, {"added": {"name": "product attribute", "object": "may giac rhcvudvo"}}, {"added": {"name": "product attribute", "object": "may giac vmqmhbge"}}, {"added": {"name": "product attribute", "object": "may giac wcgrapco"}}, {"added": {"name": "product attribute", "object": "may giac qrwygodz"}}]', 116, 1),
(1167, '2020-09-30 01:57:27.719775', '8', 'Điện thoại, smartphone chính hãng giá rẻ', 1, '[{"added": {}}]', 116, 1),
(1168, '2020-09-30 01:59:16.701102', '102', 'ProductAttributeGroup object (102)', 1, '[{"added": {}}]', 146, 1),
(1169, '2020-09-30 01:59:24.663946', '103', 'ProductAttributeGroup object (103)', 1, '[{"added": {}}]', 146, 1),
(1170, '2020-09-30 01:59:30.375127', '104', 'ProductAttributeGroup object (104)', 1, '[{"added": {}}]', 146, 1),
(1171, '2020-09-30 01:59:45.757769', '105', 'ProductAttributeGroup object (105)', 1, '[{"added": {}}]', 146, 1),
(1172, '2020-09-30 01:59:51.681835', '106', 'ProductAttributeGroup object (106)', 1, '[{"added": {}}]', 146, 1),
(1173, '2020-09-30 01:59:57.649994', '107', 'ProductAttributeGroup object (107)', 1, '[{"added": {}}]', 146, 1),
(1174, '2020-09-30 02:00:26.823627', '8', 'Điện thoại, smartphone chính hãng giá rẻ', 2, '[{"added": {"name": "feature product", "object": "k\\u00edch Th\\u01b0\\u1edbc NxDxS"}}, {"added": {"name": "feature product", "object": "Ch\\u1ea5t li\\u1ec7u"}}, {"added": {"name": "feature product", "object": "Chi\\u1ec1u Ngang"}}, {"added": {"name": "feature product", "object": "Chi\\u1ec1u D\\u1ecdc"}}, {"added": {"name": "feature product", "object": "Chi\\u1ec1u S\\u00e2u"}}, {"added": {"name": "product attribute", "object": "\\u0110i\\u1ec7n tho\\u1ea1i, smartphone ch\\u00ednh h\\u00e3ng gi\\u00e1 r\\u1ebb jmgcdliu"}}, {"added": {"name": "product attribute", "object": "\\u0110i\\u1ec7n tho\\u1ea1i, smartphone ch\\u00ednh h\\u00e3ng gi\\u00e1 r\\u1ebb oddpwxdn"}}, {"added": {"name": "product attribute", "object": "\\u0110i\\u1ec7n tho\\u1ea1i, smartphone ch\\u00ednh h\\u00e3ng gi\\u00e1 r\\u1ebb shbjfpbf"}}, {"added": {"name": "product attribute", "object": "\\u0110i\\u1ec7n tho\\u1ea1i, smartphone ch\\u00ednh h\\u00e3ng gi\\u00e1 r\\u1ebb gulzpyju"}}, {"added": {"name": "product attribute", "object": "\\u0110i\\u1ec7n tho\\u1ea1i, smartphone ch\\u00ednh h\\u00e3ng gi\\u00e1 r\\u1ebb ldojpdkh"}}, {"added": {"name": "product attribute", "object": "\\u0110i\\u1ec7n tho\\u1ea1i, smartphone ch\\u00ednh h\\u00e3ng gi\\u00e1 r\\u1ebb vklxijnq"}}, {"added": {"name": "product attribute", "object": "\\u0110i\\u1ec7n tho\\u1ea1i, smartphone ch\\u00ednh h\\u00e3ng gi\\u00e1 r\\u1ebb etdmsvdu"}}, {"added": {"name": "product attribute", "object": "\\u0110i\\u1ec7n tho\\u1ea1i, smartphone ch\\u00ednh h\\u00e3ng gi\\u00e1 r\\u1ebb cchsqceq"}}, {"added": {"name": "product attribute", "object": "\\u0110i\\u1ec7n tho\\u1ea1i, smartphone ch\\u00ednh h\\u00e3ng gi\\u00e1 r\\u1ebb brvwlyzz"}}]', 116, 1),
(1175, '2020-09-30 02:03:00.810709', '227', 'Điện thoại, smartphone chính hãng giá rẻ brvwlyzz', 2, '[{"changed": {"fields": ["Cover image", "Alt Cover image", "Slider an image 1", "Slider an image 2", "Slider an image 3", "Slider an image 4", "combination"]}}]', 117, 1),
(1176, '2020-09-30 02:05:11.168699', '8', 'Điện thoại, smartphone chính hãng giá rẻ', 2, '[{"changed": {"name": "product attribute", "object": "\\u0110i\\u1ec7n tho\\u1ea1i, smartphone ch\\u00ednh h\\u00e3ng gi\\u00e1 r\\u1ebb jmgcdliu", "fields": ["Upload an image", "combination"]}}, {"changed": {"name": "product attribute", "object": "\\u0110i\\u1ec7n tho\\u1ea1i, smartphone ch\\u00ednh h\\u00e3ng gi\\u00e1 r\\u1ebb oddpwxdn", "fields": ["Upload an image", "combination"]}}, {"changed": {"name": "product attribute", "object": "\\u0110i\\u1ec7n tho\\u1ea1i, smartphone ch\\u00ednh h\\u00e3ng gi\\u00e1 r\\u1ebb shbjfpbf", "fields": ["Upload an image", "combination"]}}, {"changed": {"name": "product attribute", "object": "\\u0110i\\u1ec7n tho\\u1ea1i, smartphone ch\\u00ednh h\\u00e3ng gi\\u00e1 r\\u1ebb gulzpyju", "fields": ["Upload an image", "combination"]}}, {"changed": {"name": "product attribute", "object": "\\u0110i\\u1ec7n tho\\u1ea1i, smartphone ch\\u00ednh h\\u00e3ng gi\\u00e1 r\\u1ebb ldojpdkh", "fields": ["Upload an image", "combination"]}}, {"changed": {"name": "product attribute", "object": "\\u0110i\\u1ec7n tho\\u1ea1i, smartphone ch\\u00ednh h\\u00e3ng gi\\u00e1 r\\u1ebb vklxijnq", "fields": ["Upload an image", "combination"]}}, {"changed": {"name": "product attribute", "object": "\\u0110i\\u1ec7n tho\\u1ea1i, smartphone ch\\u00ednh h\\u00e3ng gi\\u00e1 r\\u1ebb etdmsvdu", "fields": ["Upload an image", "combination"]}}, {"changed": {"name": "product attribute", "object": "\\u0110i\\u1ec7n tho\\u1ea1i, smartphone ch\\u00ednh h\\u00e3ng gi\\u00e1 r\\u1ebb cchsqceq", "fields": ["Upload an image", "combination"]}}, {"changed": {"name": "product attribute", "object": "\\u0110i\\u1ec7n tho\\u1ea1i, smartphone ch\\u00ednh h\\u00e3ng gi\\u00e1 r\\u1ebb brvwlyzz", "fields": ["Upload an image", "combination"]}}]', 116, 1),
(1177, '2020-09-30 02:09:04.903550', '5', 'Intel và NVIDIA coi chừng', 2, '[{"changed": {"name": "product attribute", "object": "Ra m\\u1eaft laptop Acer Aspire 5 d\\u00f9ng Intel Core 10,", "fields": ["Upload an image", "combination"]}}, {"changed": {"name": "product attribute", "object": "card \\u0111\\u1ed3 h\\u1ecda r\\u1eddi NVIDIA", "fields": ["Upload an image", "combination"]}}, {"changed": {"name": "product attribute", "object": "Acer Aspire 5 d\\u00f9ng Intel C", "fields": ["Upload an image", "combination"]}}]', 116, 1),
(1178, '2020-09-30 02:09:46.132898', '6', 'ời dùng những thiết bị Vsmart sẽ có thể xem nội dung Full HD', 2, '[{"changed": {"name": "product attribute", "object": "\\u1eddi d\\u00f9ng nh\\u1eefng thi\\u1ebft b\\u1ecb Vsmart s\\u1ebd c\\u00f3 th\\u1ec3 xem n\\u1ed9i dung Full HD ozwunhao", "fields": ["Upload an image", "combination"]}}, {"changed": {"name": "product attribute", "object": "\\u1eddi d\\u00f9ng nh\\u1eefng thi\\u1ebft b\\u1ecb Vsmart s\\u1ebd c\\u00f3 th\\u1ec3 xem n\\u1ed9i dung Full HD sxgqmbds", "fields": ["Upload an image", "combination"]}}, {"changed": {"name": "product attribute", "object": "\\u1eddi d\\u00f9ng nh\\u1eefng thi\\u1ebft b\\u1ecb Vsmart s\\u1ebd c\\u00f3 th\\u1ec3 xem n\\u1ed9i dung Full HD udrvgooy", "fields": ["Upload an image", "combination"]}}, {"changed": {"name": "product attribute", "object": "\\u1eddi d\\u00f9ng nh\\u1eefng thi\\u1ebft b\\u1ecb Vsmart s\\u1ebd c\\u00f3 th\\u1ec3 xem n\\u1ed9i dung Full HD czcewzoz", "fields": ["Upload an image", "combination"]}}, {"changed": {"name": "product attribute", "object": "\\u1eddi d\\u00f9ng nh\\u1eefng thi\\u1ebft b\\u1ecb Vsmart s\\u1ebd c\\u00f3 th\\u1ec3 xem n\\u1ed9i dung Full HD bnsznplg", "fields": ["Upload an image", "combination"]}}, {"changed": {"name": "product attribute", "object": "\\u1eddi d\\u00f9ng nh\\u1eefng thi\\u1ebft b\\u1ecb Vsmart s\\u1ebd c\\u00f3 th\\u1ec3 xem n\\u1ed9i dung Full HD yaqxbxza", "fields": ["Upload an image", "combination"]}}]', 116, 1),
(1179, '2020-09-30 02:10:30.273148', '7', 'may giac', 2, '[{"changed": {"name": "product attribute", "object": "may giac rxpnapxn", "fields": ["Upload an image", "combination"]}}, {"changed": {"name": "product attribute", "object": "may giac zxhytemb", "fields": ["Upload an image", "combination"]}}, {"changed": {"name": "product attribute", "object": "may giac kebkmifz", "fields": ["Upload an image", "combination"]}}, {"changed": {"name": "product attribute", "object": "may giac jcqvcggk", "fields": ["Upload an image", "combination"]}}, {"changed": {"name": "product attribute", "object": "may giac zzhhheeh", "fields": ["Upload an image", "combination"]}}, {"changed": {"name": "product attribute", "object": "may giac fmjybkyy", "fields": ["Upload an image", "combination"]}}, {"changed": {"name": "product attribute", "object": "may giac sxerbjgl", "fields": ["Upload an image", "combination"]}}, {"changed": {"name": "product attribute", "object": "may giac ktveettb", "fields": ["Upload an image", "combination"]}}, {"changed": {"name": "product attribute", "object": "may giac rhcvudvo", "fields": ["Upload an image", "combination"]}}, {"changed": {"name": "product attribute", "object": "may giac vmqmhbge", "fields": ["Upload an image", "combination"]}}, {"changed": {"name": "product attribute", "object": "may giac wcgrapco", "fields": ["Upload an image", "combination"]}}, {"changed": {"name": "product attribute", "object": "may giac qrwygodz", "fields": ["Upload an image", "combination"]}}]', 116, 1),
(1180, '2020-09-30 02:11:08.559680', '8', 'Điện thoại, smartphone chính hãng giá rẻ', 2, '[{"changed": {"name": "product attribute", "object": "\\u0110i\\u1ec7n tho\\u1ea1i, smartphone ch\\u00ednh h\\u00e3ng gi\\u00e1 r\\u1ebb jmgcdliu", "fields": ["Upload an image", "combination"]}}, {"changed": {"name": "product attribute", "object": "\\u0110i\\u1ec7n tho\\u1ea1i, smartphone ch\\u00ednh h\\u00e3ng gi\\u00e1 r\\u1ebb oddpwxdn", "fields": ["Upload an image", "combination"]}}, {"changed": {"name": "product attribute", "object": "\\u0110i\\u1ec7n tho\\u1ea1i, smartphone ch\\u00ednh h\\u00e3ng gi\\u00e1 r\\u1ebb shbjfpbf", "fields": ["Upload an image", "combination"]}}, {"changed": {"name": "product attribute", "object": "\\u0110i\\u1ec7n tho\\u1ea1i, smartphone ch\\u00ednh h\\u00e3ng gi\\u00e1 r\\u1ebb gulzpyju", "fields": ["Upload an image", "combination"]}}, {"changed": {"name": "product attribute", "object": "\\u0110i\\u1ec7n tho\\u1ea1i, smartphone ch\\u00ednh h\\u00e3ng gi\\u00e1 r\\u1ebb ldojpdkh", "fields": ["Upload an image", "combination"]}}, {"changed": {"name": "product attribute", "object": "\\u0110i\\u1ec7n tho\\u1ea1i, smartphone ch\\u00ednh h\\u00e3ng gi\\u00e1 r\\u1ebb vklxijnq", "fields": ["Upload an image", "combination"]}}, {"changed": {"name": "product attribute", "object": "\\u0110i\\u1ec7n tho\\u1ea1i, smartphone ch\\u00ednh h\\u00e3ng gi\\u00e1 r\\u1ebb etdmsvdu", "fields": ["Upload an image", "combination"]}}, {"changed": {"name": "product attribute", "object": "\\u0110i\\u1ec7n tho\\u1ea1i, smartphone ch\\u00ednh h\\u00e3ng gi\\u00e1 r\\u1ebb cchsqceq", "fields": ["Upload an image", "combination"]}}, {"changed": {"name": "product attribute", "object": "\\u0110i\\u1ec7n tho\\u1ea1i, smartphone ch\\u00ednh h\\u00e3ng gi\\u00e1 r\\u1ebb brvwlyzz", "fields": ["Upload an image", "combination"]}}]', 116, 1),
(1181, '2020-09-30 03:50:04.181505', '9', 'eeeeeeeeee', 1, '[{"added": {}}]', 116, 1);
INSERT INTO `django_admin_log` (`id`, `action_time`, `object_id`, `object_repr`, `action_flag`, `change_message`, `content_type_id`, `user_id`) VALUES
(1182, '2020-09-30 03:50:15.321940', '8', 'Điện thoại, smartphone chính hãng giá rẻ', 2, '[{"changed": {"fields": ["slug"]}}, {"changed": {"name": "product attribute", "object": "\\u0110i\\u1ec7n tho\\u1ea1i, smartphone ch\\u00ednh h\\u00e3ng gi\\u00e1 r\\u1ebb jmgcdliu", "fields": ["combination"]}}, {"changed": {"name": "product attribute", "object": "\\u0110i\\u1ec7n tho\\u1ea1i, smartphone ch\\u00ednh h\\u00e3ng gi\\u00e1 r\\u1ebb oddpwxdn", "fields": ["combination"]}}, {"changed": {"name": "product attribute", "object": "\\u0110i\\u1ec7n tho\\u1ea1i, smartphone ch\\u00ednh h\\u00e3ng gi\\u00e1 r\\u1ebb shbjfpbf", "fields": ["combination"]}}, {"changed": {"name": "product attribute", "object": "\\u0110i\\u1ec7n tho\\u1ea1i, smartphone ch\\u00ednh h\\u00e3ng gi\\u00e1 r\\u1ebb gulzpyju", "fields": ["combination"]}}, {"changed": {"name": "product attribute", "object": "\\u0110i\\u1ec7n tho\\u1ea1i, smartphone ch\\u00ednh h\\u00e3ng gi\\u00e1 r\\u1ebb ldojpdkh", "fields": ["combination"]}}, {"changed": {"name": "product attribute", "object": "\\u0110i\\u1ec7n tho\\u1ea1i, smartphone ch\\u00ednh h\\u00e3ng gi\\u00e1 r\\u1ebb vklxijnq", "fields": ["combination"]}}, {"changed": {"name": "product attribute", "object": "\\u0110i\\u1ec7n tho\\u1ea1i, smartphone ch\\u00ednh h\\u00e3ng gi\\u00e1 r\\u1ebb etdmsvdu", "fields": ["combination"]}}, {"changed": {"name": "product attribute", "object": "\\u0110i\\u1ec7n tho\\u1ea1i, smartphone ch\\u00ednh h\\u00e3ng gi\\u00e1 r\\u1ebb cchsqceq", "fields": ["combination"]}}, {"changed": {"name": "product attribute", "object": "\\u0110i\\u1ec7n tho\\u1ea1i, smartphone ch\\u00ednh h\\u00e3ng gi\\u00e1 r\\u1ebb brvwlyzz", "fields": ["combination"]}}]', 116, 1),
(1183, '2020-09-30 03:52:13.815262', '8', 'Điện thoại, smartphone chính hãng giá rẻ', 2, '[{"changed": {"fields": ["slug"]}}, {"changed": {"name": "product attribute", "object": "\\u0110i\\u1ec7n tho\\u1ea1i, smartphone ch\\u00ednh h\\u00e3ng gi\\u00e1 r\\u1ebb jmgcdliu", "fields": ["combination"]}}, {"changed": {"name": "product attribute", "object": "\\u0110i\\u1ec7n tho\\u1ea1i, smartphone ch\\u00ednh h\\u00e3ng gi\\u00e1 r\\u1ebb oddpwxdn", "fields": ["combination"]}}, {"changed": {"name": "product attribute", "object": "\\u0110i\\u1ec7n tho\\u1ea1i, smartphone ch\\u00ednh h\\u00e3ng gi\\u00e1 r\\u1ebb shbjfpbf", "fields": ["combination"]}}, {"changed": {"name": "product attribute", "object": "\\u0110i\\u1ec7n tho\\u1ea1i, smartphone ch\\u00ednh h\\u00e3ng gi\\u00e1 r\\u1ebb gulzpyju", "fields": ["combination"]}}, {"changed": {"name": "product attribute", "object": "\\u0110i\\u1ec7n tho\\u1ea1i, smartphone ch\\u00ednh h\\u00e3ng gi\\u00e1 r\\u1ebb ldojpdkh", "fields": ["combination"]}}, {"changed": {"name": "product attribute", "object": "\\u0110i\\u1ec7n tho\\u1ea1i, smartphone ch\\u00ednh h\\u00e3ng gi\\u00e1 r\\u1ebb vklxijnq", "fields": ["combination"]}}, {"changed": {"name": "product attribute", "object": "\\u0110i\\u1ec7n tho\\u1ea1i, smartphone ch\\u00ednh h\\u00e3ng gi\\u00e1 r\\u1ebb etdmsvdu", "fields": ["combination"]}}, {"changed": {"name": "product attribute", "object": "\\u0110i\\u1ec7n tho\\u1ea1i, smartphone ch\\u00ednh h\\u00e3ng gi\\u00e1 r\\u1ebb cchsqceq", "fields": ["combination"]}}, {"changed": {"name": "product attribute", "object": "\\u0110i\\u1ec7n tho\\u1ea1i, smartphone ch\\u00ednh h\\u00e3ng gi\\u00e1 r\\u1ebb brvwlyzz", "fields": ["combination"]}}]', 116, 1),
(1184, '2020-09-30 03:52:24.273489', '9', 'eeeeeeeeee', 2, '[{"changed": {"fields": ["slug"]}}]', 116, 1),
(1185, '2020-10-01 17:15:37.230455', '5', 'Intel và NVIDIA coi chừng', 2, '[{"changed": {"fields": ["slug"]}}, {"changed": {"name": "product attribute", "object": "Ra m\\u1eaft laptop Acer Aspire 5 d\\u00f9ng Intel Core 10,", "fields": ["combination"]}}, {"changed": {"name": "product attribute", "object": "card \\u0111\\u1ed3 h\\u1ecda r\\u1eddi NVIDIA", "fields": ["combination"]}}, {"changed": {"name": "product attribute", "object": "Acer Aspire 5 d\\u00f9ng Intel C", "fields": ["combination"]}}]', 116, 1),
(1186, '2020-10-01 17:16:06.254161', '6', 'ời dùng những thiết bị Vsmart sẽ có thể xem nội dung Full HD', 2, '[{"changed": {"fields": ["slug"]}}, {"changed": {"name": "product attribute", "object": "\\u1eddi d\\u00f9ng nh\\u1eefng thi\\u1ebft b\\u1ecb Vsmart s\\u1ebd c\\u00f3 th\\u1ec3 xem n\\u1ed9i dung Full HD ozwunhao", "fields": ["combination"]}}, {"changed": {"name": "product attribute", "object": "\\u1eddi d\\u00f9ng nh\\u1eefng thi\\u1ebft b\\u1ecb Vsmart s\\u1ebd c\\u00f3 th\\u1ec3 xem n\\u1ed9i dung Full HD sxgqmbds", "fields": ["combination"]}}, {"changed": {"name": "product attribute", "object": "\\u1eddi d\\u00f9ng nh\\u1eefng thi\\u1ebft b\\u1ecb Vsmart s\\u1ebd c\\u00f3 th\\u1ec3 xem n\\u1ed9i dung Full HD udrvgooy", "fields": ["combination"]}}, {"changed": {"name": "product attribute", "object": "\\u1eddi d\\u00f9ng nh\\u1eefng thi\\u1ebft b\\u1ecb Vsmart s\\u1ebd c\\u00f3 th\\u1ec3 xem n\\u1ed9i dung Full HD czcewzoz", "fields": ["combination"]}}, {"changed": {"name": "product attribute", "object": "\\u1eddi d\\u00f9ng nh\\u1eefng thi\\u1ebft b\\u1ecb Vsmart s\\u1ebd c\\u00f3 th\\u1ec3 xem n\\u1ed9i dung Full HD bnsznplg", "fields": ["combination"]}}, {"changed": {"name": "product attribute", "object": "\\u1eddi d\\u00f9ng nh\\u1eefng thi\\u1ebft b\\u1ecb Vsmart s\\u1ebd c\\u00f3 th\\u1ec3 xem n\\u1ed9i dung Full HD yaqxbxza", "fields": ["combination"]}}]', 116, 1),
(1187, '2020-10-01 17:16:25.900212', '7', 'may giac', 2, '[{"changed": {"fields": ["slug"]}}, {"changed": {"name": "product attribute", "object": "may giac rxpnapxn", "fields": ["combination"]}}, {"changed": {"name": "product attribute", "object": "may giac zxhytemb", "fields": ["combination"]}}, {"changed": {"name": "product attribute", "object": "may giac kebkmifz", "fields": ["combination"]}}, {"changed": {"name": "product attribute", "object": "may giac jcqvcggk", "fields": ["combination"]}}, {"changed": {"name": "product attribute", "object": "may giac zzhhheeh", "fields": ["combination"]}}, {"changed": {"name": "product attribute", "object": "may giac fmjybkyy", "fields": ["combination"]}}, {"changed": {"name": "product attribute", "object": "may giac sxerbjgl", "fields": ["combination"]}}, {"changed": {"name": "product attribute", "object": "may giac ktveettb", "fields": ["combination"]}}, {"changed": {"name": "product attribute", "object": "may giac rhcvudvo", "fields": ["combination"]}}, {"changed": {"name": "product attribute", "object": "may giac vmqmhbge", "fields": ["combination"]}}, {"changed": {"name": "product attribute", "object": "may giac wcgrapco", "fields": ["combination"]}}, {"changed": {"name": "product attribute", "object": "may giac qrwygodz", "fields": ["combination"]}}]', 116, 1),
(1188, '2020-10-01 17:16:43.948927', '8', 'Điện thoại, smartphone chính hãng giá rẻ', 2, '[{"changed": {"fields": ["slug"]}}, {"changed": {"name": "product attribute", "object": "\\u0110i\\u1ec7n tho\\u1ea1i, smartphone ch\\u00ednh h\\u00e3ng gi\\u00e1 r\\u1ebb jmgcdliu", "fields": ["combination"]}}, {"changed": {"name": "product attribute", "object": "\\u0110i\\u1ec7n tho\\u1ea1i, smartphone ch\\u00ednh h\\u00e3ng gi\\u00e1 r\\u1ebb oddpwxdn", "fields": ["combination"]}}, {"changed": {"name": "product attribute", "object": "\\u0110i\\u1ec7n tho\\u1ea1i, smartphone ch\\u00ednh h\\u00e3ng gi\\u00e1 r\\u1ebb shbjfpbf", "fields": ["combination"]}}, {"changed": {"name": "product attribute", "object": "\\u0110i\\u1ec7n tho\\u1ea1i, smartphone ch\\u00ednh h\\u00e3ng gi\\u00e1 r\\u1ebb gulzpyju", "fields": ["combination"]}}, {"changed": {"name": "product attribute", "object": "\\u0110i\\u1ec7n tho\\u1ea1i, smartphone ch\\u00ednh h\\u00e3ng gi\\u00e1 r\\u1ebb ldojpdkh", "fields": ["combination"]}}, {"changed": {"name": "product attribute", "object": "\\u0110i\\u1ec7n tho\\u1ea1i, smartphone ch\\u00ednh h\\u00e3ng gi\\u00e1 r\\u1ebb vklxijnq", "fields": ["combination"]}}, {"changed": {"name": "product attribute", "object": "\\u0110i\\u1ec7n tho\\u1ea1i, smartphone ch\\u00ednh h\\u00e3ng gi\\u00e1 r\\u1ebb etdmsvdu", "fields": ["combination"]}}, {"changed": {"name": "product attribute", "object": "\\u0110i\\u1ec7n tho\\u1ea1i, smartphone ch\\u00ednh h\\u00e3ng gi\\u00e1 r\\u1ebb cchsqceq", "fields": ["combination"]}}, {"changed": {"name": "product attribute", "object": "\\u0110i\\u1ec7n tho\\u1ea1i, smartphone ch\\u00ednh h\\u00e3ng gi\\u00e1 r\\u1ebb brvwlyzz", "fields": ["combination"]}}]', 116, 1),
(1189, '2020-10-01 17:16:52.941318', '9', 'eeeeeeeeee', 2, '[{"changed": {"fields": ["slug"]}}]', 116, 1),
(1190, '2020-10-02 02:59:04.676837', '9', 'Đánh giá Vsmart Live 4: Không thể đòi hỏi', 2, '[{"changed": {"fields": ["Name", "description_short", "description", "slug"]}}, {"added": {"name": "feature product", "object": "k\\u00edch Th\\u01b0\\u1edbc NxDxS"}}, {"added": {"name": "feature product", "object": "Chi\\u1ec1u S\\u00e2u"}}, {"added": {"name": "feature product", "object": "Chi\\u1ec1u Ngang"}}]', 116, 1),
(1191, '2020-10-02 03:01:28.294083', '9', 'Đánh giá Vsmart Live 4: Không thể đòi hỏi', 2, '[{"changed": {"fields": ["slug"]}}]', 116, 1),
(1192, '2020-10-02 03:01:47.839437', '9', 'Đánh giá Vsmart Live 4: Không thể đòi hỏi', 2, '[{"changed": {"fields": ["Upload an image", "slug"]}}]', 116, 1),
(1193, '2020-10-02 06:29:22.765446', '108', 'ProductAttributeGroup object (108)', 1, '[{"added": {}}]', 146, 1),
(1194, '2020-10-02 06:29:30.201110', '109', 'ProductAttributeGroup object (109)', 1, '[{"added": {}}]', 146, 1),
(1195, '2020-10-02 06:29:38.992713', '110', 'ProductAttributeGroup object (110)', 1, '[{"added": {}}]', 146, 1),
(1196, '2020-10-02 06:29:47.178269', '111', 'ProductAttributeGroup object (111)', 1, '[{"added": {}}]', 146, 1),
(1197, '2020-10-02 06:29:56.953707', '112', 'ProductAttributeGroup object (112)', 1, '[{"added": {}}]', 146, 1),
(1198, '2020-10-02 06:31:11.572735', '9', 'Đánh giá Vsmart Live 4: Không thể đòi hỏi', 2, '[{"changed": {"fields": ["slug"]}}, {"added": {"name": "product attribute", "object": "\\u0110\\u00e1nh gi\\u00e1 Vsmart Live 4: Kh\\u00f4ng th\\u1ec3 \\u0111\\u00f2i h\\u1ecfi xkaimmbv"}}, {"added": {"name": "product attribute", "object": "\\u0110\\u00e1nh gi\\u00e1 Vsmart Live 4: Kh\\u00f4ng th\\u1ec3 \\u0111\\u00f2i h\\u1ecfi wiknognw"}}, {"added": {"name": "product attribute", "object": "\\u0110\\u00e1nh gi\\u00e1 Vsmart Live 4: Kh\\u00f4ng th\\u1ec3 \\u0111\\u00f2i h\\u1ecfi dnyuvvpm"}}, {"added": {"name": "product attribute", "object": "\\u0110\\u00e1nh gi\\u00e1 Vsmart Live 4: Kh\\u00f4ng th\\u1ec3 \\u0111\\u00f2i h\\u1ecfi etfqptae"}}, {"added": {"name": "product attribute", "object": "\\u0110\\u00e1nh gi\\u00e1 Vsmart Live 4: Kh\\u00f4ng th\\u1ec3 \\u0111\\u00f2i h\\u1ecfi ivkbdyvd"}}, {"added": {"name": "product attribute", "object": "\\u0110\\u00e1nh gi\\u00e1 Vsmart Live 4: Kh\\u00f4ng th\\u1ec3 \\u0111\\u00f2i h\\u1ecfi hnvepsnr"}}]', 116, 1),
(1199, '2020-10-02 06:42:41.042544', '9', 'Đánh giá Vsmart Live 4: Không thể đòi hỏi', 2, '[{"changed": {"fields": ["slug"]}}, {"changed": {"name": "product attribute", "object": "\\u0110\\u00e1nh gi\\u00e1 Vsmart Live 4: Kh\\u00f4ng th\\u1ec3 \\u0111\\u00f2i h\\u1ecfi xkaimmbv", "fields": ["Upload an image", "Alt Cover image", "combination"]}}, {"changed": {"name": "product attribute", "object": "\\u0110\\u00e1nh gi\\u00e1 Vsmart Live 4: Kh\\u00f4ng th\\u1ec3 \\u0111\\u00f2i h\\u1ecfi wiknognw", "fields": ["combination"]}}, {"changed": {"name": "product attribute", "object": "\\u0110\\u00e1nh gi\\u00e1 Vsmart Live 4: Kh\\u00f4ng th\\u1ec3 \\u0111\\u00f2i h\\u1ecfi dnyuvvpm", "fields": ["combination"]}}, {"changed": {"name": "product attribute", "object": "\\u0110\\u00e1nh gi\\u00e1 Vsmart Live 4: Kh\\u00f4ng th\\u1ec3 \\u0111\\u00f2i h\\u1ecfi etfqptae", "fields": ["combination"]}}, {"changed": {"name": "product attribute", "object": "\\u0110\\u00e1nh gi\\u00e1 Vsmart Live 4: Kh\\u00f4ng th\\u1ec3 \\u0111\\u00f2i h\\u1ecfi ivkbdyvd", "fields": ["combination"]}}, {"changed": {"name": "product attribute", "object": "\\u0110\\u00e1nh gi\\u00e1 Vsmart Live 4: Kh\\u00f4ng th\\u1ec3 \\u0111\\u00f2i h\\u1ecfi hnvepsnr", "fields": ["combination"]}}]', 116, 1),
(1200, '2020-10-02 06:43:27.633832', '230', 'Đánh giá Vsmart Live 4: Không thể đòi hỏi dnyuvvpm', 2, '[{"changed": {"fields": ["Cover image", "Alt Cover image", "Slider an image 1", "Slider an image 2", "Slider an image 3", "Slider an image 4", "combination"]}}]', 117, 1),
(1201, '2020-10-02 06:44:23.895278', '231', 'Đánh giá Vsmart Live 4: Không thể đòi hỏi etfqptae', 2, '[{"changed": {"fields": ["Cover image", "Alt Cover image", "Slider an image 1", "Slider an image 2", "Slider an image 3", "Slider an image 4", "combination"]}}]', 117, 1),
(1202, '2020-10-02 06:44:57.694003', '233', 'Đánh giá Vsmart Live 4: Không thể đòi hỏi hnvepsnr', 2, '[{"changed": {"fields": ["Cover image", "Alt Cover image", "Slider an image 1", "Slider an image 2", "Slider an image 3", "Slider an image 4", "combination"]}}]', 117, 1),
(1203, '2020-10-02 06:45:38.553772', '232', 'Đánh giá Vsmart Live 4: Không thể đòi hỏi ivkbdyvd', 2, '[{"changed": {"fields": ["Cover image", "Alt Cover image", "Slider an image 1", "Slider an image 2", "Slider an image 3", "Slider an image 4", "combination"]}}]', 117, 1),
(1204, '2020-10-02 06:46:16.074076', '229', 'Đánh giá Vsmart Live 4: Không thể đòi hỏi wiknognw', 2, '[{"changed": {"fields": ["Cover image", "Alt Cover image", "Slider an image 1", "Slider an image 2", "Slider an image 3", "Slider an image 4", "combination"]}}]', 117, 1),
(1205, '2020-10-02 06:47:47.454327', '228', 'Đánh giá Vsmart Live 4: Không thể đòi hỏi xkaimmbv', 2, '[{"changed": {"fields": ["Cover image", "Alt Cover image", "Slider an image 1", "Slider an image 2", "Slider an image 3", "Slider an image 4", "combination"]}}]', 117, 1),
(1206, '2020-10-02 06:58:35.975837', '10', 'Nhờ khả năng này, loài mèo có thể là cứu tinh giúp thế giới thoát khỏi COVID-19', 1, '[{"added": {}}]', 116, 1),
(1207, '2020-10-02 06:59:01.480810', '10', 'Nhờ khả năng này, loài mèo có thể là cứu tinh giúp thế giới thoát khỏi COVID-19', 2, '[{"changed": {"fields": ["Upload an image", "slug"]}}, {"added": {"name": "feature product", "object": "Chi\\u1ec1u Ngang"}}, {"added": {"name": "feature product", "object": "Chi\\u1ec1u S\\u00e2u"}}, {"added": {"name": "feature product", "object": "Ch\\u1ea5t li\\u1ec7u"}}]', 116, 1),
(1208, '2020-10-02 07:00:16.265061', '113', 'ProductAttributeGroup object (113)', 1, '[{"added": {}}]', 146, 1),
(1209, '2020-10-02 07:00:22.979344', '114', 'ProductAttributeGroup object (114)', 1, '[{"added": {}}]', 146, 1),
(1210, '2020-10-02 07:00:30.137978', '115', 'ProductAttributeGroup object (115)', 1, '[{"added": {}}]', 146, 1),
(1211, '2020-10-02 07:00:46.139866', '116', 'ProductAttributeGroup object (116)', 1, '[{"added": {}}]', 146, 1),
(1212, '2020-10-02 07:00:53.311057', '117', 'ProductAttributeGroup object (117)', 1, '[{"added": {}}]', 146, 1),
(1213, '2020-10-02 07:01:00.993980', '118', 'ProductAttributeGroup object (118)', 1, '[{"added": {}}]', 146, 1),
(1214, '2020-10-02 07:01:39.530405', '10', 'Nhờ khả năng này, loài mèo có thể là cứu tinh giúp thế giới thoát khỏi COVID-19', 2, '[{"changed": {"fields": ["slug"]}}, {"added": {"name": "product attribute", "object": "Nh\\u1edd kh\\u1ea3 n\\u0103ng n\\u00e0y, lo\\u00e0i m\\u00e8o c\\u00f3 th\\u1ec3 l\\u00e0 c\\u1ee9u tinh gi\\u00fap th\\u1ebf gi\\u1edbi tho\\u00e1t kh\\u1ecfi COVID-19 kndwfxrx"}}, {"added": {"name": "product attribute", "object": "Nh\\u1edd kh\\u1ea3 n\\u0103ng n\\u00e0y, lo\\u00e0i m\\u00e8o c\\u00f3 th\\u1ec3 l\\u00e0 c\\u1ee9u tinh gi\\u00fap th\\u1ebf gi\\u1edbi tho\\u00e1t kh\\u1ecfi COVID-19 ouydbqzv"}}, {"added": {"name": "product attribute", "object": "Nh\\u1edd kh\\u1ea3 n\\u0103ng n\\u00e0y, lo\\u00e0i m\\u00e8o c\\u00f3 th\\u1ec3 l\\u00e0 c\\u1ee9u tinh gi\\u00fap th\\u1ebf gi\\u1edbi tho\\u00e1t kh\\u1ecfi COVID-19 ixctddpc"}}, {"added": {"name": "product attribute", "object": "Nh\\u1edd kh\\u1ea3 n\\u0103ng n\\u00e0y, lo\\u00e0i m\\u00e8o c\\u00f3 th\\u1ec3 l\\u00e0 c\\u1ee9u tinh gi\\u00fap th\\u1ebf gi\\u1edbi tho\\u00e1t kh\\u1ecfi COVID-19 attlgrdc"}}, {"added": {"name": "product attribute", "object": "Nh\\u1edd kh\\u1ea3 n\\u0103ng n\\u00e0y, lo\\u00e0i m\\u00e8o c\\u00f3 th\\u1ec3 l\\u00e0 c\\u1ee9u tinh gi\\u00fap th\\u1ebf gi\\u1edbi tho\\u00e1t kh\\u1ecfi COVID-19 mxmragoe"}}, {"added": {"name": "product attribute", "object": "Nh\\u1edd kh\\u1ea3 n\\u0103ng n\\u00e0y, lo\\u00e0i m\\u00e8o c\\u00f3 th\\u1ec3 l\\u00e0 c\\u1ee9u tinh gi\\u00fap th\\u1ebf gi\\u1edbi tho\\u00e1t kh\\u1ecfi COVID-19 pyiqkluu"}}, {"added": {"name": "product attribute", "object": "Nh\\u1edd kh\\u1ea3 n\\u0103ng n\\u00e0y, lo\\u00e0i m\\u00e8o c\\u00f3 th\\u1ec3 l\\u00e0 c\\u1ee9u tinh gi\\u00fap th\\u1ebf gi\\u1edbi tho\\u00e1t kh\\u1ecfi COVID-19 boodulku"}}, {"added": {"name": "product attribute", "object": "Nh\\u1edd kh\\u1ea3 n\\u0103ng n\\u00e0y, lo\\u00e0i m\\u00e8o c\\u00f3 th\\u1ec3 l\\u00e0 c\\u1ee9u tinh gi\\u00fap th\\u1ebf gi\\u1edbi tho\\u00e1t kh\\u1ecfi COVID-19 rnjoxdha"}}, {"added": {"name": "product attribute", "object": "Nh\\u1edd kh\\u1ea3 n\\u0103ng n\\u00e0y, lo\\u00e0i m\\u00e8o c\\u00f3 th\\u1ec3 l\\u00e0 c\\u1ee9u tinh gi\\u00fap th\\u1ebf gi\\u1edbi tho\\u00e1t kh\\u1ecfi COVID-19 uthbwkxb"}}]', 116, 1),
(1215, '2020-10-02 07:14:21.650865', '10', 'Nhờ khả năng này, loài mèo có thể là cứu tinh giúp thế giới thoát khỏi COVID-19', 2, '[{"changed": {"fields": ["slug"]}}, {"changed": {"name": "product attribute", "object": "Nh\\u1edd kh\\u1ea3 n\\u0103ng n\\u00e0y, lo\\u00e0i m\\u00e8o c\\u00f3 th\\u1ec3 l\\u00e0 c\\u1ee9u tinh gi\\u00fap th\\u1ebf gi\\u1edbi tho\\u00e1t kh\\u1ecfi COVID-19 kndwfxrx", "fields": ["Upload an image", "Alt Cover image", "combination"]}}, {"changed": {"name": "product attribute", "object": "Nh\\u1edd kh\\u1ea3 n\\u0103ng n\\u00e0y, lo\\u00e0i m\\u00e8o c\\u00f3 th\\u1ec3 l\\u00e0 c\\u1ee9u tinh gi\\u00fap th\\u1ebf gi\\u1edbi tho\\u00e1t kh\\u1ecfi COVID-19 ouydbqzv", "fields": ["combination"]}}, {"changed": {"name": "product attribute", "object": "Nh\\u1edd kh\\u1ea3 n\\u0103ng n\\u00e0y, lo\\u00e0i m\\u00e8o c\\u00f3 th\\u1ec3 l\\u00e0 c\\u1ee9u tinh gi\\u00fap th\\u1ebf gi\\u1edbi tho\\u00e1t kh\\u1ecfi COVID-19 ixctddpc", "fields": ["combination"]}}, {"changed": {"name": "product attribute", "object": "Nh\\u1edd kh\\u1ea3 n\\u0103ng n\\u00e0y, lo\\u00e0i m\\u00e8o c\\u00f3 th\\u1ec3 l\\u00e0 c\\u1ee9u tinh gi\\u00fap th\\u1ebf gi\\u1edbi tho\\u00e1t kh\\u1ecfi COVID-19 attlgrdc", "fields": ["combination"]}}, {"changed": {"name": "product attribute", "object": "Nh\\u1edd kh\\u1ea3 n\\u0103ng n\\u00e0y, lo\\u00e0i m\\u00e8o c\\u00f3 th\\u1ec3 l\\u00e0 c\\u1ee9u tinh gi\\u00fap th\\u1ebf gi\\u1edbi tho\\u00e1t kh\\u1ecfi COVID-19 mxmragoe", "fields": ["combination"]}}, {"changed": {"name": "product attribute", "object": "Nh\\u1edd kh\\u1ea3 n\\u0103ng n\\u00e0y, lo\\u00e0i m\\u00e8o c\\u00f3 th\\u1ec3 l\\u00e0 c\\u1ee9u tinh gi\\u00fap th\\u1ebf gi\\u1edbi tho\\u00e1t kh\\u1ecfi COVID-19 pyiqkluu", "fields": ["combination"]}}, {"changed": {"name": "product attribute", "object": "Nh\\u1edd kh\\u1ea3 n\\u0103ng n\\u00e0y, lo\\u00e0i m\\u00e8o c\\u00f3 th\\u1ec3 l\\u00e0 c\\u1ee9u tinh gi\\u00fap th\\u1ebf gi\\u1edbi tho\\u00e1t kh\\u1ecfi COVID-19 boodulku", "fields": ["combination"]}}, {"changed": {"name": "product attribute", "object": "Nh\\u1edd kh\\u1ea3 n\\u0103ng n\\u00e0y, lo\\u00e0i m\\u00e8o c\\u00f3 th\\u1ec3 l\\u00e0 c\\u1ee9u tinh gi\\u00fap th\\u1ebf gi\\u1edbi tho\\u00e1t kh\\u1ecfi COVID-19 rnjoxdha", "fields": ["combination"]}}, {"changed": {"name": "product attribute", "object": "Nh\\u1edd kh\\u1ea3 n\\u0103ng n\\u00e0y, lo\\u00e0i m\\u00e8o c\\u00f3 th\\u1ec3 l\\u00e0 c\\u1ee9u tinh gi\\u00fap th\\u1ebf gi\\u1edbi tho\\u00e1t kh\\u1ecfi COVID-19 uthbwkxb", "fields": ["combination"]}}]', 116, 1),
(1216, '2020-10-02 07:15:52.225113', '10', 'Nhờ khả năng này, loài mèo có thể là cứu tinh giúp thế giới thoát khỏi COVID-19', 2, '[{"changed": {"fields": ["slug"]}}, {"changed": {"name": "product attribute", "object": "Nh\\u1edd kh\\u1ea3 n\\u0103ng n\\u00e0y, lo\\u00e0i m\\u00e8o c\\u00f3 th\\u1ec3 l\\u00e0 c\\u1ee9u tinh gi\\u00fap th\\u1ebf gi\\u1edbi tho\\u00e1t kh\\u1ecfi COVID-19 kndwfxrx", "fields": ["combination"]}}, {"changed": {"name": "product attribute", "object": "Nh\\u1edd kh\\u1ea3 n\\u0103ng n\\u00e0y, lo\\u00e0i m\\u00e8o c\\u00f3 th\\u1ec3 l\\u00e0 c\\u1ee9u tinh gi\\u00fap th\\u1ebf gi\\u1edbi tho\\u00e1t kh\\u1ecfi COVID-19 ouydbqzv", "fields": ["Upload an image", "Alt Cover image", "combination"]}}, {"changed": {"name": "product attribute", "object": "Nh\\u1edd kh\\u1ea3 n\\u0103ng n\\u00e0y, lo\\u00e0i m\\u00e8o c\\u00f3 th\\u1ec3 l\\u00e0 c\\u1ee9u tinh gi\\u00fap th\\u1ebf gi\\u1edbi tho\\u00e1t kh\\u1ecfi COVID-19 ixctddpc", "fields": ["combination"]}}, {"changed": {"name": "product attribute", "object": "Nh\\u1edd kh\\u1ea3 n\\u0103ng n\\u00e0y, lo\\u00e0i m\\u00e8o c\\u00f3 th\\u1ec3 l\\u00e0 c\\u1ee9u tinh gi\\u00fap th\\u1ebf gi\\u1edbi tho\\u00e1t kh\\u1ecfi COVID-19 attlgrdc", "fields": ["combination"]}}, {"changed": {"name": "product attribute", "object": "Nh\\u1edd kh\\u1ea3 n\\u0103ng n\\u00e0y, lo\\u00e0i m\\u00e8o c\\u00f3 th\\u1ec3 l\\u00e0 c\\u1ee9u tinh gi\\u00fap th\\u1ebf gi\\u1edbi tho\\u00e1t kh\\u1ecfi COVID-19 mxmragoe", "fields": ["combination"]}}, {"changed": {"name": "product attribute", "object": "Nh\\u1edd kh\\u1ea3 n\\u0103ng n\\u00e0y, lo\\u00e0i m\\u00e8o c\\u00f3 th\\u1ec3 l\\u00e0 c\\u1ee9u tinh gi\\u00fap th\\u1ebf gi\\u1edbi tho\\u00e1t kh\\u1ecfi COVID-19 pyiqkluu", "fields": ["combination"]}}, {"changed": {"name": "product attribute", "object": "Nh\\u1edd kh\\u1ea3 n\\u0103ng n\\u00e0y, lo\\u00e0i m\\u00e8o c\\u00f3 th\\u1ec3 l\\u00e0 c\\u1ee9u tinh gi\\u00fap th\\u1ebf gi\\u1edbi tho\\u00e1t kh\\u1ecfi COVID-19 boodulku", "fields": ["combination"]}}, {"changed": {"name": "product attribute", "object": "Nh\\u1edd kh\\u1ea3 n\\u0103ng n\\u00e0y, lo\\u00e0i m\\u00e8o c\\u00f3 th\\u1ec3 l\\u00e0 c\\u1ee9u tinh gi\\u00fap th\\u1ebf gi\\u1edbi tho\\u00e1t kh\\u1ecfi COVID-19 rnjoxdha", "fields": ["combination"]}}, {"changed": {"name": "product attribute", "object": "Nh\\u1edd kh\\u1ea3 n\\u0103ng n\\u00e0y, lo\\u00e0i m\\u00e8o c\\u00f3 th\\u1ec3 l\\u00e0 c\\u1ee9u tinh gi\\u00fap th\\u1ebf gi\\u1edbi tho\\u00e1t kh\\u1ecfi COVID-19 uthbwkxb", "fields": ["combination"]}}]', 116, 1),
(1217, '2020-10-02 07:17:08.553074', '10', 'Nhờ khả năng này, loài mèo có thể là cứu tinh giúp thế giới thoát khỏi COVID-19', 2, '[{"changed": {"fields": ["slug"]}}, {"changed": {"name": "product attribute", "object": "Nh\\u1edd kh\\u1ea3 n\\u0103ng n\\u00e0y, lo\\u00e0i m\\u00e8o c\\u00f3 th\\u1ec3 l\\u00e0 c\\u1ee9u tinh gi\\u00fap th\\u1ebf gi\\u1edbi tho\\u00e1t kh\\u1ecfi COVID-19 kndwfxrx", "fields": ["combination"]}}, {"changed": {"name": "product attribute", "object": "Nh\\u1edd kh\\u1ea3 n\\u0103ng n\\u00e0y, lo\\u00e0i m\\u00e8o c\\u00f3 th\\u1ec3 l\\u00e0 c\\u1ee9u tinh gi\\u00fap th\\u1ebf gi\\u1edbi tho\\u00e1t kh\\u1ecfi COVID-19 ouydbqzv", "fields": ["combination"]}}, {"changed": {"name": "product attribute", "object": "Nh\\u1edd kh\\u1ea3 n\\u0103ng n\\u00e0y, lo\\u00e0i m\\u00e8o c\\u00f3 th\\u1ec3 l\\u00e0 c\\u1ee9u tinh gi\\u00fap th\\u1ebf gi\\u1edbi tho\\u00e1t kh\\u1ecfi COVID-19 ixctddpc", "fields": ["Upload an image", "Alt Cover image", "combination"]}}, {"changed": {"name": "product attribute", "object": "Nh\\u1edd kh\\u1ea3 n\\u0103ng n\\u00e0y, lo\\u00e0i m\\u00e8o c\\u00f3 th\\u1ec3 l\\u00e0 c\\u1ee9u tinh gi\\u00fap th\\u1ebf gi\\u1edbi tho\\u00e1t kh\\u1ecfi COVID-19 attlgrdc", "fields": ["Upload an image", "Alt Cover image", "combination"]}}, {"changed": {"name": "product attribute", "object": "Nh\\u1edd kh\\u1ea3 n\\u0103ng n\\u00e0y, lo\\u00e0i m\\u00e8o c\\u00f3 th\\u1ec3 l\\u00e0 c\\u1ee9u tinh gi\\u00fap th\\u1ebf gi\\u1edbi tho\\u00e1t kh\\u1ecfi COVID-19 mxmragoe", "fields": ["Upload an image", "Alt Cover image", "combination"]}}, {"changed": {"name": "product attribute", "object": "Nh\\u1edd kh\\u1ea3 n\\u0103ng n\\u00e0y, lo\\u00e0i m\\u00e8o c\\u00f3 th\\u1ec3 l\\u00e0 c\\u1ee9u tinh gi\\u00fap th\\u1ebf gi\\u1edbi tho\\u00e1t kh\\u1ecfi COVID-19 pyiqkluu", "fields": ["Upload an image", "Alt Cover image", "combination"]}}, {"changed": {"name": "product attribute", "object": "Nh\\u1edd kh\\u1ea3 n\\u0103ng n\\u00e0y, lo\\u00e0i m\\u00e8o c\\u00f3 th\\u1ec3 l\\u00e0 c\\u1ee9u tinh gi\\u00fap th\\u1ebf gi\\u1edbi tho\\u00e1t kh\\u1ecfi COVID-19 boodulku", "fields": ["Upload an image", "Alt Cover image", "combination"]}}, {"changed": {"name": "product attribute", "object": "Nh\\u1edd kh\\u1ea3 n\\u0103ng n\\u00e0y, lo\\u00e0i m\\u00e8o c\\u00f3 th\\u1ec3 l\\u00e0 c\\u1ee9u tinh gi\\u00fap th\\u1ebf gi\\u1edbi tho\\u00e1t kh\\u1ecfi COVID-19 rnjoxdha", "fields": ["Upload an image", "Alt Cover image", "combination"]}}, {"changed": {"name": "product attribute", "object": "Nh\\u1edd kh\\u1ea3 n\\u0103ng n\\u00e0y, lo\\u00e0i m\\u00e8o c\\u00f3 th\\u1ec3 l\\u00e0 c\\u1ee9u tinh gi\\u00fap th\\u1ebf gi\\u1edbi tho\\u00e1t kh\\u1ecfi COVID-19 uthbwkxb", "fields": ["Upload an image", "Alt Cover image", "combination"]}}]', 116, 1),
(1218, '2020-10-02 08:13:03.916634', '10', 'Nhờ khả năng này, loài mèo có thể là cứu tinh giúp thế giới thoát khỏi COVID-19', 2, '[{"changed": {"fields": ["slug"]}}, {"changed": {"name": "product attribute", "object": "Nh\\u1edd kh\\u1ea3 n\\u0103ng n\\u00e0y, lo\\u00e0i m\\u00e8o c\\u00f3 th\\u1ec3 l\\u00e0 c\\u1ee9u tinh gi\\u00fap th\\u1ebf gi\\u1edbi tho\\u00e1t kh\\u1ecfi COVID-19 kndwfxrx", "fields": ["Upload an image", "Alt Cover image", "combination"]}}, {"changed": {"name": "product attribute", "object": "Nh\\u1edd kh\\u1ea3 n\\u0103ng n\\u00e0y, lo\\u00e0i m\\u00e8o c\\u00f3 th\\u1ec3 l\\u00e0 c\\u1ee9u tinh gi\\u00fap th\\u1ebf gi\\u1edbi tho\\u00e1t kh\\u1ecfi COVID-19 ouydbqzv", "fields": ["Upload an image", "Alt Cover image", "combination"]}}, {"changed": {"name": "product attribute", "object": "Nh\\u1edd kh\\u1ea3 n\\u0103ng n\\u00e0y, lo\\u00e0i m\\u00e8o c\\u00f3 th\\u1ec3 l\\u00e0 c\\u1ee9u tinh gi\\u00fap th\\u1ebf gi\\u1edbi tho\\u00e1t kh\\u1ecfi COVID-19 ixctddpc", "fields": ["Upload an image", "Alt Cover image", "combination"]}}, {"changed": {"name": "product attribute", "object": "Nh\\u1edd kh\\u1ea3 n\\u0103ng n\\u00e0y, lo\\u00e0i m\\u00e8o c\\u00f3 th\\u1ec3 l\\u00e0 c\\u1ee9u tinh gi\\u00fap th\\u1ebf gi\\u1edbi tho\\u00e1t kh\\u1ecfi COVID-19 attlgrdc", "fields": ["Upload an image", "Alt Cover image", "combination"]}}, {"changed": {"name": "product attribute", "object": "Nh\\u1edd kh\\u1ea3 n\\u0103ng n\\u00e0y, lo\\u00e0i m\\u00e8o c\\u00f3 th\\u1ec3 l\\u00e0 c\\u1ee9u tinh gi\\u00fap th\\u1ebf gi\\u1edbi tho\\u00e1t kh\\u1ecfi COVID-19 mxmragoe", "fields": ["Upload an image", "Alt Cover image", "combination"]}}, {"changed": {"name": "product attribute", "object": "Nh\\u1edd kh\\u1ea3 n\\u0103ng n\\u00e0y, lo\\u00e0i m\\u00e8o c\\u00f3 th\\u1ec3 l\\u00e0 c\\u1ee9u tinh gi\\u00fap th\\u1ebf gi\\u1edbi tho\\u00e1t kh\\u1ecfi COVID-19 pyiqkluu", "fields": ["Upload an image", "Alt Cover image", "combination"]}}, {"changed": {"name": "product attribute", "object": "Nh\\u1edd kh\\u1ea3 n\\u0103ng n\\u00e0y, lo\\u00e0i m\\u00e8o c\\u00f3 th\\u1ec3 l\\u00e0 c\\u1ee9u tinh gi\\u00fap th\\u1ebf gi\\u1edbi tho\\u00e1t kh\\u1ecfi COVID-19 boodulku", "fields": ["Upload an image", "Alt Cover image", "combination"]}}, {"changed": {"name": "product attribute", "object": "Nh\\u1edd kh\\u1ea3 n\\u0103ng n\\u00e0y, lo\\u00e0i m\\u00e8o c\\u00f3 th\\u1ec3 l\\u00e0 c\\u1ee9u tinh gi\\u00fap th\\u1ebf gi\\u1edbi tho\\u00e1t kh\\u1ecfi COVID-19 rnjoxdha", "fields": ["Upload an image", "Alt Cover image", "combination"]}}, {"changed": {"name": "product attribute", "object": "Nh\\u1edd kh\\u1ea3 n\\u0103ng n\\u00e0y, lo\\u00e0i m\\u00e8o c\\u00f3 th\\u1ec3 l\\u00e0 c\\u1ee9u tinh gi\\u00fap th\\u1ebf gi\\u1edbi tho\\u00e1t kh\\u1ecfi COVID-19 uthbwkxb", "fields": ["Upload an image", "Alt Cover image", "combination"]}}]', 116, 1),
(1219, '2020-10-02 08:15:30.315824', '10', 'Nhờ khả năng này, loài mèo có thể là cứu tinh giúp thế giới thoát khỏi COVID-19', 2, '[{"changed": {"fields": ["slug"]}}, {"changed": {"name": "product attribute", "object": "Nh\\u1edd kh\\u1ea3 n\\u0103ng n\\u00e0y, lo\\u00e0i m\\u00e8o c\\u00f3 th\\u1ec3 l\\u00e0 c\\u1ee9u tinh gi\\u00fap th\\u1ebf gi\\u1edbi tho\\u00e1t kh\\u1ecfi COVID-19 kndwfxrx", "fields": ["Upload an image", "Alt Cover image", "combination"]}}, {"changed": {"name": "product attribute", "object": "Nh\\u1edd kh\\u1ea3 n\\u0103ng n\\u00e0y, lo\\u00e0i m\\u00e8o c\\u00f3 th\\u1ec3 l\\u00e0 c\\u1ee9u tinh gi\\u00fap th\\u1ebf gi\\u1edbi tho\\u00e1t kh\\u1ecfi COVID-19 ouydbqzv", "fields": ["Upload an image", "Alt Cover image", "combination"]}}, {"changed": {"name": "product attribute", "object": "Nh\\u1edd kh\\u1ea3 n\\u0103ng n\\u00e0y, lo\\u00e0i m\\u00e8o c\\u00f3 th\\u1ec3 l\\u00e0 c\\u1ee9u tinh gi\\u00fap th\\u1ebf gi\\u1edbi tho\\u00e1t kh\\u1ecfi COVID-19 ixctddpc", "fields": ["Upload an image", "Alt Cover image", "combination"]}}, {"changed": {"name": "product attribute", "object": "Nh\\u1edd kh\\u1ea3 n\\u0103ng n\\u00e0y, lo\\u00e0i m\\u00e8o c\\u00f3 th\\u1ec3 l\\u00e0 c\\u1ee9u tinh gi\\u00fap th\\u1ebf gi\\u1edbi tho\\u00e1t kh\\u1ecfi COVID-19 attlgrdc", "fields": ["Upload an image", "Alt Cover image", "combination"]}}, {"changed": {"name": "product attribute", "object": "Nh\\u1edd kh\\u1ea3 n\\u0103ng n\\u00e0y, lo\\u00e0i m\\u00e8o c\\u00f3 th\\u1ec3 l\\u00e0 c\\u1ee9u tinh gi\\u00fap th\\u1ebf gi\\u1edbi tho\\u00e1t kh\\u1ecfi COVID-19 mxmragoe", "fields": ["Upload an image", "Alt Cover image", "combination"]}}, {"changed": {"name": "product attribute", "object": "Nh\\u1edd kh\\u1ea3 n\\u0103ng n\\u00e0y, lo\\u00e0i m\\u00e8o c\\u00f3 th\\u1ec3 l\\u00e0 c\\u1ee9u tinh gi\\u00fap th\\u1ebf gi\\u1edbi tho\\u00e1t kh\\u1ecfi COVID-19 pyiqkluu", "fields": ["Upload an image", "Alt Cover image", "combination"]}}, {"changed": {"name": "product attribute", "object": "Nh\\u1edd kh\\u1ea3 n\\u0103ng n\\u00e0y, lo\\u00e0i m\\u00e8o c\\u00f3 th\\u1ec3 l\\u00e0 c\\u1ee9u tinh gi\\u00fap th\\u1ebf gi\\u1edbi tho\\u00e1t kh\\u1ecfi COVID-19 boodulku", "fields": ["Upload an image", "Alt Cover image", "combination"]}}, {"changed": {"name": "product attribute", "object": "Nh\\u1edd kh\\u1ea3 n\\u0103ng n\\u00e0y, lo\\u00e0i m\\u00e8o c\\u00f3 th\\u1ec3 l\\u00e0 c\\u1ee9u tinh gi\\u00fap th\\u1ebf gi\\u1edbi tho\\u00e1t kh\\u1ecfi COVID-19 rnjoxdha", "fields": ["Upload an image", "Alt Cover image", "combination"]}}, {"changed": {"name": "product attribute", "object": "Nh\\u1edd kh\\u1ea3 n\\u0103ng n\\u00e0y, lo\\u00e0i m\\u00e8o c\\u00f3 th\\u1ec3 l\\u00e0 c\\u1ee9u tinh gi\\u00fap th\\u1ebf gi\\u1edbi tho\\u00e1t kh\\u1ecfi COVID-19 uthbwkxb", "fields": ["Upload an image", "Alt Cover image", "combination"]}}]', 116, 1),
(1220, '2020-10-02 08:21:31.075695', '237', 'Nhờ khả năng này, loài mèo có thể là cứu tinh giúp thế giới thoát khỏi COVID-19 attlgrdc', 2, '[{"changed": {"fields": ["Cover image", "Alt Cover image", "Slider an image 1", "Slider an image 2", "Slider an image 3", "Slider an image 4", "combination"]}}]', 117, 1),
(1221, '2020-10-02 11:30:07.268037', '10', 'Nhờ khả năng này, loài mèo có thể là cứu tinh giúp thế giới thoát khỏi COVID-19', 2, '[{"changed": {"fields": ["slug"]}}, {"changed": {"name": "product attribute", "object": "Nh\\u1edd kh\\u1ea3 n\\u0103ng n\\u00e0y, lo\\u00e0i m\\u00e8o c\\u00f3 th\\u1ec3 l\\u00e0 c\\u1ee9u tinh gi\\u00fap th\\u1ebf gi\\u1edbi tho\\u00e1t kh\\u1ecfi COVID-19 kndwfxrx", "fields": ["combination"]}}, {"changed": {"name": "product attribute", "object": "Nh\\u1edd kh\\u1ea3 n\\u0103ng n\\u00e0y, lo\\u00e0i m\\u00e8o c\\u00f3 th\\u1ec3 l\\u00e0 c\\u1ee9u tinh gi\\u00fap th\\u1ebf gi\\u1edbi tho\\u00e1t kh\\u1ecfi COVID-19 ouydbqzv", "fields": ["combination"]}}, {"changed": {"name": "product attribute", "object": "Nh\\u1edd kh\\u1ea3 n\\u0103ng n\\u00e0y, lo\\u00e0i m\\u00e8o c\\u00f3 th\\u1ec3 l\\u00e0 c\\u1ee9u tinh gi\\u00fap th\\u1ebf gi\\u1edbi tho\\u00e1t kh\\u1ecfi COVID-19 ixctddpc", "fields": ["combination"]}}, {"changed": {"name": "product attribute", "object": "Nh\\u1edd kh\\u1ea3 n\\u0103ng n\\u00e0y, lo\\u00e0i m\\u00e8o c\\u00f3 th\\u1ec3 l\\u00e0 c\\u1ee9u tinh gi\\u00fap th\\u1ebf gi\\u1edbi tho\\u00e1t kh\\u1ecfi COVID-19 attlgrdc", "fields": ["combination"]}}, {"changed": {"name": "product attribute", "object": "Nh\\u1edd kh\\u1ea3 n\\u0103ng n\\u00e0y, lo\\u00e0i m\\u00e8o c\\u00f3 th\\u1ec3 l\\u00e0 c\\u1ee9u tinh gi\\u00fap th\\u1ebf gi\\u1edbi tho\\u00e1t kh\\u1ecfi COVID-19 mxmragoe", "fields": ["combination"]}}, {"changed": {"name": "product attribute", "object": "Nh\\u1edd kh\\u1ea3 n\\u0103ng n\\u00e0y, lo\\u00e0i m\\u00e8o c\\u00f3 th\\u1ec3 l\\u00e0 c\\u1ee9u tinh gi\\u00fap th\\u1ebf gi\\u1edbi tho\\u00e1t kh\\u1ecfi COVID-19 pyiqkluu", "fields": ["combination"]}}, {"changed": {"name": "product attribute", "object": "Nh\\u1edd kh\\u1ea3 n\\u0103ng n\\u00e0y, lo\\u00e0i m\\u00e8o c\\u00f3 th\\u1ec3 l\\u00e0 c\\u1ee9u tinh gi\\u00fap th\\u1ebf gi\\u1edbi tho\\u00e1t kh\\u1ecfi COVID-19 boodulku", "fields": ["combination"]}}, {"changed": {"name": "product attribute", "object": "Nh\\u1edd kh\\u1ea3 n\\u0103ng n\\u00e0y, lo\\u00e0i m\\u00e8o c\\u00f3 th\\u1ec3 l\\u00e0 c\\u1ee9u tinh gi\\u00fap th\\u1ebf gi\\u1edbi tho\\u00e1t kh\\u1ecfi COVID-19 rnjoxdha", "fields": ["combination"]}}]', 116, 1),
(1222, '2020-10-02 11:30:34.137572', '10', 'Nhờ khả năng này, loài mèo có thể là cứu tinh giúp thế giới thoát khỏi COVID-19', 2, '[{"changed": {"fields": ["slug"]}}, {"added": {"name": "product attribute", "object": "Nh\\u1edd kh\\u1ea3 n\\u0103ng n\\u00e0y, lo\\u00e0i m\\u00e8o c\\u00f3 th\\u1ec3 l\\u00e0 c\\u1ee9u tinh gi\\u00fap th\\u1ebf gi\\u1edbi tho\\u00e1t kh\\u1ecfi COVID-19 edaemclz"}}, {"changed": {"name": "product attribute", "object": "Nh\\u1edd kh\\u1ea3 n\\u0103ng n\\u00e0y, lo\\u00e0i m\\u00e8o c\\u00f3 th\\u1ec3 l\\u00e0 c\\u1ee9u tinh gi\\u00fap th\\u1ebf gi\\u1edbi tho\\u00e1t kh\\u1ecfi COVID-19 kndwfxrx", "fields": ["combination"]}}, {"changed": {"name": "product attribute", "object": "Nh\\u1edd kh\\u1ea3 n\\u0103ng n\\u00e0y, lo\\u00e0i m\\u00e8o c\\u00f3 th\\u1ec3 l\\u00e0 c\\u1ee9u tinh gi\\u00fap th\\u1ebf gi\\u1edbi tho\\u00e1t kh\\u1ecfi COVID-19 ouydbqzv", "fields": ["combination"]}}, {"changed": {"name": "product attribute", "object": "Nh\\u1edd kh\\u1ea3 n\\u0103ng n\\u00e0y, lo\\u00e0i m\\u00e8o c\\u00f3 th\\u1ec3 l\\u00e0 c\\u1ee9u tinh gi\\u00fap th\\u1ebf gi\\u1edbi tho\\u00e1t kh\\u1ecfi COVID-19 ixctddpc", "fields": ["combination"]}}, {"changed": {"name": "product attribute", "object": "Nh\\u1edd kh\\u1ea3 n\\u0103ng n\\u00e0y, lo\\u00e0i m\\u00e8o c\\u00f3 th\\u1ec3 l\\u00e0 c\\u1ee9u tinh gi\\u00fap th\\u1ebf gi\\u1edbi tho\\u00e1t kh\\u1ecfi COVID-19 attlgrdc", "fields": ["combination"]}}, {"changed": {"name": "product attribute", "object": "Nh\\u1edd kh\\u1ea3 n\\u0103ng n\\u00e0y, lo\\u00e0i m\\u00e8o c\\u00f3 th\\u1ec3 l\\u00e0 c\\u1ee9u tinh gi\\u00fap th\\u1ebf gi\\u1edbi tho\\u00e1t kh\\u1ecfi COVID-19 mxmragoe", "fields": ["combination"]}}, {"changed": {"name": "product attribute", "object": "Nh\\u1edd kh\\u1ea3 n\\u0103ng n\\u00e0y, lo\\u00e0i m\\u00e8o c\\u00f3 th\\u1ec3 l\\u00e0 c\\u1ee9u tinh gi\\u00fap th\\u1ebf gi\\u1edbi tho\\u00e1t kh\\u1ecfi COVID-19 pyiqkluu", "fields": ["combination"]}}, {"changed": {"name": "product attribute", "object": "Nh\\u1edd kh\\u1ea3 n\\u0103ng n\\u00e0y, lo\\u00e0i m\\u00e8o c\\u00f3 th\\u1ec3 l\\u00e0 c\\u1ee9u tinh gi\\u00fap th\\u1ebf gi\\u1edbi tho\\u00e1t kh\\u1ecfi COVID-19 boodulku", "fields": ["combination"]}}, {"changed": {"name": "product attribute", "object": "Nh\\u1edd kh\\u1ea3 n\\u0103ng n\\u00e0y, lo\\u00e0i m\\u00e8o c\\u00f3 th\\u1ec3 l\\u00e0 c\\u1ee9u tinh gi\\u00fap th\\u1ebf gi\\u1edbi tho\\u00e1t kh\\u1ecfi COVID-19 rnjoxdha", "fields": ["combination"]}}]', 116, 1),
(1223, '2020-10-03 06:24:37.563853', '243', 'Nhờ khả năng này, loài mèo có thể là cứu tinh giúp thế giới thoát khỏi COVID-19 edaemclz', 2, '[{"changed": {"fields": ["Cover image", "Alt Cover image", "Slider an image 1", "Slider an image 2", "Slider an image 3", "Slider an image 4", "combination"]}}]', 117, 1),
(1224, '2020-10-03 06:31:21.186410', '10', 'Nhờ khả năng này, loài mèo có thể là cứu tinh giúp thế giới thoát khỏi COVID-19', 2, '[{"changed": {"fields": ["slug"]}}, {"changed": {"name": "product attribute", "object": "Nh\\u1edd kh\\u1ea3 n\\u0103ng n\\u00e0y, lo\\u00e0i m\\u00e8o c\\u00f3 th\\u1ec3 l\\u00e0 c\\u1ee9u tinh gi\\u00fap th\\u1ebf gi\\u1edbi tho\\u00e1t kh\\u1ecfi COVID-19 edaemclz", "fields": ["combination"]}}, {"changed": {"name": "product attribute", "object": "Nh\\u1edd kh\\u1ea3 n\\u0103ng n\\u00e0y, lo\\u00e0i m\\u00e8o c\\u00f3 th\\u1ec3 l\\u00e0 c\\u1ee9u tinh gi\\u00fap th\\u1ebf gi\\u1edbi tho\\u00e1t kh\\u1ecfi COVID-19 kndwfxrx", "fields": ["combination"]}}, {"changed": {"name": "product attribute", "object": "Nh\\u1edd kh\\u1ea3 n\\u0103ng n\\u00e0y, lo\\u00e0i m\\u00e8o c\\u00f3 th\\u1ec3 l\\u00e0 c\\u1ee9u tinh gi\\u00fap th\\u1ebf gi\\u1edbi tho\\u00e1t kh\\u1ecfi COVID-19 ouydbqzv", "fields": ["combination"]}}, {"changed": {"name": "product attribute", "object": "Nh\\u1edd kh\\u1ea3 n\\u0103ng n\\u00e0y, lo\\u00e0i m\\u00e8o c\\u00f3 th\\u1ec3 l\\u00e0 c\\u1ee9u tinh gi\\u00fap th\\u1ebf gi\\u1edbi tho\\u00e1t kh\\u1ecfi COVID-19 ixctddpc", "fields": ["combination"]}}, {"changed": {"name": "product attribute", "object": "Nh\\u1edd kh\\u1ea3 n\\u0103ng n\\u00e0y, lo\\u00e0i m\\u00e8o c\\u00f3 th\\u1ec3 l\\u00e0 c\\u1ee9u tinh gi\\u00fap th\\u1ebf gi\\u1edbi tho\\u00e1t kh\\u1ecfi COVID-19 attlgrdc", "fields": ["combination"]}}, {"changed": {"name": "product attribute", "object": "Nh\\u1edd kh\\u1ea3 n\\u0103ng n\\u00e0y, lo\\u00e0i m\\u00e8o c\\u00f3 th\\u1ec3 l\\u00e0 c\\u1ee9u tinh gi\\u00fap th\\u1ebf gi\\u1edbi tho\\u00e1t kh\\u1ecfi COVID-19 pyiqkluu", "fields": ["combination"]}}, {"changed": {"name": "product attribute", "object": "Nh\\u1edd kh\\u1ea3 n\\u0103ng n\\u00e0y, lo\\u00e0i m\\u00e8o c\\u00f3 th\\u1ec3 l\\u00e0 c\\u1ee9u tinh gi\\u00fap th\\u1ebf gi\\u1edbi tho\\u00e1t kh\\u1ecfi COVID-19 boodulku", "fields": ["combination"]}}, {"changed": {"name": "product attribute", "object": "Nh\\u1edd kh\\u1ea3 n\\u0103ng n\\u00e0y, lo\\u00e0i m\\u00e8o c\\u00f3 th\\u1ec3 l\\u00e0 c\\u1ee9u tinh gi\\u00fap th\\u1ebf gi\\u1edbi tho\\u00e1t kh\\u1ecfi COVID-19 rnjoxdha", "fields": ["combination"]}}]', 116, 1),
(1225, '2020-10-03 06:31:37.509213', '10', 'Nhờ khả năng này, loài mèo có thể là cứu tinh giúp thế giới thoát khỏi COVID-19', 2, '[{"changed": {"fields": ["slug"]}}, {"added": {"name": "product attribute", "object": "Nh\\u1edd kh\\u1ea3 n\\u0103ng n\\u00e0y, lo\\u00e0i m\\u00e8o c\\u00f3 th\\u1ec3 l\\u00e0 c\\u1ee9u tinh gi\\u00fap th\\u1ebf gi\\u1edbi tho\\u00e1t kh\\u1ecfi COVID-19 nfgujcdv"}}, {"changed": {"name": "product attribute", "object": "Nh\\u1edd kh\\u1ea3 n\\u0103ng n\\u00e0y, lo\\u00e0i m\\u00e8o c\\u00f3 th\\u1ec3 l\\u00e0 c\\u1ee9u tinh gi\\u00fap th\\u1ebf gi\\u1edbi tho\\u00e1t kh\\u1ecfi COVID-19 edaemclz", "fields": ["combination"]}}, {"changed": {"name": "product attribute", "object": "Nh\\u1edd kh\\u1ea3 n\\u0103ng n\\u00e0y, lo\\u00e0i m\\u00e8o c\\u00f3 th\\u1ec3 l\\u00e0 c\\u1ee9u tinh gi\\u00fap th\\u1ebf gi\\u1edbi tho\\u00e1t kh\\u1ecfi COVID-19 kndwfxrx", "fields": ["combination"]}}, {"changed": {"name": "product attribute", "object": "Nh\\u1edd kh\\u1ea3 n\\u0103ng n\\u00e0y, lo\\u00e0i m\\u00e8o c\\u00f3 th\\u1ec3 l\\u00e0 c\\u1ee9u tinh gi\\u00fap th\\u1ebf gi\\u1edbi tho\\u00e1t kh\\u1ecfi COVID-19 ouydbqzv", "fields": ["combination"]}}, {"changed": {"name": "product attribute", "object": "Nh\\u1edd kh\\u1ea3 n\\u0103ng n\\u00e0y, lo\\u00e0i m\\u00e8o c\\u00f3 th\\u1ec3 l\\u00e0 c\\u1ee9u tinh gi\\u00fap th\\u1ebf gi\\u1edbi tho\\u00e1t kh\\u1ecfi COVID-19 ixctddpc", "fields": ["combination"]}}, {"changed": {"name": "product attribute", "object": "Nh\\u1edd kh\\u1ea3 n\\u0103ng n\\u00e0y, lo\\u00e0i m\\u00e8o c\\u00f3 th\\u1ec3 l\\u00e0 c\\u1ee9u tinh gi\\u00fap th\\u1ebf gi\\u1edbi tho\\u00e1t kh\\u1ecfi COVID-19 attlgrdc", "fields": ["combination"]}}, {"changed": {"name": "product attribute", "object": "Nh\\u1edd kh\\u1ea3 n\\u0103ng n\\u00e0y, lo\\u00e0i m\\u00e8o c\\u00f3 th\\u1ec3 l\\u00e0 c\\u1ee9u tinh gi\\u00fap th\\u1ebf gi\\u1edbi tho\\u00e1t kh\\u1ecfi COVID-19 pyiqkluu", "fields": ["combination"]}}, {"changed": {"name": "product attribute", "object": "Nh\\u1edd kh\\u1ea3 n\\u0103ng n\\u00e0y, lo\\u00e0i m\\u00e8o c\\u00f3 th\\u1ec3 l\\u00e0 c\\u1ee9u tinh gi\\u00fap th\\u1ebf gi\\u1edbi tho\\u00e1t kh\\u1ecfi COVID-19 boodulku", "fields": ["combination"]}}, {"changed": {"name": "product attribute", "object": "Nh\\u1edd kh\\u1ea3 n\\u0103ng n\\u00e0y, lo\\u00e0i m\\u00e8o c\\u00f3 th\\u1ec3 l\\u00e0 c\\u1ee9u tinh gi\\u00fap th\\u1ebf gi\\u1edbi tho\\u00e1t kh\\u1ecfi COVID-19 rnjoxdha", "fields": ["combination"]}}]', 116, 1),
(1226, '2020-10-03 06:32:17.120186', '10', 'Nhờ khả năng này, loài mèo có thể là cứu tinh giúp thế giới thoát khỏi COVID-19', 2, '[{"changed": {"fields": ["slug"]}}, {"changed": {"name": "product attribute", "object": "Nh\\u1edd kh\\u1ea3 n\\u0103ng n\\u00e0y, lo\\u00e0i m\\u00e8o c\\u00f3 th\\u1ec3 l\\u00e0 c\\u1ee9u tinh gi\\u00fap th\\u1ebf gi\\u1edbi tho\\u00e1t kh\\u1ecfi COVID-19 nfgujcdv", "fields": ["Upload an image", "Alt Cover image", "combination"]}}, {"changed": {"name": "product attribute", "object": "Nh\\u1edd kh\\u1ea3 n\\u0103ng n\\u00e0y, lo\\u00e0i m\\u00e8o c\\u00f3 th\\u1ec3 l\\u00e0 c\\u1ee9u tinh gi\\u00fap th\\u1ebf gi\\u1edbi tho\\u00e1t kh\\u1ecfi COVID-19 edaemclz", "fields": ["combination"]}}, {"changed": {"name": "product attribute", "object": "Nh\\u1edd kh\\u1ea3 n\\u0103ng n\\u00e0y, lo\\u00e0i m\\u00e8o c\\u00f3 th\\u1ec3 l\\u00e0 c\\u1ee9u tinh gi\\u00fap th\\u1ebf gi\\u1edbi tho\\u00e1t kh\\u1ecfi COVID-19 kndwfxrx", "fields": ["combination"]}}, {"changed": {"name": "product attribute", "object": "Nh\\u1edd kh\\u1ea3 n\\u0103ng n\\u00e0y, lo\\u00e0i m\\u00e8o c\\u00f3 th\\u1ec3 l\\u00e0 c\\u1ee9u tinh gi\\u00fap th\\u1ebf gi\\u1edbi tho\\u00e1t kh\\u1ecfi COVID-19 ouydbqzv", "fields": ["combination"]}}, {"changed": {"name": "product attribute", "object": "Nh\\u1edd kh\\u1ea3 n\\u0103ng n\\u00e0y, lo\\u00e0i m\\u00e8o c\\u00f3 th\\u1ec3 l\\u00e0 c\\u1ee9u tinh gi\\u00fap th\\u1ebf gi\\u1edbi tho\\u00e1t kh\\u1ecfi COVID-19 ixctddpc", "fields": ["combination"]}}, {"changed": {"name": "product attribute", "object": "Nh\\u1edd kh\\u1ea3 n\\u0103ng n\\u00e0y, lo\\u00e0i m\\u00e8o c\\u00f3 th\\u1ec3 l\\u00e0 c\\u1ee9u tinh gi\\u00fap th\\u1ebf gi\\u1edbi tho\\u00e1t kh\\u1ecfi COVID-19 attlgrdc", "fields": ["combination"]}}, {"changed": {"name": "product attribute", "object": "Nh\\u1edd kh\\u1ea3 n\\u0103ng n\\u00e0y, lo\\u00e0i m\\u00e8o c\\u00f3 th\\u1ec3 l\\u00e0 c\\u1ee9u tinh gi\\u00fap th\\u1ebf gi\\u1edbi tho\\u00e1t kh\\u1ecfi COVID-19 pyiqkluu", "fields": ["combination"]}}, {"changed": {"name": "product attribute", "object": "Nh\\u1edd kh\\u1ea3 n\\u0103ng n\\u00e0y, lo\\u00e0i m\\u00e8o c\\u00f3 th\\u1ec3 l\\u00e0 c\\u1ee9u tinh gi\\u00fap th\\u1ebf gi\\u1edbi tho\\u00e1t kh\\u1ecfi COVID-19 boodulku", "fields": ["combination"]}}, {"changed": {"name": "product attribute", "object": "Nh\\u1edd kh\\u1ea3 n\\u0103ng n\\u00e0y, lo\\u00e0i m\\u00e8o c\\u00f3 th\\u1ec3 l\\u00e0 c\\u1ee9u tinh gi\\u00fap th\\u1ebf gi\\u1edbi tho\\u00e1t kh\\u1ecfi COVID-19 rnjoxdha", "fields": ["combination"]}}]', 116, 1),
(1227, '2020-10-03 06:32:31.030400', '10', 'Nhờ khả năng này, loài mèo có thể là cứu tinh giúp thế giới thoát khỏi COVID-19', 2, '[{"changed": {"fields": ["slug"]}}, {"changed": {"name": "product attribute", "object": "Nh\\u1edd kh\\u1ea3 n\\u0103ng n\\u00e0y, lo\\u00e0i m\\u00e8o c\\u00f3 th\\u1ec3 l\\u00e0 c\\u1ee9u tinh gi\\u00fap th\\u1ebf gi\\u1edbi tho\\u00e1t kh\\u1ecfi COVID-19 nfgujcdv", "fields": ["combination"]}}, {"changed": {"name": "product attribute", "object": "Nh\\u1edd kh\\u1ea3 n\\u0103ng n\\u00e0y, lo\\u00e0i m\\u00e8o c\\u00f3 th\\u1ec3 l\\u00e0 c\\u1ee9u tinh gi\\u00fap th\\u1ebf gi\\u1edbi tho\\u00e1t kh\\u1ecfi COVID-19 edaemclz", "fields": ["combination"]}}, {"changed": {"name": "product attribute", "object": "Nh\\u1edd kh\\u1ea3 n\\u0103ng n\\u00e0y, lo\\u00e0i m\\u00e8o c\\u00f3 th\\u1ec3 l\\u00e0 c\\u1ee9u tinh gi\\u00fap th\\u1ebf gi\\u1edbi tho\\u00e1t kh\\u1ecfi COVID-19 kndwfxrx", "fields": ["combination"]}}, {"changed": {"name": "product attribute", "object": "Nh\\u1edd kh\\u1ea3 n\\u0103ng n\\u00e0y, lo\\u00e0i m\\u00e8o c\\u00f3 th\\u1ec3 l\\u00e0 c\\u1ee9u tinh gi\\u00fap th\\u1ebf gi\\u1edbi tho\\u00e1t kh\\u1ecfi COVID-19 ouydbqzv", "fields": ["combination"]}}, {"changed": {"name": "product attribute", "object": "Nh\\u1edd kh\\u1ea3 n\\u0103ng n\\u00e0y, lo\\u00e0i m\\u00e8o c\\u00f3 th\\u1ec3 l\\u00e0 c\\u1ee9u tinh gi\\u00fap th\\u1ebf gi\\u1edbi tho\\u00e1t kh\\u1ecfi COVID-19 ixctddpc", "fields": ["combination"]}}, {"changed": {"name": "product attribute", "object": "Nh\\u1edd kh\\u1ea3 n\\u0103ng n\\u00e0y, lo\\u00e0i m\\u00e8o c\\u00f3 th\\u1ec3 l\\u00e0 c\\u1ee9u tinh gi\\u00fap th\\u1ebf gi\\u1edbi tho\\u00e1t kh\\u1ecfi COVID-19 attlgrdc", "fields": ["combination"]}}, {"changed": {"name": "product attribute", "object": "Nh\\u1edd kh\\u1ea3 n\\u0103ng n\\u00e0y, lo\\u00e0i m\\u00e8o c\\u00f3 th\\u1ec3 l\\u00e0 c\\u1ee9u tinh gi\\u00fap th\\u1ebf gi\\u1edbi tho\\u00e1t kh\\u1ecfi COVID-19 pyiqkluu", "fields": ["combination"]}}, {"changed": {"name": "product attribute", "object": "Nh\\u1edd kh\\u1ea3 n\\u0103ng n\\u00e0y, lo\\u00e0i m\\u00e8o c\\u00f3 th\\u1ec3 l\\u00e0 c\\u1ee9u tinh gi\\u00fap th\\u1ebf gi\\u1edbi tho\\u00e1t kh\\u1ecfi COVID-19 rnjoxdha", "fields": ["combination"]}}]', 116, 1),
(1228, '2020-10-03 06:32:48.533426', '10', 'Nhờ khả năng này, loài mèo có thể là cứu tinh giúp thế giới thoát khỏi COVID-19', 2, '[{"changed": {"fields": ["slug"]}}, {"added": {"name": "product attribute", "object": "Nh\\u1edd kh\\u1ea3 n\\u0103ng n\\u00e0y, lo\\u00e0i m\\u00e8o c\\u00f3 th\\u1ec3 l\\u00e0 c\\u1ee9u tinh gi\\u00fap th\\u1ebf gi\\u1edbi tho\\u00e1t kh\\u1ecfi COVID-19 vnlgiyly"}}, {"changed": {"name": "product attribute", "object": "Nh\\u1edd kh\\u1ea3 n\\u0103ng n\\u00e0y, lo\\u00e0i m\\u00e8o c\\u00f3 th\\u1ec3 l\\u00e0 c\\u1ee9u tinh gi\\u00fap th\\u1ebf gi\\u1edbi tho\\u00e1t kh\\u1ecfi COVID-19 nfgujcdv", "fields": ["combination"]}}, {"changed": {"name": "product attribute", "object": "Nh\\u1edd kh\\u1ea3 n\\u0103ng n\\u00e0y, lo\\u00e0i m\\u00e8o c\\u00f3 th\\u1ec3 l\\u00e0 c\\u1ee9u tinh gi\\u00fap th\\u1ebf gi\\u1edbi tho\\u00e1t kh\\u1ecfi COVID-19 edaemclz", "fields": ["combination"]}}, {"changed": {"name": "product attribute", "object": "Nh\\u1edd kh\\u1ea3 n\\u0103ng n\\u00e0y, lo\\u00e0i m\\u00e8o c\\u00f3 th\\u1ec3 l\\u00e0 c\\u1ee9u tinh gi\\u00fap th\\u1ebf gi\\u1edbi tho\\u00e1t kh\\u1ecfi COVID-19 kndwfxrx", "fields": ["combination"]}}, {"changed": {"name": "product attribute", "object": "Nh\\u1edd kh\\u1ea3 n\\u0103ng n\\u00e0y, lo\\u00e0i m\\u00e8o c\\u00f3 th\\u1ec3 l\\u00e0 c\\u1ee9u tinh gi\\u00fap th\\u1ebf gi\\u1edbi tho\\u00e1t kh\\u1ecfi COVID-19 ouydbqzv", "fields": ["combination"]}}, {"changed": {"name": "product attribute", "object": "Nh\\u1edd kh\\u1ea3 n\\u0103ng n\\u00e0y, lo\\u00e0i m\\u00e8o c\\u00f3 th\\u1ec3 l\\u00e0 c\\u1ee9u tinh gi\\u00fap th\\u1ebf gi\\u1edbi tho\\u00e1t kh\\u1ecfi COVID-19 ixctddpc", "fields": ["combination"]}}, {"changed": {"name": "product attribute", "object": "Nh\\u1edd kh\\u1ea3 n\\u0103ng n\\u00e0y, lo\\u00e0i m\\u00e8o c\\u00f3 th\\u1ec3 l\\u00e0 c\\u1ee9u tinh gi\\u00fap th\\u1ebf gi\\u1edbi tho\\u00e1t kh\\u1ecfi COVID-19 attlgrdc", "fields": ["combination"]}}, {"changed": {"name": "product attribute", "object": "Nh\\u1edd kh\\u1ea3 n\\u0103ng n\\u00e0y, lo\\u00e0i m\\u00e8o c\\u00f3 th\\u1ec3 l\\u00e0 c\\u1ee9u tinh gi\\u00fap th\\u1ebf gi\\u1edbi tho\\u00e1t kh\\u1ecfi COVID-19 pyiqkluu", "fields": ["combination"]}}, {"changed": {"name": "product attribute", "object": "Nh\\u1edd kh\\u1ea3 n\\u0103ng n\\u00e0y, lo\\u00e0i m\\u00e8o c\\u00f3 th\\u1ec3 l\\u00e0 c\\u1ee9u tinh gi\\u00fap th\\u1ebf gi\\u1edbi tho\\u00e1t kh\\u1ecfi COVID-19 rnjoxdha", "fields": ["combination"]}}]', 116, 1);
INSERT INTO `django_admin_log` (`id`, `action_time`, `object_id`, `object_repr`, `action_flag`, `change_message`, `content_type_id`, `user_id`) VALUES
(1229, '2020-10-03 06:33:39.445181', '10', 'Nhờ khả năng này, loài mèo có thể là cứu tinh giúp thế giới thoát khỏi COVID-19', 2, '[{"changed": {"fields": ["slug"]}}, {"changed": {"name": "product attribute", "object": "Nh\\u1edd kh\\u1ea3 n\\u0103ng n\\u00e0y, lo\\u00e0i m\\u00e8o c\\u00f3 th\\u1ec3 l\\u00e0 c\\u1ee9u tinh gi\\u00fap th\\u1ebf gi\\u1edbi tho\\u00e1t kh\\u1ecfi COVID-19 vnlgiyly", "fields": ["Upload an image", "Alt Cover image", "combination"]}}, {"changed": {"name": "product attribute", "object": "Nh\\u1edd kh\\u1ea3 n\\u0103ng n\\u00e0y, lo\\u00e0i m\\u00e8o c\\u00f3 th\\u1ec3 l\\u00e0 c\\u1ee9u tinh gi\\u00fap th\\u1ebf gi\\u1edbi tho\\u00e1t kh\\u1ecfi COVID-19 nfgujcdv", "fields": ["combination"]}}, {"changed": {"name": "product attribute", "object": "Nh\\u1edd kh\\u1ea3 n\\u0103ng n\\u00e0y, lo\\u00e0i m\\u00e8o c\\u00f3 th\\u1ec3 l\\u00e0 c\\u1ee9u tinh gi\\u00fap th\\u1ebf gi\\u1edbi tho\\u00e1t kh\\u1ecfi COVID-19 edaemclz", "fields": ["combination"]}}, {"changed": {"name": "product attribute", "object": "Nh\\u1edd kh\\u1ea3 n\\u0103ng n\\u00e0y, lo\\u00e0i m\\u00e8o c\\u00f3 th\\u1ec3 l\\u00e0 c\\u1ee9u tinh gi\\u00fap th\\u1ebf gi\\u1edbi tho\\u00e1t kh\\u1ecfi COVID-19 kndwfxrx", "fields": ["combination"]}}, {"changed": {"name": "product attribute", "object": "Nh\\u1edd kh\\u1ea3 n\\u0103ng n\\u00e0y, lo\\u00e0i m\\u00e8o c\\u00f3 th\\u1ec3 l\\u00e0 c\\u1ee9u tinh gi\\u00fap th\\u1ebf gi\\u1edbi tho\\u00e1t kh\\u1ecfi COVID-19 ouydbqzv", "fields": ["combination"]}}, {"changed": {"name": "product attribute", "object": "Nh\\u1edd kh\\u1ea3 n\\u0103ng n\\u00e0y, lo\\u00e0i m\\u00e8o c\\u00f3 th\\u1ec3 l\\u00e0 c\\u1ee9u tinh gi\\u00fap th\\u1ebf gi\\u1edbi tho\\u00e1t kh\\u1ecfi COVID-19 ixctddpc", "fields": ["combination"]}}, {"changed": {"name": "product attribute", "object": "Nh\\u1edd kh\\u1ea3 n\\u0103ng n\\u00e0y, lo\\u00e0i m\\u00e8o c\\u00f3 th\\u1ec3 l\\u00e0 c\\u1ee9u tinh gi\\u00fap th\\u1ebf gi\\u1edbi tho\\u00e1t kh\\u1ecfi COVID-19 attlgrdc", "fields": ["combination"]}}, {"changed": {"name": "product attribute", "object": "Nh\\u1edd kh\\u1ea3 n\\u0103ng n\\u00e0y, lo\\u00e0i m\\u00e8o c\\u00f3 th\\u1ec3 l\\u00e0 c\\u1ee9u tinh gi\\u00fap th\\u1ebf gi\\u1edbi tho\\u00e1t kh\\u1ecfi COVID-19 pyiqkluu", "fields": ["combination"]}}, {"changed": {"name": "product attribute", "object": "Nh\\u1edd kh\\u1ea3 n\\u0103ng n\\u00e0y, lo\\u00e0i m\\u00e8o c\\u00f3 th\\u1ec3 l\\u00e0 c\\u1ee9u tinh gi\\u00fap th\\u1ebf gi\\u1edbi tho\\u00e1t kh\\u1ecfi COVID-19 rnjoxdha", "fields": ["combination"]}}]', 116, 1),
(1230, '2020-10-03 06:54:29.178065', '235', 'Nhờ khả năng này, loài mèo có thể là cứu tinh giúp thế giới thoát khỏi COVID-19 ouydbqzv', 2, '[{"changed": {"fields": ["Cover image", "Alt Cover image", "Slider an image 1", "Slider an image 2", "Slider an image 3", "Slider an image 4", "combination"]}}]', 117, 1),
(1231, '2020-10-03 08:15:15.382939', '227', 'Điện thoại, smartphone chính hãng giá rẻ brvwlyzz', 2, '[{"changed": {"fields": ["combination", "Cover image", "Alt Cover image", "Slider an image 1", "Slider an image 2", "Slider an image 3", "Slider an image 4"]}}]', 117, 1),
(1232, '2020-10-03 15:27:49.576748', '10', 'sdghjghfs sffdfsda', 2, '[{"changed": {"fields": ["slug"]}}]', 74, 1),
(1233, '2020-10-03 15:37:07.857743', '12', 'anh moi up', 2, '[{"changed": {"fields": ["Upload Height image", "Upload an image", "Upload Width image", "slug"]}}]', 74, 1),
(1234, '2020-10-03 15:37:23.967443', '14', 'thay doi thu muc aaaaa', 2, '[{"changed": {"fields": ["Upload Height image", "Upload an image", "Upload Width image", "slug"]}}]', 74, 1),
(1235, '2020-10-03 15:39:44.967334', '14', 'thay doi thu muc aaaaa', 2, '[{"changed": {"fields": ["slug"]}}]', 74, 1),
(1236, '2020-10-03 15:40:15.460247', '10', 'sdghjghfs sffdfsda', 2, '[{"changed": {"fields": ["Upload Height image", "Upload an image", "Upload Width image", "slug"]}}]', 74, 1),
(1237, '2020-10-03 17:46:28.395957', '14', 'thay doi thu muc aaaaa', 2, '[{"changed": {"fields": ["Upload Height image", "Upload an image", "Upload Width image", "slug"]}}]', 74, 1),
(1238, '2020-10-03 17:47:27.457119', '14', 'thay doi thu muc aaaaa', 2, '[{"changed": {"fields": ["Upload Height image", "Upload an image", "Upload Width image", "slug"]}}]', 74, 1),
(1239, '2020-10-03 17:48:25.757274', '13', 'cap nhat ngay va fixed loi ngay', 2, '[{"changed": {"fields": ["Upload Height image", "Upload an image", "Upload Width image", "slug"]}}]', 74, 1),
(1240, '2020-10-03 17:49:01.483350', '11', 'anh khac', 2, '[{"changed": {"fields": ["Upload Height image", "Upload an image", "Upload Width image", "slug"]}}]', 74, 1),
(1241, '2020-10-03 17:55:42.766478', '22', 'reterterte ertete', 2, '[{"changed": {"fields": ["Upload Height image", "Upload an image", "Upload Width image", "slug"]}}]', 74, 1),
(1242, '2020-10-03 17:56:36.301978', '21', 'sdfsf ssfs uuuuuuuuuuuu', 2, '[{"changed": {"fields": ["Upload Height image", "Upload an image", "Upload Width image", "slug"]}}]', 74, 1),
(1243, '2020-10-03 17:59:36.195987', '21', 'sdfsf ssfs uuuuuuuuuuuu', 2, '[{"changed": {"fields": ["Upload Height image", "Upload an image", "Upload Width image", "slug"]}}]', 74, 1),
(1244, '2020-10-03 18:00:33.388789', '18', 'ssdffd sdfsdsfd', 2, '[{"changed": {"fields": ["Upload Height image", "Upload an image", "Upload Width image", "slug"]}}]', 74, 1),
(1245, '2020-10-03 18:36:24.921631', '17', 'vvvvvvvv', 2, '[{"changed": {"fields": ["Upload Height image", "Upload an image", "Upload Width image", "slug"]}}]', 74, 1),
(1246, '2020-10-03 18:37:29.350175', '17', 'vvvvvvvv', 2, '[{"changed": {"fields": ["Upload Height image", "Upload an image", "Upload Width image", "slug"]}}]', 74, 1),
(1247, '2020-10-03 18:39:25.100461', '18', 'Lộ toàn bộ giá dòng iPhone 12 mới, mức giá thấp nhất sẽ khiến Samsung phải lo ngại', 2, '[{"changed": {"fields": ["Title", "content", "Upload Height image", "Upload Width image", "slug"]}}]', 74, 1),
(1248, '2020-10-03 19:09:12.003018', '22', 'reterterte ertete', 2, '[{"changed": {"fields": ["Upload Height image", "Upload an image", "Upload Width image", "slug"]}}]', 74, 1),
(1249, '2020-10-03 19:10:09.510918', '21', 'sdfsf ssfs uuuuuuuuuuuu', 2, '[{"changed": {"fields": ["Upload Height image", "Upload an image", "Upload Width image", "slug"]}}]', 74, 1),
(1250, '2020-10-03 19:11:12.174402', '11', 'anh khac', 2, '[{"changed": {"fields": ["Upload Height image", "Upload an image", "Upload Width image", "slug"]}}]', 74, 1),
(1251, '2020-10-03 19:12:08.824513', '11', 'anh khac', 2, '[{"changed": {"fields": ["Upload Height image", "Upload an image", "Upload Width image", "slug"]}}]', 74, 1),
(1252, '2020-10-03 19:12:55.610628', '20', 'aaaaaa', 2, '[{"changed": {"fields": ["Upload Height image", "Upload an image", "Upload Width image", "slug"]}}]', 74, 1),
(1253, '2020-10-03 19:19:11.111448', '16', 'aaa', 2, '[{"changed": {"fields": ["Upload Height image", "Upload an image", "Upload Width image", "slug"]}}]', 74, 1),
(1254, '2020-10-03 19:20:21.181733', '12', 'anh moi up', 2, '[{"changed": {"fields": ["Upload Height image", "Upload an image", "Upload Width image", "slug"]}}]', 74, 1),
(1255, '2020-10-03 19:21:40.791978', '1', 'cap nhat ngay up', 2, '[{"changed": {"fields": ["Upload Height image", "Upload an image", "Upload Width image", "slug"]}}]', 74, 1),
(1256, '2020-10-03 19:23:12.509717', '9', 'sdfs sdfgdfffdfsda', 2, '[{"changed": {"fields": ["content", "Upload Height image", "Upload an image", "Upload Width image", "slug"]}}]', 74, 1),
(1257, '2020-10-03 19:25:46.500089', '2', 'sdsdfsd sdfsd', 2, '[{"changed": {"fields": ["content", "Upload Height image", "Upload an image", "Upload Width image", "slug"]}}]', 74, 1),
(1258, '2020-10-03 19:26:51.819241', '2', 'sdsdfsd sdfsd', 2, '[{"changed": {"fields": ["Upload Width image", "slug"]}}]', 74, 1),
(1259, '2020-10-03 19:42:41.883484', '2', 'ớng Nguyễn Hải Trung trong buổi lễ nhận quyết định bổ nhiệm của lãnh đạo Bộ Công an. Ảnh: Lam Thanh. Thiếu tướng Nguyễn Hải Trung (phải) trong buổi lễ nhận quyết định bổ nhiệm của lãnh đạo Bộ Công an ', 2, '[{"changed": {"fields": ["Title", "slug"]}}]', 74, 1),
(1260, '2020-10-05 02:20:41.077572', '14', 'c là kẻ đầu tiên trong lịch sử dám cố tình thách thức Apple bằng cách đưa phương thức thanh toán riêng vào Fo', 2, '[{"changed": {"fields": ["Title", "slug"]}}]', 74, 1),
(1261, '2020-10-05 02:20:53.555690', '13', 'ên bản iOS, qua mặt khoản phí 30% của App Store. Ngay lập tức, Apple đã xóa Fortnite khỏi chợ ứng dụn', 2, '[{"changed": {"fields": ["Title", "slug"]}}]', 74, 1),
(1262, '2020-10-05 02:21:11.383084', '12', 'phép Apple thực hiện động thái trên, rõ ràng là Tim Cook chẳng cần tung đòn mà đối thủ đã đau: theo khẳng định từ chính Epic, nhiều nhà phát triển đã từ bỏ Unreal Engine vì e ngại về tương lai bấp', 2, '[{"changed": {"fields": ["Title", "slug"]}}]', 74, 1),
(1263, '2020-10-05 02:21:22.807879', '11', 'dọa loại bỏ tính năng đăng nhập Fortnite, Epic vội vã "la làng". Nhưng ít ngày sau, nhà Táo thủng thẳng tuyên bố với The Verge và Fox Business: đâu phải đâu, Apple chẳng hề có ý địn', 2, '[{"changed": {"fields": ["Title", "slug"]}}]', 74, 1),
(1264, '2020-10-05 02:21:34.434610', '10', 'hoản phí 30% mà các nhà phát triển phải chia sẻ với Apple. Sự đáp trả của Apple dành cho Spotify cũng đầy đủ và rõ ràng như với Epic: trong con mắt của nhà Táo, dịch vụ stream n', 2, '[{"changed": {"fields": ["Title", "slug"]}}]', 74, 1),
(1265, '2020-10-05 02:21:53.006074', '9', 'thế giới đơn giản là chỉ muốn tận hưởng đầy đủ các lợi thế về cộng đồng người dùng, các cô', 2, '[{"changed": {"fields": ["Title", "slug"]}}]', 74, 1),
(1266, '2020-10-05 02:22:05.269751', '8', 'i dung, Apple tạo ra cơ hội mới không chỉ cho chúng tôi, mà cho cả các nghệ sĩ, những người sáng tạ', 2, '[{"changed": {"fields": ["Title", "content", "slug"]}}]', 74, 1),
(1267, '2020-10-05 02:22:17.581396', '7', 'rong cuộc chiến kéo dài từ iPhone X đến iPhone 11, Qualcomm không bán cho Apple bất kỳ một con chip modem nào cả - iPhone, iPad và các thiết bị Apple khác phải chuyển sang', 2, '[{"changed": {"fields": ["Title", "content", "slug"]}}]', 74, 1),
(1268, '2020-10-05 02:22:28.710460', '6', 'thủ đã đặt chân vào thời đại 5G - và cũng là khi modem Intel thua đứt trước modem Qualcomm, hai bên mới tính đến chuyện dàn hòa vào đầu năm 2019. Nhưng trong lúc CEO của Qualc', 2, '[{"changed": {"fields": ["Title", "content", "slug"]}}]', 74, 1),
(1269, '2020-10-05 02:22:42.997749', '5', 'chỉ nói "hài lòng" mà còn công bố luôn về thương vụ 1 tỷ USD để mua lại mảng phát triển chip 5', 2, '[{"changed": {"fields": ["Title", "content", "slug"]}}]', 74, 1),
(1270, '2020-10-05 02:24:00.322676', '4', 'ntel. Đó mới là thông điệp thực sự của nhà Táo: thỏa thuận chỉ là tạm thời, Apple vẫn thừa ti', 2, '[{"changed": {"fields": ["Title", "content", "slug"]}}]', 74, 1),
(1271, '2020-10-05 02:24:12.968028', '3', 'Facebook cũng luôn tìm cách chọc giận Apple. Trong vụ việc của Epic, Facebook đổ dầu vào lửa bằng tuyên bố Apple đã không cho phép công ty này được bỏ qua khoản phí 30% cho doa', 2, '[{"changed": {"fields": ["Title", "content", "slug"]}}]', 74, 1),
(1272, '2020-10-05 02:24:25.880845', '1', 'kích từ Facebook, Apple chỉ... càng ngày càng thắt chặt các cơ chế quảng cáo trên iOS. Cuối tháng 8', 2, '[{"changed": {"fields": ["Title", "slug"]}}]', 74, 1),
(1273, '2020-10-05 02:24:38.814119', '15', 'Quả là không có cách nào để nhắc khéo Facebook hơn rằng, đến cuối cùng, mạng xã hội số 1 hành tinh vẫn chỉ là khách trên nền tảng di động có doanh thu cao nhất thế giới.', 2, '[{"changed": {"fields": ["Title", "content", "slug"]}}]', 74, 1),
(1274, '2020-10-05 02:25:35.162485', '16', 'iPhone trở thành tâm điểm của vụ kiện giữa FBI và Apple. Theo Cơ quan Điều tra Liên bang Hoa Kỳ', 2, '[{"changed": {"fields": ["Title", "content", "slug"]}}]', 74, 1),
(1275, '2020-10-05 02:26:10.260498', '17', 'Galaxy Z Fold 2 đã vượt qua được bài kiểm tra bụi bẩn mà bản tiền nhiệm đã phải bó tay', 2, '[{"changed": {"fields": ["Title", "content", "slug"]}}]', 74, 1),
(1276, '2020-10-05 02:26:30.608665', '20', 'thiết bị có thể chống thấm nước hoặc chống bụi hoàn toàn nhưng thử nghiệm này cho thấy, điện thoại đã thể hiện rất', 2, '[{"changed": {"fields": ["Title", "content", "slug"]}}]', 74, 1),
(1277, '2020-10-05 02:26:54.779788', '21', 'Tới bài kiểm tra hơ lửa, cả hai màn hình chính và phụ của máy gần như không gặp vấn đề gì khi màn hình có thể tự hồi sau khi bị hơ lửa.', 2, '[{"changed": {"fields": ["Title", "content", "slug"]}}]', 74, 1),
(1278, '2020-10-05 02:28:27.963014', '22', 'Ảnh Chánh văn phòng Nhà Trắng gục đầu gây chú ý', 2, '[{"changed": {"fields": ["Title", "content", "slug"]}}]', 74, 1),
(1279, '2020-10-05 02:58:58.689344', '23', 'Điểm danh những nạn nhân đã từng nếm "độ mặn" của Apple', 1, '[{"added": {}}]', 74, 1),
(1280, '2020-10-07 07:49:52.043838', '24', 'Bảo mật bằng OTP vẫn có thể bị chiếm tài khoản ngân hàng', 1, '[{"added": {}}]', 74, 1);

-- --------------------------------------------------------

--
-- Table structure for table `django_content_type`
--

DROP TABLE IF EXISTS `django_content_type`;
CREATE TABLE IF NOT EXISTS `django_content_type` (
  `id` int(11) NOT NULL AUTO_INCREMENT,
  `app_label` varchar(100) NOT NULL,
  `model` varchar(100) NOT NULL,
  PRIMARY KEY (`id`),
  UNIQUE KEY `django_content_type_app_label_model_76bd3d3b_uniq` (`app_label`,`model`)
) ENGINE=InnoDB AUTO_INCREMENT=158 DEFAULT CHARSET=utf8;

--
-- Dumping data for table `django_content_type`
--

INSERT INTO `django_content_type` (`id`, `app_label`, `model`) VALUES
(150, 'account', 'emailaddress'),
(151, 'account', 'emailconfirmation'),
(1, 'admin', 'logentry'),
(144, 'admin_interface', 'theme'),
(3, 'auth', 'group'),
(2, 'auth', 'permission'),
(4, 'auth', 'user'),
(157, 'captcha', 'captchastore'),
(7, 'common', 'actor'),
(8, 'common', 'address'),
(9, 'common', 'answercustomer'),
(67, 'common', 'attribute'),
(10, 'common', 'attributegroup'),
(11, 'common', 'authgroup'),
(12, 'common', 'authgrouppermissions'),
(13, 'common', 'authpermission'),
(14, 'common', 'authuser'),
(15, 'common', 'authusergroups'),
(16, 'common', 'authuseruserpermissions'),
(17, 'common', 'behavior'),
(50, 'common', 'cart'),
(49, 'common', 'cartitem'),
(53, 'common', 'category'),
(52, 'common', 'categoryproduct'),
(51, 'common', 'categoryproductattribute'),
(18, 'common', 'city'),
(19, 'common', 'comment'),
(20, 'common', 'contact'),
(21, 'common', 'csvc'),
(22, 'common', 'customermessage'),
(23, 'common', 'customerthread'),
(54, 'common', 'customization'),
(55, 'common', 'customizeddata'),
(24, 'common', 'district'),
(25, 'common', 'djangoadminlog'),
(26, 'common', 'djangocontenttype'),
(27, 'common', 'djangomigrations'),
(28, 'common', 'djangosession'),
(29, 'common', 'emailqueue'),
(56, 'common', 'feature'),
(57, 'common', 'featureproduct'),
(30, 'common', 'featurevalue'),
(31, 'common', 'lookup'),
(32, 'common', 'manufacturer'),
(59, 'common', 'message'),
(58, 'common', 'messagereaded'),
(62, 'common', 'order'),
(33, 'common', 'orderhistory'),
(61, 'common', 'orderinvoice'),
(60, 'common', 'orderinvoicepayment'),
(63, 'common', 'orderitem'),
(34, 'common', 'orderpayment'),
(35, 'common', 'orderstate'),
(36, 'common', 'pack'),
(37, 'common', 'packgroup'),
(38, 'common', 'param'),
(64, 'common', 'post'),
(65, 'common', 'postcategory'),
(70, 'common', 'product'),
(39, 'common', 'productattribute'),
(40, 'common', 'productattributeaftercombine'),
(66, 'common', 'productattributecombination'),
(69, 'common', 'productattributetag'),
(68, 'common', 'producttag'),
(41, 'common', 'room'),
(42, 'common', 'room4chat'),
(43, 'common', 'service'),
(44, 'common', 'specificprice'),
(45, 'common', 'specificpricerule'),
(72, 'common', 'subscriber'),
(71, 'common', 'subscriberpost'),
(73, 'common', 'subscriberproductattribute'),
(46, 'common', 'tag'),
(47, 'common', 'typerule'),
(48, 'common', 'ward'),
(5, 'contenttypes', 'contenttype'),
(145, 'django_traceback', 'traceback'),
(141, 'easy_thumbnails', 'source'),
(142, 'easy_thumbnails', 'thumbnail'),
(143, 'easy_thumbnails', 'thumbnaildimensions'),
(147, 'extra_settings', 'setting'),
(76, 'main', 'actor'),
(77, 'main', 'address'),
(78, 'main', 'answercustomer'),
(79, 'main', 'attribute'),
(80, 'main', 'attributegroup'),
(81, 'main', 'authgroup'),
(82, 'main', 'authgrouppermissions'),
(83, 'main', 'authpermission'),
(84, 'main', 'authuser'),
(85, 'main', 'authusergroups'),
(86, 'main', 'authuseruserpermissions'),
(87, 'main', 'behavior'),
(88, 'main', 'cart'),
(127, 'main', 'cartitem'),
(89, 'main', 'category'),
(128, 'main', 'categoryproduct'),
(129, 'main', 'categoryproductattribute'),
(90, 'main', 'city'),
(91, 'main', 'comment'),
(92, 'main', 'contact'),
(93, 'main', 'csvc'),
(94, 'main', 'customermessage'),
(95, 'main', 'customerthread'),
(130, 'main', 'customization'),
(96, 'main', 'customizeddata'),
(97, 'main', 'district'),
(98, 'main', 'djangoadminlog'),
(99, 'main', 'djangocontenttype'),
(100, 'main', 'djangomigrations'),
(101, 'main', 'djangosession'),
(102, 'main', 'emailqueue'),
(103, 'main', 'feature'),
(131, 'main', 'featureproduct'),
(104, 'main', 'featurevalue'),
(105, 'main', 'lookup'),
(106, 'main', 'manufacturer'),
(107, 'main', 'message'),
(132, 'main', 'messagereaded'),
(108, 'main', 'order'),
(109, 'main', 'orderhistory'),
(110, 'main', 'orderinvoice'),
(133, 'main', 'orderinvoicepayment'),
(134, 'main', 'orderitem'),
(111, 'main', 'orderpayment'),
(112, 'main', 'orderstate'),
(113, 'main', 'pack'),
(114, 'main', 'packgroup'),
(115, 'main', 'param'),
(74, 'main', 'post'),
(135, 'main', 'postcategory'),
(116, 'main', 'product'),
(117, 'main', 'productattribute'),
(118, 'main', 'productattributeaftercombine'),
(136, 'main', 'productattributecombination'),
(146, 'main', 'productattributegroup'),
(137, 'main', 'productattributetag'),
(138, 'main', 'producttag'),
(119, 'main', 'room'),
(120, 'main', 'room4chat'),
(121, 'main', 'service'),
(122, 'main', 'specificprice'),
(123, 'main', 'specificpricerule'),
(124, 'main', 'subscriber'),
(139, 'main', 'subscriberpost'),
(140, 'main', 'subscriberproductattribute'),
(125, 'main', 'tag'),
(126, 'main', 'typerule'),
(75, 'main', 'ward'),
(155, 'openid', 'openidnonce'),
(156, 'openid', 'openidstore'),
(6, 'sessions', 'session'),
(149, 'sites', 'site'),
(152, 'socialaccount', 'socialaccount'),
(153, 'socialaccount', 'socialapp'),
(154, 'socialaccount', 'socialtoken'),
(148, 'thumbnail', 'kvstore');

-- --------------------------------------------------------

--
-- Table structure for table `django_migrations`
--

DROP TABLE IF EXISTS `django_migrations`;
CREATE TABLE IF NOT EXISTS `django_migrations` (
  `id` int(11) NOT NULL AUTO_INCREMENT,
  `app` varchar(255) NOT NULL,
  `name` varchar(255) NOT NULL,
  `applied` datetime(6) NOT NULL,
  PRIMARY KEY (`id`)
) ENGINE=InnoDB AUTO_INCREMENT=54 DEFAULT CHARSET=utf8;

--
-- Dumping data for table `django_migrations`
--

INSERT INTO `django_migrations` (`id`, `app`, `name`, `applied`) VALUES
(1, 'contenttypes', '0001_initial', '2020-06-30 15:55:52.980757'),
(2, 'auth', '0001_initial', '2020-06-30 15:55:53.563892'),
(3, 'admin', '0001_initial', '2020-06-30 15:55:55.528882'),
(4, 'admin', '0002_logentry_remove_auto_add', '2020-06-30 15:55:56.054809'),
(5, 'admin', '0003_logentry_add_action_flag_choices', '2020-06-30 15:55:56.079044'),
(6, 'contenttypes', '0002_remove_content_type_name', '2020-06-30 15:55:56.507860'),
(7, 'auth', '0002_alter_permission_name_max_length', '2020-06-30 15:55:56.750549'),
(8, 'auth', '0003_alter_user_email_max_length', '2020-06-30 15:55:56.996700'),
(9, 'auth', '0004_alter_user_username_opts', '2020-06-30 15:55:57.023367'),
(10, 'auth', '0005_alter_user_last_login_null', '2020-06-30 15:55:57.202830'),
(11, 'auth', '0006_require_contenttypes_0002', '2020-06-30 15:55:57.219997'),
(12, 'auth', '0007_alter_validators_add_error_messages', '2020-06-30 15:55:57.248970'),
(13, 'auth', '0008_alter_user_username_max_length', '2020-06-30 15:55:57.495852'),
(14, 'auth', '0009_alter_user_last_name_max_length', '2020-06-30 15:55:57.752966'),
(15, 'auth', '0010_alter_group_name_max_length', '2020-06-30 15:55:58.008543'),
(16, 'auth', '0011_update_proxy_permissions', '2020-06-30 15:55:58.027592'),
(17, 'sessions', '0001_initial', '2020-06-30 15:55:58.123449'),
(18, 'common', '0001_initial', '2020-06-30 16:11:38.901615'),
(19, 'back', '0001_initial', '2020-06-30 18:45:51.067340'),
(20, 'front', '0001_initial', '2020-06-30 18:45:51.089463'),
(21, 'main', '0001_initial', '2020-07-09 04:26:20.427612'),
(22, 'main', '0002_post', '2020-07-09 04:26:20.805454'),
(23, 'easy_thumbnails', '0001_initial', '2020-08-10 04:27:31.757101'),
(24, 'easy_thumbnails', '0002_thumbnaildimensions', '2020-08-10 04:27:32.394998'),
(25, 'admin_interface', '0001_initial', '2020-08-21 07:49:22.156201'),
(26, 'admin_interface', '0002_add_related_modal', '2020-08-21 07:49:22.838233'),
(27, 'admin_interface', '0003_add_logo_color', '2020-08-21 07:49:23.037290'),
(28, 'admin_interface', '0004_rename_title_color', '2020-08-21 07:49:23.092257'),
(29, 'admin_interface', '0005_add_recent_actions_visible', '2020-08-21 07:49:23.285045'),
(30, 'admin_interface', '0006_bytes_to_str', '2020-08-21 07:49:23.435054'),
(31, 'admin_interface', '0007_add_favicon', '2020-08-21 07:49:23.617308'),
(32, 'admin_interface', '0008_change_related_modal_background_opacity_type', '2020-08-21 07:49:23.984866'),
(33, 'admin_interface', '0009_add_enviroment', '2020-08-21 07:49:24.343557'),
(34, 'admin_interface', '0010_add_localization', '2020-08-21 07:49:24.392615'),
(35, 'admin_interface', '0011_add_environment_options', '2020-08-21 07:49:24.788790'),
(36, 'admin_interface', '0012_update_verbose_names', '2020-08-21 07:49:24.815879'),
(37, 'admin_interface', '0013_add_related_modal_close_button', '2020-08-21 07:49:24.975374'),
(38, 'admin_interface', '0014_name_unique', '2020-08-21 07:49:25.059517'),
(39, 'admin_interface', '0015_add_language_chooser_active', '2020-08-21 07:49:25.231921'),
(40, 'admin_interface', '0016_add_language_chooser_display', '2020-08-21 07:49:25.403767'),
(41, 'django_traceback', '0001_initial', '2020-08-21 07:49:25.505670'),
(42, 'extra_settings', '0001_initial', '2020-09-14 16:52:13.830148'),
(43, 'extra_settings', '0002_auto_20200826_1714', '2020-09-14 16:52:14.015794'),
(44, 'thumbnail', '0001_initial', '2020-09-14 16:52:14.121630'),
(45, 'account', '0001_initial', '2020-10-03 06:11:43.294578'),
(46, 'account', '0002_email_max_length', '2020-10-03 06:11:43.892850'),
(47, 'openid', '0001_initial', '2020-10-03 06:11:44.697051'),
(48, 'sites', '0001_initial', '2020-10-03 06:11:44.824640'),
(49, 'sites', '0002_alter_domain_unique', '2020-10-03 06:11:44.929498'),
(50, 'socialaccount', '0001_initial', '2020-10-03 06:11:45.589584'),
(51, 'socialaccount', '0002_token_max_lengths', '2020-10-03 06:11:47.062283'),
(52, 'socialaccount', '0003_extra_data_default_dict', '2020-10-03 06:11:47.088776'),
(53, 'captcha', '0001_initial', '2020-10-06 08:41:02.112318');

-- --------------------------------------------------------

--
-- Table structure for table `django_session`
--

DROP TABLE IF EXISTS `django_session`;
CREATE TABLE IF NOT EXISTS `django_session` (
  `session_key` varchar(40) NOT NULL,
  `session_data` longtext NOT NULL,
  `expire_date` datetime(6) NOT NULL,
  PRIMARY KEY (`session_key`),
  KEY `django_session_expire_date_a5c62663` (`expire_date`)
) ENGINE=InnoDB DEFAULT CHARSET=utf8;

--
-- Dumping data for table `django_session`
--

INSERT INTO `django_session` (`session_key`, `session_data`, `expire_date`) VALUES
('040yl4tzzlpuvs26htqwcjpejicbtjqh', 'MDMwZjM4OGZkZjdlYTMwM2Y5OWFkMjM5YTM1MTQ0OTIwNmIxYjgxZDp7ImRldl9ieSI6Ikh1dSBOZ3V5ZW4ifQ==', '2020-10-23 08:34:00.640034'),
('04vuv7mal6lspoefp7yn05zsa5ount8t', 'MDk3ZjcxMGUxNzJjNmJiOTk3MDRkMGRiMzcwMGVhZTA1ODcwMTJkZTp7Imhhc19zaWRlYmFyX3JpZ2h0IjpmYWxzZSwiaGFzX3NpZGViYXJfbGVmdCI6ZmFsc2V9', '2020-10-19 07:39:51.606141'),
('05dh018b1i3zw3b5a6dveclwenpdzh7r', 'MDMwZjM4OGZkZjdlYTMwM2Y5OWFkMjM5YTM1MTQ0OTIwNmIxYjgxZDp7ImRldl9ieSI6Ikh1dSBOZ3V5ZW4ifQ==', '2020-10-20 04:42:38.807620'),
('05qv5798iol8tmhp09pvf072lrnqobjo', 'MDMwZjM4OGZkZjdlYTMwM2Y5OWFkMjM5YTM1MTQ0OTIwNmIxYjgxZDp7ImRldl9ieSI6Ikh1dSBOZ3V5ZW4ifQ==', '2020-10-20 04:05:46.317721'),
('06wf3avunxzjursm1z1vj63u22zr4bau', 'MDMwZjM4OGZkZjdlYTMwM2Y5OWFkMjM5YTM1MTQ0OTIwNmIxYjgxZDp7ImRldl9ieSI6Ikh1dSBOZ3V5ZW4ifQ==', '2020-10-23 02:08:10.417606'),
('073hj40jw1cqb272zkz7ayt991djryd6', 'MDMwZjM4OGZkZjdlYTMwM2Y5OWFkMjM5YTM1MTQ0OTIwNmIxYjgxZDp7ImRldl9ieSI6Ikh1dSBOZ3V5ZW4ifQ==', '2020-10-20 07:13:13.984855'),
('08qntsg9y8hq5naq3ukezq9hozi8rudj', 'MDMwZjM4OGZkZjdlYTMwM2Y5OWFkMjM5YTM1MTQ0OTIwNmIxYjgxZDp7ImRldl9ieSI6Ikh1dSBOZ3V5ZW4ifQ==', '2020-10-19 17:34:45.115185'),
('09y7nk1urwh1cuo43a6lt4iskwehi8zy', 'MDMwZjM4OGZkZjdlYTMwM2Y5OWFkMjM5YTM1MTQ0OTIwNmIxYjgxZDp7ImRldl9ieSI6Ikh1dSBOZ3V5ZW4ifQ==', '2020-10-21 18:24:51.504850'),
('0a8bcrfy3uda2ryxy17yxr0uojxa19wk', 'MDMwZjM4OGZkZjdlYTMwM2Y5OWFkMjM5YTM1MTQ0OTIwNmIxYjgxZDp7ImRldl9ieSI6Ikh1dSBOZ3V5ZW4ifQ==', '2020-10-21 18:01:57.712306'),
('0c3bfdesnlrpq9yurbdra6r8oz0aknvm', 'MDMwZjM4OGZkZjdlYTMwM2Y5OWFkMjM5YTM1MTQ0OTIwNmIxYjgxZDp7ImRldl9ieSI6Ikh1dSBOZ3V5ZW4ifQ==', '2020-10-22 02:57:21.346546'),
('0e70oy4ntblwi4cb7bqc8ol237g17l6f', 'MDMwZjM4OGZkZjdlYTMwM2Y5OWFkMjM5YTM1MTQ0OTIwNmIxYjgxZDp7ImRldl9ieSI6Ikh1dSBOZ3V5ZW4ifQ==', '2020-10-19 15:54:22.312699'),
('0g0pafjx03jzjyd5mvr25jfsfoewj7gh', 'MDMwZjM4OGZkZjdlYTMwM2Y5OWFkMjM5YTM1MTQ0OTIwNmIxYjgxZDp7ImRldl9ieSI6Ikh1dSBOZ3V5ZW4ifQ==', '2020-10-20 09:01:01.566871'),
('0glrpz2t53sniyzhpsfvvk2rvix49ej3', 'MDMwZjM4OGZkZjdlYTMwM2Y5OWFkMjM5YTM1MTQ0OTIwNmIxYjgxZDp7ImRldl9ieSI6Ikh1dSBOZ3V5ZW4ifQ==', '2020-10-20 09:02:08.488459'),
('0gstxc6hb7lrsl519eupwwbux9i1ed4y', 'MDMwZjM4OGZkZjdlYTMwM2Y5OWFkMjM5YTM1MTQ0OTIwNmIxYjgxZDp7ImRldl9ieSI6Ikh1dSBOZ3V5ZW4ifQ==', '2020-10-23 08:25:20.860225'),
('0ipyzd52yui1pxv5g1aiuc17nbkz6yg3', 'MDMwZjM4OGZkZjdlYTMwM2Y5OWFkMjM5YTM1MTQ0OTIwNmIxYjgxZDp7ImRldl9ieSI6Ikh1dSBOZ3V5ZW4ifQ==', '2020-10-19 16:03:29.094944'),
('0joyh1m9bcgpr0m0d7jwvdkdz8etxah7', 'MDMwZjM4OGZkZjdlYTMwM2Y5OWFkMjM5YTM1MTQ0OTIwNmIxYjgxZDp7ImRldl9ieSI6Ikh1dSBOZ3V5ZW4ifQ==', '2020-10-19 08:26:45.525016'),
('0jwcoor01zkqk94a41oteod9ze6erzga', 'MDMwZjM4OGZkZjdlYTMwM2Y5OWFkMjM5YTM1MTQ0OTIwNmIxYjgxZDp7ImRldl9ieSI6Ikh1dSBOZ3V5ZW4ifQ==', '2020-10-21 03:39:48.037030'),
('0m2hx273uqsj91a7l4em2k5hoht7sl3c', 'MDMwZjM4OGZkZjdlYTMwM2Y5OWFkMjM5YTM1MTQ0OTIwNmIxYjgxZDp7ImRldl9ieSI6Ikh1dSBOZ3V5ZW4ifQ==', '2020-10-22 08:32:51.476285'),
('0oghi2glf93sl4jrvze5bccxlyedf5ot', 'MDMwZjM4OGZkZjdlYTMwM2Y5OWFkMjM5YTM1MTQ0OTIwNmIxYjgxZDp7ImRldl9ieSI6Ikh1dSBOZ3V5ZW4ifQ==', '2020-10-20 05:27:56.237721'),
('0p5okfobtlb5dazrqr32xyizrq37k0t4', 'MDMwZjM4OGZkZjdlYTMwM2Y5OWFkMjM5YTM1MTQ0OTIwNmIxYjgxZDp7ImRldl9ieSI6Ikh1dSBOZ3V5ZW4ifQ==', '2020-10-21 18:16:20.205249'),
('0qub54hpd51v0wuwyfk62epc1hzjf58t', 'MDMwZjM4OGZkZjdlYTMwM2Y5OWFkMjM5YTM1MTQ0OTIwNmIxYjgxZDp7ImRldl9ieSI6Ikh1dSBOZ3V5ZW4ifQ==', '2020-10-21 07:53:17.398092'),
('0rq44tuuxlfpbtwxlw4fk7k7nbfrcxr7', 'YmFkYzI2ZDQ1M2U4ZmE2OTYxOGQzNDE2MGU4MGQ1YTFmNjI0OTQ4NDp7Il9hdXRoX3VzZXJfaWQiOiIxIiwiX2F1dGhfdXNlcl9iYWNrZW5kIjoiZGphbmdvLmNvbnRyaWIuYXV0aC5iYWNrZW5kcy5Nb2RlbEJhY2tlbmQiLCJfYXV0aF91c2VyX2hhc2giOiIyZmJkMGQwMTcyMDUxNDQzMDhmZWE5MDM3ZjJkNTk1OThlY2QzMDc1IiwiY2FydCI6e319', '2020-09-19 20:20:59.679503'),
('0td7i5zlfzd6ofp775y5g1jciwutej0g', 'MDMwZjM4OGZkZjdlYTMwM2Y5OWFkMjM5YTM1MTQ0OTIwNmIxYjgxZDp7ImRldl9ieSI6Ikh1dSBOZ3V5ZW4ifQ==', '2020-10-21 16:46:04.714038'),
('0u1u7rbo6fh1buoxe9s0llb9ekvl6mo4', 'MDMwZjM4OGZkZjdlYTMwM2Y5OWFkMjM5YTM1MTQ0OTIwNmIxYjgxZDp7ImRldl9ieSI6Ikh1dSBOZ3V5ZW4ifQ==', '2020-10-22 07:53:07.455578'),
('0vexf1v703bvrkmqlwvpcm7ke0c1gpho', 'MDMwZjM4OGZkZjdlYTMwM2Y5OWFkMjM5YTM1MTQ0OTIwNmIxYjgxZDp7ImRldl9ieSI6Ikh1dSBOZ3V5ZW4ifQ==', '2020-10-23 07:08:54.206566'),
('0ydor4r17oqi8s27ppjfwn97da60zj8x', 'MDMwZjM4OGZkZjdlYTMwM2Y5OWFkMjM5YTM1MTQ0OTIwNmIxYjgxZDp7ImRldl9ieSI6Ikh1dSBOZ3V5ZW4ifQ==', '2020-10-21 01:58:52.623120'),
('0ygkao1bgt1cmj52w1uk6t45wj4l7nfn', 'MDMwZjM4OGZkZjdlYTMwM2Y5OWFkMjM5YTM1MTQ0OTIwNmIxYjgxZDp7ImRldl9ieSI6Ikh1dSBOZ3V5ZW4ifQ==', '2020-10-21 07:48:50.849641'),
('0yszij6nfeys55sakuq7h43hpys7bw0j', 'MDMwZjM4OGZkZjdlYTMwM2Y5OWFkMjM5YTM1MTQ0OTIwNmIxYjgxZDp7ImRldl9ieSI6Ikh1dSBOZ3V5ZW4ifQ==', '2020-10-19 16:19:19.288804'),
('0z5xgw9y5k1yfjx1mmesebgr1v1cva7j', 'MDMwZjM4OGZkZjdlYTMwM2Y5OWFkMjM5YTM1MTQ0OTIwNmIxYjgxZDp7ImRldl9ieSI6Ikh1dSBOZ3V5ZW4ifQ==', '2020-10-23 08:33:48.844038'),
('10y7xucfu6v13xc1mzq1l3o4hjh0d5fm', 'MDMwZjM4OGZkZjdlYTMwM2Y5OWFkMjM5YTM1MTQ0OTIwNmIxYjgxZDp7ImRldl9ieSI6Ikh1dSBOZ3V5ZW4ifQ==', '2020-10-21 08:42:48.672426'),
('11q7794wcdjqvrekxk8ytt8tppd02rh3', 'MDMwZjM4OGZkZjdlYTMwM2Y5OWFkMjM5YTM1MTQ0OTIwNmIxYjgxZDp7ImRldl9ieSI6Ikh1dSBOZ3V5ZW4ifQ==', '2020-10-23 07:38:42.293678'),
('130am3vhc0ye6dzgzvq7otg0g7rtc2hr', 'MDMwZjM4OGZkZjdlYTMwM2Y5OWFkMjM5YTM1MTQ0OTIwNmIxYjgxZDp7ImRldl9ieSI6Ikh1dSBOZ3V5ZW4ifQ==', '2020-10-21 18:01:46.819543'),
('13sgwzn1cpv6cjiq4am7f7xtfdxg9u2h', 'MDMwZjM4OGZkZjdlYTMwM2Y5OWFkMjM5YTM1MTQ0OTIwNmIxYjgxZDp7ImRldl9ieSI6Ikh1dSBOZ3V5ZW4ifQ==', '2020-10-21 18:16:49.366376'),
('15nrajm2eut8vwt0mpe839xs4ubgw90c', 'MDMwZjM4OGZkZjdlYTMwM2Y5OWFkMjM5YTM1MTQ0OTIwNmIxYjgxZDp7ImRldl9ieSI6Ikh1dSBOZ3V5ZW4ifQ==', '2020-10-19 16:06:18.984586'),
('16pi8g32ktck0o27k7lzv45e2rndatbx', 'MDMwZjM4OGZkZjdlYTMwM2Y5OWFkMjM5YTM1MTQ0OTIwNmIxYjgxZDp7ImRldl9ieSI6Ikh1dSBOZ3V5ZW4ifQ==', '2020-10-19 09:09:08.684232'),
('1b7cv7thpv1m41ppu0i608l7c6byw5ms', 'MDMwZjM4OGZkZjdlYTMwM2Y5OWFkMjM5YTM1MTQ0OTIwNmIxYjgxZDp7ImRldl9ieSI6Ikh1dSBOZ3V5ZW4ifQ==', '2020-10-23 07:39:01.282668'),
('1dcpzezih53h391t3lttmcix744o8q8v', 'MDMwZjM4OGZkZjdlYTMwM2Y5OWFkMjM5YTM1MTQ0OTIwNmIxYjgxZDp7ImRldl9ieSI6Ikh1dSBOZ3V5ZW4ifQ==', '2020-10-20 05:37:03.262163'),
('1gmyewpxu0c6m9r5hkk4535b2sxa8tyb', 'MDMwZjM4OGZkZjdlYTMwM2Y5OWFkMjM5YTM1MTQ0OTIwNmIxYjgxZDp7ImRldl9ieSI6Ikh1dSBOZ3V5ZW4ifQ==', '2020-10-23 02:13:33.118527'),
('1gsw86proixgzxt0ehg7knfxa6g3r3v1', 'MDMwZjM4OGZkZjdlYTMwM2Y5OWFkMjM5YTM1MTQ0OTIwNmIxYjgxZDp7ImRldl9ieSI6Ikh1dSBOZ3V5ZW4ifQ==', '2020-10-23 01:39:58.798525'),
('1h9atweleg4ac5vawlzdn28t4vlm0rnt', 'MDMwZjM4OGZkZjdlYTMwM2Y5OWFkMjM5YTM1MTQ0OTIwNmIxYjgxZDp7ImRldl9ieSI6Ikh1dSBOZ3V5ZW4ifQ==', '2020-10-21 16:45:48.288974'),
('1i5jcbwe6rx8b01n4bmhrscx2orwka64', 'YmFkYzI2ZDQ1M2U4ZmE2OTYxOGQzNDE2MGU4MGQ1YTFmNjI0OTQ4NDp7Il9hdXRoX3VzZXJfaWQiOiIxIiwiX2F1dGhfdXNlcl9iYWNrZW5kIjoiZGphbmdvLmNvbnRyaWIuYXV0aC5iYWNrZW5kcy5Nb2RlbEJhY2tlbmQiLCJfYXV0aF91c2VyX2hhc2giOiIyZmJkMGQwMTcyMDUxNDQzMDhmZWE5MDM3ZjJkNTk1OThlY2QzMDc1IiwiY2FydCI6e319', '2020-10-17 12:32:49.244385'),
('1jng4oyzqhqr6cmbrnm0awigkrn2swap', 'MDMwZjM4OGZkZjdlYTMwM2Y5OWFkMjM5YTM1MTQ0OTIwNmIxYjgxZDp7ImRldl9ieSI6Ikh1dSBOZ3V5ZW4ifQ==', '2020-10-19 09:03:26.817430'),
('1kf3xez3e99kn3xx8w4u27tfbdvwmqek', 'MDMwZjM4OGZkZjdlYTMwM2Y5OWFkMjM5YTM1MTQ0OTIwNmIxYjgxZDp7ImRldl9ieSI6Ikh1dSBOZ3V5ZW4ifQ==', '2020-10-20 04:44:32.733839'),
('1kh2foprwu0feefnow55614nkav6t51s', 'MDMwZjM4OGZkZjdlYTMwM2Y5OWFkMjM5YTM1MTQ0OTIwNmIxYjgxZDp7ImRldl9ieSI6Ikh1dSBOZ3V5ZW4ifQ==', '2020-10-21 16:46:38.902705'),
('1t9ytmuqi1eaqtn6no1diuctiw1ac8zt', 'MDMwZjM4OGZkZjdlYTMwM2Y5OWFkMjM5YTM1MTQ0OTIwNmIxYjgxZDp7ImRldl9ieSI6Ikh1dSBOZ3V5ZW4ifQ==', '2020-10-23 02:11:09.290235'),
('1u392rx438y6nfe31tctbcb63dykajeu', 'MDMwZjM4OGZkZjdlYTMwM2Y5OWFkMjM5YTM1MTQ0OTIwNmIxYjgxZDp7ImRldl9ieSI6Ikh1dSBOZ3V5ZW4ifQ==', '2020-10-23 08:01:48.553878'),
('1vjh5uyprp0s60o0xglrgzfx42ukxhl8', 'MDMwZjM4OGZkZjdlYTMwM2Y5OWFkMjM5YTM1MTQ0OTIwNmIxYjgxZDp7ImRldl9ieSI6Ikh1dSBOZ3V5ZW4ifQ==', '2020-10-23 07:51:12.312608'),
('1vzulumm0uu7oeigno78chjgse1xz655', 'MDMwZjM4OGZkZjdlYTMwM2Y5OWFkMjM5YTM1MTQ0OTIwNmIxYjgxZDp7ImRldl9ieSI6Ikh1dSBOZ3V5ZW4ifQ==', '2020-10-23 06:47:15.469592'),
('1xg0ucwcgxra2gbxr4ttow48rgn825q5', 'MDMwZjM4OGZkZjdlYTMwM2Y5OWFkMjM5YTM1MTQ0OTIwNmIxYjgxZDp7ImRldl9ieSI6Ikh1dSBOZ3V5ZW4ifQ==', '2020-10-21 18:28:20.483886'),
('1xxabm07w3257j0xs0dpzpl56k77dj5g', 'MDMwZjM4OGZkZjdlYTMwM2Y5OWFkMjM5YTM1MTQ0OTIwNmIxYjgxZDp7ImRldl9ieSI6Ikh1dSBOZ3V5ZW4ifQ==', '2020-10-19 16:07:07.606304'),
('21m86qwysghe22e30dnypu5crvkoynxi', 'MDMwZjM4OGZkZjdlYTMwM2Y5OWFkMjM5YTM1MTQ0OTIwNmIxYjgxZDp7ImRldl9ieSI6Ikh1dSBOZ3V5ZW4ifQ==', '2020-10-19 08:06:42.203379'),
('246mig1nh4xnc9vydklvpavfeh8kuot5', 'MDMwZjM4OGZkZjdlYTMwM2Y5OWFkMjM5YTM1MTQ0OTIwNmIxYjgxZDp7ImRldl9ieSI6Ikh1dSBOZ3V5ZW4ifQ==', '2020-10-20 05:38:01.216499'),
('27kzxlxkos6ceuuofk5g42t0tmg5rd8t', 'MDMwZjM4OGZkZjdlYTMwM2Y5OWFkMjM5YTM1MTQ0OTIwNmIxYjgxZDp7ImRldl9ieSI6Ikh1dSBOZ3V5ZW4ifQ==', '2020-10-20 07:44:52.378562'),
('27zwgq6y7kkw2ypdqvaqljv10et8ft9y', 'MDMwZjM4OGZkZjdlYTMwM2Y5OWFkMjM5YTM1MTQ0OTIwNmIxYjgxZDp7ImRldl9ieSI6Ikh1dSBOZ3V5ZW4ifQ==', '2020-10-23 01:57:57.727865'),
('293zyhv1ezmwp6dj3iaoi62plmt3u6vb', 'MDMwZjM4OGZkZjdlYTMwM2Y5OWFkMjM5YTM1MTQ0OTIwNmIxYjgxZDp7ImRldl9ieSI6Ikh1dSBOZ3V5ZW4ifQ==', '2020-10-23 06:52:03.349203'),
('2a3h9wa4kz32deke0618cpctn6qh0tft', 'MDMwZjM4OGZkZjdlYTMwM2Y5OWFkMjM5YTM1MTQ0OTIwNmIxYjgxZDp7ImRldl9ieSI6Ikh1dSBOZ3V5ZW4ifQ==', '2020-10-22 01:55:19.361945'),
('2c6cgic2fs3mwbr5hadqvl89tg8zwsai', 'MDMwZjM4OGZkZjdlYTMwM2Y5OWFkMjM5YTM1MTQ0OTIwNmIxYjgxZDp7ImRldl9ieSI6Ikh1dSBOZ3V5ZW4ifQ==', '2020-10-23 02:11:03.542330'),
('2cjl30o0etcjsvhlov4qldy2pho9shzw', 'MDMwZjM4OGZkZjdlYTMwM2Y5OWFkMjM5YTM1MTQ0OTIwNmIxYjgxZDp7ImRldl9ieSI6Ikh1dSBOZ3V5ZW4ifQ==', '2020-10-23 08:01:31.713897'),
('2fm8y2ktfzhdh55z4hlwu27ko3t5hst7', 'MDMwZjM4OGZkZjdlYTMwM2Y5OWFkMjM5YTM1MTQ0OTIwNmIxYjgxZDp7ImRldl9ieSI6Ikh1dSBOZ3V5ZW4ifQ==', '2020-10-19 16:26:47.341626'),
('2gsk4h4bz76hw1vcgeatoj08y9fxykgz', 'MDMwZjM4OGZkZjdlYTMwM2Y5OWFkMjM5YTM1MTQ0OTIwNmIxYjgxZDp7ImRldl9ieSI6Ikh1dSBOZ3V5ZW4ifQ==', '2020-10-21 03:05:43.971160'),
('2iwz1mgudk8mxk20rawz6qrdo3u724c3', 'MDMwZjM4OGZkZjdlYTMwM2Y5OWFkMjM5YTM1MTQ0OTIwNmIxYjgxZDp7ImRldl9ieSI6Ikh1dSBOZ3V5ZW4ifQ==', '2020-10-20 03:01:03.810113'),
('2jyjmgg6ts0be5kgkg3u0c59pxffz4wm', 'MDMwZjM4OGZkZjdlYTMwM2Y5OWFkMjM5YTM1MTQ0OTIwNmIxYjgxZDp7ImRldl9ieSI6Ikh1dSBOZ3V5ZW4ifQ==', '2020-10-20 01:29:00.297152'),
('2lep03t68xmjgjx78req55cki01iu1t1', 'MDMwZjM4OGZkZjdlYTMwM2Y5OWFkMjM5YTM1MTQ0OTIwNmIxYjgxZDp7ImRldl9ieSI6Ikh1dSBOZ3V5ZW4ifQ==', '2020-10-22 01:54:11.490323'),
('2nhxc7sge96g1zp1wu6p7og1maa2mq42', 'MDMwZjM4OGZkZjdlYTMwM2Y5OWFkMjM5YTM1MTQ0OTIwNmIxYjgxZDp7ImRldl9ieSI6Ikh1dSBOZ3V5ZW4ifQ==', '2020-10-20 04:34:34.437808'),
('2nmoa0zubo894g5b8nh5e5ed7lraozuy', 'MDMwZjM4OGZkZjdlYTMwM2Y5OWFkMjM5YTM1MTQ0OTIwNmIxYjgxZDp7ImRldl9ieSI6Ikh1dSBOZ3V5ZW4ifQ==', '2020-10-19 17:34:20.298195'),
('2o80pmmv6r7zr9rci9f37c2cfhx63wft', 'MDMwZjM4OGZkZjdlYTMwM2Y5OWFkMjM5YTM1MTQ0OTIwNmIxYjgxZDp7ImRldl9ieSI6Ikh1dSBOZ3V5ZW4ifQ==', '2020-10-22 01:55:54.014182'),
('2rka1x60fa04pmyarepo7m72xh5c3fha', 'MDMwZjM4OGZkZjdlYTMwM2Y5OWFkMjM5YTM1MTQ0OTIwNmIxYjgxZDp7ImRldl9ieSI6Ikh1dSBOZ3V5ZW4ifQ==', '2020-10-20 03:52:31.759108'),
('2rqi72sqd454j1ne7qe19zfkw68qoqso', 'YmFkYzI2ZDQ1M2U4ZmE2OTYxOGQzNDE2MGU4MGQ1YTFmNjI0OTQ4NDp7Il9hdXRoX3VzZXJfaWQiOiIxIiwiX2F1dGhfdXNlcl9iYWNrZW5kIjoiZGphbmdvLmNvbnRyaWIuYXV0aC5iYWNrZW5kcy5Nb2RlbEJhY2tlbmQiLCJfYXV0aF91c2VyX2hhc2giOiIyZmJkMGQwMTcyMDUxNDQzMDhmZWE5MDM3ZjJkNTk1OThlY2QzMDc1IiwiY2FydCI6e319', '2020-09-10 20:18:03.527550'),
('2v2otwc2aukfez0rw8p1whj69syxtx3w', 'YmFkYzI2ZDQ1M2U4ZmE2OTYxOGQzNDE2MGU4MGQ1YTFmNjI0OTQ4NDp7Il9hdXRoX3VzZXJfaWQiOiIxIiwiX2F1dGhfdXNlcl9iYWNrZW5kIjoiZGphbmdvLmNvbnRyaWIuYXV0aC5iYWNrZW5kcy5Nb2RlbEJhY2tlbmQiLCJfYXV0aF91c2VyX2hhc2giOiIyZmJkMGQwMTcyMDUxNDQzMDhmZWE5MDM3ZjJkNTk1OThlY2QzMDc1IiwiY2FydCI6e319', '2020-09-08 09:13:28.815024'),
('2vx9hkj5v49zjc5m8fz086ofkqr13a1d', 'MDMwZjM4OGZkZjdlYTMwM2Y5OWFkMjM5YTM1MTQ0OTIwNmIxYjgxZDp7ImRldl9ieSI6Ikh1dSBOZ3V5ZW4ifQ==', '2020-10-21 08:30:50.229603'),
('2xs6704zmc6sr5frd4uubqkd5sli2rmy', 'MDMwZjM4OGZkZjdlYTMwM2Y5OWFkMjM5YTM1MTQ0OTIwNmIxYjgxZDp7ImRldl9ieSI6Ikh1dSBOZ3V5ZW4ifQ==', '2020-10-19 17:16:24.075498'),
('2ze1y2tdfw63n3op1evrk3j2r3n6v7gw', 'MDMwZjM4OGZkZjdlYTMwM2Y5OWFkMjM5YTM1MTQ0OTIwNmIxYjgxZDp7ImRldl9ieSI6Ikh1dSBOZ3V5ZW4ifQ==', '2020-10-23 07:32:16.509201'),
('2zftx3kxd8nrf0w0bye80d8v84ldkdc7', 'MDMwZjM4OGZkZjdlYTMwM2Y5OWFkMjM5YTM1MTQ0OTIwNmIxYjgxZDp7ImRldl9ieSI6Ikh1dSBOZ3V5ZW4ifQ==', '2020-10-22 08:48:19.064509'),
('300sfi7la7pphi0qo5rfaaezx9387ra0', 'MDMwZjM4OGZkZjdlYTMwM2Y5OWFkMjM5YTM1MTQ0OTIwNmIxYjgxZDp7ImRldl9ieSI6Ikh1dSBOZ3V5ZW4ifQ==', '2020-10-20 05:11:47.914492'),
('314ly8opi1x1c15pxh3kylc6i46bkoad', 'MDMwZjM4OGZkZjdlYTMwM2Y5OWFkMjM5YTM1MTQ0OTIwNmIxYjgxZDp7ImRldl9ieSI6Ikh1dSBOZ3V5ZW4ifQ==', '2020-10-20 02:40:50.078108'),
('350t3jju7k38fuhixuafqbkvwnokyioj', 'MDMwZjM4OGZkZjdlYTMwM2Y5OWFkMjM5YTM1MTQ0OTIwNmIxYjgxZDp7ImRldl9ieSI6Ikh1dSBOZ3V5ZW4ifQ==', '2020-10-21 03:05:08.139946'),
('35qf57r8yheaskyrdldhrav38jydwjty', 'YTZkMGVmMDI3MzEzYmIwYzk2Y2Y1ZTlmYzhhYjllZmFiNTgyMjU5Njp7Il9hdXRoX3VzZXJfaWQiOiIxIiwiX2F1dGhfdXNlcl9iYWNrZW5kIjoiZGphbmdvLmNvbnRyaWIuYXV0aC5iYWNrZW5kcy5Nb2RlbEJhY2tlbmQiLCJfYXV0aF91c2VyX2hhc2giOiIyZmJkMGQwMTcyMDUxNDQzMDhmZWE5MDM3ZjJkNTk1OThlY2QzMDc1In0=', '2020-08-25 01:45:22.510639'),
('37f1stnd2mfz9s8bju84und9b0rgr9su', 'MDMwZjM4OGZkZjdlYTMwM2Y5OWFkMjM5YTM1MTQ0OTIwNmIxYjgxZDp7ImRldl9ieSI6Ikh1dSBOZ3V5ZW4ifQ==', '2020-10-19 16:43:34.089422'),
('37uy6njpv7403qv42twwad7dpbnc72gt', 'MDMwZjM4OGZkZjdlYTMwM2Y5OWFkMjM5YTM1MTQ0OTIwNmIxYjgxZDp7ImRldl9ieSI6Ikh1dSBOZ3V5ZW4ifQ==', '2020-10-20 06:56:17.190540'),
('3bv6yp65bmee0e6k5c4s25a4kwd1thac', 'MDMwZjM4OGZkZjdlYTMwM2Y5OWFkMjM5YTM1MTQ0OTIwNmIxYjgxZDp7ImRldl9ieSI6Ikh1dSBOZ3V5ZW4ifQ==', '2020-10-20 02:33:34.808268'),
('3coydko9akd9x0o5lzmdp23ovkafmzh1', 'MDMwZjM4OGZkZjdlYTMwM2Y5OWFkMjM5YTM1MTQ0OTIwNmIxYjgxZDp7ImRldl9ieSI6Ikh1dSBOZ3V5ZW4ifQ==', '2020-10-19 16:00:23.177497'),
('3d7dpccix8o4y0omyfsgeb3dcwgxnaxc', 'YmFkYzI2ZDQ1M2U4ZmE2OTYxOGQzNDE2MGU4MGQ1YTFmNjI0OTQ4NDp7Il9hdXRoX3VzZXJfaWQiOiIxIiwiX2F1dGhfdXNlcl9iYWNrZW5kIjoiZGphbmdvLmNvbnRyaWIuYXV0aC5iYWNrZW5kcy5Nb2RlbEJhY2tlbmQiLCJfYXV0aF91c2VyX2hhc2giOiIyZmJkMGQwMTcyMDUxNDQzMDhmZWE5MDM3ZjJkNTk1OThlY2QzMDc1IiwiY2FydCI6e319', '2020-09-09 09:58:29.314162'),
('3e08ktaygpe75pivc6orn1p9cxp8d13j', 'MDMwZjM4OGZkZjdlYTMwM2Y5OWFkMjM5YTM1MTQ0OTIwNmIxYjgxZDp7ImRldl9ieSI6Ikh1dSBOZ3V5ZW4ifQ==', '2020-10-23 02:29:46.207859'),
('3g73p0kohr69fl1o8ngci12mq88ey1sk', 'MDMwZjM4OGZkZjdlYTMwM2Y5OWFkMjM5YTM1MTQ0OTIwNmIxYjgxZDp7ImRldl9ieSI6Ikh1dSBOZ3V5ZW4ifQ==', '2020-10-20 05:42:38.627915'),
('3iqsel3dquba983jp0qd70aqvodhem4p', 'MDMwZjM4OGZkZjdlYTMwM2Y5OWFkMjM5YTM1MTQ0OTIwNmIxYjgxZDp7ImRldl9ieSI6Ikh1dSBOZ3V5ZW4ifQ==', '2020-10-23 07:24:08.794148'),
('3rj9zfjga5tahyiatanjyq7499iklbof', 'MDMwZjM4OGZkZjdlYTMwM2Y5OWFkMjM5YTM1MTQ0OTIwNmIxYjgxZDp7ImRldl9ieSI6Ikh1dSBOZ3V5ZW4ifQ==', '2020-10-23 02:13:35.132971'),
('3v6few8uk6tdrtg34iddjz4cwgumsgm3', 'MDMwZjM4OGZkZjdlYTMwM2Y5OWFkMjM5YTM1MTQ0OTIwNmIxYjgxZDp7ImRldl9ieSI6Ikh1dSBOZ3V5ZW4ifQ==', '2020-10-21 03:14:22.664480'),
('3waw8euzvqa09j8of7dldsaoz3ti2983', 'MDMwZjM4OGZkZjdlYTMwM2Y5OWFkMjM5YTM1MTQ0OTIwNmIxYjgxZDp7ImRldl9ieSI6Ikh1dSBOZ3V5ZW4ifQ==', '2020-10-20 03:56:23.221190'),
('3zq6htxvtqc01ordj9sghqp5hflbhem3', 'MDMwZjM4OGZkZjdlYTMwM2Y5OWFkMjM5YTM1MTQ0OTIwNmIxYjgxZDp7ImRldl9ieSI6Ikh1dSBOZ3V5ZW4ifQ==', '2020-10-20 05:15:51.122403'),
('41cl69bew98tjk86bdut5j350ho2m42v', 'MDMwZjM4OGZkZjdlYTMwM2Y5OWFkMjM5YTM1MTQ0OTIwNmIxYjgxZDp7ImRldl9ieSI6Ikh1dSBOZ3V5ZW4ifQ==', '2020-10-20 03:39:42.057879'),
('42584zcgall5npaqzy0jm3wlt9ybf15d', 'MDMwZjM4OGZkZjdlYTMwM2Y5OWFkMjM5YTM1MTQ0OTIwNmIxYjgxZDp7ImRldl9ieSI6Ikh1dSBOZ3V5ZW4ifQ==', '2020-10-20 07:44:22.707732'),
('44mwr88331y0az9gwy8zy9mtte5zkmof', 'MDMwZjM4OGZkZjdlYTMwM2Y5OWFkMjM5YTM1MTQ0OTIwNmIxYjgxZDp7ImRldl9ieSI6Ikh1dSBOZ3V5ZW4ifQ==', '2020-10-20 05:46:28.058643'),
('45idjh2h37xj7jvxyoflvjq1vb5k8kcs', 'MDMwZjM4OGZkZjdlYTMwM2Y5OWFkMjM5YTM1MTQ0OTIwNmIxYjgxZDp7ImRldl9ieSI6Ikh1dSBOZ3V5ZW4ifQ==', '2020-10-20 01:50:45.902190'),
('46005kgqlrmmlrdzvbvgx01g2gzi0vd5', 'MDMwZjM4OGZkZjdlYTMwM2Y5OWFkMjM5YTM1MTQ0OTIwNmIxYjgxZDp7ImRldl9ieSI6Ikh1dSBOZ3V5ZW4ifQ==', '2020-10-21 17:53:41.248577'),
('48mi4eygugl9tlnd882l0urwmmlbqhak', 'MDMwZjM4OGZkZjdlYTMwM2Y5OWFkMjM5YTM1MTQ0OTIwNmIxYjgxZDp7ImRldl9ieSI6Ikh1dSBOZ3V5ZW4ifQ==', '2020-10-23 06:56:16.736877'),
('490mr86ll0hrxmp468erkbuykwj5zdg4', 'MDMwZjM4OGZkZjdlYTMwM2Y5OWFkMjM5YTM1MTQ0OTIwNmIxYjgxZDp7ImRldl9ieSI6Ikh1dSBOZ3V5ZW4ifQ==', '2020-10-23 08:01:44.928518'),
('49eaqvaxb6bris9pdbbwfudhy0dtl2sz', 'MDMwZjM4OGZkZjdlYTMwM2Y5OWFkMjM5YTM1MTQ0OTIwNmIxYjgxZDp7ImRldl9ieSI6Ikh1dSBOZ3V5ZW4ifQ==', '2020-10-20 05:45:48.815668'),
('4a3lj7d2iw4y59bbsah9j432b1srcvra', 'YmFkYzI2ZDQ1M2U4ZmE2OTYxOGQzNDE2MGU4MGQ1YTFmNjI0OTQ4NDp7Il9hdXRoX3VzZXJfaWQiOiIxIiwiX2F1dGhfdXNlcl9iYWNrZW5kIjoiZGphbmdvLmNvbnRyaWIuYXV0aC5iYWNrZW5kcy5Nb2RlbEJhY2tlbmQiLCJfYXV0aF91c2VyX2hhc2giOiIyZmJkMGQwMTcyMDUxNDQzMDhmZWE5MDM3ZjJkNTk1OThlY2QzMDc1IiwiY2FydCI6e319', '2020-09-25 09:02:01.558745'),
('4cquz3p0duete3ldwx9i834fuf95b99m', 'MDMwZjM4OGZkZjdlYTMwM2Y5OWFkMjM5YTM1MTQ0OTIwNmIxYjgxZDp7ImRldl9ieSI6Ikh1dSBOZ3V5ZW4ifQ==', '2020-10-21 02:51:51.382246'),
('4dwn5si334flq6mnao9cn5h3cirx37mh', 'MDMwZjM4OGZkZjdlYTMwM2Y5OWFkMjM5YTM1MTQ0OTIwNmIxYjgxZDp7ImRldl9ieSI6Ikh1dSBOZ3V5ZW4ifQ==', '2020-10-19 08:30:56.197646'),
('4ecy6ua91mniyy9z3nptqrz8pop8vy1o', 'MDMwZjM4OGZkZjdlYTMwM2Y5OWFkMjM5YTM1MTQ0OTIwNmIxYjgxZDp7ImRldl9ieSI6Ikh1dSBOZ3V5ZW4ifQ==', '2020-10-19 09:07:00.023741'),
('4g8b9o3uojpp71f1xe53yffkyqt7w0g2', 'MDMwZjM4OGZkZjdlYTMwM2Y5OWFkMjM5YTM1MTQ0OTIwNmIxYjgxZDp7ImRldl9ieSI6Ikh1dSBOZ3V5ZW4ifQ==', '2020-10-21 03:13:10.653521'),
('4hjaqe5p9x2hlcdatwom3jrvy6z4cs2p', 'MDMwZjM4OGZkZjdlYTMwM2Y5OWFkMjM5YTM1MTQ0OTIwNmIxYjgxZDp7ImRldl9ieSI6Ikh1dSBOZ3V5ZW4ifQ==', '2020-10-26 03:20:15.854867'),
('4inkmyfy9dm3rniajnnf422i27c0gowx', 'YTZkMGVmMDI3MzEzYmIwYzk2Y2Y1ZTlmYzhhYjllZmFiNTgyMjU5Njp7Il9hdXRoX3VzZXJfaWQiOiIxIiwiX2F1dGhfdXNlcl9iYWNrZW5kIjoiZGphbmdvLmNvbnRyaWIuYXV0aC5iYWNrZW5kcy5Nb2RlbEJhY2tlbmQiLCJfYXV0aF91c2VyX2hhc2giOiIyZmJkMGQwMTcyMDUxNDQzMDhmZWE5MDM3ZjJkNTk1OThlY2QzMDc1In0=', '2020-08-24 04:46:45.282292'),
('4jsmlvaf7q8q1haf0xcqlw93blo1yeqj', 'MDMwZjM4OGZkZjdlYTMwM2Y5OWFkMjM5YTM1MTQ0OTIwNmIxYjgxZDp7ImRldl9ieSI6Ikh1dSBOZ3V5ZW4ifQ==', '2020-10-23 08:32:00.122643'),
('4mco3iauhz1k5i3sgp1wxmfamop9wd6w', 'YmFkYzI2ZDQ1M2U4ZmE2OTYxOGQzNDE2MGU4MGQ1YTFmNjI0OTQ4NDp7Il9hdXRoX3VzZXJfaWQiOiIxIiwiX2F1dGhfdXNlcl9iYWNrZW5kIjoiZGphbmdvLmNvbnRyaWIuYXV0aC5iYWNrZW5kcy5Nb2RlbEJhY2tlbmQiLCJfYXV0aF91c2VyX2hhc2giOiIyZmJkMGQwMTcyMDUxNDQzMDhmZWE5MDM3ZjJkNTk1OThlY2QzMDc1IiwiY2FydCI6e319', '2020-09-05 08:31:47.369522'),
('4ox7cr0lwof97pzlgyluxkd60ajdrioq', 'MDMwZjM4OGZkZjdlYTMwM2Y5OWFkMjM5YTM1MTQ0OTIwNmIxYjgxZDp7ImRldl9ieSI6Ikh1dSBOZ3V5ZW4ifQ==', '2020-10-23 07:59:51.582040'),
('4ozft46kcflktg0m9rljokn2b6009ohn', 'MDMwZjM4OGZkZjdlYTMwM2Y5OWFkMjM5YTM1MTQ0OTIwNmIxYjgxZDp7ImRldl9ieSI6Ikh1dSBOZ3V5ZW4ifQ==', '2020-10-21 08:26:20.233649'),
('4qtcvkudkrj2toquq1kixkbtv6qc8t7u', 'MDMwZjM4OGZkZjdlYTMwM2Y5OWFkMjM5YTM1MTQ0OTIwNmIxYjgxZDp7ImRldl9ieSI6Ikh1dSBOZ3V5ZW4ifQ==', '2020-10-26 03:20:14.414572'),
('4ttdaz3llgdwuehjhrw7e8lsw17buhxr', 'YmFkYzI2ZDQ1M2U4ZmE2OTYxOGQzNDE2MGU4MGQ1YTFmNjI0OTQ4NDp7Il9hdXRoX3VzZXJfaWQiOiIxIiwiX2F1dGhfdXNlcl9iYWNrZW5kIjoiZGphbmdvLmNvbnRyaWIuYXV0aC5iYWNrZW5kcy5Nb2RlbEJhY2tlbmQiLCJfYXV0aF91c2VyX2hhc2giOiIyZmJkMGQwMTcyMDUxNDQzMDhmZWE5MDM3ZjJkNTk1OThlY2QzMDc1IiwiY2FydCI6e319', '2020-09-18 13:05:50.274770'),
('4u163l1p0lolx3o6f66o17lmuyr4pwxl', 'MDMwZjM4OGZkZjdlYTMwM2Y5OWFkMjM5YTM1MTQ0OTIwNmIxYjgxZDp7ImRldl9ieSI6Ikh1dSBOZ3V5ZW4ifQ==', '2020-10-27 03:27:00.448264'),
('4v5w2575o0pknrk9nxqpbznpfiv8bwnx', 'MDMwZjM4OGZkZjdlYTMwM2Y5OWFkMjM5YTM1MTQ0OTIwNmIxYjgxZDp7ImRldl9ieSI6Ikh1dSBOZ3V5ZW4ifQ==', '2020-10-20 04:13:15.758748'),
('4zabp3bc63odzs2pj2zqy8ajqsbp0sjy', 'MDMwZjM4OGZkZjdlYTMwM2Y5OWFkMjM5YTM1MTQ0OTIwNmIxYjgxZDp7ImRldl9ieSI6Ikh1dSBOZ3V5ZW4ifQ==', '2020-10-21 07:43:35.165329'),
('50p3z2acadbodkugpj2repe5h3o87cjv', 'MDMwZjM4OGZkZjdlYTMwM2Y5OWFkMjM5YTM1MTQ0OTIwNmIxYjgxZDp7ImRldl9ieSI6Ikh1dSBOZ3V5ZW4ifQ==', '2020-10-23 08:01:46.630318'),
('51e6grwwrjuz16v9dn81txs0f3usq7tb', 'MDMwZjM4OGZkZjdlYTMwM2Y5OWFkMjM5YTM1MTQ0OTIwNmIxYjgxZDp7ImRldl9ieSI6Ikh1dSBOZ3V5ZW4ifQ==', '2020-10-20 04:18:32.042738'),
('51w5vy2f8vbulhsy6amqq17hxd52m5j2', 'MDMwZjM4OGZkZjdlYTMwM2Y5OWFkMjM5YTM1MTQ0OTIwNmIxYjgxZDp7ImRldl9ieSI6Ikh1dSBOZ3V5ZW4ifQ==', '2020-10-20 09:10:51.793864'),
('51yw492ks9og95ny7pst4evw36xxdtn3', 'MDMwZjM4OGZkZjdlYTMwM2Y5OWFkMjM5YTM1MTQ0OTIwNmIxYjgxZDp7ImRldl9ieSI6Ikh1dSBOZ3V5ZW4ifQ==', '2020-10-21 16:46:30.639720'),
('52zchdp6o4g9icvm5zee4ueqpwkktl9j', 'MDMwZjM4OGZkZjdlYTMwM2Y5OWFkMjM5YTM1MTQ0OTIwNmIxYjgxZDp7ImRldl9ieSI6Ikh1dSBOZ3V5ZW4ifQ==', '2020-10-20 05:38:36.517246'),
('56i9iue5hk41loprqilaj24pbscsj4uk', 'MDMwZjM4OGZkZjdlYTMwM2Y5OWFkMjM5YTM1MTQ0OTIwNmIxYjgxZDp7ImRldl9ieSI6Ikh1dSBOZ3V5ZW4ifQ==', '2020-10-21 07:21:48.196177'),
('56rheb7bnvv0h16gv1ymayjvme7k8gyv', 'MDMwZjM4OGZkZjdlYTMwM2Y5OWFkMjM5YTM1MTQ0OTIwNmIxYjgxZDp7ImRldl9ieSI6Ikh1dSBOZ3V5ZW4ifQ==', '2020-10-20 05:31:46.943629'),
('57emi4ei011wklpniz8yedrsjgd4sfb8', 'MDMwZjM4OGZkZjdlYTMwM2Y5OWFkMjM5YTM1MTQ0OTIwNmIxYjgxZDp7ImRldl9ieSI6Ikh1dSBOZ3V5ZW4ifQ==', '2020-10-21 17:40:35.187275'),
('57iidg77rhjqjrzsilcwd77z79n4i2ur', 'MDMwZjM4OGZkZjdlYTMwM2Y5OWFkMjM5YTM1MTQ0OTIwNmIxYjgxZDp7ImRldl9ieSI6Ikh1dSBOZ3V5ZW4ifQ==', '2020-10-21 08:39:29.769789'),
('58b1mgfdhbqgnzh0ijcxsb8ato3j25bc', 'MDMwZjM4OGZkZjdlYTMwM2Y5OWFkMjM5YTM1MTQ0OTIwNmIxYjgxZDp7ImRldl9ieSI6Ikh1dSBOZ3V5ZW4ifQ==', '2020-10-22 03:40:41.313120'),
('58dznck3u1hlxki2bv4wflqlvqt5xk6e', 'MDMwZjM4OGZkZjdlYTMwM2Y5OWFkMjM5YTM1MTQ0OTIwNmIxYjgxZDp7ImRldl9ieSI6Ikh1dSBOZ3V5ZW4ifQ==', '2020-10-26 03:20:25.000384'),
('58rqn1p54t8wmm4e14cm5uu85hg4ffru', 'MDMwZjM4OGZkZjdlYTMwM2Y5OWFkMjM5YTM1MTQ0OTIwNmIxYjgxZDp7ImRldl9ieSI6Ikh1dSBOZ3V5ZW4ifQ==', '2020-10-22 02:58:38.729702'),
('5a341s8cw5hkq512u0097pqfejye1qj7', 'MDMwZjM4OGZkZjdlYTMwM2Y5OWFkMjM5YTM1MTQ0OTIwNmIxYjgxZDp7ImRldl9ieSI6Ikh1dSBOZ3V5ZW4ifQ==', '2020-10-22 09:01:17.887152'),
('5ak06uv30m7rstgwnqzsx9afkvicl9dy', 'MDMwZjM4OGZkZjdlYTMwM2Y5OWFkMjM5YTM1MTQ0OTIwNmIxYjgxZDp7ImRldl9ieSI6Ikh1dSBOZ3V5ZW4ifQ==', '2020-10-21 07:54:31.574585'),
('5dbwx2iu1s4qume2s1s8d2tk6ut0ol8g', 'MDMwZjM4OGZkZjdlYTMwM2Y5OWFkMjM5YTM1MTQ0OTIwNmIxYjgxZDp7ImRldl9ieSI6Ikh1dSBOZ3V5ZW4ifQ==', '2020-10-19 08:51:18.718379'),
('5ewpljlio1hmmx4rv2vt52tedadjj6cy', 'MDMwZjM4OGZkZjdlYTMwM2Y5OWFkMjM5YTM1MTQ0OTIwNmIxYjgxZDp7ImRldl9ieSI6Ikh1dSBOZ3V5ZW4ifQ==', '2020-10-20 08:45:20.912227'),
('5g09jvsc173d1wam0y30vrbjl876hr4o', 'MDMwZjM4OGZkZjdlYTMwM2Y5OWFkMjM5YTM1MTQ0OTIwNmIxYjgxZDp7ImRldl9ieSI6Ikh1dSBOZ3V5ZW4ifQ==', '2020-10-23 07:20:48.250636'),
('5h8kb6cwgf0byeqng7iqzceln9kbtr12', 'MDMwZjM4OGZkZjdlYTMwM2Y5OWFkMjM5YTM1MTQ0OTIwNmIxYjgxZDp7ImRldl9ieSI6Ikh1dSBOZ3V5ZW4ifQ==', '2020-10-21 07:43:56.864599'),
('5iodckzdh7ondkwa997f0sog8u86ozsy', 'MDMwZjM4OGZkZjdlYTMwM2Y5OWFkMjM5YTM1MTQ0OTIwNmIxYjgxZDp7ImRldl9ieSI6Ikh1dSBOZ3V5ZW4ifQ==', '2020-10-21 03:26:43.571854'),
('5iro5kq6ei0wknwa2zr9ti55tr0qskjx', 'YmFkYzI2ZDQ1M2U4ZmE2OTYxOGQzNDE2MGU4MGQ1YTFmNjI0OTQ4NDp7Il9hdXRoX3VzZXJfaWQiOiIxIiwiX2F1dGhfdXNlcl9iYWNrZW5kIjoiZGphbmdvLmNvbnRyaWIuYXV0aC5iYWNrZW5kcy5Nb2RlbEJhY2tlbmQiLCJfYXV0aF91c2VyX2hhc2giOiIyZmJkMGQwMTcyMDUxNDQzMDhmZWE5MDM3ZjJkNTk1OThlY2QzMDc1IiwiY2FydCI6e319', '2020-09-15 09:00:53.864490'),
('5jwvm925z6gqzkphrmag4gs42m98mj9a', 'MDMwZjM4OGZkZjdlYTMwM2Y5OWFkMjM5YTM1MTQ0OTIwNmIxYjgxZDp7ImRldl9ieSI6Ikh1dSBOZ3V5ZW4ifQ==', '2020-10-19 17:16:33.004811'),
('5kdwseebstbm9y4aop8a0mtj5rily1rh', 'MDMwZjM4OGZkZjdlYTMwM2Y5OWFkMjM5YTM1MTQ0OTIwNmIxYjgxZDp7ImRldl9ieSI6Ikh1dSBOZ3V5ZW4ifQ==', '2020-10-19 16:03:01.445885'),
('5klmoaskwpd8sw254w6s1po5lungppls', 'MDMwZjM4OGZkZjdlYTMwM2Y5OWFkMjM5YTM1MTQ0OTIwNmIxYjgxZDp7ImRldl9ieSI6Ikh1dSBOZ3V5ZW4ifQ==', '2020-10-23 08:32:14.494231'),
('5lblaacabyfvbncz8kckj40o6t29btz4', 'MDMwZjM4OGZkZjdlYTMwM2Y5OWFkMjM5YTM1MTQ0OTIwNmIxYjgxZDp7ImRldl9ieSI6Ikh1dSBOZ3V5ZW4ifQ==', '2020-10-21 08:25:48.267146'),
('5maby9gmt47i1f6hgxyi2ud517n4n4ac', 'MDMwZjM4OGZkZjdlYTMwM2Y5OWFkMjM5YTM1MTQ0OTIwNmIxYjgxZDp7ImRldl9ieSI6Ikh1dSBOZ3V5ZW4ifQ==', '2020-10-20 02:44:44.762513'),
('5q0moh3ol63dzhxmwews5s88gjwsxl4k', 'MDMwZjM4OGZkZjdlYTMwM2Y5OWFkMjM5YTM1MTQ0OTIwNmIxYjgxZDp7ImRldl9ieSI6Ikh1dSBOZ3V5ZW4ifQ==', '2020-10-21 18:26:17.804649'),
('5q87gjw3dyeiulxfrwurto8j3vyr8hbm', 'YmFkYzI2ZDQ1M2U4ZmE2OTYxOGQzNDE2MGU4MGQ1YTFmNjI0OTQ4NDp7Il9hdXRoX3VzZXJfaWQiOiIxIiwiX2F1dGhfdXNlcl9iYWNrZW5kIjoiZGphbmdvLmNvbnRyaWIuYXV0aC5iYWNrZW5kcy5Nb2RlbEJhY2tlbmQiLCJfYXV0aF91c2VyX2hhc2giOiIyZmJkMGQwMTcyMDUxNDQzMDhmZWE5MDM3ZjJkNTk1OThlY2QzMDc1IiwiY2FydCI6e319', '2020-09-21 08:59:25.807372'),
('5s42zbx3y304etfssnjs68npvkg469fi', 'MDMwZjM4OGZkZjdlYTMwM2Y5OWFkMjM5YTM1MTQ0OTIwNmIxYjgxZDp7ImRldl9ieSI6Ikh1dSBOZ3V5ZW4ifQ==', '2020-10-21 12:07:49.864344'),
('5wcwv7xznu6imlyis4t621k2c1rrbi7i', 'MDMwZjM4OGZkZjdlYTMwM2Y5OWFkMjM5YTM1MTQ0OTIwNmIxYjgxZDp7ImRldl9ieSI6Ikh1dSBOZ3V5ZW4ifQ==', '2020-10-20 05:45:56.176476'),
('5xdi08b0k6dd8a2dmy3xrg2szz3j87tp', 'MDMwZjM4OGZkZjdlYTMwM2Y5OWFkMjM5YTM1MTQ0OTIwNmIxYjgxZDp7ImRldl9ieSI6Ikh1dSBOZ3V5ZW4ifQ==', '2020-10-19 16:41:29.797231'),
('62tqueawapr8m4j9w8ich0fhzz0pwyp7', 'MDMwZjM4OGZkZjdlYTMwM2Y5OWFkMjM5YTM1MTQ0OTIwNmIxYjgxZDp7ImRldl9ieSI6Ikh1dSBOZ3V5ZW4ifQ==', '2020-10-22 02:47:32.109598'),
('63n8zg185c07vfi4vnkh2eiruzg8yz8o', 'MDMwZjM4OGZkZjdlYTMwM2Y5OWFkMjM5YTM1MTQ0OTIwNmIxYjgxZDp7ImRldl9ieSI6Ikh1dSBOZ3V5ZW4ifQ==', '2020-10-20 08:17:58.198897'),
('63qb1dvfzq9fum3ipzqopyy0t4xmrew0', 'MDMwZjM4OGZkZjdlYTMwM2Y5OWFkMjM5YTM1MTQ0OTIwNmIxYjgxZDp7ImRldl9ieSI6Ikh1dSBOZ3V5ZW4ifQ==', '2020-10-19 16:12:13.454174'),
('63tiwvxif4yojlb7ixd4ds6r0xuxxmac', 'MDMwZjM4OGZkZjdlYTMwM2Y5OWFkMjM5YTM1MTQ0OTIwNmIxYjgxZDp7ImRldl9ieSI6Ikh1dSBOZ3V5ZW4ifQ==', '2020-10-21 01:48:38.816753'),
('63yulyndcnkm6nnsqfp8lddu98ejpc1h', 'MDMwZjM4OGZkZjdlYTMwM2Y5OWFkMjM5YTM1MTQ0OTIwNmIxYjgxZDp7ImRldl9ieSI6Ikh1dSBOZ3V5ZW4ifQ==', '2020-10-21 01:54:28.018636'),
('66aq6xugyja2o3bnbioexpwbcopd8sk2', 'MDMwZjM4OGZkZjdlYTMwM2Y5OWFkMjM5YTM1MTQ0OTIwNmIxYjgxZDp7ImRldl9ieSI6Ikh1dSBOZ3V5ZW4ifQ==', '2020-10-21 18:22:29.970205'),
('6acekszhuql4ataph8ishkhf49p1a45b', 'MDMwZjM4OGZkZjdlYTMwM2Y5OWFkMjM5YTM1MTQ0OTIwNmIxYjgxZDp7ImRldl9ieSI6Ikh1dSBOZ3V5ZW4ifQ==', '2020-10-21 03:22:39.650739'),
('6e2r3w20wuu35aueocgzfhb8ks1qojyv', 'MDMwZjM4OGZkZjdlYTMwM2Y5OWFkMjM5YTM1MTQ0OTIwNmIxYjgxZDp7ImRldl9ieSI6Ikh1dSBOZ3V5ZW4ifQ==', '2020-10-20 07:46:03.064299'),
('6ei850bsigj5esv6pdh96kvzhfbbc8is', 'MDMwZjM4OGZkZjdlYTMwM2Y5OWFkMjM5YTM1MTQ0OTIwNmIxYjgxZDp7ImRldl9ieSI6Ikh1dSBOZ3V5ZW4ifQ==', '2020-10-21 18:26:53.122567'),
('6evwv16iwijffh7u2utdd5i66isggzl2', 'MDMwZjM4OGZkZjdlYTMwM2Y5OWFkMjM5YTM1MTQ0OTIwNmIxYjgxZDp7ImRldl9ieSI6Ikh1dSBOZ3V5ZW4ifQ==', '2020-10-23 07:04:42.090317'),
('6gl5z48cjqadv7vmsp5x5d9i9t9hqumg', 'MDMwZjM4OGZkZjdlYTMwM2Y5OWFkMjM5YTM1MTQ0OTIwNmIxYjgxZDp7ImRldl9ieSI6Ikh1dSBOZ3V5ZW4ifQ==', '2020-10-23 08:31:45.868198'),
('6hcrbxb8mvoo8n9cvvoj363rpqvw826f', 'MDMwZjM4OGZkZjdlYTMwM2Y5OWFkMjM5YTM1MTQ0OTIwNmIxYjgxZDp7ImRldl9ieSI6Ikh1dSBOZ3V5ZW4ifQ==', '2020-10-23 07:16:21.806000'),
('6kpdpwi3euj59qjlfvwji1ldzz76qwp2', 'YmFkYzI2ZDQ1M2U4ZmE2OTYxOGQzNDE2MGU4MGQ1YTFmNjI0OTQ4NDp7Il9hdXRoX3VzZXJfaWQiOiIxIiwiX2F1dGhfdXNlcl9iYWNrZW5kIjoiZGphbmdvLmNvbnRyaWIuYXV0aC5iYWNrZW5kcy5Nb2RlbEJhY2tlbmQiLCJfYXV0aF91c2VyX2hhc2giOiIyZmJkMGQwMTcyMDUxNDQzMDhmZWE5MDM3ZjJkNTk1OThlY2QzMDc1IiwiY2FydCI6e319', '2020-10-26 03:22:49.192931'),
('6l61nf3is8thsqqkb7zpcmzgcm45zygf', 'MDMwZjM4OGZkZjdlYTMwM2Y5OWFkMjM5YTM1MTQ0OTIwNmIxYjgxZDp7ImRldl9ieSI6Ikh1dSBOZ3V5ZW4ifQ==', '2020-10-19 15:59:55.515052'),
('6mdglogl6lfec183yxlxtvgtrr8q8w93', 'MDMwZjM4OGZkZjdlYTMwM2Y5OWFkMjM5YTM1MTQ0OTIwNmIxYjgxZDp7ImRldl9ieSI6Ikh1dSBOZ3V5ZW4ifQ==', '2020-10-22 09:08:59.880483'),
('6oze5rvc2uheqfnss6imhdtgugrikzwf', 'MDMwZjM4OGZkZjdlYTMwM2Y5OWFkMjM5YTM1MTQ0OTIwNmIxYjgxZDp7ImRldl9ieSI6Ikh1dSBOZ3V5ZW4ifQ==', '2020-10-20 02:38:43.567405'),
('6pq5y87zcsu6ms4k8iw4niwnzoth2ne8', 'YmFkYzI2ZDQ1M2U4ZmE2OTYxOGQzNDE2MGU4MGQ1YTFmNjI0OTQ4NDp7Il9hdXRoX3VzZXJfaWQiOiIxIiwiX2F1dGhfdXNlcl9iYWNrZW5kIjoiZGphbmdvLmNvbnRyaWIuYXV0aC5iYWNrZW5kcy5Nb2RlbEJhY2tlbmQiLCJfYXV0aF91c2VyX2hhc2giOiIyZmJkMGQwMTcyMDUxNDQzMDhmZWE5MDM3ZjJkNTk1OThlY2QzMDc1IiwiY2FydCI6e319', '2020-09-15 20:09:21.682968'),
('6qlv9c35alircxs6ndnvie0woj54bbkx', 'MDMwZjM4OGZkZjdlYTMwM2Y5OWFkMjM5YTM1MTQ0OTIwNmIxYjgxZDp7ImRldl9ieSI6Ikh1dSBOZ3V5ZW4ifQ==', '2020-10-21 01:48:41.807952'),
('6szlxv7c9ebuw8vbu1kmgn7w02dwlbxm', 'MDMwZjM4OGZkZjdlYTMwM2Y5OWFkMjM5YTM1MTQ0OTIwNmIxYjgxZDp7ImRldl9ieSI6Ikh1dSBOZ3V5ZW4ifQ==', '2020-10-27 03:26:58.349743'),
('6w1okqplg955clp1a1tdm10xry1h715h', 'MDMwZjM4OGZkZjdlYTMwM2Y5OWFkMjM5YTM1MTQ0OTIwNmIxYjgxZDp7ImRldl9ieSI6Ikh1dSBOZ3V5ZW4ifQ==', '2020-10-19 15:59:43.640871'),
('6w5i9qfcddlwlf4nu2z47wjvvlqcgykv', 'MDMwZjM4OGZkZjdlYTMwM2Y5OWFkMjM5YTM1MTQ0OTIwNmIxYjgxZDp7ImRldl9ieSI6Ikh1dSBOZ3V5ZW4ifQ==', '2020-10-21 18:30:24.574960'),
('6wwzpholit2331st87hohdszuliocpg0', 'MDMwZjM4OGZkZjdlYTMwM2Y5OWFkMjM5YTM1MTQ0OTIwNmIxYjgxZDp7ImRldl9ieSI6Ikh1dSBOZ3V5ZW4ifQ==', '2020-10-19 16:12:37.129009'),
('72n30oip11wuyiprxuxrrscoxy9ua8v8', 'MDMwZjM4OGZkZjdlYTMwM2Y5OWFkMjM5YTM1MTQ0OTIwNmIxYjgxZDp7ImRldl9ieSI6Ikh1dSBOZ3V5ZW4ifQ==', '2020-10-20 02:40:22.337242'),
('72zv11gmz5ryub5uncwpm2a9w947atdd', 'MDMwZjM4OGZkZjdlYTMwM2Y5OWFkMjM5YTM1MTQ0OTIwNmIxYjgxZDp7ImRldl9ieSI6Ikh1dSBOZ3V5ZW4ifQ==', '2020-10-21 01:57:51.019190'),
('754p8cy5fp3igfq9ryr1i5it15trfd3l', 'MDMwZjM4OGZkZjdlYTMwM2Y5OWFkMjM5YTM1MTQ0OTIwNmIxYjgxZDp7ImRldl9ieSI6Ikh1dSBOZ3V5ZW4ifQ==', '2020-10-21 18:19:16.159340'),
('757szkm7stjif21a6pyabloin3q16d2w', 'MDMwZjM4OGZkZjdlYTMwM2Y5OWFkMjM5YTM1MTQ0OTIwNmIxYjgxZDp7ImRldl9ieSI6Ikh1dSBOZ3V5ZW4ifQ==', '2020-10-23 01:58:39.183137'),
('75cyuq9ln6pqhmwrhp5c0bxvpcjhadgo', 'MDMwZjM4OGZkZjdlYTMwM2Y5OWFkMjM5YTM1MTQ0OTIwNmIxYjgxZDp7ImRldl9ieSI6Ikh1dSBOZ3V5ZW4ifQ==', '2020-10-20 08:17:23.866430'),
('79cf7gh9lj83mmhlk6b41vm0n17xycvg', 'MDMwZjM4OGZkZjdlYTMwM2Y5OWFkMjM5YTM1MTQ0OTIwNmIxYjgxZDp7ImRldl9ieSI6Ikh1dSBOZ3V5ZW4ifQ==', '2020-10-21 02:00:11.715691'),
('79y0ls2dajxf2n97oamwz6z755rhrs15', 'MDMwZjM4OGZkZjdlYTMwM2Y5OWFkMjM5YTM1MTQ0OTIwNmIxYjgxZDp7ImRldl9ieSI6Ikh1dSBOZ3V5ZW4ifQ==', '2020-10-26 03:22:38.811981'),
('7ah6ebiojuieyvtsic3l2xnanogp8dwt', 'MDMwZjM4OGZkZjdlYTMwM2Y5OWFkMjM5YTM1MTQ0OTIwNmIxYjgxZDp7ImRldl9ieSI6Ikh1dSBOZ3V5ZW4ifQ==', '2020-10-19 17:15:59.727948'),
('7e2r9wl9wkk8w4cf0qocchvmeajxcmok', 'MDMwZjM4OGZkZjdlYTMwM2Y5OWFkMjM5YTM1MTQ0OTIwNmIxYjgxZDp7ImRldl9ieSI6Ikh1dSBOZ3V5ZW4ifQ==', '2020-10-23 01:50:10.603149'),
('7eqa979ml72t3g2wi50cozhljl8qgj93', 'MDMwZjM4OGZkZjdlYTMwM2Y5OWFkMjM5YTM1MTQ0OTIwNmIxYjgxZDp7ImRldl9ieSI6Ikh1dSBOZ3V5ZW4ifQ==', '2020-10-20 07:13:30.076704'),
('7fg0fa477pc1vchkggxxylpnq8jzeagy', 'MDMwZjM4OGZkZjdlYTMwM2Y5OWFkMjM5YTM1MTQ0OTIwNmIxYjgxZDp7ImRldl9ieSI6Ikh1dSBOZ3V5ZW4ifQ==', '2020-10-21 18:18:02.081449'),
('7gf73f0yl4b0jivolkvicpbdehicd4ta', 'MDMwZjM4OGZkZjdlYTMwM2Y5OWFkMjM5YTM1MTQ0OTIwNmIxYjgxZDp7ImRldl9ieSI6Ikh1dSBOZ3V5ZW4ifQ==', '2020-10-21 02:00:13.854206'),
('7gxgqfzxn34d5jrzpkyetqhocubzcwa5', 'MDMwZjM4OGZkZjdlYTMwM2Y5OWFkMjM5YTM1MTQ0OTIwNmIxYjgxZDp7ImRldl9ieSI6Ikh1dSBOZ3V5ZW4ifQ==', '2020-10-20 04:33:35.628835'),
('7i8sw3lnu2lzdol5javeldtcj3pbpqs5', 'MDMwZjM4OGZkZjdlYTMwM2Y5OWFkMjM5YTM1MTQ0OTIwNmIxYjgxZDp7ImRldl9ieSI6Ikh1dSBOZ3V5ZW4ifQ==', '2020-10-21 03:33:52.589219'),
('7jv3r7g5lpi6rxvms9wbzqb1nyqa2b1j', 'MDMwZjM4OGZkZjdlYTMwM2Y5OWFkMjM5YTM1MTQ0OTIwNmIxYjgxZDp7ImRldl9ieSI6Ikh1dSBOZ3V5ZW4ifQ==', '2020-10-23 02:08:10.411228'),
('7jvst56ui3yyi06rn117qkqsyxzqlcbn', 'MDMwZjM4OGZkZjdlYTMwM2Y5OWFkMjM5YTM1MTQ0OTIwNmIxYjgxZDp7ImRldl9ieSI6Ikh1dSBOZ3V5ZW4ifQ==', '2020-10-21 08:25:10.887950'),
('7l3c5efvudg8uha61b7692fxjtn37enq', 'YjYyYzBlNWMzZWIyMjI2ZjNjNjJkNzk2NjU1MDE1YzI0NWIzM2M5NDp7Il9hdXRoX3VzZXJfaWQiOiIxIiwiX2F1dGhfdXNlcl9iYWNrZW5kIjoiZGphbmdvLmNvbnRyaWIuYXV0aC5iYWNrZW5kcy5Nb2RlbEJhY2tlbmQiLCJfYXV0aF91c2VyX2hhc2giOiIyZmJkMGQwMTcyMDUxNDQzMDhmZWE5MDM3ZjJkNTk1OThlY2QzMDc1IiwiY2FydCI6eyI2XzcwIjp7InVzZXJpZCI6MSwiaXRlbV9pZCI6NzAsIm9iaiI6Ilt7XCJtb2RlbFwiOiBcIm1haW4ucHJvZHVjdGF0dHJpYnV0ZVwiLCBcInBrXCI6IDcwLCBcImZpZWxkc1wiOiB7XCJwcm9kdWN0X2lkXCI6IDQsIFwiYXR0cl9uYW1lXCI6IFwibWVyYSBjXFx1MWVlN2EgQXBwbGUgZ2lcXHUwMGZhcCBiXFx1MWVhMW4gY2hcXHUxZWU1cCBcXHUxZWEzXCIsIFwicHJpY2VcIjogXCI3NDAwMDAuMDAwXCIsIFwicXVhbnRpdHlcIjogNCwgXCJkYXRlX2FkZFwiOiBcIjIwMjAtMDktMTFUMDM6NTA6NDJaXCIsIFwiZGF0ZV91cGRcIjogXCIyMDIwLTA5LTE4VDA4OjQwOjQ4WlwiLCBcImF2YWlsYWJsZV9kYXRlXCI6IFwiMjAyMC0wOS0xOFQwODo0MDo0OFpcIn19XSIsIm5hbWUiOiJtZXJhIGNcdTFlZTdhIEFwcGxlIGdpXHUwMGZhcCBiXHUxZWExbiBjaFx1MWVlNXAgXHUxZWEzIiwicXVhbnRpdHkiOjEsInByaWNlIjoiNzQwMDAwLjAwMCIsImltYWdlIjoiPGltZyBzcmM9XCIvbWVkaWEvYXR0LzcwLmpwZ1wiIHdpZHRoPVwiMzIwXCIgaGVpZ2h0PVwiMjQwXCIvPiJ9LCI2XzY5Ijp7InVzZXJpZCI6MSwiaXRlbV9pZCI6NjksIm9iaiI6Ilt7XCJtb2RlbFwiOiBcIm1haW4ucHJvZHVjdGF0dHJpYnV0ZVwiLCBcInBrXCI6IDY5LCBcImZpZWxkc1wiOiB7XCJwcm9kdWN0X2lkXCI6IDQsIFwiYXR0cl9uYW1lXCI6IFwicCBiXFx1MWVhMW4gY2hcXHUxZWU1cCBcXHUxZWEzbmggXFx1MDExMVxcdTFlYjlwLCBuaFxcdTAxYjBuZyBraFxcdTAwZjRuZ3AgYlxcdTFlYTFuIGNoXFx1MWVlNXAgXFx1MWVhM25oIFxcdTAxMTFcXHUxZWI5cCwgbmhcXHUwMWIwbmcga2hcXHUwMGY0bmdcIiwgXCJwcmljZVwiOiBcIjQ4MDAwMC4wMDBcIiwgXCJxdWFudGl0eVwiOiA0LCBcImRhdGVfYWRkXCI6IFwiMjAyMC0wOS0xMVQwMzo1MDo0MlpcIiwgXCJkYXRlX3VwZFwiOiBcIjIwMjAtMDktMThUMDg6NDA6MTNaXCIsIFwiYXZhaWxhYmxlX2RhdGVcIjogXCIyMDIwLTA5LTE4VDA4OjQwOjEzWlwifX1dIiwibmFtZSI6InAgYlx1MWVhMW4gY2hcdTFlZTVwIFx1MWVhM25oIFx1MDExMVx1MWViOXAsIG5oXHUwMWIwbmcga2hcdTAwZjRuZ3AgYlx1MWVhMW4gY2hcdTFlZTVwIFx1MWVhM25oIFx1MDExMVx1MWViOXAsIG5oXHUwMWIwbmcga2hcdTAwZjRuZyIsInF1YW50aXR5IjoxLCJwcmljZSI6IjQ4MDAwMC4wMDAiLCJpbWFnZSI6IjxpbWcgc3JjPVwiL21lZGlhL2F0dC82OS5qcGdcIiB3aWR0aD1cIjMyMFwiIGhlaWdodD1cIjI0MFwiLz4ifSwiNl82OCI6eyJ1c2VyaWQiOjEsIml0ZW1faWQiOjY4LCJvYmoiOiJbe1wibW9kZWxcIjogXCJtYWluLnByb2R1Y3RhdHRyaWJ1dGVcIiwgXCJwa1wiOiA2OCwgXCJmaWVsZHNcIjoge1wicHJvZHVjdF9pZFwiOiA0LCBcImF0dHJfbmFtZVwiOiBcInAgYlxcdTFlYTFuIGNoXFx1MWVlNXAgXFx1MWVhM25oIFxcdTAxMTFcXHUxZWI5cCwgbmhcXHUwMWIwbmcga2hcXHUwMGY0bmdcIiwgXCJwcmljZVwiOiBcIjQxMDAwMC4wMDBcIiwgXCJxdWFudGl0eVwiOiA2LCBcImRhdGVfYWRkXCI6IFwiMjAyMC0wOS0xMVQwMzo1MDo0MlpcIiwgXCJkYXRlX3VwZFwiOiBcIjIwMjAtMDktMThUMDg6NDE6MjlaXCIsIFwiYXZhaWxhYmxlX2RhdGVcIjogXCIyMDIwLTA5LTE4VDA4OjQxOjI5WlwifX1dIiwibmFtZSI6InAgYlx1MWVhMW4gY2hcdTFlZTVwIFx1MWVhM25oIFx1MDExMVx1MWViOXAsIG5oXHUwMWIwbmcga2hcdTAwZjRuZyIsInF1YW50aXR5IjoxLCJwcmljZSI6IjQxMDAwMC4wMDAiLCJpbWFnZSI6IjxpbWcgc3JjPVwiL21lZGlhL2F0dC82OC5qcGdcIiB3aWR0aD1cIjMyMFwiIGhlaWdodD1cIjI0MFwiLz4ifSwiNl82NSI6eyJ1c2VyaWQiOjEsIml0ZW1faWQiOjY1LCJvYmoiOiJbe1wibW9kZWxcIjogXCJtYWluLnByb2R1Y3RhdHRyaWJ1dGVcIiwgXCJwa1wiOiA2NSwgXCJmaWVsZHNcIjoge1wicHJvZHVjdF9pZFwiOiA0LCBcImF0dHJfbmFtZVwiOiBcInNhbyBjYW1lcmEgdHJcXHUwMGVhbiBpUGhvbmVzYW8gY2FtZXJhIHRyXFx1MDBlYW4gaVBob25lc2FvIGNhbWVyYSB0clxcdTAwZWFuIGlQaG9uZVwiLCBcInByaWNlXCI6IFwiOTkwMDAwLjAwMFwiLCBcInF1YW50aXR5XCI6IDMsIFwiZGF0ZV9hZGRcIjogXCIyMDIwLTA5LTExVDAzOjUwOjQyWlwiLCBcImRhdGVfdXBkXCI6IFwiMjAyMC0wOS0xOFQwODo0Mjo0OFpcIiwgXCJhdmFpbGFibGVfZGF0ZVwiOiBcIjIwMjAtMDktMThUMDg6NDI6NDhaXCJ9fV0iLCJuYW1lIjoic2FvIGNhbWVyYSB0clx1MDBlYW4gaVBob25lc2FvIGNhbWVyYSB0clx1MDBlYW4gaVBob25lc2FvIGNhbWVyYSB0clx1MDBlYW4gaVBob25lIiwicXVhbnRpdHkiOjEsInByaWNlIjoiOTkwMDAwLjAwMCIsImltYWdlIjoiPGltZyBzcmM9XCIvbWVkaWEvYXR0LzY1LmpwZ1wiIHdpZHRoPVwiMzIwXCIgaGVpZ2h0PVwiMjQwXCIvPiJ9LCI2XzY0Ijp7InVzZXJpZCI6MSwiaXRlbV9pZCI6NjQsIm9iaiI6Ilt7XCJtb2RlbFwiOiBcIm1haW4ucHJvZHVjdGF0dHJpYnV0ZVwiLCBcInBrXCI6IDY0LCBcImZpZWxkc1wiOiB7XCJwcm9kdWN0X2lkXCI6IDQsIFwiYXR0cl9uYW1lXCI6IFwic2FvIGNhbWVyYSB0clxcdTAwZWFuIGlQaG9uZXNhbyBjYW1lcmEgdHJcXHUwMGVhbiBpUGhvbmVcIiwgXCJwcmljZVwiOiBcIjkxMDAwMC4wMDBcIiwgXCJxdWFudGl0eVwiOiAyLCBcImRhdGVfYWRkXCI6IFwiMjAyMC0wOS0xMVQwMzo1MDo0MlpcIiwgXCJkYXRlX3VwZFwiOiBcIjIwMjAtMDktMThUMDg6Mzg6NDdaXCIsIFwiYXZhaWxhYmxlX2RhdGVcIjogXCIyMDIwLTA5LTE4VDA4OjM4OjQ3WlwifX1dIiwibmFtZSI6InNhbyBjYW1lcmEgdHJcdTAwZWFuIGlQaG9uZXNhbyBjYW1lcmEgdHJcdTAwZWFuIGlQaG9uZSIsInF1YW50aXR5IjoxLCJwcmljZSI6IjkxMDAwMC4wMDAiLCJpbWFnZSI6IjxpbWcgc3JjPVwiL21lZGlhL2F0dC82NC5qcGdcIiB3aWR0aD1cIjMyMFwiIGhlaWdodD1cIjI0MFwiLz4ifX19', '2020-10-06 16:47:21.997496'),
('7ljaghfqrn2qpmr0j37sxz1wmk1ff47q', 'MDMwZjM4OGZkZjdlYTMwM2Y5OWFkMjM5YTM1MTQ0OTIwNmIxYjgxZDp7ImRldl9ieSI6Ikh1dSBOZ3V5ZW4ifQ==', '2020-10-21 01:57:10.122789'),
('7okcejows7n7q0p9ku6x1cryram5f81f', 'YTZkMGVmMDI3MzEzYmIwYzk2Y2Y1ZTlmYzhhYjllZmFiNTgyMjU5Njp7Il9hdXRoX3VzZXJfaWQiOiIxIiwiX2F1dGhfdXNlcl9iYWNrZW5kIjoiZGphbmdvLmNvbnRyaWIuYXV0aC5iYWNrZW5kcy5Nb2RlbEJhY2tlbmQiLCJfYXV0aF91c2VyX2hhc2giOiIyZmJkMGQwMTcyMDUxNDQzMDhmZWE5MDM3ZjJkNTk1OThlY2QzMDc1In0=', '2020-08-07 03:53:51.467239'),
('7ozt5ouxiveqy7e3hpo2kqmsrid0ajtd', 'MDMwZjM4OGZkZjdlYTMwM2Y5OWFkMjM5YTM1MTQ0OTIwNmIxYjgxZDp7ImRldl9ieSI6Ikh1dSBOZ3V5ZW4ifQ==', '2020-10-21 07:54:47.279745'),
('7rdsm3pt9t92d7nkx3tfyfmktldnsifi', 'MDMwZjM4OGZkZjdlYTMwM2Y5OWFkMjM5YTM1MTQ0OTIwNmIxYjgxZDp7ImRldl9ieSI6Ikh1dSBOZ3V5ZW4ifQ==', '2020-10-23 07:38:47.180473'),
('7uoy96kfsvovi8lgee6wkfr5i3ws2src', 'YjgxYTM1YzFiOWU0MDlmZjdmNGQ2OTQ1OWMzOTk1Mjk1YzVjMmQwNzp7Il9hdXRoX3VzZXJfaWQiOiIxIiwiX2F1dGhfdXNlcl9iYWNrZW5kIjoiZGphbmdvLmNvbnRyaWIuYXV0aC5iYWNrZW5kcy5Nb2RlbEJhY2tlbmQiLCJfYXV0aF91c2VyX2hhc2giOiIyZmJkMGQwMTcyMDUxNDQzMDhmZWE5MDM3ZjJkNTk1OThlY2QzMDc1IiwiY2FydCI6eyI2XzIyMyI6eyJ1c2VyaWQiOjEsIml0ZW1faWQiOjIyMywib2JqIjoiW3tcIm1vZGVsXCI6IFwibWFpbi5wcm9kdWN0YXR0cmlidXRlXCIsIFwicGtcIjogMjIzLCBcImZpZWxkc1wiOiB7XCJwcm9kdWN0X2lkXCI6IDgsIFwiYXR0cl9uYW1lXCI6IFwiXFx1MDExMGlcXHUxZWM3biB0aG9cXHUxZWExaSwgc21hcnRwaG9uZSBjaFxcdTAwZWRuaCBoXFx1MDBlM25nIGdpXFx1MDBlMSByXFx1MWViYiBsZG9qcGRraFwiLCBcInByaWNlXCI6IFwiNzAwMDAwLjAwMFwiLCBcInF1YW50aXR5XCI6IDEwLCBcImRhdGVfYWRkXCI6IFwiMjAyMC0wOS0zMFQwMjowMDoyN1pcIiwgXCJkYXRlX3VwZFwiOiBcIjIwMjAtMDktMzBUMDI6MTE6MDZaXCIsIFwiYXZhaWxhYmxlX2RhdGVcIjogXCIyMDIwLTA5LTMwVDAyOjExOjA2WlwifX1dIiwibmFtZSI6Ilx1MDExMGlcdTFlYzduIHRob1x1MWVhMWksIHNtYXJ0cGhvbmUgY2hcdTAwZWRuaCBoXHUwMGUzbmcgZ2lcdTAwZTEgclx1MWViYiBsZG9qcGRraCIsInF1YW50aXR5IjoxLCJwcmljZSI6IjcwMDAwMC4wMDAiLCJpbWFnZSI6IjxpbWcgc3JjPVwiL21lZGlhL2F0dC8yMjMuanBnXCIgd2lkdGg9XCIzMjBcIiBoZWlnaHQ9XCIyNDBcIi8+In0sIjZfMjIyIjp7InVzZXJpZCI6MSwiaXRlbV9pZCI6MjIyLCJvYmoiOiJbe1wibW9kZWxcIjogXCJtYWluLnByb2R1Y3RhdHRyaWJ1dGVcIiwgXCJwa1wiOiAyMjIsIFwiZmllbGRzXCI6IHtcInByb2R1Y3RfaWRcIjogOCwgXCJhdHRyX25hbWVcIjogXCJcXHUwMTEwaVxcdTFlYzduIHRob1xcdTFlYTFpLCBzbWFydHBob25lIGNoXFx1MDBlZG5oIGhcXHUwMGUzbmcgZ2lcXHUwMGUxIHJcXHUxZWJiIGd1bHpweWp1XCIsIFwicHJpY2VcIjogXCIxOTAwMDAuMDAwXCIsIFwicXVhbnRpdHlcIjogMTAsIFwiZGF0ZV9hZGRcIjogXCIyMDIwLTA5LTMwVDAyOjAwOjI3WlwiLCBcImRhdGVfdXBkXCI6IFwiMjAyMC0wOS0zMFQwMjoxMTowNlpcIiwgXCJhdmFpbGFibGVfZGF0ZVwiOiBcIjIwMjAtMDktMzBUMDI6MTE6MDZaXCJ9fV0iLCJuYW1lIjoiXHUwMTEwaVx1MWVjN24gdGhvXHUxZWExaSwgc21hcnRwaG9uZSBjaFx1MDBlZG5oIGhcdTAwZTNuZyBnaVx1MDBlMSByXHUxZWJiIGd1bHpweWp1IiwicXVhbnRpdHkiOjEsInByaWNlIjoiMTkwMDAwLjAwMCIsImltYWdlIjoiPGltZyBzcmM9XCIvbWVkaWEvYXR0LzIyMi5qcGdcIiB3aWR0aD1cIjMyMFwiIGhlaWdodD1cIjI0MFwiLz4ifX19', '2020-10-14 04:15:57.141343'),
('7v2ky01lm6qqglgcu3gaa59esel55zez', 'MDMwZjM4OGZkZjdlYTMwM2Y5OWFkMjM5YTM1MTQ0OTIwNmIxYjgxZDp7ImRldl9ieSI6Ikh1dSBOZ3V5ZW4ifQ==', '2020-10-19 17:14:15.896031'),
('7vhry2nnfzkkkt4unkzt88av4uucuzq3', 'MDMwZjM4OGZkZjdlYTMwM2Y5OWFkMjM5YTM1MTQ0OTIwNmIxYjgxZDp7ImRldl9ieSI6Ikh1dSBOZ3V5ZW4ifQ==', '2020-10-20 06:56:53.954811'),
('7yw3qgeg6huj3fwmzba8xbtwqi0iaki9', 'MDMwZjM4OGZkZjdlYTMwM2Y5OWFkMjM5YTM1MTQ0OTIwNmIxYjgxZDp7ImRldl9ieSI6Ikh1dSBOZ3V5ZW4ifQ==', '2020-10-21 08:40:16.513036'),
('7zwpo4yxxp0lkazj7eiytok1q9uf298o', 'MDMwZjM4OGZkZjdlYTMwM2Y5OWFkMjM5YTM1MTQ0OTIwNmIxYjgxZDp7ImRldl9ieSI6Ikh1dSBOZ3V5ZW4ifQ==', '2020-10-22 01:59:01.530828'),
('80y48nisoglw7i3ovo8drszcj9mvo2jq', 'MDMwZjM4OGZkZjdlYTMwM2Y5OWFkMjM5YTM1MTQ0OTIwNmIxYjgxZDp7ImRldl9ieSI6Ikh1dSBOZ3V5ZW4ifQ==', '2020-10-19 08:50:54.963295'),
('83clrx09p8iqsnzny29bbagupf7n96xb', 'MDMwZjM4OGZkZjdlYTMwM2Y5OWFkMjM5YTM1MTQ0OTIwNmIxYjgxZDp7ImRldl9ieSI6Ikh1dSBOZ3V5ZW4ifQ==', '2020-10-20 07:32:41.986269'),
('83qha30n9kqjnbv3dbq5u8sth6bucqo4', 'MDMwZjM4OGZkZjdlYTMwM2Y5OWFkMjM5YTM1MTQ0OTIwNmIxYjgxZDp7ImRldl9ieSI6Ikh1dSBOZ3V5ZW4ifQ==', '2020-10-22 07:55:03.974881'),
('84hq73zeb4hma59yki0umzeeh1lw1pxk', 'MDMwZjM4OGZkZjdlYTMwM2Y5OWFkMjM5YTM1MTQ0OTIwNmIxYjgxZDp7ImRldl9ieSI6Ikh1dSBOZ3V5ZW4ifQ==', '2020-10-20 05:28:06.772797'),
('85uhtknliehc6023yowpuja88fvkuvjf', 'MDMwZjM4OGZkZjdlYTMwM2Y5OWFkMjM5YTM1MTQ0OTIwNmIxYjgxZDp7ImRldl9ieSI6Ikh1dSBOZ3V5ZW4ifQ==', '2020-10-23 08:34:02.441909'),
('86tyexsesyu91h1qqxc731ux1dy8v849', 'MDMwZjM4OGZkZjdlYTMwM2Y5OWFkMjM5YTM1MTQ0OTIwNmIxYjgxZDp7ImRldl9ieSI6Ikh1dSBOZ3V5ZW4ifQ==', '2020-10-23 08:20:44.988395'),
('8713oy0n9pd209o6qcc15tk5uc4abgun', 'MDMwZjM4OGZkZjdlYTMwM2Y5OWFkMjM5YTM1MTQ0OTIwNmIxYjgxZDp7ImRldl9ieSI6Ikh1dSBOZ3V5ZW4ifQ==', '2020-10-23 06:35:53.658862'),
('87ibkg6mjw9ampp7dd23wndm0ct5wn5e', 'MDMwZjM4OGZkZjdlYTMwM2Y5OWFkMjM5YTM1MTQ0OTIwNmIxYjgxZDp7ImRldl9ieSI6Ikh1dSBOZ3V5ZW4ifQ==', '2020-10-23 02:08:17.824306'),
('87inheh67ainqczqf8l0fpad1r55zxt6', 'MDMwZjM4OGZkZjdlYTMwM2Y5OWFkMjM5YTM1MTQ0OTIwNmIxYjgxZDp7ImRldl9ieSI6Ikh1dSBOZ3V5ZW4ifQ==', '2020-10-20 04:37:20.697398'),
('87krj4s07nzdqwlmiynecbje1tg0l8i7', 'MDMwZjM4OGZkZjdlYTMwM2Y5OWFkMjM5YTM1MTQ0OTIwNmIxYjgxZDp7ImRldl9ieSI6Ikh1dSBOZ3V5ZW4ifQ==', '2020-10-19 08:59:17.263708'),
('88w84w0khexjs7yt5w6snkrk66gem6k1', 'MDMwZjM4OGZkZjdlYTMwM2Y5OWFkMjM5YTM1MTQ0OTIwNmIxYjgxZDp7ImRldl9ieSI6Ikh1dSBOZ3V5ZW4ifQ==', '2020-10-20 07:32:23.681850'),
('89bpf3l07q0pkh7t4hwd0v613hr8c816', 'MDMwZjM4OGZkZjdlYTMwM2Y5OWFkMjM5YTM1MTQ0OTIwNmIxYjgxZDp7ImRldl9ieSI6Ikh1dSBOZ3V5ZW4ifQ==', '2020-10-21 02:02:27.882893'),
('8c4a3yyi1gy7f0888c5x5a9sm8530uos', 'MDMwZjM4OGZkZjdlYTMwM2Y5OWFkMjM5YTM1MTQ0OTIwNmIxYjgxZDp7ImRldl9ieSI6Ikh1dSBOZ3V5ZW4ifQ==', '2020-10-23 02:13:24.191113'),
('8co56hu582vzi2axa9jq18kraqn7y67v', 'MDMwZjM4OGZkZjdlYTMwM2Y5OWFkMjM5YTM1MTQ0OTIwNmIxYjgxZDp7ImRldl9ieSI6Ikh1dSBOZ3V5ZW4ifQ==', '2020-10-21 03:27:00.515491'),
('8co86jhg49ia70evm4lz0fxu0zk55j7u', 'MDMwZjM4OGZkZjdlYTMwM2Y5OWFkMjM5YTM1MTQ0OTIwNmIxYjgxZDp7ImRldl9ieSI6Ikh1dSBOZ3V5ZW4ifQ==', '2020-10-20 07:46:23.059257'),
('8diiyf3flvog4ihih795k92bu54udz1p', 'MDMwZjM4OGZkZjdlYTMwM2Y5OWFkMjM5YTM1MTQ0OTIwNmIxYjgxZDp7ImRldl9ieSI6Ikh1dSBOZ3V5ZW4ifQ==', '2020-10-23 08:01:07.172147'),
('8fnqnyboa1zu78kdsrbe2ei86mj3nrnq', 'MDMwZjM4OGZkZjdlYTMwM2Y5OWFkMjM5YTM1MTQ0OTIwNmIxYjgxZDp7ImRldl9ieSI6Ikh1dSBOZ3V5ZW4ifQ==', '2020-10-22 02:38:49.718182'),
('8gvmlnqpiw0hatqrlvnwruzw3xvbvs31', 'MDMwZjM4OGZkZjdlYTMwM2Y5OWFkMjM5YTM1MTQ0OTIwNmIxYjgxZDp7ImRldl9ieSI6Ikh1dSBOZ3V5ZW4ifQ==', '2020-10-20 05:05:33.283539'),
('8ivjp52nap3g11ooevffw7xkie3hi0iv', 'MDMwZjM4OGZkZjdlYTMwM2Y5OWFkMjM5YTM1MTQ0OTIwNmIxYjgxZDp7ImRldl9ieSI6Ikh1dSBOZ3V5ZW4ifQ==', '2020-10-22 08:45:31.550824'),
('8k2vuli0a5aq9eltc76otypin69o2l2s', 'MDMwZjM4OGZkZjdlYTMwM2Y5OWFkMjM5YTM1MTQ0OTIwNmIxYjgxZDp7ImRldl9ieSI6Ikh1dSBOZ3V5ZW4ifQ==', '2020-10-19 16:46:22.942429'),
('8lwnec2vm0kj22yf49hmqzgin8xt2xtk', 'YmFkYzI2ZDQ1M2U4ZmE2OTYxOGQzNDE2MGU4MGQ1YTFmNjI0OTQ4NDp7Il9hdXRoX3VzZXJfaWQiOiIxIiwiX2F1dGhfdXNlcl9iYWNrZW5kIjoiZGphbmdvLmNvbnRyaWIuYXV0aC5iYWNrZW5kcy5Nb2RlbEJhY2tlbmQiLCJfYXV0aF91c2VyX2hhc2giOiIyZmJkMGQwMTcyMDUxNDQzMDhmZWE5MDM3ZjJkNTk1OThlY2QzMDc1IiwiY2FydCI6e319', '2020-09-16 06:02:23.363075'),
('8n7rh6jeguohe54w0bd2ury5rt6hdoil', 'MDMwZjM4OGZkZjdlYTMwM2Y5OWFkMjM5YTM1MTQ0OTIwNmIxYjgxZDp7ImRldl9ieSI6Ikh1dSBOZ3V5ZW4ifQ==', '2020-10-20 03:56:30.120597'),
('8np83ti4r2tu3b17x16qftxyev9prikj', 'MDMwZjM4OGZkZjdlYTMwM2Y5OWFkMjM5YTM1MTQ0OTIwNmIxYjgxZDp7ImRldl9ieSI6Ikh1dSBOZ3V5ZW4ifQ==', '2020-10-21 02:02:26.177196'),
('8o9j19ztgjxo9dggssjcrxzm5v000icb', 'MDMwZjM4OGZkZjdlYTMwM2Y5OWFkMjM5YTM1MTQ0OTIwNmIxYjgxZDp7ImRldl9ieSI6Ikh1dSBOZ3V5ZW4ifQ==', '2020-10-21 08:36:12.986370'),
('8pyj7jvkbrpauhpyiu4gw38i046qm9v6', 'YmRiMTM0YjI3MDUyMDhhNzY5Y2NkNmNlZDdmZTQyMGRlMjdjOTAxNjp7Il9hdXRoX3VzZXJfaWQiOiIxIiwiX2F1dGhfdXNlcl9iYWNrZW5kIjoiZGphbmdvLmNvbnRyaWIuYXV0aC5iYWNrZW5kcy5Nb2RlbEJhY2tlbmQiLCJfYXV0aF91c2VyX2hhc2giOiIyZmJkMGQwMTcyMDUxNDQzMDhmZWE5MDM3ZjJkNTk1OThlY2QzMDc1IiwiY2FydCI6eyI1XzcwIjp7InVzZXJpZCI6MSwiaXRlbV9pZCI6NzAsIm9iaiI6Ilt7XCJtb2RlbFwiOiBcIm1haW4ucHJvZHVjdGF0dHJpYnV0ZVwiLCBcInBrXCI6IDcwLCBcImZpZWxkc1wiOiB7XCJpZF9wcm9kdWN0XCI6IDQsIFwiYXR0cl9uYW1lXCI6IFwibWVyYSBjXFx1MWVlN2EgQXBwbGUgZ2lcXHUwMGZhcCBiXFx1MWVhMW4gY2hcXHUxZWU1cCBcXHUxZWEzXCIsIFwicHJpY2VcIjogXCI3NDAwMDAuMDAwXCIsIFwicXVhbnRpdHlcIjogNCwgXCJkYXRlX2FkZFwiOiBcIjIwMjAtMDktMTFUMDM6NTA6NDJaXCIsIFwiZGF0ZV91cGRcIjogXCIyMDIwLTA5LTE4VDA4OjQwOjQ4WlwiLCBcImF2YWlsYWJsZV9kYXRlXCI6IFwiMjAyMC0wOS0xOFQwODo0MDo0OFpcIn19XSIsIm5hbWUiOiJtZXJhIGNcdTFlZTdhIEFwcGxlIGdpXHUwMGZhcCBiXHUxZWExbiBjaFx1MWVlNXAgXHUxZWEzIiwicXVhbnRpdHkiOjIsInByaWNlIjoiNzQwMDAwLjAwMCIsImltYWdlIjoiPGltZyBzcmM9XCIvbWVkaWEvYXR0LzcwLmpwZ1wiIHdpZHRoPVwiMzIwXCIgaGVpZ2h0PVwiMjQwXCIvPiJ9LCI1XzY5Ijp7InVzZXJpZCI6MSwiaXRlbV9pZCI6NjksIm9iaiI6Ilt7XCJtb2RlbFwiOiBcIm1haW4ucHJvZHVjdGF0dHJpYnV0ZVwiLCBcInBrXCI6IDY5LCBcImZpZWxkc1wiOiB7XCJpZF9wcm9kdWN0XCI6IDQsIFwiYXR0cl9uYW1lXCI6IFwicCBiXFx1MWVhMW4gY2hcXHUxZWU1cCBcXHUxZWEzbmggXFx1MDExMVxcdTFlYjlwLCBuaFxcdTAxYjBuZyBraFxcdTAwZjRuZ3AgYlxcdTFlYTFuIGNoXFx1MWVlNXAgXFx1MWVhM25oIFxcdTAxMTFcXHUxZWI5cCwgbmhcXHUwMWIwbmcga2hcXHUwMGY0bmdcIiwgXCJwcmljZVwiOiBcIjQ4MDAwMC4wMDBcIiwgXCJxdWFudGl0eVwiOiA0LCBcImRhdGVfYWRkXCI6IFwiMjAyMC0wOS0xMVQwMzo1MDo0MlpcIiwgXCJkYXRlX3VwZFwiOiBcIjIwMjAtMDktMThUMDg6NDA6MTNaXCIsIFwiYXZhaWxhYmxlX2RhdGVcIjogXCIyMDIwLTA5LTE4VDA4OjQwOjEzWlwifX1dIiwibmFtZSI6InAgYlx1MWVhMW4gY2hcdTFlZTVwIFx1MWVhM25oIFx1MDExMVx1MWViOXAsIG5oXHUwMWIwbmcga2hcdTAwZjRuZ3AgYlx1MWVhMW4gY2hcdTFlZTVwIFx1MWVhM25oIFx1MDExMVx1MWViOXAsIG5oXHUwMWIwbmcga2hcdTAwZjRuZyIsInF1YW50aXR5IjoyLCJwcmljZSI6IjQ4MDAwMC4wMDAiLCJpbWFnZSI6IjxpbWcgc3JjPVwiL21lZGlhL2F0dC82OS5qcGdcIiB3aWR0aD1cIjMyMFwiIGhlaWdodD1cIjI0MFwiLz4ifSwiNV82NiI6eyJ1c2VyaWQiOjEsIml0ZW1faWQiOjY2LCJvYmoiOiJbe1wibW9kZWxcIjogXCJtYWluLnByb2R1Y3RhdHRyaWJ1dGVcIiwgXCJwa1wiOiA2NiwgXCJmaWVsZHNcIjoge1wiaWRfcHJvZHVjdFwiOiA0LCBcImF0dHJfbmFtZVwiOiBcImlQaG9uZXNhbyBjYW1lcmEgdHJcXHUwMGVhbiBpUGhvXCIsIFwicHJpY2VcIjogXCI2MDAwMC4wMDBcIiwgXCJxdWFudGl0eVwiOiA0LCBcImRhdGVfYWRkXCI6IFwiMjAyMC0wOS0xMVQwMzo1MDo0MlpcIiwgXCJkYXRlX3VwZFwiOiBcIjIwMjAtMDktMThUMDg6NDI6MDZaXCIsIFwiYXZhaWxhYmxlX2RhdGVcIjogXCIyMDIwLTA5LTE4VDA4OjQyOjA2WlwifX1dIiwibmFtZSI6ImlQaG9uZXNhbyBjYW1lcmEgdHJcdTAwZWFuIGlQaG8iLCJxdWFudGl0eSI6MSwicHJpY2UiOiI2MDAwMC4wMDAiLCJpbWFnZSI6IjxpbWcgc3JjPVwiL21lZGlhL2F0dC82Ni5qcGdcIiB3aWR0aD1cIjMyMFwiIGhlaWdodD1cIjI0MFwiLz4ifSwiNV82NCI6eyJ1c2VyaWQiOjEsIml0ZW1faWQiOjY0LCJvYmoiOiJbe1wibW9kZWxcIjogXCJtYWluLnByb2R1Y3RhdHRyaWJ1dGVcIiwgXCJwa1wiOiA2NCwgXCJmaWVsZHNcIjoge1wiaWRfcHJvZHVjdFwiOiA0LCBcImF0dHJfbmFtZVwiOiBcInNhbyBjYW1lcmEgdHJcXHUwMGVhbiBpUGhvbmVzYW8gY2FtZXJhIHRyXFx1MDBlYW4gaVBob25lXCIsIFwicHJpY2VcIjogXCI5MTAwMDAuMDAwXCIsIFwicXVhbnRpdHlcIjogMiwgXCJkYXRlX2FkZFwiOiBcIjIwMjAtMDktMTFUMDM6NTA6NDJaXCIsIFwiZGF0ZV91cGRcIjogXCIyMDIwLTA5LTE4VDA4OjM4OjQ3WlwiLCBcImF2YWlsYWJsZV9kYXRlXCI6IFwiMjAyMC0wOS0xOFQwODozODo0N1pcIn19XSIsIm5hbWUiOiJzYW8gY2FtZXJhIHRyXHUwMGVhbiBpUGhvbmVzYW8gY2FtZXJhIHRyXHUwMGVhbiBpUGhvbmUiLCJxdWFudGl0eSI6MSwicHJpY2UiOiI5MTAwMDAuMDAwIiwiaW1hZ2UiOiI8aW1nIHNyYz1cIi9tZWRpYS9hdHQvNjQuanBnXCIgd2lkdGg9XCIzMjBcIiBoZWlnaHQ9XCIyNDBcIi8+In19fQ==', '2020-10-02 12:09:41.793829'),
('8stddppbf7lhvh3f73luj3zbh8p9d8b1', 'MDMwZjM4OGZkZjdlYTMwM2Y5OWFkMjM5YTM1MTQ0OTIwNmIxYjgxZDp7ImRldl9ieSI6Ikh1dSBOZ3V5ZW4ifQ==', '2020-10-20 05:37:43.334233'),
('8svwnu3gsxrgtgpx435nf0tonz4vxlkz', 'MDMwZjM4OGZkZjdlYTMwM2Y5OWFkMjM5YTM1MTQ0OTIwNmIxYjgxZDp7ImRldl9ieSI6Ikh1dSBOZ3V5ZW4ifQ==', '2020-10-23 08:14:41.689681'),
('8t0ejty5l2q425ma6l5b44yloxslv5gh', 'MDMwZjM4OGZkZjdlYTMwM2Y5OWFkMjM5YTM1MTQ0OTIwNmIxYjgxZDp7ImRldl9ieSI6Ikh1dSBOZ3V5ZW4ifQ==', '2020-10-22 03:30:31.110763'),
('8v6gu9xmylxsm3l0v6nanv25os2s6ff6', 'MDMwZjM4OGZkZjdlYTMwM2Y5OWFkMjM5YTM1MTQ0OTIwNmIxYjgxZDp7ImRldl9ieSI6Ikh1dSBOZ3V5ZW4ifQ==', '2020-10-19 17:06:44.233694'),
('8yf3h6est8r8asfqxw9d1uk7bk6dz7s0', 'MDMwZjM4OGZkZjdlYTMwM2Y5OWFkMjM5YTM1MTQ0OTIwNmIxYjgxZDp7ImRldl9ieSI6Ikh1dSBOZ3V5ZW4ifQ==', '2020-10-20 06:56:17.172562'),
('904uagupzaifg89mbv0v5uk7agozisr5', 'MDMwZjM4OGZkZjdlYTMwM2Y5OWFkMjM5YTM1MTQ0OTIwNmIxYjgxZDp7ImRldl9ieSI6Ikh1dSBOZ3V5ZW4ifQ==', '2020-10-21 01:54:35.148507'),
('90eh5aj2iykrxmx5u6df9bgox26wz57e', 'MDMwZjM4OGZkZjdlYTMwM2Y5OWFkMjM5YTM1MTQ0OTIwNmIxYjgxZDp7ImRldl9ieSI6Ikh1dSBOZ3V5ZW4ifQ==', '2020-10-23 08:22:52.796202'),
('94dsr039hy8199r2i45aw7gy4w7cwbuz', 'MDMwZjM4OGZkZjdlYTMwM2Y5OWFkMjM5YTM1MTQ0OTIwNmIxYjgxZDp7ImRldl9ieSI6Ikh1dSBOZ3V5ZW4ifQ==', '2020-10-19 08:28:57.135495'),
('94om2ozibn09hc6qkzfqos6joxsj4ex3', 'MDMwZjM4OGZkZjdlYTMwM2Y5OWFkMjM5YTM1MTQ0OTIwNmIxYjgxZDp7ImRldl9ieSI6Ikh1dSBOZ3V5ZW4ifQ==', '2020-10-20 05:05:25.778228'),
('94ptuq06nh6ebex4g6jhx53dqx7tb44o', 'MDMwZjM4OGZkZjdlYTMwM2Y5OWFkMjM5YTM1MTQ0OTIwNmIxYjgxZDp7ImRldl9ieSI6Ikh1dSBOZ3V5ZW4ifQ==', '2020-10-26 03:20:12.832439'),
('96ku23sdm1wt1qs7hsxz8wami1bdozn5', 'YmFkYzI2ZDQ1M2U4ZmE2OTYxOGQzNDE2MGU4MGQ1YTFmNjI0OTQ4NDp7Il9hdXRoX3VzZXJfaWQiOiIxIiwiX2F1dGhfdXNlcl9iYWNrZW5kIjoiZGphbmdvLmNvbnRyaWIuYXV0aC5iYWNrZW5kcy5Nb2RlbEJhY2tlbmQiLCJfYXV0aF91c2VyX2hhc2giOiIyZmJkMGQwMTcyMDUxNDQzMDhmZWE5MDM3ZjJkNTk1OThlY2QzMDc1IiwiY2FydCI6e319', '2020-09-10 03:40:11.730283'),
('98hxvegbvnpbbg1hswojzgrkf90o0rr9', 'MDMwZjM4OGZkZjdlYTMwM2Y5OWFkMjM5YTM1MTQ0OTIwNmIxYjgxZDp7ImRldl9ieSI6Ikh1dSBOZ3V5ZW4ifQ==', '2020-10-22 02:18:47.484278'),
('9b0ptps2jfkq0soko4vnf0fptgb3v031', 'MDMwZjM4OGZkZjdlYTMwM2Y5OWFkMjM5YTM1MTQ0OTIwNmIxYjgxZDp7ImRldl9ieSI6Ikh1dSBOZ3V5ZW4ifQ==', '2020-10-20 02:57:51.159628'),
('9cliet4gljj6ru60vrmkk9w1dmgbrbps', 'MDMwZjM4OGZkZjdlYTMwM2Y5OWFkMjM5YTM1MTQ0OTIwNmIxYjgxZDp7ImRldl9ieSI6Ikh1dSBOZ3V5ZW4ifQ==', '2020-10-23 07:35:42.364250'),
('9g09z0ilr77a8jlag6gzq6mpa6n27bog', 'MDMwZjM4OGZkZjdlYTMwM2Y5OWFkMjM5YTM1MTQ0OTIwNmIxYjgxZDp7ImRldl9ieSI6Ikh1dSBOZ3V5ZW4ifQ==', '2020-10-19 17:32:22.300072'),
('9h0ykhxejpvxzjl8wuubo9arfg8hd2zd', 'MDMwZjM4OGZkZjdlYTMwM2Y5OWFkMjM5YTM1MTQ0OTIwNmIxYjgxZDp7ImRldl9ieSI6Ikh1dSBOZ3V5ZW4ifQ==', '2020-10-23 08:01:03.570608'),
('9hu1vc6qcuuks2gqsqkywa4wed0jkn9y', 'MDMwZjM4OGZkZjdlYTMwM2Y5OWFkMjM5YTM1MTQ0OTIwNmIxYjgxZDp7ImRldl9ieSI6Ikh1dSBOZ3V5ZW4ifQ==', '2020-10-23 02:13:28.660340'),
('9i36qn3ff5j6g5ipn84sjazyrc6dc8sf', 'MDMwZjM4OGZkZjdlYTMwM2Y5OWFkMjM5YTM1MTQ0OTIwNmIxYjgxZDp7ImRldl9ieSI6Ikh1dSBOZ3V5ZW4ifQ==', '2020-10-21 02:52:06.611277'),
('9iasf078gfp23d5gvueq6qfoyqfv39mu', 'MDMwZjM4OGZkZjdlYTMwM2Y5OWFkMjM5YTM1MTQ0OTIwNmIxYjgxZDp7ImRldl9ieSI6Ikh1dSBOZ3V5ZW4ifQ==', '2020-10-21 07:58:15.369988'),
('9joyry0z8nzyxkurxhxs40v9hyc06rwr', 'MDMwZjM4OGZkZjdlYTMwM2Y5OWFkMjM5YTM1MTQ0OTIwNmIxYjgxZDp7ImRldl9ieSI6Ikh1dSBOZ3V5ZW4ifQ==', '2020-10-21 18:26:01.277107'),
('9mv8qlw1lfvnq18ie6plilt0gzeeploa', 'MDMwZjM4OGZkZjdlYTMwM2Y5OWFkMjM5YTM1MTQ0OTIwNmIxYjgxZDp7ImRldl9ieSI6Ikh1dSBOZ3V5ZW4ifQ==', '2020-10-19 08:16:43.339444'),
('9njx1790qiqej1jc4b6tgo6q38txtys3', 'MDMwZjM4OGZkZjdlYTMwM2Y5OWFkMjM5YTM1MTQ0OTIwNmIxYjgxZDp7ImRldl9ieSI6Ikh1dSBOZ3V5ZW4ifQ==', '2020-10-23 08:21:36.703602');
INSERT INTO `django_session` (`session_key`, `session_data`, `expire_date`) VALUES
('9nw1okr907e8qrrv9pus46u641f9saq5', 'MDMwZjM4OGZkZjdlYTMwM2Y5OWFkMjM5YTM1MTQ0OTIwNmIxYjgxZDp7ImRldl9ieSI6Ikh1dSBOZ3V5ZW4ifQ==', '2020-10-20 02:09:47.845480'),
('9pji4msnyc2w91hvwayln3xwtppgzo8x', 'MDMwZjM4OGZkZjdlYTMwM2Y5OWFkMjM5YTM1MTQ0OTIwNmIxYjgxZDp7ImRldl9ieSI6Ikh1dSBOZ3V5ZW4ifQ==', '2020-10-21 18:32:13.319453'),
('9pn7pvsktp1w5ku4lh6wi72srhmecxwl', 'MDMwZjM4OGZkZjdlYTMwM2Y5OWFkMjM5YTM1MTQ0OTIwNmIxYjgxZDp7ImRldl9ieSI6Ikh1dSBOZ3V5ZW4ifQ==', '2020-10-19 16:07:52.889429'),
('9ptx48tmm25wtrwaex4ay2h71sd0a9y7', 'MDMwZjM4OGZkZjdlYTMwM2Y5OWFkMjM5YTM1MTQ0OTIwNmIxYjgxZDp7ImRldl9ieSI6Ikh1dSBOZ3V5ZW4ifQ==', '2020-10-20 08:17:47.658107'),
('9qq7xwpgzcwrydpjit83jjiyuy4z16mr', 'MDMwZjM4OGZkZjdlYTMwM2Y5OWFkMjM5YTM1MTQ0OTIwNmIxYjgxZDp7ImRldl9ieSI6Ikh1dSBOZ3V5ZW4ifQ==', '2020-10-21 08:50:05.036456'),
('9sr7wn9qqh7yckbt1akecgq41wn8bt45', 'MDMwZjM4OGZkZjdlYTMwM2Y5OWFkMjM5YTM1MTQ0OTIwNmIxYjgxZDp7ImRldl9ieSI6Ikh1dSBOZ3V5ZW4ifQ==', '2020-10-21 07:30:59.575786'),
('9temobd66ch1kpm185dr73srb0vwae2n', 'MDMwZjM4OGZkZjdlYTMwM2Y5OWFkMjM5YTM1MTQ0OTIwNmIxYjgxZDp7ImRldl9ieSI6Ikh1dSBOZ3V5ZW4ifQ==', '2020-10-23 07:38:32.605013'),
('9u1mbonccv0meyvgxxvowo8eu1pwwja2', 'MDMwZjM4OGZkZjdlYTMwM2Y5OWFkMjM5YTM1MTQ0OTIwNmIxYjgxZDp7ImRldl9ieSI6Ikh1dSBOZ3V5ZW4ifQ==', '2020-10-23 07:37:26.156993'),
('9v7ihkxmw62214d50vjxgv8oleuu43xz', 'MDMwZjM4OGZkZjdlYTMwM2Y5OWFkMjM5YTM1MTQ0OTIwNmIxYjgxZDp7ImRldl9ieSI6Ikh1dSBOZ3V5ZW4ifQ==', '2020-10-19 15:56:38.198855'),
('9vdg3tu0o54b46fxhr5krmvpyhp6m8ar', 'MDU2ZDNiMmJhYTgxZTA3NTNhNzU5MzIyNWE5NWNhNDc5NzUxZDI5YTp7Il9hdXRoX3VzZXJfaWQiOiIxIiwiX2F1dGhfdXNlcl9iYWNrZW5kIjoiZGphbmdvLmNvbnRyaWIuYXV0aC5iYWNrZW5kcy5Nb2RlbEJhY2tlbmQiLCJfYXV0aF91c2VyX2hhc2giOiIyZmJkMGQwMTcyMDUxNDQzMDhmZWE5MDM3ZjJkNTk1OThlY2QzMDc1IiwiY2FydCI6eyI2OSI6eyJ1c2VyaWQiOjEsInByb2R1Y3RfaWQiOjY5LCJuYW1lIjoicCBiXHUxZWExbiBjaFx1MWVlNXAgXHUxZWEzbmggXHUwMTExXHUxZWI5cCwgbmhcdTAxYjBuZyBraFx1MDBmNG5ncCBiXHUxZWExbiBjaFx1MWVlNXAgXHUxZWEzbmggXHUwMTExXHUxZWI5cCwgbmhcdTAxYjBuZyBraFx1MDBmNG5nIiwicXVhbnRpdHkiOjEsInByaWNlIjoiMC4wMDEiLCJpbWFnZSI6IjxpbWcgc3JjPVwiL21lZGlhL2F0dC82OS5qcGdcIiBoZWlnaHQ9XCIyNFwiLz4ifSwiNjciOnsidXNlcmlkIjoxLCJwcm9kdWN0X2lkIjo2NywibmFtZSI6ImlQaG9uZXNhbyBjYW1lcmEgdHJcdTAwZWFuIGlQaG8gaVBob25lc2FvIGNhbWVyYSB0clx1MDBlYW4gaVBobyIsInF1YW50aXR5IjoxLCJwcmljZSI6IjAuMDAxIiwiaW1hZ2UiOiI8aW1nIHNyYz1cIi9tZWRpYS9hdHQvNjcuanBnXCIgaGVpZ2h0PVwiMjRcIi8+In0sIjY0Ijp7InVzZXJpZCI6MSwicHJvZHVjdF9pZCI6NjQsIm5hbWUiOiJzYW8gY2FtZXJhIHRyXHUwMGVhbiBpUGhvbmVzYW8gY2FtZXJhIHRyXHUwMGVhbiBpUGhvbmUiLCJxdWFudGl0eSI6MSwicHJpY2UiOiIwLjAwMSIsImltYWdlIjoiPGltZyBzcmM9XCIvbWVkaWEvYXR0LzY0LmpwZ1wiIGhlaWdodD1cIjI0XCIvPiJ9fX0=', '2020-09-30 09:08:22.112329'),
('9wnqh1m91mshfw99e7v9fythlyc3lrqf', 'MDMwZjM4OGZkZjdlYTMwM2Y5OWFkMjM5YTM1MTQ0OTIwNmIxYjgxZDp7ImRldl9ieSI6Ikh1dSBOZ3V5ZW4ifQ==', '2020-10-19 16:01:52.375642'),
('9wwrsluynbfnwecpqder5sjczdwx714k', 'MDMwZjM4OGZkZjdlYTMwM2Y5OWFkMjM5YTM1MTQ0OTIwNmIxYjgxZDp7ImRldl9ieSI6Ikh1dSBOZ3V5ZW4ifQ==', '2020-10-23 08:05:39.572191'),
('9zgtwors12l005wmu00fmud5r09bofw4', 'MDMwZjM4OGZkZjdlYTMwM2Y5OWFkMjM5YTM1MTQ0OTIwNmIxYjgxZDp7ImRldl9ieSI6Ikh1dSBOZ3V5ZW4ifQ==', '2020-10-23 01:39:48.689865'),
('a1rlcxg6rq0g276yujmn7r4xdnwq6w34', 'MDMwZjM4OGZkZjdlYTMwM2Y5OWFkMjM5YTM1MTQ0OTIwNmIxYjgxZDp7ImRldl9ieSI6Ikh1dSBOZ3V5ZW4ifQ==', '2020-10-20 02:36:42.410385'),
('a2gardbqu06rafvfz8xuhtphluvobfmk', 'YmFkYzI2ZDQ1M2U4ZmE2OTYxOGQzNDE2MGU4MGQ1YTFmNjI0OTQ4NDp7Il9hdXRoX3VzZXJfaWQiOiIxIiwiX2F1dGhfdXNlcl9iYWNrZW5kIjoiZGphbmdvLmNvbnRyaWIuYXV0aC5iYWNrZW5kcy5Nb2RlbEJhY2tlbmQiLCJfYXV0aF91c2VyX2hhc2giOiIyZmJkMGQwMTcyMDUxNDQzMDhmZWE5MDM3ZjJkNTk1OThlY2QzMDc1IiwiY2FydCI6e319', '2020-09-29 09:11:47.271147'),
('a3tlyv480zm1rx03xn8ri7bxpqgju9vs', 'MDMwZjM4OGZkZjdlYTMwM2Y5OWFkMjM5YTM1MTQ0OTIwNmIxYjgxZDp7ImRldl9ieSI6Ikh1dSBOZ3V5ZW4ifQ==', '2020-10-23 08:33:53.025721'),
('a53lbnuy543zcorbjzsd2l3v7fc9gcpv', 'MDMwZjM4OGZkZjdlYTMwM2Y5OWFkMjM5YTM1MTQ0OTIwNmIxYjgxZDp7ImRldl9ieSI6Ikh1dSBOZ3V5ZW4ifQ==', '2020-10-19 08:19:31.214970'),
('a5spy8xs52ory092wgjth96ke57aktip', 'MDMwZjM4OGZkZjdlYTMwM2Y5OWFkMjM5YTM1MTQ0OTIwNmIxYjgxZDp7ImRldl9ieSI6Ikh1dSBOZ3V5ZW4ifQ==', '2020-10-21 02:51:48.543106'),
('a6t3y9pzje0qq522a7ogrp7a36q42sto', 'MDMwZjM4OGZkZjdlYTMwM2Y5OWFkMjM5YTM1MTQ0OTIwNmIxYjgxZDp7ImRldl9ieSI6Ikh1dSBOZ3V5ZW4ifQ==', '2020-10-19 15:25:22.282545'),
('aabh4nfuo2xcph84nrdim9ag8hsr0a20', 'MDMwZjM4OGZkZjdlYTMwM2Y5OWFkMjM5YTM1MTQ0OTIwNmIxYjgxZDp7ImRldl9ieSI6Ikh1dSBOZ3V5ZW4ifQ==', '2020-10-27 03:27:15.900113'),
('ab4f74skbli7wmj25lpv0xv4m1y0qd4x', 'NzU1NDhiM2I1OWUxODhjOTg1NzY2MDZkYzJlM2E3YzhlN2RkMDE2Zjp7Il9hdXRoX3VzZXJfaWQiOiIxIiwiX2F1dGhfdXNlcl9iYWNrZW5kIjoiZGphbmdvLmNvbnRyaWIuYXV0aC5iYWNrZW5kcy5Nb2RlbEJhY2tlbmQiLCJfYXV0aF91c2VyX2hhc2giOiIyZmJkMGQwMTcyMDUxNDQzMDhmZWE5MDM3ZjJkNTk1OThlY2QzMDc1IiwiY2FydCI6eyI2XzY0Ijp7InVzZXJpZCI6MSwiaXRlbV9pZCI6NjQsIm9iaiI6Ilt7XCJtb2RlbFwiOiBcIm1haW4ucHJvZHVjdGF0dHJpYnV0ZVwiLCBcInBrXCI6IDY0LCBcImZpZWxkc1wiOiB7XCJwcm9kdWN0X2lkXCI6IDQsIFwiYXR0cl9uYW1lXCI6IFwic2FvIGNhbWVyYSB0clxcdTAwZWFuIGlQaG9uZXNhbyBjYW1lcmEgdHJcXHUwMGVhbiBpUGhvbmVcIiwgXCJwcmljZVwiOiBcIjkxMDAwMC4wMDBcIiwgXCJxdWFudGl0eVwiOiAyLCBcImRhdGVfYWRkXCI6IFwiMjAyMC0wOS0xMVQwMzo1MDo0MlpcIiwgXCJkYXRlX3VwZFwiOiBcIjIwMjAtMDktMThUMDg6Mzg6NDdaXCIsIFwiYXZhaWxhYmxlX2RhdGVcIjogXCIyMDIwLTA5LTE4VDA4OjM4OjQ3WlwifX1dIiwibmFtZSI6InNhbyBjYW1lcmEgdHJcdTAwZWFuIGlQaG9uZXNhbyBjYW1lcmEgdHJcdTAwZWFuIGlQaG9uZSIsInF1YW50aXR5IjozLCJwcmljZSI6IjkxMDAwMC4wMDAiLCJpbWFnZSI6IjxpbWcgc3JjPVwiL21lZGlhL2F0dC82NC5qcGdcIiB3aWR0aD1cIjMyMFwiIGhlaWdodD1cIjI0MFwiLz4ifSwiNl82NyI6eyJ1c2VyaWQiOjEsIml0ZW1faWQiOjY3LCJvYmoiOiJbe1wibW9kZWxcIjogXCJtYWluLnByb2R1Y3RhdHRyaWJ1dGVcIiwgXCJwa1wiOiA2NywgXCJmaWVsZHNcIjoge1wicHJvZHVjdF9pZFwiOiA0LCBcImF0dHJfbmFtZVwiOiBcImlQaG9uZXNhbyBjYW1lcmEgdHJcXHUwMGVhbiBpUGhvIGlQaG9uZXNhbyBjYW1lcmEgdHJcXHUwMGVhbiBpUGhvXCIsIFwicHJpY2VcIjogXCI5OTAwMDAuMDAwXCIsIFwicXVhbnRpdHlcIjogNSwgXCJkYXRlX2FkZFwiOiBcIjIwMjAtMDktMTFUMDM6NTA6NDJaXCIsIFwiZGF0ZV91cGRcIjogXCIyMDIwLTA5LTE4VDA4OjM5OjIyWlwiLCBcImF2YWlsYWJsZV9kYXRlXCI6IFwiMjAyMC0wOS0xOFQwODozOToyMlpcIn19XSIsIm5hbWUiOiJpUGhvbmVzYW8gY2FtZXJhIHRyXHUwMGVhbiBpUGhvIGlQaG9uZXNhbyBjYW1lcmEgdHJcdTAwZWFuIGlQaG8iLCJxdWFudGl0eSI6MSwicHJpY2UiOiI5OTAwMDAuMDAwIiwiaW1hZ2UiOiI8aW1nIHNyYz1cIi9tZWRpYS9hdHQvNjcuanBnXCIgd2lkdGg9XCIzMjBcIiBoZWlnaHQ9XCIyNDBcIi8+In19fQ==', '2020-10-07 09:05:23.401842'),
('act5qakscacnwltiiqf21ks9t3hvasiv', 'MDMwZjM4OGZkZjdlYTMwM2Y5OWFkMjM5YTM1MTQ0OTIwNmIxYjgxZDp7ImRldl9ieSI6Ikh1dSBOZ3V5ZW4ifQ==', '2020-10-23 02:07:31.362169'),
('adp0piydat87aojw0qlkmxahg878xorq', 'MDMwZjM4OGZkZjdlYTMwM2Y5OWFkMjM5YTM1MTQ0OTIwNmIxYjgxZDp7ImRldl9ieSI6Ikh1dSBOZ3V5ZW4ifQ==', '2020-10-21 08:53:18.137091'),
('ae8zrfb1inpog73el4jasdlul3p9h5hh', 'MDMwZjM4OGZkZjdlYTMwM2Y5OWFkMjM5YTM1MTQ0OTIwNmIxYjgxZDp7ImRldl9ieSI6Ikh1dSBOZ3V5ZW4ifQ==', '2020-10-21 02:51:43.773284'),
('aftugc88h9xmf55rm6814q4sp6wsegp9', 'MDMwZjM4OGZkZjdlYTMwM2Y5OWFkMjM5YTM1MTQ0OTIwNmIxYjgxZDp7ImRldl9ieSI6Ikh1dSBOZ3V5ZW4ifQ==', '2020-10-27 04:05:31.232843'),
('ak6w01d8dpzp7jga05dnp9u0fbpcuivp', 'MDMwZjM4OGZkZjdlYTMwM2Y5OWFkMjM5YTM1MTQ0OTIwNmIxYjgxZDp7ImRldl9ieSI6Ikh1dSBOZ3V5ZW4ifQ==', '2020-10-19 18:09:18.154322'),
('akv0hq44w78g5134ynicya78epyjjrxr', 'MDMwZjM4OGZkZjdlYTMwM2Y5OWFkMjM5YTM1MTQ0OTIwNmIxYjgxZDp7ImRldl9ieSI6Ikh1dSBOZ3V5ZW4ifQ==', '2020-10-20 02:59:34.971366'),
('an49ykg36o2wgcggaf5uiw7bhsu9wry7', 'MDMwZjM4OGZkZjdlYTMwM2Y5OWFkMjM5YTM1MTQ0OTIwNmIxYjgxZDp7ImRldl9ieSI6Ikh1dSBOZ3V5ZW4ifQ==', '2020-10-19 16:44:30.775064'),
('anc2ypnbmjk5etbh2pdquemc8z4esumw', 'MDMwZjM4OGZkZjdlYTMwM2Y5OWFkMjM5YTM1MTQ0OTIwNmIxYjgxZDp7ImRldl9ieSI6Ikh1dSBOZ3V5ZW4ifQ==', '2020-10-21 08:04:40.663187'),
('annsczbqxdoiy84kqjrsobh9tsyhhxe1', 'MDMwZjM4OGZkZjdlYTMwM2Y5OWFkMjM5YTM1MTQ0OTIwNmIxYjgxZDp7ImRldl9ieSI6Ikh1dSBOZ3V5ZW4ifQ==', '2020-10-20 07:53:21.385762'),
('ao64t7fmlsho8ttup8d2jm1bndnmie93', 'MDMwZjM4OGZkZjdlYTMwM2Y5OWFkMjM5YTM1MTQ0OTIwNmIxYjgxZDp7ImRldl9ieSI6Ikh1dSBOZ3V5ZW4ifQ==', '2020-10-21 08:40:07.688058'),
('aqpbicmq4p2zwcckfr3nhavs6jwompdy', 'MDMwZjM4OGZkZjdlYTMwM2Y5OWFkMjM5YTM1MTQ0OTIwNmIxYjgxZDp7ImRldl9ieSI6Ikh1dSBOZ3V5ZW4ifQ==', '2020-10-23 02:08:08.314568'),
('arnhxg8qdlgmrmny4web990zwu44jbfh', 'MDMwZjM4OGZkZjdlYTMwM2Y5OWFkMjM5YTM1MTQ0OTIwNmIxYjgxZDp7ImRldl9ieSI6Ikh1dSBOZ3V5ZW4ifQ==', '2020-10-19 16:47:45.878817'),
('awco5mugf4hunrl3f16aunj9pbn2ssbf', 'MDMwZjM4OGZkZjdlYTMwM2Y5OWFkMjM5YTM1MTQ0OTIwNmIxYjgxZDp7ImRldl9ieSI6Ikh1dSBOZ3V5ZW4ifQ==', '2020-10-20 05:39:48.270879'),
('awzqfncbisg4vtrh3f7oxm1qva1v88o0', 'MDMwZjM4OGZkZjdlYTMwM2Y5OWFkMjM5YTM1MTQ0OTIwNmIxYjgxZDp7ImRldl9ieSI6Ikh1dSBOZ3V5ZW4ifQ==', '2020-10-20 06:39:11.394340'),
('az1fxzas5seiepbyrlavlruxyhx8vxno', 'MDMwZjM4OGZkZjdlYTMwM2Y5OWFkMjM5YTM1MTQ0OTIwNmIxYjgxZDp7ImRldl9ieSI6Ikh1dSBOZ3V5ZW4ifQ==', '2020-10-20 02:43:15.462730'),
('b0d6835h0gk65bcs1xp1qdxp7m0y12tr', 'MDMwZjM4OGZkZjdlYTMwM2Y5OWFkMjM5YTM1MTQ0OTIwNmIxYjgxZDp7ImRldl9ieSI6Ikh1dSBOZ3V5ZW4ifQ==', '2020-10-19 17:23:11.455111'),
('b0wedyxs6qmvroolr6bmk46xcssyh132', 'MDMwZjM4OGZkZjdlYTMwM2Y5OWFkMjM5YTM1MTQ0OTIwNmIxYjgxZDp7ImRldl9ieSI6Ikh1dSBOZ3V5ZW4ifQ==', '2020-10-19 17:09:19.159417'),
('b2koxmqupoo1fwbbcqgsnhe14449nmtj', 'MDMwZjM4OGZkZjdlYTMwM2Y5OWFkMjM5YTM1MTQ0OTIwNmIxYjgxZDp7ImRldl9ieSI6Ikh1dSBOZ3V5ZW4ifQ==', '2020-10-20 05:23:39.223919'),
('b3jeg0sbtxj0p5oaqn1xppvaioijqbb0', 'MDMwZjM4OGZkZjdlYTMwM2Y5OWFkMjM5YTM1MTQ0OTIwNmIxYjgxZDp7ImRldl9ieSI6Ikh1dSBOZ3V5ZW4ifQ==', '2020-10-19 16:57:06.645693'),
('b4607r9vrkeqng8ylx9dhd2vzovafcx1', 'MDMwZjM4OGZkZjdlYTMwM2Y5OWFkMjM5YTM1MTQ0OTIwNmIxYjgxZDp7ImRldl9ieSI6Ikh1dSBOZ3V5ZW4ifQ==', '2020-10-21 01:58:52.643137'),
('b4ol9z5ecbpzn2dlwr460v9t9w2n434u', 'MDMwZjM4OGZkZjdlYTMwM2Y5OWFkMjM5YTM1MTQ0OTIwNmIxYjgxZDp7ImRldl9ieSI6Ikh1dSBOZ3V5ZW4ifQ==', '2020-10-22 01:54:07.127017'),
('b4xbduc2uxowhcyytzwrqrphqk2g34wf', 'YmFkYzI2ZDQ1M2U4ZmE2OTYxOGQzNDE2MGU4MGQ1YTFmNjI0OTQ4NDp7Il9hdXRoX3VzZXJfaWQiOiIxIiwiX2F1dGhfdXNlcl9iYWNrZW5kIjoiZGphbmdvLmNvbnRyaWIuYXV0aC5iYWNrZW5kcy5Nb2RlbEJhY2tlbmQiLCJfYXV0aF91c2VyX2hhc2giOiIyZmJkMGQwMTcyMDUxNDQzMDhmZWE5MDM3ZjJkNTk1OThlY2QzMDc1IiwiY2FydCI6e319', '2020-09-29 17:35:45.743182'),
('b5yqei02zswox5eglo8dt383qhcr6ygy', 'MDMwZjM4OGZkZjdlYTMwM2Y5OWFkMjM5YTM1MTQ0OTIwNmIxYjgxZDp7ImRldl9ieSI6Ikh1dSBOZ3V5ZW4ifQ==', '2020-10-23 07:33:11.678173'),
('b8ax269kicdvk27g0akkm7t9ltf9a861', 'MDMwZjM4OGZkZjdlYTMwM2Y5OWFkMjM5YTM1MTQ0OTIwNmIxYjgxZDp7ImRldl9ieSI6Ikh1dSBOZ3V5ZW4ifQ==', '2020-10-21 03:39:39.773367'),
('b902vm7iwry1jwb493srzzoxxm8adwk1', 'MDMwZjM4OGZkZjdlYTMwM2Y5OWFkMjM5YTM1MTQ0OTIwNmIxYjgxZDp7ImRldl9ieSI6Ikh1dSBOZ3V5ZW4ifQ==', '2020-10-20 04:10:41.382469'),
('baxmadng7la64wmzsnwbarh07625cifb', 'MDMwZjM4OGZkZjdlYTMwM2Y5OWFkMjM5YTM1MTQ0OTIwNmIxYjgxZDp7ImRldl9ieSI6Ikh1dSBOZ3V5ZW4ifQ==', '2020-10-19 17:32:50.195890'),
('bbw4ckbpw5wex4dizddkf05ol5m4ep3u', 'MDMwZjM4OGZkZjdlYTMwM2Y5OWFkMjM5YTM1MTQ0OTIwNmIxYjgxZDp7ImRldl9ieSI6Ikh1dSBOZ3V5ZW4ifQ==', '2020-10-20 02:50:48.177030'),
('bcjz21aas3b2psgvpcmw5h9wlb77q01o', 'MDk3ZjcxMGUxNzJjNmJiOTk3MDRkMGRiMzcwMGVhZTA1ODcwMTJkZTp7Imhhc19zaWRlYmFyX3JpZ2h0IjpmYWxzZSwiaGFzX3NpZGViYXJfbGVmdCI6ZmFsc2V9', '2020-10-19 07:41:52.730816'),
('bdwxhh27r8pw539kmc06zx1z4m37ms0b', 'MDMwZjM4OGZkZjdlYTMwM2Y5OWFkMjM5YTM1MTQ0OTIwNmIxYjgxZDp7ImRldl9ieSI6Ikh1dSBOZ3V5ZW4ifQ==', '2020-10-22 03:30:27.694902'),
('bgcp06nzq9vc3awpq3nkv6dyb7e63ypg', 'MDMwZjM4OGZkZjdlYTMwM2Y5OWFkMjM5YTM1MTQ0OTIwNmIxYjgxZDp7ImRldl9ieSI6Ikh1dSBOZ3V5ZW4ifQ==', '2020-10-23 07:47:42.922261'),
('bilq92zvb0jkxii1rpxjltwt5ou97cyl', 'MDMwZjM4OGZkZjdlYTMwM2Y5OWFkMjM5YTM1MTQ0OTIwNmIxYjgxZDp7ImRldl9ieSI6Ikh1dSBOZ3V5ZW4ifQ==', '2020-10-23 08:01:27.477048'),
('blx353arwruonrd7ne33o0vvcxk96aig', 'MDMwZjM4OGZkZjdlYTMwM2Y5OWFkMjM5YTM1MTQ0OTIwNmIxYjgxZDp7ImRldl9ieSI6Ikh1dSBOZ3V5ZW4ifQ==', '2020-10-27 03:27:18.557030'),
('boacrmxrziroqqq0yfehxo74qjvy75w5', 'MDMwZjM4OGZkZjdlYTMwM2Y5OWFkMjM5YTM1MTQ0OTIwNmIxYjgxZDp7ImRldl9ieSI6Ikh1dSBOZ3V5ZW4ifQ==', '2020-10-21 08:45:36.254482'),
('bp9rccyk6sqold0i96ht46cqror4ygva', 'OGQ2YTQ0Yjg4ZmQxZWNlYzkyMWQ3NmQ0MmI4NzE0YTU0MGZhN2FjMzp7fQ==', '2020-10-02 16:25:42.251426'),
('bpsh3j946m35i13cp2cfcw062sa549rg', 'MDMwZjM4OGZkZjdlYTMwM2Y5OWFkMjM5YTM1MTQ0OTIwNmIxYjgxZDp7ImRldl9ieSI6Ikh1dSBOZ3V5ZW4ifQ==', '2020-10-20 07:12:17.308718'),
('bq94dowqnchzpmqgmfda1octzpc23mfd', 'MDMwZjM4OGZkZjdlYTMwM2Y5OWFkMjM5YTM1MTQ0OTIwNmIxYjgxZDp7ImRldl9ieSI6Ikh1dSBOZ3V5ZW4ifQ==', '2020-10-21 03:22:33.249353'),
('bqnw155nsgebyuxkhpi8fya4rtubnu7x', 'YmFkYzI2ZDQ1M2U4ZmE2OTYxOGQzNDE2MGU4MGQ1YTFmNjI0OTQ4NDp7Il9hdXRoX3VzZXJfaWQiOiIxIiwiX2F1dGhfdXNlcl9iYWNrZW5kIjoiZGphbmdvLmNvbnRyaWIuYXV0aC5iYWNrZW5kcy5Nb2RlbEJhY2tlbmQiLCJfYXV0aF91c2VyX2hhc2giOiIyZmJkMGQwMTcyMDUxNDQzMDhmZWE5MDM3ZjJkNTk1OThlY2QzMDc1IiwiY2FydCI6e319', '2020-09-17 21:22:33.426264'),
('br4tllx7f2kz3rl32zfliv4ncg0oa0lw', 'MDMwZjM4OGZkZjdlYTMwM2Y5OWFkMjM5YTM1MTQ0OTIwNmIxYjgxZDp7ImRldl9ieSI6Ikh1dSBOZ3V5ZW4ifQ==', '2020-10-23 02:11:44.437977'),
('bsejfhncjsld96oqoy7ec7e9zl3huilw', 'MDMwZjM4OGZkZjdlYTMwM2Y5OWFkMjM5YTM1MTQ0OTIwNmIxYjgxZDp7ImRldl9ieSI6Ikh1dSBOZ3V5ZW4ifQ==', '2020-10-19 17:13:50.523507'),
('btaa86c8wgcmeoacpcgjwelppulqepue', 'MDMwZjM4OGZkZjdlYTMwM2Y5OWFkMjM5YTM1MTQ0OTIwNmIxYjgxZDp7ImRldl9ieSI6Ikh1dSBOZ3V5ZW4ifQ==', '2020-10-20 08:18:18.941106'),
('bti7aenwgvdtz7vfjggtz4hld909i6jc', 'MDMwZjM4OGZkZjdlYTMwM2Y5OWFkMjM5YTM1MTQ0OTIwNmIxYjgxZDp7ImRldl9ieSI6Ikh1dSBOZ3V5ZW4ifQ==', '2020-10-19 17:15:19.125271'),
('btkj987djjmont68opij4g5qo6s6tsbx', 'MDMwZjM4OGZkZjdlYTMwM2Y5OWFkMjM5YTM1MTQ0OTIwNmIxYjgxZDp7ImRldl9ieSI6Ikh1dSBOZ3V5ZW4ifQ==', '2020-10-20 06:38:36.088532'),
('bw2v1u3yskti2tvxelselhwc0et3v6w6', 'MDMwZjM4OGZkZjdlYTMwM2Y5OWFkMjM5YTM1MTQ0OTIwNmIxYjgxZDp7ImRldl9ieSI6Ikh1dSBOZ3V5ZW4ifQ==', '2020-10-21 16:46:15.752854'),
('bwhdhh5h7fhes041izgqahit4jjybuzt', 'Mzc4MmY0MGY0MDNiOGJjMjZkZmFiYTMyMTI5NzQyMzc5NTI0MTgwYTp7Il9hdXRoX3VzZXJfaWQiOiIxIiwiX2F1dGhfdXNlcl9iYWNrZW5kIjoiZGphbmdvLmNvbnRyaWIuYXV0aC5iYWNrZW5kcy5Nb2RlbEJhY2tlbmQiLCJfYXV0aF91c2VyX2hhc2giOiIyMWQ0ZDlmYTJlZWU5MGVhYjgxOGU2MjkwNjc5NmQwMjg4NDdlNDU1In0=', '2020-07-14 16:21:00.168553'),
('bwmvt6tu8nuw0u00s94x9t52yxvgd0sc', 'MDMwZjM4OGZkZjdlYTMwM2Y5OWFkMjM5YTM1MTQ0OTIwNmIxYjgxZDp7ImRldl9ieSI6Ikh1dSBOZ3V5ZW4ifQ==', '2020-10-21 11:35:52.911696'),
('bwtd6ha71ph55hqsu5rgqqb04dx52dit', 'MDMwZjM4OGZkZjdlYTMwM2Y5OWFkMjM5YTM1MTQ0OTIwNmIxYjgxZDp7ImRldl9ieSI6Ikh1dSBOZ3V5ZW4ifQ==', '2020-10-19 15:57:52.303923'),
('bwtenp6n5l93qj3medno4diqla1tgs28', 'YTZkMGVmMDI3MzEzYmIwYzk2Y2Y1ZTlmYzhhYjllZmFiNTgyMjU5Njp7Il9hdXRoX3VzZXJfaWQiOiIxIiwiX2F1dGhfdXNlcl9iYWNrZW5kIjoiZGphbmdvLmNvbnRyaWIuYXV0aC5iYWNrZW5kcy5Nb2RlbEJhY2tlbmQiLCJfYXV0aF91c2VyX2hhc2giOiIyZmJkMGQwMTcyMDUxNDQzMDhmZWE5MDM3ZjJkNTk1OThlY2QzMDc1In0=', '2020-08-27 10:17:01.526752'),
('byro8bqd2nltv4lynzmeewp4vn9cpj8v', 'MDMwZjM4OGZkZjdlYTMwM2Y5OWFkMjM5YTM1MTQ0OTIwNmIxYjgxZDp7ImRldl9ieSI6Ikh1dSBOZ3V5ZW4ifQ==', '2020-10-21 02:13:24.837700'),
('bzxeitind248x1zor82chmb0rn7o9cir', 'MDMwZjM4OGZkZjdlYTMwM2Y5OWFkMjM5YTM1MTQ0OTIwNmIxYjgxZDp7ImRldl9ieSI6Ikh1dSBOZ3V5ZW4ifQ==', '2020-10-21 03:39:41.956145'),
('c0dh02mbcgopqmpwu89lk2ordqd2q7rl', 'MDMwZjM4OGZkZjdlYTMwM2Y5OWFkMjM5YTM1MTQ0OTIwNmIxYjgxZDp7ImRldl9ieSI6Ikh1dSBOZ3V5ZW4ifQ==', '2020-10-22 04:20:17.577866'),
('c1d1xfv8wm5jplbgjhh5sj8as4m3clr6', 'MDMwZjM4OGZkZjdlYTMwM2Y5OWFkMjM5YTM1MTQ0OTIwNmIxYjgxZDp7ImRldl9ieSI6Ikh1dSBOZ3V5ZW4ifQ==', '2020-10-21 18:16:37.813686'),
('c2ajwqtv15ulmnmxj37sc8hjzhgpv395', 'MDMwZjM4OGZkZjdlYTMwM2Y5OWFkMjM5YTM1MTQ0OTIwNmIxYjgxZDp7ImRldl9ieSI6Ikh1dSBOZ3V5ZW4ifQ==', '2020-10-21 03:27:33.905250'),
('c2fpnx9c3b78igk3aeixqxt23mjngh2p', 'MDMwZjM4OGZkZjdlYTMwM2Y5OWFkMjM5YTM1MTQ0OTIwNmIxYjgxZDp7ImRldl9ieSI6Ikh1dSBOZ3V5ZW4ifQ==', '2020-10-20 05:53:54.847295'),
('c3grzumwjz1zqmljtovgrpcei2fog9dt', 'YmFkYzI2ZDQ1M2U4ZmE2OTYxOGQzNDE2MGU4MGQ1YTFmNjI0OTQ4NDp7Il9hdXRoX3VzZXJfaWQiOiIxIiwiX2F1dGhfdXNlcl9iYWNrZW5kIjoiZGphbmdvLmNvbnRyaWIuYXV0aC5iYWNrZW5kcy5Nb2RlbEJhY2tlbmQiLCJfYXV0aF91c2VyX2hhc2giOiIyZmJkMGQwMTcyMDUxNDQzMDhmZWE5MDM3ZjJkNTk1OThlY2QzMDc1IiwiY2FydCI6e319', '2020-09-11 10:28:20.494289'),
('c3vf4vjqk3325dqopp3utok2a8xm7bg1', 'YmFkYzI2ZDQ1M2U4ZmE2OTYxOGQzNDE2MGU4MGQ1YTFmNjI0OTQ4NDp7Il9hdXRoX3VzZXJfaWQiOiIxIiwiX2F1dGhfdXNlcl9iYWNrZW5kIjoiZGphbmdvLmNvbnRyaWIuYXV0aC5iYWNrZW5kcy5Nb2RlbEJhY2tlbmQiLCJfYXV0aF91c2VyX2hhc2giOiIyZmJkMGQwMTcyMDUxNDQzMDhmZWE5MDM3ZjJkNTk1OThlY2QzMDc1IiwiY2FydCI6e319', '2020-10-22 09:09:00.006548'),
('c44sy8a6nby3p6kvwe95xeqt1osbdkjb', 'MDMwZjM4OGZkZjdlYTMwM2Y5OWFkMjM5YTM1MTQ0OTIwNmIxYjgxZDp7ImRldl9ieSI6Ikh1dSBOZ3V5ZW4ifQ==', '2020-10-20 05:36:49.886818'),
('c563sdvcbjeu5ga8er8u13cwux986j5s', 'MDMwZjM4OGZkZjdlYTMwM2Y5OWFkMjM5YTM1MTQ0OTIwNmIxYjgxZDp7ImRldl9ieSI6Ikh1dSBOZ3V5ZW4ifQ==', '2020-10-23 08:09:56.219467'),
('c6btdddw5x4p48c31gd95zaz7gundx2a', 'MDMwZjM4OGZkZjdlYTMwM2Y5OWFkMjM5YTM1MTQ0OTIwNmIxYjgxZDp7ImRldl9ieSI6Ikh1dSBOZ3V5ZW4ifQ==', '2020-10-19 17:23:04.957287'),
('cb7w7ap77jzxu59dtt15f1ug8xqaiyoy', 'MDMwZjM4OGZkZjdlYTMwM2Y5OWFkMjM5YTM1MTQ0OTIwNmIxYjgxZDp7ImRldl9ieSI6Ikh1dSBOZ3V5ZW4ifQ==', '2020-10-20 05:40:05.196907'),
('cbgyacx11rezm77ynseipq3xqlvnutmg', 'MDMwZjM4OGZkZjdlYTMwM2Y5OWFkMjM5YTM1MTQ0OTIwNmIxYjgxZDp7ImRldl9ieSI6Ikh1dSBOZ3V5ZW4ifQ==', '2020-10-22 03:43:29.633285'),
('cclujmrm4agqul927kv4qussndnij22j', 'MDMwZjM4OGZkZjdlYTMwM2Y5OWFkMjM5YTM1MTQ0OTIwNmIxYjgxZDp7ImRldl9ieSI6Ikh1dSBOZ3V5ZW4ifQ==', '2020-10-20 09:04:47.581384'),
('cddt4nxmmirurs39t31f7z981q5bm8tr', 'MDMwZjM4OGZkZjdlYTMwM2Y5OWFkMjM5YTM1MTQ0OTIwNmIxYjgxZDp7ImRldl9ieSI6Ikh1dSBOZ3V5ZW4ifQ==', '2020-10-20 05:28:00.533062'),
('cdzpa2v1eqwa3t2bucnvwgwe8ge740ia', 'MDMwZjM4OGZkZjdlYTMwM2Y5OWFkMjM5YTM1MTQ0OTIwNmIxYjgxZDp7ImRldl9ieSI6Ikh1dSBOZ3V5ZW4ifQ==', '2020-10-22 08:48:28.419557'),
('ce2eyo50w8coti1di69xxj2ojp00m962', 'MDMwZjM4OGZkZjdlYTMwM2Y5OWFkMjM5YTM1MTQ0OTIwNmIxYjgxZDp7ImRldl9ieSI6Ikh1dSBOZ3V5ZW4ifQ==', '2020-10-20 07:50:34.206419'),
('ceb64ik2hrdedyqsds1ew8xio83rrb66', 'MDMwZjM4OGZkZjdlYTMwM2Y5OWFkMjM5YTM1MTQ0OTIwNmIxYjgxZDp7ImRldl9ieSI6Ikh1dSBOZ3V5ZW4ifQ==', '2020-10-21 07:38:19.521610'),
('cgxnaczj29a1gn6p6frutber6m59p0mv', 'MDMwZjM4OGZkZjdlYTMwM2Y5OWFkMjM5YTM1MTQ0OTIwNmIxYjgxZDp7ImRldl9ieSI6Ikh1dSBOZ3V5ZW4ifQ==', '2020-10-20 05:54:51.273511'),
('chddqgky19wm2v2frv8028rce8cksjbz', 'MDMwZjM4OGZkZjdlYTMwM2Y5OWFkMjM5YTM1MTQ0OTIwNmIxYjgxZDp7ImRldl9ieSI6Ikh1dSBOZ3V5ZW4ifQ==', '2020-10-19 17:36:40.601477'),
('ck9oxa2nl3kdxeig1pmxew3ll6vtf812', 'MDMwZjM4OGZkZjdlYTMwM2Y5OWFkMjM5YTM1MTQ0OTIwNmIxYjgxZDp7ImRldl9ieSI6Ikh1dSBOZ3V5ZW4ifQ==', '2020-10-19 17:34:47.019299'),
('cl2wlnqfbtpudb5yj8iopzauhlggpahd', 'MDMwZjM4OGZkZjdlYTMwM2Y5OWFkMjM5YTM1MTQ0OTIwNmIxYjgxZDp7ImRldl9ieSI6Ikh1dSBOZ3V5ZW4ifQ==', '2020-10-21 18:01:13.729309'),
('clkr5esvmgye5qw4j019v6lbvtwej3im', 'MDMwZjM4OGZkZjdlYTMwM2Y5OWFkMjM5YTM1MTQ0OTIwNmIxYjgxZDp7ImRldl9ieSI6Ikh1dSBOZ3V5ZW4ifQ==', '2020-10-23 07:51:53.461645'),
('cm716udkvyqhmzxgo8f9ky5q4bgklmnt', 'MDMwZjM4OGZkZjdlYTMwM2Y5OWFkMjM5YTM1MTQ0OTIwNmIxYjgxZDp7ImRldl9ieSI6Ikh1dSBOZ3V5ZW4ifQ==', '2020-10-21 16:45:25.263969'),
('cmgb2bons3uyvk8jzruycefzu5w86y2e', 'MDMwZjM4OGZkZjdlYTMwM2Y5OWFkMjM5YTM1MTQ0OTIwNmIxYjgxZDp7ImRldl9ieSI6Ikh1dSBOZ3V5ZW4ifQ==', '2020-10-20 04:50:02.923652'),
('cno482ff657lifud5kbe9wrj0bftb06z', 'YmFkYzI2ZDQ1M2U4ZmE2OTYxOGQzNDE2MGU4MGQ1YTFmNjI0OTQ4NDp7Il9hdXRoX3VzZXJfaWQiOiIxIiwiX2F1dGhfdXNlcl9iYWNrZW5kIjoiZGphbmdvLmNvbnRyaWIuYXV0aC5iYWNrZW5kcy5Nb2RlbEJhY2tlbmQiLCJfYXV0aF91c2VyX2hhc2giOiIyZmJkMGQwMTcyMDUxNDQzMDhmZWE5MDM3ZjJkNTk1OThlY2QzMDc1IiwiY2FydCI6e319', '2020-09-04 10:40:41.792676'),
('cofxmqa8k9gcevkzpjdod6mt48ibr6zp', 'MDMwZjM4OGZkZjdlYTMwM2Y5OWFkMjM5YTM1MTQ0OTIwNmIxYjgxZDp7ImRldl9ieSI6Ikh1dSBOZ3V5ZW4ifQ==', '2020-10-21 07:49:52.091621'),
('coggi96q2mv94utkyfw3062o1ojk17jx', 'MDMwZjM4OGZkZjdlYTMwM2Y5OWFkMjM5YTM1MTQ0OTIwNmIxYjgxZDp7ImRldl9ieSI6Ikh1dSBOZ3V5ZW4ifQ==', '2020-10-21 01:49:54.491813'),
('coul550pgeyvq1invfy5pnid61gupptk', 'MDMwZjM4OGZkZjdlYTMwM2Y5OWFkMjM5YTM1MTQ0OTIwNmIxYjgxZDp7ImRldl9ieSI6Ikh1dSBOZ3V5ZW4ifQ==', '2020-10-20 03:02:14.843820'),
('cq68k5szqsr6fgffeadwymhxosml2b3z', 'MDMwZjM4OGZkZjdlYTMwM2Y5OWFkMjM5YTM1MTQ0OTIwNmIxYjgxZDp7ImRldl9ieSI6Ikh1dSBOZ3V5ZW4ifQ==', '2020-10-19 17:25:20.804534'),
('cqhr6t8ulrdems59leh5811jcpmik63w', 'MDMwZjM4OGZkZjdlYTMwM2Y5OWFkMjM5YTM1MTQ0OTIwNmIxYjgxZDp7ImRldl9ieSI6Ikh1dSBOZ3V5ZW4ifQ==', '2020-10-21 07:55:17.356682'),
('cqs1bwgunvu074eeaxvacvsadmn3b1kt', 'MDMwZjM4OGZkZjdlYTMwM2Y5OWFkMjM5YTM1MTQ0OTIwNmIxYjgxZDp7ImRldl9ieSI6Ikh1dSBOZ3V5ZW4ifQ==', '2020-10-20 05:25:00.699187'),
('crkct97vzfu9lfnjrk8d55iz5d5inzoy', 'MDMwZjM4OGZkZjdlYTMwM2Y5OWFkMjM5YTM1MTQ0OTIwNmIxYjgxZDp7ImRldl9ieSI6Ikh1dSBOZ3V5ZW4ifQ==', '2020-10-19 09:03:50.559431'),
('cubimwfde7t6g64lyujmdaj8dthixoyr', 'MDMwZjM4OGZkZjdlYTMwM2Y5OWFkMjM5YTM1MTQ0OTIwNmIxYjgxZDp7ImRldl9ieSI6Ikh1dSBOZ3V5ZW4ifQ==', '2020-10-21 08:01:16.307689'),
('cvbqz8cxqaorqzyy1izh19822jt8c2ae', 'MDMwZjM4OGZkZjdlYTMwM2Y5OWFkMjM5YTM1MTQ0OTIwNmIxYjgxZDp7ImRldl9ieSI6Ikh1dSBOZ3V5ZW4ifQ==', '2020-10-23 08:25:25.660181'),
('cwi12fwm8dyggpqe2ly18xvy024ogsi1', 'MDMwZjM4OGZkZjdlYTMwM2Y5OWFkMjM5YTM1MTQ0OTIwNmIxYjgxZDp7ImRldl9ieSI6Ikh1dSBOZ3V5ZW4ifQ==', '2020-10-19 15:56:16.420473'),
('cxwlb7k7t4dsdjc1b64c4jtkl8m21g63', 'MDMwZjM4OGZkZjdlYTMwM2Y5OWFkMjM5YTM1MTQ0OTIwNmIxYjgxZDp7ImRldl9ieSI6Ikh1dSBOZ3V5ZW4ifQ==', '2020-10-21 01:48:48.236268'),
('cyoq58zobldxypnnncchl9umd9af8on5', 'MDMwZjM4OGZkZjdlYTMwM2Y5OWFkMjM5YTM1MTQ0OTIwNmIxYjgxZDp7ImRldl9ieSI6Ikh1dSBOZ3V5ZW4ifQ==', '2020-10-19 17:16:40.633264'),
('d0hqe7lvufejbmhv2ytbscdr4adb6t80', 'MDMwZjM4OGZkZjdlYTMwM2Y5OWFkMjM5YTM1MTQ0OTIwNmIxYjgxZDp7ImRldl9ieSI6Ikh1dSBOZ3V5ZW4ifQ==', '2020-10-21 18:22:50.108894'),
('d1hivk8ynbyb1o1wbhxnr40gagztvax7', 'MDMwZjM4OGZkZjdlYTMwM2Y5OWFkMjM5YTM1MTQ0OTIwNmIxYjgxZDp7ImRldl9ieSI6Ikh1dSBOZ3V5ZW4ifQ==', '2020-10-20 07:10:15.458520'),
('d35c4yyl070swfc1z8nh53v0q56hs90x', 'MDMwZjM4OGZkZjdlYTMwM2Y5OWFkMjM5YTM1MTQ0OTIwNmIxYjgxZDp7ImRldl9ieSI6Ikh1dSBOZ3V5ZW4ifQ==', '2020-10-23 01:56:03.924031'),
('d780bsry5ut5yo3loh7jockx4gs6vixa', 'MDMwZjM4OGZkZjdlYTMwM2Y5OWFkMjM5YTM1MTQ0OTIwNmIxYjgxZDp7ImRldl9ieSI6Ikh1dSBOZ3V5ZW4ifQ==', '2020-10-21 18:01:16.201411'),
('d7f23xzhpn2sldd0zigz0jq4ebyy6qil', 'MDMwZjM4OGZkZjdlYTMwM2Y5OWFkMjM5YTM1MTQ0OTIwNmIxYjgxZDp7ImRldl9ieSI6Ikh1dSBOZ3V5ZW4ifQ==', '2020-10-22 03:55:58.190286'),
('d7xy3t2tcyw0lauhsw498mxoiv2p9t4q', 'MDMwZjM4OGZkZjdlYTMwM2Y5OWFkMjM5YTM1MTQ0OTIwNmIxYjgxZDp7ImRldl9ieSI6Ikh1dSBOZ3V5ZW4ifQ==', '2020-10-23 01:54:13.225224'),
('d8volyyhteurjnn8w4dlo730hw6pmx0h', 'MDMwZjM4OGZkZjdlYTMwM2Y5OWFkMjM5YTM1MTQ0OTIwNmIxYjgxZDp7ImRldl9ieSI6Ikh1dSBOZ3V5ZW4ifQ==', '2020-10-23 08:30:50.272177'),
('d91d56b9p0a53rqdau10btppxvx5cwvj', 'MDMwZjM4OGZkZjdlYTMwM2Y5OWFkMjM5YTM1MTQ0OTIwNmIxYjgxZDp7ImRldl9ieSI6Ikh1dSBOZ3V5ZW4ifQ==', '2020-10-23 07:36:41.734724'),
('d9oevov30ur73uq2hxlcrddw2sur1x38', 'MDMwZjM4OGZkZjdlYTMwM2Y5OWFkMjM5YTM1MTQ0OTIwNmIxYjgxZDp7ImRldl9ieSI6Ikh1dSBOZ3V5ZW4ifQ==', '2020-10-21 11:21:27.972516'),
('ddwdzausuaah56vapehpahcy7gbg2x2z', 'MDMwZjM4OGZkZjdlYTMwM2Y5OWFkMjM5YTM1MTQ0OTIwNmIxYjgxZDp7ImRldl9ieSI6Ikh1dSBOZ3V5ZW4ifQ==', '2020-10-21 16:45:45.756973'),
('dggo7epqaeaz6l2s67ob20b1v5borm1q', 'MDMwZjM4OGZkZjdlYTMwM2Y5OWFkMjM5YTM1MTQ0OTIwNmIxYjgxZDp7ImRldl9ieSI6Ikh1dSBOZ3V5ZW4ifQ==', '2020-10-23 08:33:41.709540'),
('dgifdcm1a43jp5j1jy5rejrw0wvk25dc', 'MDMwZjM4OGZkZjdlYTMwM2Y5OWFkMjM5YTM1MTQ0OTIwNmIxYjgxZDp7ImRldl9ieSI6Ikh1dSBOZ3V5ZW4ifQ==', '2020-10-20 02:39:53.485911'),
('dn5tk7xy5lxmmvzpuv6liyw1i28tu6at', 'MDMwZjM4OGZkZjdlYTMwM2Y5OWFkMjM5YTM1MTQ0OTIwNmIxYjgxZDp7ImRldl9ieSI6Ikh1dSBOZ3V5ZW4ifQ==', '2020-10-20 02:44:44.719541'),
('dni1wcch8gdqjrefxnxjh22hn56aag48', 'MDMwZjM4OGZkZjdlYTMwM2Y5OWFkMjM5YTM1MTQ0OTIwNmIxYjgxZDp7ImRldl9ieSI6Ikh1dSBOZ3V5ZW4ifQ==', '2020-10-21 18:09:55.515106'),
('dnroyd9dqplgrtx4rqh1kdnzjtm0md35', 'MDMwZjM4OGZkZjdlYTMwM2Y5OWFkMjM5YTM1MTQ0OTIwNmIxYjgxZDp7ImRldl9ieSI6Ikh1dSBOZ3V5ZW4ifQ==', '2020-10-19 08:57:14.558342'),
('dorvit2xafptssm9vb4onz74hp5ww2nz', 'MDMwZjM4OGZkZjdlYTMwM2Y5OWFkMjM5YTM1MTQ0OTIwNmIxYjgxZDp7ImRldl9ieSI6Ikh1dSBOZ3V5ZW4ifQ==', '2020-10-20 05:45:15.925106'),
('dpigxxr2quv2x1jmydlprwk2l8s17p1x', 'MDMwZjM4OGZkZjdlYTMwM2Y5OWFkMjM5YTM1MTQ0OTIwNmIxYjgxZDp7ImRldl9ieSI6Ikh1dSBOZ3V5ZW4ifQ==', '2020-10-23 08:21:46.427675'),
('dr8jzdqe3mqvsqg7utulmg0m2xz1l0u4', 'YmFkYzI2ZDQ1M2U4ZmE2OTYxOGQzNDE2MGU4MGQ1YTFmNjI0OTQ4NDp7Il9hdXRoX3VzZXJfaWQiOiIxIiwiX2F1dGhfdXNlcl9iYWNrZW5kIjoiZGphbmdvLmNvbnRyaWIuYXV0aC5iYWNrZW5kcy5Nb2RlbEJhY2tlbmQiLCJfYXV0aF91c2VyX2hhc2giOiIyZmJkMGQwMTcyMDUxNDQzMDhmZWE5MDM3ZjJkNTk1OThlY2QzMDc1IiwiY2FydCI6e319', '2020-10-13 17:50:28.430821'),
('dspe2xt1gbew8wpcnencgp6kc038p8dg', 'MDMwZjM4OGZkZjdlYTMwM2Y5OWFkMjM5YTM1MTQ0OTIwNmIxYjgxZDp7ImRldl9ieSI6Ikh1dSBOZ3V5ZW4ifQ==', '2020-10-21 08:50:54.080862'),
('dvzora0ic99y9rthpc6c8ru4s5lba4to', 'YTZkMGVmMDI3MzEzYmIwYzk2Y2Y1ZTlmYzhhYjllZmFiNTgyMjU5Njp7Il9hdXRoX3VzZXJfaWQiOiIxIiwiX2F1dGhfdXNlcl9iYWNrZW5kIjoiZGphbmdvLmNvbnRyaWIuYXV0aC5iYWNrZW5kcy5Nb2RlbEJhY2tlbmQiLCJfYXV0aF91c2VyX2hhc2giOiIyZmJkMGQwMTcyMDUxNDQzMDhmZWE5MDM3ZjJkNTk1OThlY2QzMDc1In0=', '2020-08-26 02:21:59.856680'),
('dwuu39avavmsqi4xfpznsagzme1l5rj8', 'MDMwZjM4OGZkZjdlYTMwM2Y5OWFkMjM5YTM1MTQ0OTIwNmIxYjgxZDp7ImRldl9ieSI6Ikh1dSBOZ3V5ZW4ifQ==', '2020-10-21 08:51:39.337027'),
('dxcd3p582pe2us7755b015awwj03yz39', 'MDMwZjM4OGZkZjdlYTMwM2Y5OWFkMjM5YTM1MTQ0OTIwNmIxYjgxZDp7ImRldl9ieSI6Ikh1dSBOZ3V5ZW4ifQ==', '2020-10-19 17:16:12.188824'),
('dy5868aod1yrxa8kedkpg8gaawh0lfg4', 'MDMwZjM4OGZkZjdlYTMwM2Y5OWFkMjM5YTM1MTQ0OTIwNmIxYjgxZDp7ImRldl9ieSI6Ikh1dSBOZ3V5ZW4ifQ==', '2020-10-19 07:43:58.048238'),
('dyibxhzmuawhxmysjz557orgj7k5x2b6', 'YjYyYzBlNWMzZWIyMjI2ZjNjNjJkNzk2NjU1MDE1YzI0NWIzM2M5NDp7Il9hdXRoX3VzZXJfaWQiOiIxIiwiX2F1dGhfdXNlcl9iYWNrZW5kIjoiZGphbmdvLmNvbnRyaWIuYXV0aC5iYWNrZW5kcy5Nb2RlbEJhY2tlbmQiLCJfYXV0aF91c2VyX2hhc2giOiIyZmJkMGQwMTcyMDUxNDQzMDhmZWE5MDM3ZjJkNTk1OThlY2QzMDc1IiwiY2FydCI6eyI2XzcwIjp7InVzZXJpZCI6MSwiaXRlbV9pZCI6NzAsIm9iaiI6Ilt7XCJtb2RlbFwiOiBcIm1haW4ucHJvZHVjdGF0dHJpYnV0ZVwiLCBcInBrXCI6IDcwLCBcImZpZWxkc1wiOiB7XCJwcm9kdWN0X2lkXCI6IDQsIFwiYXR0cl9uYW1lXCI6IFwibWVyYSBjXFx1MWVlN2EgQXBwbGUgZ2lcXHUwMGZhcCBiXFx1MWVhMW4gY2hcXHUxZWU1cCBcXHUxZWEzXCIsIFwicHJpY2VcIjogXCI3NDAwMDAuMDAwXCIsIFwicXVhbnRpdHlcIjogNCwgXCJkYXRlX2FkZFwiOiBcIjIwMjAtMDktMTFUMDM6NTA6NDJaXCIsIFwiZGF0ZV91cGRcIjogXCIyMDIwLTA5LTE4VDA4OjQwOjQ4WlwiLCBcImF2YWlsYWJsZV9kYXRlXCI6IFwiMjAyMC0wOS0xOFQwODo0MDo0OFpcIn19XSIsIm5hbWUiOiJtZXJhIGNcdTFlZTdhIEFwcGxlIGdpXHUwMGZhcCBiXHUxZWExbiBjaFx1MWVlNXAgXHUxZWEzIiwicXVhbnRpdHkiOjEsInByaWNlIjoiNzQwMDAwLjAwMCIsImltYWdlIjoiPGltZyBzcmM9XCIvbWVkaWEvYXR0LzcwLmpwZ1wiIHdpZHRoPVwiMzIwXCIgaGVpZ2h0PVwiMjQwXCIvPiJ9LCI2XzY5Ijp7InVzZXJpZCI6MSwiaXRlbV9pZCI6NjksIm9iaiI6Ilt7XCJtb2RlbFwiOiBcIm1haW4ucHJvZHVjdGF0dHJpYnV0ZVwiLCBcInBrXCI6IDY5LCBcImZpZWxkc1wiOiB7XCJwcm9kdWN0X2lkXCI6IDQsIFwiYXR0cl9uYW1lXCI6IFwicCBiXFx1MWVhMW4gY2hcXHUxZWU1cCBcXHUxZWEzbmggXFx1MDExMVxcdTFlYjlwLCBuaFxcdTAxYjBuZyBraFxcdTAwZjRuZ3AgYlxcdTFlYTFuIGNoXFx1MWVlNXAgXFx1MWVhM25oIFxcdTAxMTFcXHUxZWI5cCwgbmhcXHUwMWIwbmcga2hcXHUwMGY0bmdcIiwgXCJwcmljZVwiOiBcIjQ4MDAwMC4wMDBcIiwgXCJxdWFudGl0eVwiOiA0LCBcImRhdGVfYWRkXCI6IFwiMjAyMC0wOS0xMVQwMzo1MDo0MlpcIiwgXCJkYXRlX3VwZFwiOiBcIjIwMjAtMDktMThUMDg6NDA6MTNaXCIsIFwiYXZhaWxhYmxlX2RhdGVcIjogXCIyMDIwLTA5LTE4VDA4OjQwOjEzWlwifX1dIiwibmFtZSI6InAgYlx1MWVhMW4gY2hcdTFlZTVwIFx1MWVhM25oIFx1MDExMVx1MWViOXAsIG5oXHUwMWIwbmcga2hcdTAwZjRuZ3AgYlx1MWVhMW4gY2hcdTFlZTVwIFx1MWVhM25oIFx1MDExMVx1MWViOXAsIG5oXHUwMWIwbmcga2hcdTAwZjRuZyIsInF1YW50aXR5IjoxLCJwcmljZSI6IjQ4MDAwMC4wMDAiLCJpbWFnZSI6IjxpbWcgc3JjPVwiL21lZGlhL2F0dC82OS5qcGdcIiB3aWR0aD1cIjMyMFwiIGhlaWdodD1cIjI0MFwiLz4ifSwiNl82OCI6eyJ1c2VyaWQiOjEsIml0ZW1faWQiOjY4LCJvYmoiOiJbe1wibW9kZWxcIjogXCJtYWluLnByb2R1Y3RhdHRyaWJ1dGVcIiwgXCJwa1wiOiA2OCwgXCJmaWVsZHNcIjoge1wicHJvZHVjdF9pZFwiOiA0LCBcImF0dHJfbmFtZVwiOiBcInAgYlxcdTFlYTFuIGNoXFx1MWVlNXAgXFx1MWVhM25oIFxcdTAxMTFcXHUxZWI5cCwgbmhcXHUwMWIwbmcga2hcXHUwMGY0bmdcIiwgXCJwcmljZVwiOiBcIjQxMDAwMC4wMDBcIiwgXCJxdWFudGl0eVwiOiA2LCBcImRhdGVfYWRkXCI6IFwiMjAyMC0wOS0xMVQwMzo1MDo0MlpcIiwgXCJkYXRlX3VwZFwiOiBcIjIwMjAtMDktMThUMDg6NDE6MjlaXCIsIFwiYXZhaWxhYmxlX2RhdGVcIjogXCIyMDIwLTA5LTE4VDA4OjQxOjI5WlwifX1dIiwibmFtZSI6InAgYlx1MWVhMW4gY2hcdTFlZTVwIFx1MWVhM25oIFx1MDExMVx1MWViOXAsIG5oXHUwMWIwbmcga2hcdTAwZjRuZyIsInF1YW50aXR5IjoxLCJwcmljZSI6IjQxMDAwMC4wMDAiLCJpbWFnZSI6IjxpbWcgc3JjPVwiL21lZGlhL2F0dC82OC5qcGdcIiB3aWR0aD1cIjMyMFwiIGhlaWdodD1cIjI0MFwiLz4ifSwiNl82NSI6eyJ1c2VyaWQiOjEsIml0ZW1faWQiOjY1LCJvYmoiOiJbe1wibW9kZWxcIjogXCJtYWluLnByb2R1Y3RhdHRyaWJ1dGVcIiwgXCJwa1wiOiA2NSwgXCJmaWVsZHNcIjoge1wicHJvZHVjdF9pZFwiOiA0LCBcImF0dHJfbmFtZVwiOiBcInNhbyBjYW1lcmEgdHJcXHUwMGVhbiBpUGhvbmVzYW8gY2FtZXJhIHRyXFx1MDBlYW4gaVBob25lc2FvIGNhbWVyYSB0clxcdTAwZWFuIGlQaG9uZVwiLCBcInByaWNlXCI6IFwiOTkwMDAwLjAwMFwiLCBcInF1YW50aXR5XCI6IDMsIFwiZGF0ZV9hZGRcIjogXCIyMDIwLTA5LTExVDAzOjUwOjQyWlwiLCBcImRhdGVfdXBkXCI6IFwiMjAyMC0wOS0xOFQwODo0Mjo0OFpcIiwgXCJhdmFpbGFibGVfZGF0ZVwiOiBcIjIwMjAtMDktMThUMDg6NDI6NDhaXCJ9fV0iLCJuYW1lIjoic2FvIGNhbWVyYSB0clx1MDBlYW4gaVBob25lc2FvIGNhbWVyYSB0clx1MDBlYW4gaVBob25lc2FvIGNhbWVyYSB0clx1MDBlYW4gaVBob25lIiwicXVhbnRpdHkiOjEsInByaWNlIjoiOTkwMDAwLjAwMCIsImltYWdlIjoiPGltZyBzcmM9XCIvbWVkaWEvYXR0LzY1LmpwZ1wiIHdpZHRoPVwiMzIwXCIgaGVpZ2h0PVwiMjQwXCIvPiJ9LCI2XzY0Ijp7InVzZXJpZCI6MSwiaXRlbV9pZCI6NjQsIm9iaiI6Ilt7XCJtb2RlbFwiOiBcIm1haW4ucHJvZHVjdGF0dHJpYnV0ZVwiLCBcInBrXCI6IDY0LCBcImZpZWxkc1wiOiB7XCJwcm9kdWN0X2lkXCI6IDQsIFwiYXR0cl9uYW1lXCI6IFwic2FvIGNhbWVyYSB0clxcdTAwZWFuIGlQaG9uZXNhbyBjYW1lcmEgdHJcXHUwMGVhbiBpUGhvbmVcIiwgXCJwcmljZVwiOiBcIjkxMDAwMC4wMDBcIiwgXCJxdWFudGl0eVwiOiAyLCBcImRhdGVfYWRkXCI6IFwiMjAyMC0wOS0xMVQwMzo1MDo0MlpcIiwgXCJkYXRlX3VwZFwiOiBcIjIwMjAtMDktMThUMDg6Mzg6NDdaXCIsIFwiYXZhaWxhYmxlX2RhdGVcIjogXCIyMDIwLTA5LTE4VDA4OjM4OjQ3WlwifX1dIiwibmFtZSI6InNhbyBjYW1lcmEgdHJcdTAwZWFuIGlQaG9uZXNhbyBjYW1lcmEgdHJcdTAwZWFuIGlQaG9uZSIsInF1YW50aXR5IjoxLCJwcmljZSI6IjkxMDAwMC4wMDAiLCJpbWFnZSI6IjxpbWcgc3JjPVwiL21lZGlhL2F0dC82NC5qcGdcIiB3aWR0aD1cIjMyMFwiIGhlaWdodD1cIjI0MFwiLz4ifX19', '2020-10-06 06:24:47.105641'),
('dyubug7p2itrc4ro95qdns513zt2cxp4', 'MDMwZjM4OGZkZjdlYTMwM2Y5OWFkMjM5YTM1MTQ0OTIwNmIxYjgxZDp7ImRldl9ieSI6Ikh1dSBOZ3V5ZW4ifQ==', '2020-10-19 16:10:57.035284'),
('e0acrfu8d0wumia586388jdljylkc10d', 'MDMwZjM4OGZkZjdlYTMwM2Y5OWFkMjM5YTM1MTQ0OTIwNmIxYjgxZDp7ImRldl9ieSI6Ikh1dSBOZ3V5ZW4ifQ==', '2020-10-21 07:43:44.725369'),
('e0rinbd6ilk7u16goj62r64ajvqy9abp', 'MDMwZjM4OGZkZjdlYTMwM2Y5OWFkMjM5YTM1MTQ0OTIwNmIxYjgxZDp7ImRldl9ieSI6Ikh1dSBOZ3V5ZW4ifQ==', '2020-10-21 02:02:23.845802'),
('e1qp9604i9e7vu7drdho32hmfnigey77', 'MDMwZjM4OGZkZjdlYTMwM2Y5OWFkMjM5YTM1MTQ0OTIwNmIxYjgxZDp7ImRldl9ieSI6Ikh1dSBOZ3V5ZW4ifQ==', '2020-10-21 07:53:01.220742'),
('e23x7rbiptc0lreiscknr2g0ysy6kdte', 'MDMwZjM4OGZkZjdlYTMwM2Y5OWFkMjM5YTM1MTQ0OTIwNmIxYjgxZDp7ImRldl9ieSI6Ikh1dSBOZ3V5ZW4ifQ==', '2020-10-19 08:57:43.686615'),
('e3inur0bolj3u25cww25akmwpyrmtq11', 'MDMwZjM4OGZkZjdlYTMwM2Y5OWFkMjM5YTM1MTQ0OTIwNmIxYjgxZDp7ImRldl9ieSI6Ikh1dSBOZ3V5ZW4ifQ==', '2020-10-23 07:06:01.842119'),
('e5telbyie468apf6ihulejv8cpoytkdp', 'MDMwZjM4OGZkZjdlYTMwM2Y5OWFkMjM5YTM1MTQ0OTIwNmIxYjgxZDp7ImRldl9ieSI6Ikh1dSBOZ3V5ZW4ifQ==', '2020-10-19 08:16:59.562320'),
('e6u12p1mwhc48e57nzixtxb53ckso3go', 'YTZkMGVmMDI3MzEzYmIwYzk2Y2Y1ZTlmYzhhYjllZmFiNTgyMjU5Njp7Il9hdXRoX3VzZXJfaWQiOiIxIiwiX2F1dGhfdXNlcl9iYWNrZW5kIjoiZGphbmdvLmNvbnRyaWIuYXV0aC5iYWNrZW5kcy5Nb2RlbEJhY2tlbmQiLCJfYXV0aF91c2VyX2hhc2giOiIyZmJkMGQwMTcyMDUxNDQzMDhmZWE5MDM3ZjJkNTk1OThlY2QzMDc1In0=', '2020-08-31 02:01:33.576538'),
('e70jjbvq3ym1sqpvamuretos2ymfkfi1', 'MDMwZjM4OGZkZjdlYTMwM2Y5OWFkMjM5YTM1MTQ0OTIwNmIxYjgxZDp7ImRldl9ieSI6Ikh1dSBOZ3V5ZW4ifQ==', '2020-10-21 03:12:23.429602'),
('e7c3ts28xzccgl9lsw79du51pv0m64nl', 'MDMwZjM4OGZkZjdlYTMwM2Y5OWFkMjM5YTM1MTQ0OTIwNmIxYjgxZDp7ImRldl9ieSI6Ikh1dSBOZ3V5ZW4ifQ==', '2020-10-22 08:33:44.946513'),
('e9ayvm2a3qmelnrwpgzh7cpd5f16qsez', 'MDMwZjM4OGZkZjdlYTMwM2Y5OWFkMjM5YTM1MTQ0OTIwNmIxYjgxZDp7ImRldl9ieSI6Ikh1dSBOZ3V5ZW4ifQ==', '2020-10-19 16:29:28.798387'),
('e9srjwn7kcf30d0ylcz36t744m6neuet', 'MDMwZjM4OGZkZjdlYTMwM2Y5OWFkMjM5YTM1MTQ0OTIwNmIxYjgxZDp7ImRldl9ieSI6Ikh1dSBOZ3V5ZW4ifQ==', '2020-10-20 05:46:28.086975'),
('eddcb2v35qjsxslvpzlfy4uygz24cax6', 'YmFkYzI2ZDQ1M2U4ZmE2OTYxOGQzNDE2MGU4MGQ1YTFmNjI0OTQ4NDp7Il9hdXRoX3VzZXJfaWQiOiIxIiwiX2F1dGhfdXNlcl9iYWNrZW5kIjoiZGphbmdvLmNvbnRyaWIuYXV0aC5iYWNrZW5kcy5Nb2RlbEJhY2tlbmQiLCJfYXV0aF91c2VyX2hhc2giOiIyZmJkMGQwMTcyMDUxNDQzMDhmZWE5MDM3ZjJkNTk1OThlY2QzMDc1IiwiY2FydCI6e319', '2020-09-17 13:28:12.227227'),
('eegipa4ngk9z2p1cdneq9pk1txu5jv2n', 'MDMwZjM4OGZkZjdlYTMwM2Y5OWFkMjM5YTM1MTQ0OTIwNmIxYjgxZDp7ImRldl9ieSI6Ikh1dSBOZ3V5ZW4ifQ==', '2020-10-20 07:55:54.404402'),
('eg7wcr34vdq1cmhi0age6cusezsiujfh', 'MDMwZjM4OGZkZjdlYTMwM2Y5OWFkMjM5YTM1MTQ0OTIwNmIxYjgxZDp7ImRldl9ieSI6Ikh1dSBOZ3V5ZW4ifQ==', '2020-10-20 05:28:09.817159'),
('egutnbmq4eag0a5dr5iddc603y8lr489', 'MDMwZjM4OGZkZjdlYTMwM2Y5OWFkMjM5YTM1MTQ0OTIwNmIxYjgxZDp7ImRldl9ieSI6Ikh1dSBOZ3V5ZW4ifQ==', '2020-10-21 01:56:41.379737'),
('eh73e52u64i0dpsgjtug0s9jutqff1dp', 'MDMwZjM4OGZkZjdlYTMwM2Y5OWFkMjM5YTM1MTQ0OTIwNmIxYjgxZDp7ImRldl9ieSI6Ikh1dSBOZ3V5ZW4ifQ==', '2020-10-21 18:33:59.478841'),
('ej32dltnlsr6it18lqku2l2awfwl5hvo', 'MDMwZjM4OGZkZjdlYTMwM2Y5OWFkMjM5YTM1MTQ0OTIwNmIxYjgxZDp7ImRldl9ieSI6Ikh1dSBOZ3V5ZW4ifQ==', '2020-10-22 03:08:44.930769'),
('ej66fug1udtkvigta21mwe17v8uk8jlp', 'MDMwZjM4OGZkZjdlYTMwM2Y5OWFkMjM5YTM1MTQ0OTIwNmIxYjgxZDp7ImRldl9ieSI6Ikh1dSBOZ3V5ZW4ifQ==', '2020-10-23 06:50:21.777662'),
('ek3uc2c35qi7xf5x1qu69tw4gjbcnhji', 'MDMwZjM4OGZkZjdlYTMwM2Y5OWFkMjM5YTM1MTQ0OTIwNmIxYjgxZDp7ImRldl9ieSI6Ikh1dSBOZ3V5ZW4ifQ==', '2020-10-19 17:03:04.392667'),
('ek7vf6inpndv6ot182t43fvj2aidaasu', 'MDMwZjM4OGZkZjdlYTMwM2Y5OWFkMjM5YTM1MTQ0OTIwNmIxYjgxZDp7ImRldl9ieSI6Ikh1dSBOZ3V5ZW4ifQ==', '2020-10-23 07:59:53.335003'),
('ekkok2bqy6sslqo6z89357951lp2uyr2', 'MDMwZjM4OGZkZjdlYTMwM2Y5OWFkMjM5YTM1MTQ0OTIwNmIxYjgxZDp7ImRldl9ieSI6Ikh1dSBOZ3V5ZW4ifQ==', '2020-10-21 01:49:46.071551'),
('elhhyrqyq1jodbmlaqsxdq6a83s1zthf', 'MDMwZjM4OGZkZjdlYTMwM2Y5OWFkMjM5YTM1MTQ0OTIwNmIxYjgxZDp7ImRldl9ieSI6Ikh1dSBOZ3V5ZW4ifQ==', '2020-10-19 16:57:49.977752'),
('embn14egvlzizsm5bzd3mws40in3bsc6', 'MDMwZjM4OGZkZjdlYTMwM2Y5OWFkMjM5YTM1MTQ0OTIwNmIxYjgxZDp7ImRldl9ieSI6Ikh1dSBOZ3V5ZW4ifQ==', '2020-10-21 02:02:27.892727'),
('eotk3xyalssxdl3bjldxyq9ymi3xm06w', 'MDMwZjM4OGZkZjdlYTMwM2Y5OWFkMjM5YTM1MTQ0OTIwNmIxYjgxZDp7ImRldl9ieSI6Ikh1dSBOZ3V5ZW4ifQ==', '2020-10-19 16:05:44.141932'),
('es56zii77cgald3n6l8zxdk0m9c84bln', 'MDMwZjM4OGZkZjdlYTMwM2Y5OWFkMjM5YTM1MTQ0OTIwNmIxYjgxZDp7ImRldl9ieSI6Ikh1dSBOZ3V5ZW4ifQ==', '2020-10-20 05:42:31.871863'),
('ex7huoai3cobi8kazjyjdxrwjf1dwhou', 'MDMwZjM4OGZkZjdlYTMwM2Y5OWFkMjM5YTM1MTQ0OTIwNmIxYjgxZDp7ImRldl9ieSI6Ikh1dSBOZ3V5ZW4ifQ==', '2020-10-19 16:47:24.283909'),
('eynv0n186l9ra2ph3743bu04b046kmh3', 'YmFkYzI2ZDQ1M2U4ZmE2OTYxOGQzNDE2MGU4MGQ1YTFmNjI0OTQ4NDp7Il9hdXRoX3VzZXJfaWQiOiIxIiwiX2F1dGhfdXNlcl9iYWNrZW5kIjoiZGphbmdvLmNvbnRyaWIuYXV0aC5iYWNrZW5kcy5Nb2RlbEJhY2tlbmQiLCJfYXV0aF91c2VyX2hhc2giOiIyZmJkMGQwMTcyMDUxNDQzMDhmZWE5MDM3ZjJkNTk1OThlY2QzMDc1IiwiY2FydCI6e319', '2020-09-17 09:18:36.584560'),
('ez16iyusix4an9m434gbp5vaphib0p0c', 'MDMwZjM4OGZkZjdlYTMwM2Y5OWFkMjM5YTM1MTQ0OTIwNmIxYjgxZDp7ImRldl9ieSI6Ikh1dSBOZ3V5ZW4ifQ==', '2020-10-21 02:13:51.021314'),
('f0n4y736xpsy9xy8nglzuiatvxgg5m4v', 'MDMwZjM4OGZkZjdlYTMwM2Y5OWFkMjM5YTM1MTQ0OTIwNmIxYjgxZDp7ImRldl9ieSI6Ikh1dSBOZ3V5ZW4ifQ==', '2020-10-23 07:51:35.833468'),
('f1gsyx5ii60o1ypjfxac0tbke7v14pze', 'MDMwZjM4OGZkZjdlYTMwM2Y5OWFkMjM5YTM1MTQ0OTIwNmIxYjgxZDp7ImRldl9ieSI6Ikh1dSBOZ3V5ZW4ifQ==', '2020-10-20 07:52:59.581992'),
('f2rfazl7an4dab68cjr06sov7dp6ql91', 'ZDk5YTQxMzIwYTBjN2ExZTM3ZWY2N2Q0Nzc1NTJjYjg1ZmIzYzljYjp7Il9hdXRoX3VzZXJfaWQiOiIxIiwiX2F1dGhfdXNlcl9iYWNrZW5kIjoiZGphbmdvLmNvbnRyaWIuYXV0aC5iYWNrZW5kcy5Nb2RlbEJhY2tlbmQiLCJfYXV0aF91c2VyX2hhc2giOiIyZmJkMGQwMTcyMDUxNDQzMDhmZWE5MDM3ZjJkNTk1OThlY2QzMDc1IiwiY2FydCI6eyI0XzY0Ijp7InVzZXJpZCI6MSwiaXRlbV9pZCI6NjQsIm9iaiI6Ilt7XCJtb2RlbFwiOiBcIm1haW4ucHJvZHVjdGF0dHJpYnV0ZVwiLCBcInBrXCI6IDY0LCBcImZpZWxkc1wiOiB7XCJpZF9wcm9kdWN0XCI6IDQsIFwiYXR0cl9uYW1lXCI6IFwic2FvIGNhbWVyYSB0clxcdTAwZWFuIGlQaG9uZXNhbyBjYW1lcmEgdHJcXHUwMGVhbiBpUGhvbmVcIiwgXCJwcmljZVwiOiBcIjEwMDAwLjAwMFwiLCBcInF1YW50aXR5XCI6IDIsIFwiZGF0ZV9hZGRcIjogXCIyMDIwLTA5LTExVDAzOjUwOjQyWlwiLCBcImRhdGVfdXBkXCI6IFwiMjAyMC0wOS0xNVQwNDozODowM1pcIiwgXCJhdmFpbGFibGVfZGF0ZVwiOiBcIjIwMjAtMDktMTVUMDQ6Mzg6MDNaXCJ9fV0iLCJuYW1lIjoic2FvIGNhbWVyYSB0clx1MDBlYW4gaVBob25lc2FvIGNhbWVyYSB0clx1MDBlYW4gaVBob25lIiwicXVhbnRpdHkiOjMsInByaWNlIjoiMTAwMDAuMDAwIiwiaW1hZ2UiOiI8aW1nIHNyYz1cIi9tZWRpYS9hdHQvNjQuanBnXCIgd2lkdGg9XCIzMjBcIiBoZWlnaHQ9XCIyNDBcIi8+In0sIjRfNjciOnsidXNlcmlkIjoxLCJpdGVtX2lkIjo2Nywib2JqIjoiW3tcIm1vZGVsXCI6IFwibWFpbi5wcm9kdWN0YXR0cmlidXRlXCIsIFwicGtcIjogNjcsIFwiZmllbGRzXCI6IHtcImlkX3Byb2R1Y3RcIjogNCwgXCJhdHRyX25hbWVcIjogXCJpUGhvbmVzYW8gY2FtZXJhIHRyXFx1MDBlYW4gaVBobyBpUGhvbmVzYW8gY2FtZXJhIHRyXFx1MDBlYW4gaVBob1wiLCBcInByaWNlXCI6IFwiMjAwMDAuMDAwXCIsIFwicXVhbnRpdHlcIjogNSwgXCJkYXRlX2FkZFwiOiBcIjIwMjAtMDktMTFUMDM6NTA6NDJaXCIsIFwiZGF0ZV91cGRcIjogXCIyMDIwLTA5LTE1VDA0OjM4OjAzWlwiLCBcImF2YWlsYWJsZV9kYXRlXCI6IFwiMjAyMC0wOS0xNVQwNDozODowM1pcIn19XSIsIm5hbWUiOiJpUGhvbmVzYW8gY2FtZXJhIHRyXHUwMGVhbiBpUGhvIGlQaG9uZXNhbyBjYW1lcmEgdHJcdTAwZWFuIGlQaG8iLCJxdWFudGl0eSI6MSwicHJpY2UiOiIyMDAwMC4wMDAiLCJpbWFnZSI6IjxpbWcgc3JjPVwiL21lZGlhL2F0dC82Ny5qcGdcIiB3aWR0aD1cIjMyMFwiIGhlaWdodD1cIjI0MFwiLz4ifSwiNF82OSI6eyJ1c2VyaWQiOjEsIml0ZW1faWQiOjY5LCJvYmoiOiJbe1wibW9kZWxcIjogXCJtYWluLnByb2R1Y3RhdHRyaWJ1dGVcIiwgXCJwa1wiOiA2OSwgXCJmaWVsZHNcIjoge1wiaWRfcHJvZHVjdFwiOiA0LCBcImF0dHJfbmFtZVwiOiBcInAgYlxcdTFlYTFuIGNoXFx1MWVlNXAgXFx1MWVhM25oIFxcdTAxMTFcXHUxZWI5cCwgbmhcXHUwMWIwbmcga2hcXHUwMGY0bmdwIGJcXHUxZWExbiBjaFxcdTFlZTVwIFxcdTFlYTNuaCBcXHUwMTExXFx1MWViOXAsIG5oXFx1MDFiMG5nIGtoXFx1MDBmNG5nXCIsIFwicHJpY2VcIjogXCIyMDAwMC4wMDBcIiwgXCJxdWFudGl0eVwiOiA0LCBcImRhdGVfYWRkXCI6IFwiMjAyMC0wOS0xMVQwMzo1MDo0MlpcIiwgXCJkYXRlX3VwZFwiOiBcIjIwMjAtMDktMTVUMDQ6Mzg6MDNaXCIsIFwiYXZhaWxhYmxlX2RhdGVcIjogXCIyMDIwLTA5LTE1VDA0OjM4OjAzWlwifX1dIiwibmFtZSI6InAgYlx1MWVhMW4gY2hcdTFlZTVwIFx1MWVhM25oIFx1MDExMVx1MWViOXAsIG5oXHUwMWIwbmcga2hcdTAwZjRuZ3AgYlx1MWVhMW4gY2hcdTFlZTVwIFx1MWVhM25oIFx1MDExMVx1MWViOXAsIG5oXHUwMWIwbmcga2hcdTAwZjRuZyIsInF1YW50aXR5IjoxLCJwcmljZSI6IjIwMDAwLjAwMCIsImltYWdlIjoiPGltZyBzcmM9XCIvbWVkaWEvYXR0LzY5LmpwZ1wiIHdpZHRoPVwiMzIwXCIgaGVpZ2h0PVwiMjQwXCIvPiJ9LCI0XzcwIjp7InVzZXJpZCI6MSwiaXRlbV9pZCI6NzAsIm9iaiI6Ilt7XCJtb2RlbFwiOiBcIm1haW4ucHJvZHVjdGF0dHJpYnV0ZVwiLCBcInBrXCI6IDcwLCBcImZpZWxkc1wiOiB7XCJpZF9wcm9kdWN0XCI6IDQsIFwiYXR0cl9uYW1lXCI6IFwibWVyYSBjXFx1MWVlN2EgQXBwbGUgZ2lcXHUwMGZhcCBiXFx1MWVhMW4gY2hcXHUxZWU1cCBcXHUxZWEzXCIsIFwicHJpY2VcIjogXCIyMDAwMC4wMDBcIiwgXCJxdWFudGl0eVwiOiA0LCBcImRhdGVfYWRkXCI6IFwiMjAyMC0wOS0xMVQwMzo1MDo0MlpcIiwgXCJkYXRlX3VwZFwiOiBcIjIwMjAtMDktMTVUMDQ6NDA6MDNaXCIsIFwiYXZhaWxhYmxlX2RhdGVcIjogXCIyMDIwLTA5LTE1VDA0OjQwOjAzWlwifX1dIiwibmFtZSI6Im1lcmEgY1x1MWVlN2EgQXBwbGUgZ2lcdTAwZmFwIGJcdTFlYTFuIGNoXHUxZWU1cCBcdTFlYTMiLCJxdWFudGl0eSI6MSwicHJpY2UiOiIyMDAwMC4wMDAiLCJpbWFnZSI6IjxpbWcgc3JjPVwiL21lZGlhL2F0dC83MC5qcGdcIiB3aWR0aD1cIjMyMFwiIGhlaWdodD1cIjI0MFwiLz4ifSwiNF82NSI6eyJ1c2VyaWQiOjEsIml0ZW1faWQiOjY1LCJvYmoiOiJbe1wibW9kZWxcIjogXCJtYWluLnByb2R1Y3RhdHRyaWJ1dGVcIiwgXCJwa1wiOiA2NSwgXCJmaWVsZHNcIjoge1wiaWRfcHJvZHVjdFwiOiA0LCBcImF0dHJfbmFtZVwiOiBcInNhbyBjYW1lcmEgdHJcXHUwMGVhbiBpUGhvbmVzYW8gY2FtZXJhIHRyXFx1MDBlYW4gaVBob25lc2FvIGNhbWVyYSB0clxcdTAwZWFuIGlQaG9uZVwiLCBcInByaWNlXCI6IFwiMzAwMDAuMDAwXCIsIFwicXVhbnRpdHlcIjogMywgXCJkYXRlX2FkZFwiOiBcIjIwMjAtMDktMTFUMDM6NTA6NDJaXCIsIFwiZGF0ZV91cGRcIjogXCIyMDIwLTA5LTE1VDA0OjM4OjAzWlwiLCBcImF2YWlsYWJsZV9kYXRlXCI6IFwiMjAyMC0wOS0xNVQwNDozODowM1pcIn19XSIsIm5hbWUiOiJzYW8gY2FtZXJhIHRyXHUwMGVhbiBpUGhvbmVzYW8gY2FtZXJhIHRyXHUwMGVhbiBpUGhvbmVzYW8gY2FtZXJhIHRyXHUwMGVhbiBpUGhvbmUiLCJxdWFudGl0eSI6MSwicHJpY2UiOiIzMDAwMC4wMDAiLCJpbWFnZSI6IjxpbWcgc3JjPVwiL21lZGlhL2F0dC82NS5qcGdcIiB3aWR0aD1cIjMyMFwiIGhlaWdodD1cIjI0MFwiLz4ifX19', '2020-10-02 04:30:32.320249'),
('f3oib0n7xll1rr4lg9eyf1uvqqab96se', 'MDMwZjM4OGZkZjdlYTMwM2Y5OWFkMjM5YTM1MTQ0OTIwNmIxYjgxZDp7ImRldl9ieSI6Ikh1dSBOZ3V5ZW4ifQ==', '2020-10-20 03:55:45.814508'),
('f4b2u04gnakev5w36ne02p16o3j10hmh', 'MDMwZjM4OGZkZjdlYTMwM2Y5OWFkMjM5YTM1MTQ0OTIwNmIxYjgxZDp7ImRldl9ieSI6Ikh1dSBOZ3V5ZW4ifQ==', '2020-10-20 03:36:45.435270'),
('f5ogt3pci8mqpafib81gun8sn4lwlo88', 'MDMwZjM4OGZkZjdlYTMwM2Y5OWFkMjM5YTM1MTQ0OTIwNmIxYjgxZDp7ImRldl9ieSI6Ikh1dSBOZ3V5ZW4ifQ==', '2020-10-19 09:12:05.108325'),
('f74nsor2uc1sl72a1h6ns89yvkgns5s2', 'MDMwZjM4OGZkZjdlYTMwM2Y5OWFkMjM5YTM1MTQ0OTIwNmIxYjgxZDp7ImRldl9ieSI6Ikh1dSBOZ3V5ZW4ifQ==', '2020-10-23 08:33:51.223913'),
('f7pqb9v7gmzk32fsfhvpzi0s1s5u8j09', 'MDMwZjM4OGZkZjdlYTMwM2Y5OWFkMjM5YTM1MTQ0OTIwNmIxYjgxZDp7ImRldl9ieSI6Ikh1dSBOZ3V5ZW4ifQ==', '2020-10-19 15:21:22.845596'),
('f7ty3ioescv06fn1cb1ifjv0s2f6ejjy', 'MDMwZjM4OGZkZjdlYTMwM2Y5OWFkMjM5YTM1MTQ0OTIwNmIxYjgxZDp7ImRldl9ieSI6Ikh1dSBOZ3V5ZW4ifQ==', '2020-10-23 08:31:55.165416'),
('fafigb6yogcjlnvqboefvkcqnm70sg5c', 'MDMwZjM4OGZkZjdlYTMwM2Y5OWFkMjM5YTM1MTQ0OTIwNmIxYjgxZDp7ImRldl9ieSI6Ikh1dSBOZ3V5ZW4ifQ==', '2020-10-21 18:28:20.509182'),
('fauf6vey0o3au4v674idyqhb94688il1', 'MDMwZjM4OGZkZjdlYTMwM2Y5OWFkMjM5YTM1MTQ0OTIwNmIxYjgxZDp7ImRldl9ieSI6Ikh1dSBOZ3V5ZW4ifQ==', '2020-10-19 15:22:01.015932'),
('fb8ollhwrehflb5qn2sx1gl45mmu5rv0', 'MDMwZjM4OGZkZjdlYTMwM2Y5OWFkMjM5YTM1MTQ0OTIwNmIxYjgxZDp7ImRldl9ieSI6Ikh1dSBOZ3V5ZW4ifQ==', '2020-10-21 03:37:48.066976'),
('fbvniqvcmfx4dkmjz67ulpcbpwrt8saf', 'MDMwZjM4OGZkZjdlYTMwM2Y5OWFkMjM5YTM1MTQ0OTIwNmIxYjgxZDp7ImRldl9ieSI6Ikh1dSBOZ3V5ZW4ifQ==', '2020-10-19 17:13:11.572746'),
('fdrlwxn641o1al95p0gq7l3dht0c31bs', 'MDMwZjM4OGZkZjdlYTMwM2Y5OWFkMjM5YTM1MTQ0OTIwNmIxYjgxZDp7ImRldl9ieSI6Ikh1dSBOZ3V5ZW4ifQ==', '2020-10-20 07:13:18.817059'),
('ffgkzz40md77nzfy8aaqpitebvf89xp9', 'MDMwZjM4OGZkZjdlYTMwM2Y5OWFkMjM5YTM1MTQ0OTIwNmIxYjgxZDp7ImRldl9ieSI6Ikh1dSBOZ3V5ZW4ifQ==', '2020-10-21 08:40:47.867376'),
('ffh9q2jrfgd4dev12nbmiijr5xnac0z8', 'MDMwZjM4OGZkZjdlYTMwM2Y5OWFkMjM5YTM1MTQ0OTIwNmIxYjgxZDp7ImRldl9ieSI6Ikh1dSBOZ3V5ZW4ifQ==', '2020-10-23 08:09:07.081288'),
('ffo6p03qcqthju4u9w80gvy74ao31r9o', 'MDMwZjM4OGZkZjdlYTMwM2Y5OWFkMjM5YTM1MTQ0OTIwNmIxYjgxZDp7ImRldl9ieSI6Ikh1dSBOZ3V5ZW4ifQ==', '2020-10-21 08:51:09.374374'),
('fh3h43gb4l58kh3i06umot2ywvqhvz1h', 'MDMwZjM4OGZkZjdlYTMwM2Y5OWFkMjM5YTM1MTQ0OTIwNmIxYjgxZDp7ImRldl9ieSI6Ikh1dSBOZ3V5ZW4ifQ==', '2020-10-23 01:55:56.640302'),
('fhyzawqxnvgqqc4tinwop071pnnsh35t', 'MDMwZjM4OGZkZjdlYTMwM2Y5OWFkMjM5YTM1MTQ0OTIwNmIxYjgxZDp7ImRldl9ieSI6Ikh1dSBOZ3V5ZW4ifQ==', '2020-10-21 07:41:41.559753'),
('fimtylasdudfap0n3iw2upswgud8xekd', 'MDMwZjM4OGZkZjdlYTMwM2Y5OWFkMjM5YTM1MTQ0OTIwNmIxYjgxZDp7ImRldl9ieSI6Ikh1dSBOZ3V5ZW4ifQ==', '2020-10-21 18:10:14.965123'),
('fjau43r9yh63cd9hdyfsztn6mmgzjopp', 'MDMwZjM4OGZkZjdlYTMwM2Y5OWFkMjM5YTM1MTQ0OTIwNmIxYjgxZDp7ImRldl9ieSI6Ikh1dSBOZ3V5ZW4ifQ==', '2020-10-20 02:59:33.351895'),
('fpe5z02o1ukglczobxlqp0mtmsmojaak', 'MDMwZjM4OGZkZjdlYTMwM2Y5OWFkMjM5YTM1MTQ0OTIwNmIxYjgxZDp7ImRldl9ieSI6Ikh1dSBOZ3V5ZW4ifQ==', '2020-10-23 02:11:44.430585'),
('fu0ceghkbshwd7gh74e1hmj30jrfu1el', 'MDMwZjM4OGZkZjdlYTMwM2Y5OWFkMjM5YTM1MTQ0OTIwNmIxYjgxZDp7ImRldl9ieSI6Ikh1dSBOZ3V5ZW4ifQ==', '2020-10-22 02:42:42.959084'),
('fw62idcaqmhnndn3z8sh8z1533ftgsak', 'MDMwZjM4OGZkZjdlYTMwM2Y5OWFkMjM5YTM1MTQ0OTIwNmIxYjgxZDp7ImRldl9ieSI6Ikh1dSBOZ3V5ZW4ifQ==', '2020-10-20 01:58:13.974854'),
('fyllg80m8h29y66m48duyu89hg12npud', 'MDMwZjM4OGZkZjdlYTMwM2Y5OWFkMjM5YTM1MTQ0OTIwNmIxYjgxZDp7ImRldl9ieSI6Ikh1dSBOZ3V5ZW4ifQ==', '2020-10-19 16:42:34.299646'),
('fzvxifep67u9a5h3t0o97q5xd610nddg', 'MDMwZjM4OGZkZjdlYTMwM2Y5OWFkMjM5YTM1MTQ0OTIwNmIxYjgxZDp7ImRldl9ieSI6Ikh1dSBOZ3V5ZW4ifQ==', '2020-10-20 05:16:45.645398'),
('g09wy262eqdbsm9rbczrmuacrftfaj9w', 'MDMwZjM4OGZkZjdlYTMwM2Y5OWFkMjM5YTM1MTQ0OTIwNmIxYjgxZDp7ImRldl9ieSI6Ikh1dSBOZ3V5ZW4ifQ==', '2020-10-21 08:17:35.408758'),
('g403iifswe56e5jufegytryn93ybdzdw', 'MDMwZjM4OGZkZjdlYTMwM2Y5OWFkMjM5YTM1MTQ0OTIwNmIxYjgxZDp7ImRldl9ieSI6Ikh1dSBOZ3V5ZW4ifQ==', '2020-10-19 16:31:15.144939'),
('g4jniy3pqd0u7nzdkwmhoo8i88j0ekga', 'MDMwZjM4OGZkZjdlYTMwM2Y5OWFkMjM5YTM1MTQ0OTIwNmIxYjgxZDp7ImRldl9ieSI6Ikh1dSBOZ3V5ZW4ifQ==', '2020-10-23 08:34:05.688280'),
('g5l2uq8ute4zxffb0ws752i4bluzp45h', 'MDMwZjM4OGZkZjdlYTMwM2Y5OWFkMjM5YTM1MTQ0OTIwNmIxYjgxZDp7ImRldl9ieSI6Ikh1dSBOZ3V5ZW4ifQ==', '2020-10-23 01:43:13.777534'),
('g7mle4yykjsde7o74a6ltvc4tj8a61sm', 'MDMwZjM4OGZkZjdlYTMwM2Y5OWFkMjM5YTM1MTQ0OTIwNmIxYjgxZDp7ImRldl9ieSI6Ikh1dSBOZ3V5ZW4ifQ==', '2020-10-22 08:45:35.977664'),
('ga4ms82di886079zyidlael3z0jauary', 'MDMwZjM4OGZkZjdlYTMwM2Y5OWFkMjM5YTM1MTQ0OTIwNmIxYjgxZDp7ImRldl9ieSI6Ikh1dSBOZ3V5ZW4ifQ==', '2020-10-21 07:54:51.173098'),
('gb6apfjslc1p5oryfxzbrx64gtjve699', 'MDMwZjM4OGZkZjdlYTMwM2Y5OWFkMjM5YTM1MTQ0OTIwNmIxYjgxZDp7ImRldl9ieSI6Ikh1dSBOZ3V5ZW4ifQ==', '2020-10-20 07:29:05.719174'),
('gcf4pwm4l4v9tamlc5xwdb5v3ax5drab', 'YTZkMGVmMDI3MzEzYmIwYzk2Y2Y1ZTlmYzhhYjllZmFiNTgyMjU5Njp7Il9hdXRoX3VzZXJfaWQiOiIxIiwiX2F1dGhfdXNlcl9iYWNrZW5kIjoiZGphbmdvLmNvbnRyaWIuYXV0aC5iYWNrZW5kcy5Nb2RlbEJhY2tlbmQiLCJfYXV0aF91c2VyX2hhc2giOiIyZmJkMGQwMTcyMDUxNDQzMDhmZWE5MDM3ZjJkNTk1OThlY2QzMDc1In0=', '2020-09-01 02:05:51.718072'),
('ge8gp4zl86xonhbx0o1laxmmfi4raomb', 'MDMwZjM4OGZkZjdlYTMwM2Y5OWFkMjM5YTM1MTQ0OTIwNmIxYjgxZDp7ImRldl9ieSI6Ikh1dSBOZ3V5ZW4ifQ==', '2020-10-21 08:51:02.652133'),
('ghcnw9dgblgxp8wdra696jc2dqq4916w', 'MDMwZjM4OGZkZjdlYTMwM2Y5OWFkMjM5YTM1MTQ0OTIwNmIxYjgxZDp7ImRldl9ieSI6Ikh1dSBOZ3V5ZW4ifQ==', '2020-10-21 01:49:54.471813'),
('gj7ayhsd8faelu5kt0j49bvebah1cqwx', 'MDMwZjM4OGZkZjdlYTMwM2Y5OWFkMjM5YTM1MTQ0OTIwNmIxYjgxZDp7ImRldl9ieSI6Ikh1dSBOZ3V5ZW4ifQ==', '2020-10-19 16:42:59.276144'),
('gjxcrtkmuo54dplw2kabgcz7rfz4oul8', 'MDMwZjM4OGZkZjdlYTMwM2Y5OWFkMjM5YTM1MTQ0OTIwNmIxYjgxZDp7ImRldl9ieSI6Ikh1dSBOZ3V5ZW4ifQ==', '2020-10-20 08:42:42.988901'),
('gkwiarlzdcfqleigwfbujci0rijcn8j9', 'MDMwZjM4OGZkZjdlYTMwM2Y5OWFkMjM5YTM1MTQ0OTIwNmIxYjgxZDp7ImRldl9ieSI6Ikh1dSBOZ3V5ZW4ifQ==', '2020-10-19 17:23:45.298950'),
('glcnfjgags01czicfhw40ipahgj4rwri', 'MDMwZjM4OGZkZjdlYTMwM2Y5OWFkMjM5YTM1MTQ0OTIwNmIxYjgxZDp7ImRldl9ieSI6Ikh1dSBOZ3V5ZW4ifQ==', '2020-10-21 11:40:06.161041'),
('gmr1fqcsr21n76cuu35mglb2si37gfwh', 'MDMwZjM4OGZkZjdlYTMwM2Y5OWFkMjM5YTM1MTQ0OTIwNmIxYjgxZDp7ImRldl9ieSI6Ikh1dSBOZ3V5ZW4ifQ==', '2020-10-19 16:47:42.641118'),
('gn2naic4cchqodtcqewpfeqhzk37wcdi', 'MDMwZjM4OGZkZjdlYTMwM2Y5OWFkMjM5YTM1MTQ0OTIwNmIxYjgxZDp7ImRldl9ieSI6Ikh1dSBOZ3V5ZW4ifQ==', '2020-10-21 01:49:42.885096'),
('gn5kfeblxlket8o0ohyyj6zkzsalckcf', 'MDMwZjM4OGZkZjdlYTMwM2Y5OWFkMjM5YTM1MTQ0OTIwNmIxYjgxZDp7ImRldl9ieSI6Ikh1dSBOZ3V5ZW4ifQ==', '2020-10-23 02:12:52.359264'),
('gnznpoafwp9kl474zon6wbqxbfdkru8h', 'MDMwZjM4OGZkZjdlYTMwM2Y5OWFkMjM5YTM1MTQ0OTIwNmIxYjgxZDp7ImRldl9ieSI6Ikh1dSBOZ3V5ZW4ifQ==', '2020-10-19 16:47:22.146060'),
('gshq5zoheym6t4g3aoh9wvqr0480fj5t', 'MDMwZjM4OGZkZjdlYTMwM2Y5OWFkMjM5YTM1MTQ0OTIwNmIxYjgxZDp7ImRldl9ieSI6Ikh1dSBOZ3V5ZW4ifQ==', '2020-10-19 15:27:12.082287'),
('gtyz7rqivndqwv27s367z5m2q6fqja8w', 'MDMwZjM4OGZkZjdlYTMwM2Y5OWFkMjM5YTM1MTQ0OTIwNmIxYjgxZDp7ImRldl9ieSI6Ikh1dSBOZ3V5ZW4ifQ==', '2020-10-19 16:21:22.565867'),
('gwsyl0fxygse73qlmklzrk977xwyl07c', 'MDMwZjM4OGZkZjdlYTMwM2Y5OWFkMjM5YTM1MTQ0OTIwNmIxYjgxZDp7ImRldl9ieSI6Ikh1dSBOZ3V5ZW4ifQ==', '2020-10-21 16:54:04.388300'),
('gylux7ynjacfzspgt824zsnarkq42k16', 'MDMwZjM4OGZkZjdlYTMwM2Y5OWFkMjM5YTM1MTQ0OTIwNmIxYjgxZDp7ImRldl9ieSI6Ikh1dSBOZ3V5ZW4ifQ==', '2020-10-20 02:40:28.917306'),
('h1k5doprmzs6uejwvmme84wveztd1jh5', 'MDMwZjM4OGZkZjdlYTMwM2Y5OWFkMjM5YTM1MTQ0OTIwNmIxYjgxZDp7ImRldl9ieSI6Ikh1dSBOZ3V5ZW4ifQ==', '2020-10-20 02:40:19.338907'),
('h5j6ju4ydytvvplm79jtckwwfwll7pue', 'MDMwZjM4OGZkZjdlYTMwM2Y5OWFkMjM5YTM1MTQ0OTIwNmIxYjgxZDp7ImRldl9ieSI6Ikh1dSBOZ3V5ZW4ifQ==', '2020-10-20 06:38:37.538304'),
('h8r88hsaneicf6img30jjdcwq9by3ich', 'MDMwZjM4OGZkZjdlYTMwM2Y5OWFkMjM5YTM1MTQ0OTIwNmIxYjgxZDp7ImRldl9ieSI6Ikh1dSBOZ3V5ZW4ifQ==', '2020-10-20 02:50:23.193172'),
('h9udi27b13910gd5uws3ntkkpg52ozsi', 'MDMwZjM4OGZkZjdlYTMwM2Y5OWFkMjM5YTM1MTQ0OTIwNmIxYjgxZDp7ImRldl9ieSI6Ikh1dSBOZ3V5ZW4ifQ==', '2020-10-19 17:18:08.749572'),
('hbcu1nlp5pfpizotmwwff0vjkp7xh1iw', 'MDMwZjM4OGZkZjdlYTMwM2Y5OWFkMjM5YTM1MTQ0OTIwNmIxYjgxZDp7ImRldl9ieSI6Ikh1dSBOZ3V5ZW4ifQ==', '2020-10-23 07:34:15.470866'),
('hcera8j8pfx95klavx0pr2nbhaku6qyh', 'MDMwZjM4OGZkZjdlYTMwM2Y5OWFkMjM5YTM1MTQ0OTIwNmIxYjgxZDp7ImRldl9ieSI6Ikh1dSBOZ3V5ZW4ifQ==', '2020-10-20 05:55:46.581436'),
('he1tqxq5xfkffqp8x8hezy6xdyb3q3ur', 'MDMwZjM4OGZkZjdlYTMwM2Y5OWFkMjM5YTM1MTQ0OTIwNmIxYjgxZDp7ImRldl9ieSI6Ikh1dSBOZ3V5ZW4ifQ==', '2020-10-23 02:07:22.726807'),
('hec1kgaoa54e8y0zzqqjp1i4wb6uh73f', 'MDMwZjM4OGZkZjdlYTMwM2Y5OWFkMjM5YTM1MTQ0OTIwNmIxYjgxZDp7ImRldl9ieSI6Ikh1dSBOZ3V5ZW4ifQ==', '2020-10-20 03:28:15.782164'),
('hh1p8ff33qpkenoqjzn7bpuxrpibjkk5', 'MDMwZjM4OGZkZjdlYTMwM2Y5OWFkMjM5YTM1MTQ0OTIwNmIxYjgxZDp7ImRldl9ieSI6Ikh1dSBOZ3V5ZW4ifQ==', '2020-10-21 08:57:28.241956'),
('hnbzsmf9ftpgk1dh3ycn6w3c8j5sdqy9', 'MDMwZjM4OGZkZjdlYTMwM2Y5OWFkMjM5YTM1MTQ0OTIwNmIxYjgxZDp7ImRldl9ieSI6Ikh1dSBOZ3V5ZW4ifQ==', '2020-10-20 06:49:37.905991'),
('hom0ze7ctmwunly2zt62l4l15n72gee0', 'MDMwZjM4OGZkZjdlYTMwM2Y5OWFkMjM5YTM1MTQ0OTIwNmIxYjgxZDp7ImRldl9ieSI6Ikh1dSBOZ3V5ZW4ifQ==', '2020-10-19 09:03:33.727688'),
('hp0jay63m4bs9rxixmxxufbytrm8t4ca', 'MDMwZjM4OGZkZjdlYTMwM2Y5OWFkMjM5YTM1MTQ0OTIwNmIxYjgxZDp7ImRldl9ieSI6Ikh1dSBOZ3V5ZW4ifQ==', '2020-10-22 02:18:27.342530'),
('hpnjgd0lv6o7e3zhr79dtzmv4rjdpewx', 'MDMwZjM4OGZkZjdlYTMwM2Y5OWFkMjM5YTM1MTQ0OTIwNmIxYjgxZDp7ImRldl9ieSI6Ikh1dSBOZ3V5ZW4ifQ==', '2020-10-21 02:00:13.839813'),
('hr6idw0gfn8ybx64el1m21gw5ma1m7hd', 'MDMwZjM4OGZkZjdlYTMwM2Y5OWFkMjM5YTM1MTQ0OTIwNmIxYjgxZDp7ImRldl9ieSI6Ikh1dSBOZ3V5ZW4ifQ==', '2020-10-23 01:28:03.079880'),
('hrs1odkpl8zniwos28wnlu4oiasqcfrw', 'MDMwZjM4OGZkZjdlYTMwM2Y5OWFkMjM5YTM1MTQ0OTIwNmIxYjgxZDp7ImRldl9ieSI6Ikh1dSBOZ3V5ZW4ifQ==', '2020-10-19 17:24:52.386680'),
('hsbw25ilx6oqr6izaf5ia4fr0x1yd4h7', 'MDMwZjM4OGZkZjdlYTMwM2Y5OWFkMjM5YTM1MTQ0OTIwNmIxYjgxZDp7ImRldl9ieSI6Ikh1dSBOZ3V5ZW4ifQ==', '2020-10-21 18:06:13.233385'),
('hzfdscviscc9imoa1qmab7dpayr7fpjt', 'MDMwZjM4OGZkZjdlYTMwM2Y5OWFkMjM5YTM1MTQ0OTIwNmIxYjgxZDp7ImRldl9ieSI6Ikh1dSBOZ3V5ZW4ifQ==', '2020-10-19 09:10:46.755046'),
('hzpyku55600bb9fo4xh4w2u3qvboexce', 'MDMwZjM4OGZkZjdlYTMwM2Y5OWFkMjM5YTM1MTQ0OTIwNmIxYjgxZDp7ImRldl9ieSI6Ikh1dSBOZ3V5ZW4ifQ==', '2020-10-23 02:12:18.493533'),
('i0glkhe9ndcrs1fsgltm2t5m6lnivs9k', 'MDMwZjM4OGZkZjdlYTMwM2Y5OWFkMjM5YTM1MTQ0OTIwNmIxYjgxZDp7ImRldl9ieSI6Ikh1dSBOZ3V5ZW4ifQ==', '2020-10-23 08:13:31.912454'),
('i1n62yennmjb24496jodm9flpilpokdi', 'MDMwZjM4OGZkZjdlYTMwM2Y5OWFkMjM5YTM1MTQ0OTIwNmIxYjgxZDp7ImRldl9ieSI6Ikh1dSBOZ3V5ZW4ifQ==', '2020-10-23 08:01:50.302252'),
('i34ux2eerk95vwl346ryspe3lo4qyw7f', 'MDMwZjM4OGZkZjdlYTMwM2Y5OWFkMjM5YTM1MTQ0OTIwNmIxYjgxZDp7ImRldl9ieSI6Ikh1dSBOZ3V5ZW4ifQ==', '2020-10-23 07:03:01.673057'),
('i54vxy8e4231eadfd18t5g8mxcodb5xj', 'MDMwZjM4OGZkZjdlYTMwM2Y5OWFkMjM5YTM1MTQ0OTIwNmIxYjgxZDp7ImRldl9ieSI6Ikh1dSBOZ3V5ZW4ifQ==', '2020-10-26 03:22:40.899833'),
('i7m4vym59pnv02dkbhyevg4o528xsrwm', 'MDMwZjM4OGZkZjdlYTMwM2Y5OWFkMjM5YTM1MTQ0OTIwNmIxYjgxZDp7ImRldl9ieSI6Ikh1dSBOZ3V5ZW4ifQ==', '2020-10-21 07:49:10.947973'),
('i7pl9ykhrnh4sta1atix4regkjrqi508', 'MDMwZjM4OGZkZjdlYTMwM2Y5OWFkMjM5YTM1MTQ0OTIwNmIxYjgxZDp7ImRldl9ieSI6Ikh1dSBOZ3V5ZW4ifQ==', '2020-10-21 16:45:48.269016');
INSERT INTO `django_session` (`session_key`, `session_data`, `expire_date`) VALUES
('i89bqf8pn8dyc24hrixu2cf9621ldlp1', 'MDMwZjM4OGZkZjdlYTMwM2Y5OWFkMjM5YTM1MTQ0OTIwNmIxYjgxZDp7ImRldl9ieSI6Ikh1dSBOZ3V5ZW4ifQ==', '2020-10-20 02:46:26.971812'),
('i9gv5waiw7iqkn75bfzt9igejc0bj0fj', 'MDMwZjM4OGZkZjdlYTMwM2Y5OWFkMjM5YTM1MTQ0OTIwNmIxYjgxZDp7ImRldl9ieSI6Ikh1dSBOZ3V5ZW4ifQ==', '2020-10-20 04:05:46.331176'),
('i9nviltbfc1ebwuuieo17ds9xqc6jdsk', 'MDMwZjM4OGZkZjdlYTMwM2Y5OWFkMjM5YTM1MTQ0OTIwNmIxYjgxZDp7ImRldl9ieSI6Ikh1dSBOZ3V5ZW4ifQ==', '2020-10-20 03:25:45.428799'),
('ibktuefv3gqkjcyabj1airg3lpgx4o6r', 'YmFkYzI2ZDQ1M2U4ZmE2OTYxOGQzNDE2MGU4MGQ1YTFmNjI0OTQ4NDp7Il9hdXRoX3VzZXJfaWQiOiIxIiwiX2F1dGhfdXNlcl9iYWNrZW5kIjoiZGphbmdvLmNvbnRyaWIuYXV0aC5iYWNrZW5kcy5Nb2RlbEJhY2tlbmQiLCJfYXV0aF91c2VyX2hhc2giOiIyZmJkMGQwMTcyMDUxNDQzMDhmZWE5MDM3ZjJkNTk1OThlY2QzMDc1IiwiY2FydCI6e319', '2020-10-16 08:24:20.174265'),
('ic9koxkcnrpl2eigchhyeulrcf23gbj3', 'MDMwZjM4OGZkZjdlYTMwM2Y5OWFkMjM5YTM1MTQ0OTIwNmIxYjgxZDp7ImRldl9ieSI6Ikh1dSBOZ3V5ZW4ifQ==', '2020-10-21 18:30:21.963241'),
('icxqw7whrd3jqpj5pof1bpvwhj7vb7pe', 'YmFkYzI2ZDQ1M2U4ZmE2OTYxOGQzNDE2MGU4MGQ1YTFmNjI0OTQ4NDp7Il9hdXRoX3VzZXJfaWQiOiIxIiwiX2F1dGhfdXNlcl9iYWNrZW5kIjoiZGphbmdvLmNvbnRyaWIuYXV0aC5iYWNrZW5kcy5Nb2RlbEJhY2tlbmQiLCJfYXV0aF91c2VyX2hhc2giOiIyZmJkMGQwMTcyMDUxNDQzMDhmZWE5MDM3ZjJkNTk1OThlY2QzMDc1IiwiY2FydCI6e319', '2020-09-23 09:01:57.222274'),
('if2bpvy6kgvautpdtu47fv52f7sqgqv3', 'YmFkYzI2ZDQ1M2U4ZmE2OTYxOGQzNDE2MGU4MGQ1YTFmNjI0OTQ4NDp7Il9hdXRoX3VzZXJfaWQiOiIxIiwiX2F1dGhfdXNlcl9iYWNrZW5kIjoiZGphbmdvLmNvbnRyaWIuYXV0aC5iYWNrZW5kcy5Nb2RlbEJhY2tlbmQiLCJfYXV0aF91c2VyX2hhc2giOiIyZmJkMGQwMTcyMDUxNDQzMDhmZWE5MDM3ZjJkNTk1OThlY2QzMDc1IiwiY2FydCI6e319', '2020-09-16 13:18:21.512426'),
('iflmokljvum1n5x2rv58cc2ruznsuitf', 'MDMwZjM4OGZkZjdlYTMwM2Y5OWFkMjM5YTM1MTQ0OTIwNmIxYjgxZDp7ImRldl9ieSI6Ikh1dSBOZ3V5ZW4ifQ==', '2020-10-21 07:27:17.458092'),
('igmj4bxfznzjzpfvjfouylfnygyejcjz', 'MDMwZjM4OGZkZjdlYTMwM2Y5OWFkMjM5YTM1MTQ0OTIwNmIxYjgxZDp7ImRldl9ieSI6Ikh1dSBOZ3V5ZW4ifQ==', '2020-10-27 03:27:10.615489'),
('igtmhmmrz6iegkt9eznewhlgoatf59ig', 'MDMwZjM4OGZkZjdlYTMwM2Y5OWFkMjM5YTM1MTQ0OTIwNmIxYjgxZDp7ImRldl9ieSI6Ikh1dSBOZ3V5ZW4ifQ==', '2020-10-22 03:29:03.600313'),
('ii6j79cut7cgfi58igo451sz20sfxtq9', 'MDMwZjM4OGZkZjdlYTMwM2Y5OWFkMjM5YTM1MTQ0OTIwNmIxYjgxZDp7ImRldl9ieSI6Ikh1dSBOZ3V5ZW4ifQ==', '2020-10-19 16:28:31.599936'),
('iigieepta88g79s3mfrdndibcnkdjvlr', 'MDMwZjM4OGZkZjdlYTMwM2Y5OWFkMjM5YTM1MTQ0OTIwNmIxYjgxZDp7ImRldl9ieSI6Ikh1dSBOZ3V5ZW4ifQ==', '2020-10-21 03:40:53.600399'),
('ijwaad81gdmec2cizw86agvtvksvj67r', 'MDMwZjM4OGZkZjdlYTMwM2Y5OWFkMjM5YTM1MTQ0OTIwNmIxYjgxZDp7ImRldl9ieSI6Ikh1dSBOZ3V5ZW4ifQ==', '2020-10-19 16:46:31.842895'),
('ik5k41gxzd8lksgnziif8mgfl2b1q55w', 'MDMwZjM4OGZkZjdlYTMwM2Y5OWFkMjM5YTM1MTQ0OTIwNmIxYjgxZDp7ImRldl9ieSI6Ikh1dSBOZ3V5ZW4ifQ==', '2020-10-23 08:09:18.898827'),
('ika6vpoejyzi2yn8d60m93wo718ldd98', 'MDMwZjM4OGZkZjdlYTMwM2Y5OWFkMjM5YTM1MTQ0OTIwNmIxYjgxZDp7ImRldl9ieSI6Ikh1dSBOZ3V5ZW4ifQ==', '2020-10-23 01:49:58.305561'),
('indrb4xirxdn22un4mocgs8xej3c6if3', 'MDMwZjM4OGZkZjdlYTMwM2Y5OWFkMjM5YTM1MTQ0OTIwNmIxYjgxZDp7ImRldl9ieSI6Ikh1dSBOZ3V5ZW4ifQ==', '2020-10-23 01:58:55.420332'),
('io2295yyd0mgp1moulx2nj5lipfsx2ii', 'MDMwZjM4OGZkZjdlYTMwM2Y5OWFkMjM5YTM1MTQ0OTIwNmIxYjgxZDp7ImRldl9ieSI6Ikh1dSBOZ3V5ZW4ifQ==', '2020-10-23 01:58:47.516757'),
('ipq0ml3anidiobkryzkf8rc5udqrxlw6', 'MDMwZjM4OGZkZjdlYTMwM2Y5OWFkMjM5YTM1MTQ0OTIwNmIxYjgxZDp7ImRldl9ieSI6Ikh1dSBOZ3V5ZW4ifQ==', '2020-10-21 07:48:52.555708'),
('iqls00arnpu91zsnv680wl6ipr7parhm', 'MDMwZjM4OGZkZjdlYTMwM2Y5OWFkMjM5YTM1MTQ0OTIwNmIxYjgxZDp7ImRldl9ieSI6Ikh1dSBOZ3V5ZW4ifQ==', '2020-10-23 01:31:07.220073'),
('is4enl81m3pz4derdzdn8i8cudjgnlf8', 'MDMwZjM4OGZkZjdlYTMwM2Y5OWFkMjM5YTM1MTQ0OTIwNmIxYjgxZDp7ImRldl9ieSI6Ikh1dSBOZ3V5ZW4ifQ==', '2020-10-21 07:49:58.598282'),
('isniinssox7pvj7pajscty91gfriog2c', 'MDMwZjM4OGZkZjdlYTMwM2Y5OWFkMjM5YTM1MTQ0OTIwNmIxYjgxZDp7ImRldl9ieSI6Ikh1dSBOZ3V5ZW4ifQ==', '2020-10-19 09:04:47.053425'),
('iuj0rwao980rcn1gte1mpe7nmb4r141r', 'MDMwZjM4OGZkZjdlYTMwM2Y5OWFkMjM5YTM1MTQ0OTIwNmIxYjgxZDp7ImRldl9ieSI6Ikh1dSBOZ3V5ZW4ifQ==', '2020-10-23 01:48:09.637688'),
('iyfc94w3vo2gfa19juuhqjgbevkn28js', 'MDMwZjM4OGZkZjdlYTMwM2Y5OWFkMjM5YTM1MTQ0OTIwNmIxYjgxZDp7ImRldl9ieSI6Ikh1dSBOZ3V5ZW4ifQ==', '2020-10-20 07:55:58.574881'),
('iyy8rt6o7aohcygbxd70pakjpqke7h20', 'MDMwZjM4OGZkZjdlYTMwM2Y5OWFkMjM5YTM1MTQ0OTIwNmIxYjgxZDp7ImRldl9ieSI6Ikh1dSBOZ3V5ZW4ifQ==', '2020-10-20 04:18:33.663333'),
('j0tnjy41ehdf817i9tfnlsl3i6o1wqu2', 'MDMwZjM4OGZkZjdlYTMwM2Y5OWFkMjM5YTM1MTQ0OTIwNmIxYjgxZDp7ImRldl9ieSI6Ikh1dSBOZ3V5ZW4ifQ==', '2020-10-23 08:22:43.830132'),
('j0wl6pwc3zzvzo8w1m6llkrj4vsgqsts', 'MDMwZjM4OGZkZjdlYTMwM2Y5OWFkMjM5YTM1MTQ0OTIwNmIxYjgxZDp7ImRldl9ieSI6Ikh1dSBOZ3V5ZW4ifQ==', '2020-10-21 03:40:44.758255'),
('j11im3973ypdyd9hcd4wupcrmiuvv7y6', 'MDMwZjM4OGZkZjdlYTMwM2Y5OWFkMjM5YTM1MTQ0OTIwNmIxYjgxZDp7ImRldl9ieSI6Ikh1dSBOZ3V5ZW4ifQ==', '2020-10-23 02:12:20.550987'),
('j2a5rzq9zfm4l6m25fvx8f8cqp6uvg39', 'MDMwZjM4OGZkZjdlYTMwM2Y5OWFkMjM5YTM1MTQ0OTIwNmIxYjgxZDp7ImRldl9ieSI6Ikh1dSBOZ3V5ZW4ifQ==', '2020-10-21 16:46:53.474332'),
('j2ev8jmzrg47ajxu6gvbu7i773lb7oxm', 'MDMwZjM4OGZkZjdlYTMwM2Y5OWFkMjM5YTM1MTQ0OTIwNmIxYjgxZDp7ImRldl9ieSI6Ikh1dSBOZ3V5ZW4ifQ==', '2020-10-20 03:53:19.280228'),
('j2s43ra3sd6uso4wrv6yakv68fhmwkao', 'MDMwZjM4OGZkZjdlYTMwM2Y5OWFkMjM5YTM1MTQ0OTIwNmIxYjgxZDp7ImRldl9ieSI6Ikh1dSBOZ3V5ZW4ifQ==', '2020-10-21 08:59:37.508497'),
('j30wizxz4pu32t7b1ekgv8v1nxzxw6is', 'YmFkYzI2ZDQ1M2U4ZmE2OTYxOGQzNDE2MGU4MGQ1YTFmNjI0OTQ4NDp7Il9hdXRoX3VzZXJfaWQiOiIxIiwiX2F1dGhfdXNlcl9iYWNrZW5kIjoiZGphbmdvLmNvbnRyaWIuYXV0aC5iYWNrZW5kcy5Nb2RlbEJhY2tlbmQiLCJfYXV0aF91c2VyX2hhc2giOiIyZmJkMGQwMTcyMDUxNDQzMDhmZWE5MDM3ZjJkNTk1OThlY2QzMDc1IiwiY2FydCI6e319', '2020-10-21 09:00:37.492618'),
('j4phjilmhgm88hdeyunzihyumz2vlomn', 'MDMwZjM4OGZkZjdlYTMwM2Y5OWFkMjM5YTM1MTQ0OTIwNmIxYjgxZDp7ImRldl9ieSI6Ikh1dSBOZ3V5ZW4ifQ==', '2020-10-19 17:15:29.234098'),
('j7ku7dci4kmjerhu90fkjqtvbxba88dk', 'MDMwZjM4OGZkZjdlYTMwM2Y5OWFkMjM5YTM1MTQ0OTIwNmIxYjgxZDp7ImRldl9ieSI6Ikh1dSBOZ3V5ZW4ifQ==', '2020-10-20 05:36:56.727561'),
('j83a7aovznco0qywx6zw8vax8fisb3wl', 'MDMwZjM4OGZkZjdlYTMwM2Y5OWFkMjM5YTM1MTQ0OTIwNmIxYjgxZDp7ImRldl9ieSI6Ikh1dSBOZ3V5ZW4ifQ==', '2020-10-20 03:46:03.203202'),
('j8gqlzjr5rc7l77optf7obg8oxf6xyd5', 'MDMwZjM4OGZkZjdlYTMwM2Y5OWFkMjM5YTM1MTQ0OTIwNmIxYjgxZDp7ImRldl9ieSI6Ikh1dSBOZ3V5ZW4ifQ==', '2020-10-21 08:02:18.580736'),
('j8ubpjxqediiwza62c39fcxsxjn85efm', 'MDMwZjM4OGZkZjdlYTMwM2Y5OWFkMjM5YTM1MTQ0OTIwNmIxYjgxZDp7ImRldl9ieSI6Ikh1dSBOZ3V5ZW4ifQ==', '2020-10-20 09:11:24.670762'),
('j9dv4qnyjw4gz0vhinstgo9iotfp7exn', 'MDMwZjM4OGZkZjdlYTMwM2Y5OWFkMjM5YTM1MTQ0OTIwNmIxYjgxZDp7ImRldl9ieSI6Ikh1dSBOZ3V5ZW4ifQ==', '2020-10-22 03:53:35.283671'),
('j9opr1cpdo3l78pjqnfydpiy8ur66cqy', 'YmFkYzI2ZDQ1M2U4ZmE2OTYxOGQzNDE2MGU4MGQ1YTFmNjI0OTQ4NDp7Il9hdXRoX3VzZXJfaWQiOiIxIiwiX2F1dGhfdXNlcl9iYWNrZW5kIjoiZGphbmdvLmNvbnRyaWIuYXV0aC5iYWNrZW5kcy5Nb2RlbEJhY2tlbmQiLCJfYXV0aF91c2VyX2hhc2giOiIyZmJkMGQwMTcyMDUxNDQzMDhmZWE5MDM3ZjJkNTk1OThlY2QzMDc1IiwiY2FydCI6e319', '2020-10-19 09:12:05.601660'),
('jdrxgv2wtdqiimelbd32evq2p83xg5x2', 'YmFkYzI2ZDQ1M2U4ZmE2OTYxOGQzNDE2MGU4MGQ1YTFmNjI0OTQ4NDp7Il9hdXRoX3VzZXJfaWQiOiIxIiwiX2F1dGhfdXNlcl9iYWNrZW5kIjoiZGphbmdvLmNvbnRyaWIuYXV0aC5iYWNrZW5kcy5Nb2RlbEJhY2tlbmQiLCJfYXV0aF91c2VyX2hhc2giOiIyZmJkMGQwMTcyMDUxNDQzMDhmZWE5MDM3ZjJkNTk1OThlY2QzMDc1IiwiY2FydCI6e319', '2020-09-22 09:07:51.540438'),
('jfbjrmxaxohcku8aezppz397w4ss2nqs', 'MDMwZjM4OGZkZjdlYTMwM2Y5OWFkMjM5YTM1MTQ0OTIwNmIxYjgxZDp7ImRldl9ieSI6Ikh1dSBOZ3V5ZW4ifQ==', '2020-10-21 18:39:56.712260'),
('jhemfsmkitbvhameepia0sveq72h0wqe', 'MDMwZjM4OGZkZjdlYTMwM2Y5OWFkMjM5YTM1MTQ0OTIwNmIxYjgxZDp7ImRldl9ieSI6Ikh1dSBOZ3V5ZW4ifQ==', '2020-10-21 01:56:41.395342'),
('jiksxq4xnssigtrsr8nrc5qr4wkbk044', 'MDMwZjM4OGZkZjdlYTMwM2Y5OWFkMjM5YTM1MTQ0OTIwNmIxYjgxZDp7ImRldl9ieSI6Ikh1dSBOZ3V5ZW4ifQ==', '2020-10-23 07:38:57.965064'),
('jj53mwy7f1z5nkok3inps2pav3w7tkhz', 'MDMwZjM4OGZkZjdlYTMwM2Y5OWFkMjM5YTM1MTQ0OTIwNmIxYjgxZDp7ImRldl9ieSI6Ikh1dSBOZ3V5ZW4ifQ==', '2020-10-23 02:29:55.010227'),
('jjt1z6s4q54vb4icc7p49xjhryntj9k6', 'MDMwZjM4OGZkZjdlYTMwM2Y5OWFkMjM5YTM1MTQ0OTIwNmIxYjgxZDp7ImRldl9ieSI6Ikh1dSBOZ3V5ZW4ifQ==', '2020-10-23 07:18:22.952104'),
('jjv8rr9zw9dsfgx1lmpevw41pn55rmmf', 'MDMwZjM4OGZkZjdlYTMwM2Y5OWFkMjM5YTM1MTQ0OTIwNmIxYjgxZDp7ImRldl9ieSI6Ikh1dSBOZ3V5ZW4ifQ==', '2020-10-19 15:25:38.407616'),
('jksiyi6r4ez82f8mjcgc6ntzhjywbj6u', 'ZjIyNTY1ZTU3YzY0ZjA2Zjk5MzZhOWFmOGZiNzIzYTEzNjFkOGFlMTp7Il9hdXRoX3VzZXJfaWQiOiIxIiwiX2F1dGhfdXNlcl9iYWNrZW5kIjoiZGphbmdvLmNvbnRyaWIuYXV0aC5iYWNrZW5kcy5Nb2RlbEJhY2tlbmQiLCJfYXV0aF91c2VyX2hhc2giOiIyZmJkMGQwMTcyMDUxNDQzMDhmZWE5MDM3ZjJkNTk1OThlY2QzMDc1IiwiY2FydCI6eyI2NyI6eyJ1c2VyaWQiOjEsIml0ZW1faWQiOjY3LCJvYmoiOiJbe1wibW9kZWxcIjogXCJtYWluLnByb2R1Y3RhdHRyaWJ1dGVcIiwgXCJwa1wiOiA2NywgXCJmaWVsZHNcIjoge1wiaWRfcHJvZHVjdFwiOiA0LCBcImF0dHJfbmFtZVwiOiBcImlQaG9uZXNhbyBjYW1lcmEgdHJcXHUwMGVhbiBpUGhvIGlQaG9uZXNhbyBjYW1lcmEgdHJcXHUwMGVhbiBpUGhvXCIsIFwicHJpY2VcIjogXCIwLjAwMVwiLCBcInF1YW50aXR5XCI6IDUsIFwiZGF0ZV9hZGRcIjogXCIyMDIwLTA5LTExVDAzOjUwOjQyWlwiLCBcImRhdGVfdXBkXCI6IFwiMjAyMC0wOS0xNVQwNDozODowM1pcIiwgXCJhdmFpbGFibGVfZGF0ZVwiOiBcIjIwMjAtMDktMTVUMDQ6Mzg6MDNaXCJ9fV0iLCJuYW1lIjoiaVBob25lc2FvIGNhbWVyYSB0clx1MDBlYW4gaVBobyBpUGhvbmVzYW8gY2FtZXJhIHRyXHUwMGVhbiBpUGhvIiwicXVhbnRpdHkiOjIsInByaWNlIjoiMC4wMDEiLCJpbWFnZSI6IjxpbWcgc3JjPVwiL21lZGlhL2F0dC82Ny5qcGdcIiB3aWR0aD1cIjMyMFwiIGhlaWdodD1cIjI0MFwiLz4ifSwiNjQiOnsidXNlcmlkIjoxLCJpdGVtX2lkIjo2NCwib2JqIjoiW3tcIm1vZGVsXCI6IFwibWFpbi5wcm9kdWN0YXR0cmlidXRlXCIsIFwicGtcIjogNjQsIFwiZmllbGRzXCI6IHtcImlkX3Byb2R1Y3RcIjogNCwgXCJhdHRyX25hbWVcIjogXCJzYW8gY2FtZXJhIHRyXFx1MDBlYW4gaVBob25lc2FvIGNhbWVyYSB0clxcdTAwZWFuIGlQaG9uZVwiLCBcInByaWNlXCI6IFwiMC4wMDFcIiwgXCJxdWFudGl0eVwiOiAyLCBcImRhdGVfYWRkXCI6IFwiMjAyMC0wOS0xMVQwMzo1MDo0MlpcIiwgXCJkYXRlX3VwZFwiOiBcIjIwMjAtMDktMTVUMDQ6Mzg6MDNaXCIsIFwiYXZhaWxhYmxlX2RhdGVcIjogXCIyMDIwLTA5LTE1VDA0OjM4OjAzWlwifX1dIiwibmFtZSI6InNhbyBjYW1lcmEgdHJcdTAwZWFuIGlQaG9uZXNhbyBjYW1lcmEgdHJcdTAwZWFuIGlQaG9uZSIsInF1YW50aXR5IjoxLCJwcmljZSI6IjAuMDAxIiwiaW1hZ2UiOiI8aW1nIHNyYz1cIi9tZWRpYS9hdHQvNjQuanBnXCIgd2lkdGg9XCIzMjBcIiBoZWlnaHQ9XCIyNDBcIi8+In19fQ==', '2020-10-01 12:01:04.404322'),
('jmt0jyo5lnanvcrvfv4mj6klydocl8sr', 'MDMwZjM4OGZkZjdlYTMwM2Y5OWFkMjM5YTM1MTQ0OTIwNmIxYjgxZDp7ImRldl9ieSI6Ikh1dSBOZ3V5ZW4ifQ==', '2020-10-21 01:57:10.105091'),
('jo1obbkyijtwbi56un7h33j8u39jmwze', 'MDMwZjM4OGZkZjdlYTMwM2Y5OWFkMjM5YTM1MTQ0OTIwNmIxYjgxZDp7ImRldl9ieSI6Ikh1dSBOZ3V5ZW4ifQ==', '2020-10-19 09:11:12.608110'),
('jrp1lpq8t5lzuwq639i990ppnnaaqnrs', 'OGQ2YTQ0Yjg4ZmQxZWNlYzkyMWQ3NmQ0MmI4NzE0YTU0MGZhN2FjMzp7fQ==', '2020-10-15 02:13:47.425008'),
('jrsdzxo0jz442l9zvz5o39gd4dm2h8xs', 'MDMwZjM4OGZkZjdlYTMwM2Y5OWFkMjM5YTM1MTQ0OTIwNmIxYjgxZDp7ImRldl9ieSI6Ikh1dSBOZ3V5ZW4ifQ==', '2020-10-21 08:50:11.460785'),
('jry52uqqgnmsok94pnn1bptgbevcte6d', 'MDMwZjM4OGZkZjdlYTMwM2Y5OWFkMjM5YTM1MTQ0OTIwNmIxYjgxZDp7ImRldl9ieSI6Ikh1dSBOZ3V5ZW4ifQ==', '2020-10-20 05:42:28.096349'),
('jtlk86a4j1sclojxj0uzp2uujo3yri4a', 'MDMwZjM4OGZkZjdlYTMwM2Y5OWFkMjM5YTM1MTQ0OTIwNmIxYjgxZDp7ImRldl9ieSI6Ikh1dSBOZ3V5ZW4ifQ==', '2020-10-21 17:31:39.788166'),
('jtx9mqahhkakjnpk3jgozriubvpixuzn', 'MDMwZjM4OGZkZjdlYTMwM2Y5OWFkMjM5YTM1MTQ0OTIwNmIxYjgxZDp7ImRldl9ieSI6Ikh1dSBOZ3V5ZW4ifQ==', '2020-10-26 03:20:19.957843'),
('jvudjbw8a1xip5ug67xlgokdkve2fsdu', 'MDMwZjM4OGZkZjdlYTMwM2Y5OWFkMjM5YTM1MTQ0OTIwNmIxYjgxZDp7ImRldl9ieSI6Ikh1dSBOZ3V5ZW4ifQ==', '2020-10-20 08:44:48.741091'),
('jvwak1hsofsxueupvz0xbiot5sb5h1xw', 'MDMwZjM4OGZkZjdlYTMwM2Y5OWFkMjM5YTM1MTQ0OTIwNmIxYjgxZDp7ImRldl9ieSI6Ikh1dSBOZ3V5ZW4ifQ==', '2020-10-22 03:45:38.079450'),
('jwx97udxz1fwkpz56fxeqymf634tcfxp', 'MDMwZjM4OGZkZjdlYTMwM2Y5OWFkMjM5YTM1MTQ0OTIwNmIxYjgxZDp7ImRldl9ieSI6Ikh1dSBOZ3V5ZW4ifQ==', '2020-10-19 16:08:14.768342'),
('jyomfi8e4mh1s7q0voitli14qak7m7ow', 'MDMwZjM4OGZkZjdlYTMwM2Y5OWFkMjM5YTM1MTQ0OTIwNmIxYjgxZDp7ImRldl9ieSI6Ikh1dSBOZ3V5ZW4ifQ==', '2020-10-20 04:12:56.784607'),
('jzp1ka97ozfzbr8ivwi53c4ttv7qx8gn', 'MDMwZjM4OGZkZjdlYTMwM2Y5OWFkMjM5YTM1MTQ0OTIwNmIxYjgxZDp7ImRldl9ieSI6Ikh1dSBOZ3V5ZW4ifQ==', '2020-10-20 06:56:58.117750'),
('k01ochy9gjrwzzobru7tuka5bbu0o848', 'MDMwZjM4OGZkZjdlYTMwM2Y5OWFkMjM5YTM1MTQ0OTIwNmIxYjgxZDp7ImRldl9ieSI6Ikh1dSBOZ3V5ZW4ifQ==', '2020-10-23 02:12:47.607762'),
('k0w8beabqriwlz874s4c5c0eqeo5gh7k', 'MDMwZjM4OGZkZjdlYTMwM2Y5OWFkMjM5YTM1MTQ0OTIwNmIxYjgxZDp7ImRldl9ieSI6Ikh1dSBOZ3V5ZW4ifQ==', '2020-10-26 03:20:10.674300'),
('k0y5tgv9nlwmw96x0lapq4nyws769qed', 'MDMwZjM4OGZkZjdlYTMwM2Y5OWFkMjM5YTM1MTQ0OTIwNmIxYjgxZDp7ImRldl9ieSI6Ikh1dSBOZ3V5ZW4ifQ==', '2020-10-23 02:29:52.793909'),
('k28d46b7j90zwj9u9bxvvwko17zq73w0', 'MDMwZjM4OGZkZjdlYTMwM2Y5OWFkMjM5YTM1MTQ0OTIwNmIxYjgxZDp7ImRldl9ieSI6Ikh1dSBOZ3V5ZW4ifQ==', '2020-10-21 03:42:01.837897'),
('k3aaodcpwd1d7n17ec5vbstyr4pekg7q', 'MDMwZjM4OGZkZjdlYTMwM2Y5OWFkMjM5YTM1MTQ0OTIwNmIxYjgxZDp7ImRldl9ieSI6Ikh1dSBOZ3V5ZW4ifQ==', '2020-10-19 08:51:39.749546'),
('k3aoliomzczoyfzwap96wgp3s3i37bbn', 'MDMwZjM4OGZkZjdlYTMwM2Y5OWFkMjM5YTM1MTQ0OTIwNmIxYjgxZDp7ImRldl9ieSI6Ikh1dSBOZ3V5ZW4ifQ==', '2020-10-20 06:56:56.185506'),
('k3y9mxit1n4a6sb4jeo4beiekdu66b0j', 'MDMwZjM4OGZkZjdlYTMwM2Y5OWFkMjM5YTM1MTQ0OTIwNmIxYjgxZDp7ImRldl9ieSI6Ikh1dSBOZ3V5ZW4ifQ==', '2020-10-20 09:10:53.541475'),
('k460y62hvbox2945u6cepxqxwuevh7wf', 'MDMwZjM4OGZkZjdlYTMwM2Y5OWFkMjM5YTM1MTQ0OTIwNmIxYjgxZDp7ImRldl9ieSI6Ikh1dSBOZ3V5ZW4ifQ==', '2020-10-19 17:02:00.768768'),
('k4fx2azenu8zs42qbwwe9s0jlgvk6izw', 'MDMwZjM4OGZkZjdlYTMwM2Y5OWFkMjM5YTM1MTQ0OTIwNmIxYjgxZDp7ImRldl9ieSI6Ikh1dSBOZ3V5ZW4ifQ==', '2020-10-22 02:43:59.737168'),
('k5svxh71qndjw9tgiufm7pinui93o26i', 'MDMwZjM4OGZkZjdlYTMwM2Y5OWFkMjM5YTM1MTQ0OTIwNmIxYjgxZDp7ImRldl9ieSI6Ikh1dSBOZ3V5ZW4ifQ==', '2020-10-20 04:38:16.781631'),
('k5v15sz55ym84y07lxg7imsiazqybbhr', 'MDMwZjM4OGZkZjdlYTMwM2Y5OWFkMjM5YTM1MTQ0OTIwNmIxYjgxZDp7ImRldl9ieSI6Ikh1dSBOZ3V5ZW4ifQ==', '2020-10-23 01:58:04.259348'),
('k6ut4s1qmw3h9cblb3lp5yo476mjoyrp', 'MDMwZjM4OGZkZjdlYTMwM2Y5OWFkMjM5YTM1MTQ0OTIwNmIxYjgxZDp7ImRldl9ieSI6Ikh1dSBOZ3V5ZW4ifQ==', '2020-10-21 01:57:07.815467'),
('k8c5inyezkqnzeu5m5fje84fjn87oxba', 'MDMwZjM4OGZkZjdlYTMwM2Y5OWFkMjM5YTM1MTQ0OTIwNmIxYjgxZDp7ImRldl9ieSI6Ikh1dSBOZ3V5ZW4ifQ==', '2020-10-27 03:32:00.805058'),
('kaz3kf5wkxkq6l13z9i3v2sqqieq1zlm', 'MDMwZjM4OGZkZjdlYTMwM2Y5OWFkMjM5YTM1MTQ0OTIwNmIxYjgxZDp7ImRldl9ieSI6Ikh1dSBOZ3V5ZW4ifQ==', '2020-10-21 07:54:51.207925'),
('kb5hi2awrlrs9cwh6morw0uf7s54yrky', 'MDMwZjM4OGZkZjdlYTMwM2Y5OWFkMjM5YTM1MTQ0OTIwNmIxYjgxZDp7ImRldl9ieSI6Ikh1dSBOZ3V5ZW4ifQ==', '2020-10-21 07:55:31.596359'),
('kd514gs9pxc1378ya6rrcr5cmk3nhshp', 'MDMwZjM4OGZkZjdlYTMwM2Y5OWFkMjM5YTM1MTQ0OTIwNmIxYjgxZDp7ImRldl9ieSI6Ikh1dSBOZ3V5ZW4ifQ==', '2020-10-20 06:56:38.458817'),
('kedvpeyqgfwj7xra5snwob41vyofv38w', 'MDMwZjM4OGZkZjdlYTMwM2Y5OWFkMjM5YTM1MTQ0OTIwNmIxYjgxZDp7ImRldl9ieSI6Ikh1dSBOZ3V5ZW4ifQ==', '2020-10-23 07:07:28.586193'),
('khaaxzeq47m2179lau167aby0jgh6zcm', 'MDMwZjM4OGZkZjdlYTMwM2Y5OWFkMjM5YTM1MTQ0OTIwNmIxYjgxZDp7ImRldl9ieSI6Ikh1dSBOZ3V5ZW4ifQ==', '2020-10-20 09:11:52.276460'),
('khpbj0xcv6ku4cx46ec93ibopmhbanp5', 'MDMwZjM4OGZkZjdlYTMwM2Y5OWFkMjM5YTM1MTQ0OTIwNmIxYjgxZDp7ImRldl9ieSI6Ikh1dSBOZ3V5ZW4ifQ==', '2020-10-22 08:58:35.146541'),
('ki71jl0l3zloj4ab61n0whkdnp1a1i3b', 'MDMwZjM4OGZkZjdlYTMwM2Y5OWFkMjM5YTM1MTQ0OTIwNmIxYjgxZDp7ImRldl9ieSI6Ikh1dSBOZ3V5ZW4ifQ==', '2020-10-22 03:38:58.016988'),
('ki8agh1jz4krp7zai34piq59buqioudh', 'MDMwZjM4OGZkZjdlYTMwM2Y5OWFkMjM5YTM1MTQ0OTIwNmIxYjgxZDp7ImRldl9ieSI6Ikh1dSBOZ3V5ZW4ifQ==', '2020-10-20 02:44:53.033508'),
('kjjc7b30rqdba7dq1baevjuqr4xopoe1', 'MDMwZjM4OGZkZjdlYTMwM2Y5OWFkMjM5YTM1MTQ0OTIwNmIxYjgxZDp7ImRldl9ieSI6Ikh1dSBOZ3V5ZW4ifQ==', '2020-10-21 17:23:35.286189'),
('kk38dylslz9ryf3u626c4b6owj19lyzd', 'MDMwZjM4OGZkZjdlYTMwM2Y5OWFkMjM5YTM1MTQ0OTIwNmIxYjgxZDp7ImRldl9ieSI6Ikh1dSBOZ3V5ZW4ifQ==', '2020-10-20 08:49:42.200627'),
('kkqrgaf4z63f70uocqd972b9893jy035', 'MDMwZjM4OGZkZjdlYTMwM2Y5OWFkMjM5YTM1MTQ0OTIwNmIxYjgxZDp7ImRldl9ieSI6Ikh1dSBOZ3V5ZW4ifQ==', '2020-10-20 07:52:42.658131'),
('klelzit0f3oewdxnk4r9be2924o2r65m', 'MDMwZjM4OGZkZjdlYTMwM2Y5OWFkMjM5YTM1MTQ0OTIwNmIxYjgxZDp7ImRldl9ieSI6Ikh1dSBOZ3V5ZW4ifQ==', '2020-10-22 08:42:48.780765'),
('kmle7pain0ieh18l2k3a5mq7yyrjws6w', 'MDMwZjM4OGZkZjdlYTMwM2Y5OWFkMjM5YTM1MTQ0OTIwNmIxYjgxZDp7ImRldl9ieSI6Ikh1dSBOZ3V5ZW4ifQ==', '2020-10-19 08:24:32.272298'),
('ksjeh4peqp9tqbnuckd5pede1n46pxlg', 'MDMwZjM4OGZkZjdlYTMwM2Y5OWFkMjM5YTM1MTQ0OTIwNmIxYjgxZDp7ImRldl9ieSI6Ikh1dSBOZ3V5ZW4ifQ==', '2020-10-26 01:46:22.276252'),
('ksst4gs4xd7vzy6e58te20gzjc6n3lce', 'MDMwZjM4OGZkZjdlYTMwM2Y5OWFkMjM5YTM1MTQ0OTIwNmIxYjgxZDp7ImRldl9ieSI6Ikh1dSBOZ3V5ZW4ifQ==', '2020-10-20 05:23:46.687571'),
('ktt3mzchdjfzi3jsrcbpkkpck16zaww1', 'YmFkYzI2ZDQ1M2U4ZmE2OTYxOGQzNDE2MGU4MGQ1YTFmNjI0OTQ4NDp7Il9hdXRoX3VzZXJfaWQiOiIxIiwiX2F1dGhfdXNlcl9iYWNrZW5kIjoiZGphbmdvLmNvbnRyaWIuYXV0aC5iYWNrZW5kcy5Nb2RlbEJhY2tlbmQiLCJfYXV0aF91c2VyX2hhc2giOiIyZmJkMGQwMTcyMDUxNDQzMDhmZWE5MDM3ZjJkNTk1OThlY2QzMDc1IiwiY2FydCI6e319', '2020-10-02 16:32:08.069002'),
('kw1ai6lav0vl6eekmibm3dje3f79y3pp', 'MDMwZjM4OGZkZjdlYTMwM2Y5OWFkMjM5YTM1MTQ0OTIwNmIxYjgxZDp7ImRldl9ieSI6Ikh1dSBOZ3V5ZW4ifQ==', '2020-10-20 02:44:22.120022'),
('kxvekwkwbj42y1pkrrpkpaydj0euvxl8', 'MDMwZjM4OGZkZjdlYTMwM2Y5OWFkMjM5YTM1MTQ0OTIwNmIxYjgxZDp7ImRldl9ieSI6Ikh1dSBOZ3V5ZW4ifQ==', '2020-10-20 02:48:13.211191'),
('kzlebvm7om8ustckg2inju7gxi0dlrs3', 'MDMwZjM4OGZkZjdlYTMwM2Y5OWFkMjM5YTM1MTQ0OTIwNmIxYjgxZDp7ImRldl9ieSI6Ikh1dSBOZ3V5ZW4ifQ==', '2020-10-19 09:11:25.021498'),
('l06n33mcupdbqvgkk832cuaajrftdb66', 'MDMwZjM4OGZkZjdlYTMwM2Y5OWFkMjM5YTM1MTQ0OTIwNmIxYjgxZDp7ImRldl9ieSI6Ikh1dSBOZ3V5ZW4ifQ==', '2020-10-20 05:23:33.370204'),
('l2fm7ij8cbngr64ag7cu2oep13vzho4h', 'MDMwZjM4OGZkZjdlYTMwM2Y5OWFkMjM5YTM1MTQ0OTIwNmIxYjgxZDp7ImRldl9ieSI6Ikh1dSBOZ3V5ZW4ifQ==', '2020-10-21 17:31:37.429832'),
('l5ym41wftdch86i6f6o1tltkpsomwj8k', 'MDMwZjM4OGZkZjdlYTMwM2Y5OWFkMjM5YTM1MTQ0OTIwNmIxYjgxZDp7ImRldl9ieSI6Ikh1dSBOZ3V5ZW4ifQ==', '2020-10-23 08:13:28.345861'),
('l65ne1zwf8d4acnekh7uop6g6svk46iq', 'MDMwZjM4OGZkZjdlYTMwM2Y5OWFkMjM5YTM1MTQ0OTIwNmIxYjgxZDp7ImRldl9ieSI6Ikh1dSBOZ3V5ZW4ifQ==', '2020-10-23 08:14:45.160912'),
('l6pxrc6zmdre6n5atnfttbqcl7qjet7v', 'OGQ2YTQ0Yjg4ZmQxZWNlYzkyMWQ3NmQ0MmI4NzE0YTU0MGZhN2FjMzp7fQ==', '2020-10-01 17:36:53.733612'),
('l7b3fzyrhzxbplcshu5oq3w4ga79m3rt', 'MDMwZjM4OGZkZjdlYTMwM2Y5OWFkMjM5YTM1MTQ0OTIwNmIxYjgxZDp7ImRldl9ieSI6Ikh1dSBOZ3V5ZW4ifQ==', '2020-10-21 18:33:48.650805'),
('l7oqi60aych3v262xknlqp2ymo3tion6', 'MDMwZjM4OGZkZjdlYTMwM2Y5OWFkMjM5YTM1MTQ0OTIwNmIxYjgxZDp7ImRldl9ieSI6Ikh1dSBOZ3V5ZW4ifQ==', '2020-10-22 03:57:02.864800'),
('l8liaqxkv09oj2wjgikklbjm3js2bqg3', 'MDMwZjM4OGZkZjdlYTMwM2Y5OWFkMjM5YTM1MTQ0OTIwNmIxYjgxZDp7ImRldl9ieSI6Ikh1dSBOZ3V5ZW4ifQ==', '2020-10-21 18:34:53.067488'),
('l8vayilmaxps5b60hs104tzllq3dsj2z', 'MDMwZjM4OGZkZjdlYTMwM2Y5OWFkMjM5YTM1MTQ0OTIwNmIxYjgxZDp7ImRldl9ieSI6Ikh1dSBOZ3V5ZW4ifQ==', '2020-10-21 18:24:39.125373'),
('lafg6ri2y8y0mj9yft2qxwsfehxdewyo', 'NjAxNTRkMDY4NmRmMzE1Y2QyYTBkMGZhMzk0YWE5YWY2ODhjNGI3MTp7Il9hdXRoX3VzZXJfaWQiOiIxIiwiX2F1dGhfdXNlcl9iYWNrZW5kIjoiZGphbmdvLmNvbnRyaWIuYXV0aC5iYWNrZW5kcy5Nb2RlbEJhY2tlbmQiLCJfYXV0aF91c2VyX2hhc2giOiIyZmJkMGQwMTcyMDUxNDQzMDhmZWE5MDM3ZjJkNTk1OThlY2QzMDc1IiwiY2FydCI6eyI2XzIyNCI6eyJ1c2VyaWQiOjEsIml0ZW1faWQiOjIyNCwib2JqIjoiW3tcIm1vZGVsXCI6IFwibWFpbi5wcm9kdWN0YXR0cmlidXRlXCIsIFwicGtcIjogMjI0LCBcImZpZWxkc1wiOiB7XCJwcm9kdWN0X2lkXCI6IDgsIFwiYXR0cl9uYW1lXCI6IFwiXFx1MDExMGlcXHUxZWM3biB0aG9cXHUxZWExaSwgc21hcnRwaG9uZSBjaFxcdTAwZWRuaCBoXFx1MDBlM25nIGdpXFx1MDBlMSByXFx1MWViYiB2a2x4aWpucVwiLCBcInByaWNlXCI6IFwiODMwMDAwLjAwMFwiLCBcInF1YW50aXR5XCI6IDEwLCBcImRhdGVfYWRkXCI6IFwiMjAyMC0wOS0zMFQwMjowMDoyN1pcIiwgXCJkYXRlX3VwZFwiOiBcIjIwMjAtMDktMzBUMDM6NTI6MTRaXCIsIFwiYXZhaWxhYmxlX2RhdGVcIjogXCIyMDIwLTA5LTMwVDAzOjUyOjE0WlwifX1dIiwibmFtZSI6Ilx1MDExMGlcdTFlYzduIHRob1x1MWVhMWksIHNtYXJ0cGhvbmUgY2hcdTAwZWRuaCBoXHUwMGUzbmcgZ2lcdTAwZTEgclx1MWViYiB2a2x4aWpucSIsInF1YW50aXR5Ijo2LCJwcmljZSI6IjgzMDAwMC4wMDAiLCJpbWFnZSI6IjxpbWcgc3JjPVwiL21lZGlhL2F0dC8yMjQuanBnXCIgd2lkdGg9XCIzMjBcIiBoZWlnaHQ9XCIyNDBcIi8+In19fQ==', '2020-10-15 03:03:26.164860'),
('lb063otxzp8abieq8zt91xahwzf4f383', 'MDMwZjM4OGZkZjdlYTMwM2Y5OWFkMjM5YTM1MTQ0OTIwNmIxYjgxZDp7ImRldl9ieSI6Ikh1dSBOZ3V5ZW4ifQ==', '2020-10-20 02:38:25.691924'),
('lbassadqo99g78fi3ugop6oeboat5wj7', 'MDMwZjM4OGZkZjdlYTMwM2Y5OWFkMjM5YTM1MTQ0OTIwNmIxYjgxZDp7ImRldl9ieSI6Ikh1dSBOZ3V5ZW4ifQ==', '2020-10-19 17:33:05.142376'),
('lca6puish3q6t0ito37hspptstlrgk5m', 'MDMwZjM4OGZkZjdlYTMwM2Y5OWFkMjM5YTM1MTQ0OTIwNmIxYjgxZDp7ImRldl9ieSI6Ikh1dSBOZ3V5ZW4ifQ==', '2020-10-20 09:12:42.563510'),
('lcht6hw5wcq0mh1w9w7dp99mkupvu5oq', 'MDMwZjM4OGZkZjdlYTMwM2Y5OWFkMjM5YTM1MTQ0OTIwNmIxYjgxZDp7ImRldl9ieSI6Ikh1dSBOZ3V5ZW4ifQ==', '2020-10-20 05:51:34.690914'),
('ldc3vhkw10dc9njl2bsd2t54roflm8qe', 'MDMwZjM4OGZkZjdlYTMwM2Y5OWFkMjM5YTM1MTQ0OTIwNmIxYjgxZDp7ImRldl9ieSI6Ikh1dSBOZ3V5ZW4ifQ==', '2020-10-23 07:49:04.896104'),
('lgv3jhai75cpi6rc0o2xeh445ke0oaeh', 'MDMwZjM4OGZkZjdlYTMwM2Y5OWFkMjM5YTM1MTQ0OTIwNmIxYjgxZDp7ImRldl9ieSI6Ikh1dSBOZ3V5ZW4ifQ==', '2020-10-22 02:36:49.339900'),
('lh35r9uhk6k0583j09j4wxh748uthm9v', 'MDMwZjM4OGZkZjdlYTMwM2Y5OWFkMjM5YTM1MTQ0OTIwNmIxYjgxZDp7ImRldl9ieSI6Ikh1dSBOZ3V5ZW4ifQ==', '2020-10-21 08:59:21.667109'),
('lhro2ftp3tail5r9kc3jr0ejg20upwtp', 'MDMwZjM4OGZkZjdlYTMwM2Y5OWFkMjM5YTM1MTQ0OTIwNmIxYjgxZDp7ImRldl9ieSI6Ikh1dSBOZ3V5ZW4ifQ==', '2020-10-20 02:40:01.539137'),
('lj2akotdwarxiulcj6ekgmyp657f2hog', 'MDMwZjM4OGZkZjdlYTMwM2Y5OWFkMjM5YTM1MTQ0OTIwNmIxYjgxZDp7ImRldl9ieSI6Ikh1dSBOZ3V5ZW4ifQ==', '2020-10-19 16:48:26.615034'),
('lj4xyamr4qc28raw4lhd9k9659kvewip', 'MDMwZjM4OGZkZjdlYTMwM2Y5OWFkMjM5YTM1MTQ0OTIwNmIxYjgxZDp7ImRldl9ieSI6Ikh1dSBOZ3V5ZW4ifQ==', '2020-10-19 08:04:03.452942'),
('ljglq9st6yob5zm5zoapsyi8uahvv42l', 'MDMwZjM4OGZkZjdlYTMwM2Y5OWFkMjM5YTM1MTQ0OTIwNmIxYjgxZDp7ImRldl9ieSI6Ikh1dSBOZ3V5ZW4ifQ==', '2020-10-23 02:12:52.348676'),
('lm4kocbdv0ld2qk4eryf13gusek1sgrd', 'MDMwZjM4OGZkZjdlYTMwM2Y5OWFkMjM5YTM1MTQ0OTIwNmIxYjgxZDp7ImRldl9ieSI6Ikh1dSBOZ3V5ZW4ifQ==', '2020-10-20 01:52:38.656941'),
('lr598jfox4k3e07ohuj36mhk7qhloy5i', 'MDMwZjM4OGZkZjdlYTMwM2Y5OWFkMjM5YTM1MTQ0OTIwNmIxYjgxZDp7ImRldl9ieSI6Ikh1dSBOZ3V5ZW4ifQ==', '2020-10-19 17:34:47.031288'),
('lt501l7xkz6u6466o3x4dn13p87ajha8', 'MDMwZjM4OGZkZjdlYTMwM2Y5OWFkMjM5YTM1MTQ0OTIwNmIxYjgxZDp7ImRldl9ieSI6Ikh1dSBOZ3V5ZW4ifQ==', '2020-10-27 03:03:43.651480'),
('ltkrx5xqer8k0m2spsh33difd41hz4oz', 'MDMwZjM4OGZkZjdlYTMwM2Y5OWFkMjM5YTM1MTQ0OTIwNmIxYjgxZDp7ImRldl9ieSI6Ikh1dSBOZ3V5ZW4ifQ==', '2020-10-19 16:21:07.286366'),
('lw9hn34gfsq0lrvwiwwdyjh7qtyvzrop', 'MDMwZjM4OGZkZjdlYTMwM2Y5OWFkMjM5YTM1MTQ0OTIwNmIxYjgxZDp7ImRldl9ieSI6Ikh1dSBOZ3V5ZW4ifQ==', '2020-10-20 04:18:33.674675'),
('lxctgpc9998dhkw3gx4q5pjxujtyn2vh', 'MDMwZjM4OGZkZjdlYTMwM2Y5OWFkMjM5YTM1MTQ0OTIwNmIxYjgxZDp7ImRldl9ieSI6Ikh1dSBOZ3V5ZW4ifQ==', '2020-10-20 04:03:33.543381'),
('lxv13iaja8nm09hrz6tq3ley27miiygw', 'MDMwZjM4OGZkZjdlYTMwM2Y5OWFkMjM5YTM1MTQ0OTIwNmIxYjgxZDp7ImRldl9ieSI6Ikh1dSBOZ3V5ZW4ifQ==', '2020-10-26 03:22:49.065318'),
('lz71culbo7fnfocebhh2bic6orrgxmmq', 'MDMwZjM4OGZkZjdlYTMwM2Y5OWFkMjM5YTM1MTQ0OTIwNmIxYjgxZDp7ImRldl9ieSI6Ikh1dSBOZ3V5ZW4ifQ==', '2020-10-19 08:08:35.351198'),
('m38rxtzkprvksehdtwkt9mzngb1dv43i', 'MDMwZjM4OGZkZjdlYTMwM2Y5OWFkMjM5YTM1MTQ0OTIwNmIxYjgxZDp7ImRldl9ieSI6Ikh1dSBOZ3V5ZW4ifQ==', '2020-10-21 02:14:39.292028'),
('m3fra802wixvtfxff7j5rmryzawcnpg8', 'MDMwZjM4OGZkZjdlYTMwM2Y5OWFkMjM5YTM1MTQ0OTIwNmIxYjgxZDp7ImRldl9ieSI6Ikh1dSBOZ3V5ZW4ifQ==', '2020-10-27 01:58:57.281341'),
('m3k8iltr1pj4lmo7i6n2u50hlytv4fcb', 'MDMwZjM4OGZkZjdlYTMwM2Y5OWFkMjM5YTM1MTQ0OTIwNmIxYjgxZDp7ImRldl9ieSI6Ikh1dSBOZ3V5ZW4ifQ==', '2020-10-21 18:22:35.998782'),
('m48kj13iweyd2h20a98toejc572ij5n1', 'MDMwZjM4OGZkZjdlYTMwM2Y5OWFkMjM5YTM1MTQ0OTIwNmIxYjgxZDp7ImRldl9ieSI6Ikh1dSBOZ3V5ZW4ifQ==', '2020-10-19 17:02:53.785616'),
('m49wzqb7s1yvumddmzxn90x0aef4tiep', 'MDMwZjM4OGZkZjdlYTMwM2Y5OWFkMjM5YTM1MTQ0OTIwNmIxYjgxZDp7ImRldl9ieSI6Ikh1dSBOZ3V5ZW4ifQ==', '2020-10-20 08:37:07.638442'),
('m4gragk8n0ok03p5hegohe9rhi0v5dtf', 'MDMwZjM4OGZkZjdlYTMwM2Y5OWFkMjM5YTM1MTQ0OTIwNmIxYjgxZDp7ImRldl9ieSI6Ikh1dSBOZ3V5ZW4ifQ==', '2020-10-20 09:13:14.648140'),
('m4oxiy07qktgnzx1gr06r1y2mnm6sc9e', 'MDMwZjM4OGZkZjdlYTMwM2Y5OWFkMjM5YTM1MTQ0OTIwNmIxYjgxZDp7ImRldl9ieSI6Ikh1dSBOZ3V5ZW4ifQ==', '2020-10-21 03:34:16.331135'),
('m4rkgn21zcsona7jzdrh7ww5h8c3g91g', 'MDMwZjM4OGZkZjdlYTMwM2Y5OWFkMjM5YTM1MTQ0OTIwNmIxYjgxZDp7ImRldl9ieSI6Ikh1dSBOZ3V5ZW4ifQ==', '2020-10-23 01:44:47.762068'),
('mbhuwsl7qkcx5yp1g4wcupz9vo3xum70', 'MDMwZjM4OGZkZjdlYTMwM2Y5OWFkMjM5YTM1MTQ0OTIwNmIxYjgxZDp7ImRldl9ieSI6Ikh1dSBOZ3V5ZW4ifQ==', '2020-10-23 02:12:50.620548'),
('mdf4w7qfks1j1mvk7549y6eog9oo3niz', 'MDMwZjM4OGZkZjdlYTMwM2Y5OWFkMjM5YTM1MTQ0OTIwNmIxYjgxZDp7ImRldl9ieSI6Ikh1dSBOZ3V5ZW4ifQ==', '2020-10-21 01:57:51.031780'),
('meqs17ohyrtggx0bjrj76cgu7xx0rd5f', 'MDMwZjM4OGZkZjdlYTMwM2Y5OWFkMjM5YTM1MTQ0OTIwNmIxYjgxZDp7ImRldl9ieSI6Ikh1dSBOZ3V5ZW4ifQ==', '2020-10-22 08:48:57.928987'),
('mh2pzv1aygj3inw73vxc3fycnm5xcyx8', 'MDMwZjM4OGZkZjdlYTMwM2Y5OWFkMjM5YTM1MTQ0OTIwNmIxYjgxZDp7ImRldl9ieSI6Ikh1dSBOZ3V5ZW4ifQ==', '2020-10-21 09:00:37.409978'),
('mh4yojizx1pbrqki6r8194y52c8fgmpt', 'MDMwZjM4OGZkZjdlYTMwM2Y5OWFkMjM5YTM1MTQ0OTIwNmIxYjgxZDp7ImRldl9ieSI6Ikh1dSBOZ3V5ZW4ifQ==', '2020-10-19 09:00:23.837019'),
('mipj4wjgme4gaqifi79gm3136hnnnaqd', 'MDMwZjM4OGZkZjdlYTMwM2Y5OWFkMjM5YTM1MTQ0OTIwNmIxYjgxZDp7ImRldl9ieSI6Ikh1dSBOZ3V5ZW4ifQ==', '2020-10-20 01:24:42.901036'),
('mirsf6pc2wag7deacavlrwqsza52jsv9', 'MDMwZjM4OGZkZjdlYTMwM2Y5OWFkMjM5YTM1MTQ0OTIwNmIxYjgxZDp7ImRldl9ieSI6Ikh1dSBOZ3V5ZW4ifQ==', '2020-10-21 16:45:23.461379'),
('miv8rakipg1mlrmo62kksrfk60oa6qon', 'MDMwZjM4OGZkZjdlYTMwM2Y5OWFkMjM5YTM1MTQ0OTIwNmIxYjgxZDp7ImRldl9ieSI6Ikh1dSBOZ3V5ZW4ifQ==', '2020-10-19 08:49:08.540672'),
('mjo85sg4std9u18qmbrrmnghpacbimfc', 'YTZkMGVmMDI3MzEzYmIwYzk2Y2Y1ZTlmYzhhYjllZmFiNTgyMjU5Njp7Il9hdXRoX3VzZXJfaWQiOiIxIiwiX2F1dGhfdXNlcl9iYWNrZW5kIjoiZGphbmdvLmNvbnRyaWIuYXV0aC5iYWNrZW5kcy5Nb2RlbEJhY2tlbmQiLCJfYXV0aF91c2VyX2hhc2giOiIyZmJkMGQwMTcyMDUxNDQzMDhmZWE5MDM3ZjJkNTk1OThlY2QzMDc1In0=', '2020-07-23 07:01:22.947116'),
('mkcin2s7wjhbxb818i93j0w4sgtahcxv', 'MDMwZjM4OGZkZjdlYTMwM2Y5OWFkMjM5YTM1MTQ0OTIwNmIxYjgxZDp7ImRldl9ieSI6Ikh1dSBOZ3V5ZW4ifQ==', '2020-10-21 01:49:52.655170'),
('mkj1ybi592wbdbz4fphy2ilf4t130mww', 'MDMwZjM4OGZkZjdlYTMwM2Y5OWFkMjM5YTM1MTQ0OTIwNmIxYjgxZDp7ImRldl9ieSI6Ikh1dSBOZ3V5ZW4ifQ==', '2020-10-20 05:31:31.345387'),
('ml8waj2c549vormygc5p70d5btpy9p0d', 'MDMwZjM4OGZkZjdlYTMwM2Y5OWFkMjM5YTM1MTQ0OTIwNmIxYjgxZDp7ImRldl9ieSI6Ikh1dSBOZ3V5ZW4ifQ==', '2020-10-20 06:58:03.511250'),
('mneizydcbd9vh1xkmb98a7idshml147t', 'MDMwZjM4OGZkZjdlYTMwM2Y5OWFkMjM5YTM1MTQ0OTIwNmIxYjgxZDp7ImRldl9ieSI6Ikh1dSBOZ3V5ZW4ifQ==', '2020-10-21 03:01:00.164469'),
('mnmeblbikn3ch5z8vus8zzvm8447lrwi', 'MDMwZjM4OGZkZjdlYTMwM2Y5OWFkMjM5YTM1MTQ0OTIwNmIxYjgxZDp7ImRldl9ieSI6Ikh1dSBOZ3V5ZW4ifQ==', '2020-10-21 18:28:17.553666'),
('moiiuvglfqli1h31g2pj2weyt3xcyxf1', 'MDMwZjM4OGZkZjdlYTMwM2Y5OWFkMjM5YTM1MTQ0OTIwNmIxYjgxZDp7ImRldl9ieSI6Ikh1dSBOZ3V5ZW4ifQ==', '2020-10-21 01:58:50.777992'),
('msdnecxr3bybzrdwzwqqcot91m5nbnp2', 'MDMwZjM4OGZkZjdlYTMwM2Y5OWFkMjM5YTM1MTQ0OTIwNmIxYjgxZDp7ImRldl9ieSI6Ikh1dSBOZ3V5ZW4ifQ==', '2020-10-19 16:33:45.971208'),
('mu4dfp2br4bisz6qodh53gd2hbp1k9hq', 'MDMwZjM4OGZkZjdlYTMwM2Y5OWFkMjM5YTM1MTQ0OTIwNmIxYjgxZDp7ImRldl9ieSI6Ikh1dSBOZ3V5ZW4ifQ==', '2020-10-26 03:22:35.769279'),
('mvxbt1q8bteduz7yan9cs4iv6wgrlx0o', 'MDMwZjM4OGZkZjdlYTMwM2Y5OWFkMjM5YTM1MTQ0OTIwNmIxYjgxZDp7ImRldl9ieSI6Ikh1dSBOZ3V5ZW4ifQ==', '2020-10-21 01:56:38.966992'),
('mwk8yo0uhkgywlpu0ao9tpoliww9zlvv', 'MDMwZjM4OGZkZjdlYTMwM2Y5OWFkMjM5YTM1MTQ0OTIwNmIxYjgxZDp7ImRldl9ieSI6Ikh1dSBOZ3V5ZW4ifQ==', '2020-10-20 02:44:41.395273'),
('mxeazsq30f64puzth18rg4c056gxxapk', 'MDMwZjM4OGZkZjdlYTMwM2Y5OWFkMjM5YTM1MTQ0OTIwNmIxYjgxZDp7ImRldl9ieSI6Ikh1dSBOZ3V5ZW4ifQ==', '2020-10-21 03:34:40.252353'),
('my71lbdhlojga3juqehnp7fefxoh31hk', 'MDMwZjM4OGZkZjdlYTMwM2Y5OWFkMjM5YTM1MTQ0OTIwNmIxYjgxZDp7ImRldl9ieSI6Ikh1dSBOZ3V5ZW4ifQ==', '2020-10-21 07:11:56.788127'),
('mzj74tpuvqajr84ljthsm914snp9hnt1', 'MDMwZjM4OGZkZjdlYTMwM2Y5OWFkMjM5YTM1MTQ0OTIwNmIxYjgxZDp7ImRldl9ieSI6Ikh1dSBOZ3V5ZW4ifQ==', '2020-10-20 08:46:54.380947'),
('n0ztm6r73g9qpcng9gupfbk0q97tyvui', 'MDMwZjM4OGZkZjdlYTMwM2Y5OWFkMjM5YTM1MTQ0OTIwNmIxYjgxZDp7ImRldl9ieSI6Ikh1dSBOZ3V5ZW4ifQ==', '2020-10-21 07:50:03.032040'),
('n2jl215g39p9fqob2llvtd9hjphivprb', 'MDMwZjM4OGZkZjdlYTMwM2Y5OWFkMjM5YTM1MTQ0OTIwNmIxYjgxZDp7ImRldl9ieSI6Ikh1dSBOZ3V5ZW4ifQ==', '2020-10-20 05:40:18.811889'),
('n5477qcugrtszr27iy0xgy3oqtirq4wa', 'MDMwZjM4OGZkZjdlYTMwM2Y5OWFkMjM5YTM1MTQ0OTIwNmIxYjgxZDp7ImRldl9ieSI6Ikh1dSBOZ3V5ZW4ifQ==', '2020-10-23 08:09:36.951883'),
('n6m0fhmqp87wnuj4c0imtjjlcgnju8ca', 'MDMwZjM4OGZkZjdlYTMwM2Y5OWFkMjM5YTM1MTQ0OTIwNmIxYjgxZDp7ImRldl9ieSI6Ikh1dSBOZ3V5ZW4ifQ==', '2020-10-20 03:29:04.656744'),
('n7jq8ymomp5vc5skbvjkhnh1fylxvunn', 'MDMwZjM4OGZkZjdlYTMwM2Y5OWFkMjM5YTM1MTQ0OTIwNmIxYjgxZDp7ImRldl9ieSI6Ikh1dSBOZ3V5ZW4ifQ==', '2020-10-20 07:19:58.536306'),
('n89l8e6ffuvkfk7r47ttcrjo1clyex40', 'MDMwZjM4OGZkZjdlYTMwM2Y5OWFkMjM5YTM1MTQ0OTIwNmIxYjgxZDp7ImRldl9ieSI6Ikh1dSBOZ3V5ZW4ifQ==', '2020-10-20 08:27:35.072708'),
('nak2oms7kz46w8eg9zx4f0g2vwfoh0ut', 'MDMwZjM4OGZkZjdlYTMwM2Y5OWFkMjM5YTM1MTQ0OTIwNmIxYjgxZDp7ImRldl9ieSI6Ikh1dSBOZ3V5ZW4ifQ==', '2020-10-21 17:34:38.916731'),
('nblp9ugqxrxlcbkegrididyx24kivon6', 'MDMwZjM4OGZkZjdlYTMwM2Y5OWFkMjM5YTM1MTQ0OTIwNmIxYjgxZDp7ImRldl9ieSI6Ikh1dSBOZ3V5ZW4ifQ==', '2020-10-22 02:47:26.408130'),
('ncp167823lue6p24qizvkqq73sbssbs4', 'MDMwZjM4OGZkZjdlYTMwM2Y5OWFkMjM5YTM1MTQ0OTIwNmIxYjgxZDp7ImRldl9ieSI6Ikh1dSBOZ3V5ZW4ifQ==', '2020-10-22 03:53:18.395998'),
('ng8kj11zs8zty0b0rk3gzci3z70yxl44', 'MDMwZjM4OGZkZjdlYTMwM2Y5OWFkMjM5YTM1MTQ0OTIwNmIxYjgxZDp7ImRldl9ieSI6Ikh1dSBOZ3V5ZW4ifQ==', '2020-10-20 08:27:30.280366'),
('nhx2u3e0y07u6oaeq657fqzuvqcrmte7', 'MDMwZjM4OGZkZjdlYTMwM2Y5OWFkMjM5YTM1MTQ0OTIwNmIxYjgxZDp7ImRldl9ieSI6Ikh1dSBOZ3V5ZW4ifQ==', '2020-10-19 17:34:54.142378'),
('ni9xnwnwsvgujuyimi6l06fuv4h53rq3', 'MDMwZjM4OGZkZjdlYTMwM2Y5OWFkMjM5YTM1MTQ0OTIwNmIxYjgxZDp7ImRldl9ieSI6Ikh1dSBOZ3V5ZW4ifQ==', '2020-10-20 07:54:44.242715'),
('njr645wct9fehxb6adp23gyh9z4t44nh', 'MDMwZjM4OGZkZjdlYTMwM2Y5OWFkMjM5YTM1MTQ0OTIwNmIxYjgxZDp7ImRldl9ieSI6Ikh1dSBOZ3V5ZW4ifQ==', '2020-10-23 02:29:38.318348'),
('nk4b2bknmrhbaxpmgpxvqelm47ilittb', 'MDMwZjM4OGZkZjdlYTMwM2Y5OWFkMjM5YTM1MTQ0OTIwNmIxYjgxZDp7ImRldl9ieSI6Ikh1dSBOZ3V5ZW4ifQ==', '2020-10-23 08:01:08.953900'),
('nk4wbqwv42e9w27556hikvstj8r6sv2s', 'MDMwZjM4OGZkZjdlYTMwM2Y5OWFkMjM5YTM1MTQ0OTIwNmIxYjgxZDp7ImRldl9ieSI6Ikh1dSBOZ3V5ZW4ifQ==', '2020-10-21 01:59:32.479207'),
('nmk1ka5zgotp9d27n3s8d64ji1dhv1tx', 'MDMwZjM4OGZkZjdlYTMwM2Y5OWFkMjM5YTM1MTQ0OTIwNmIxYjgxZDp7ImRldl9ieSI6Ikh1dSBOZ3V5ZW4ifQ==', '2020-10-20 08:18:21.173980'),
('npnazw8kpt0i5ik6c460npsf7gkkhxl5', 'MDMwZjM4OGZkZjdlYTMwM2Y5OWFkMjM5YTM1MTQ0OTIwNmIxYjgxZDp7ImRldl9ieSI6Ikh1dSBOZ3V5ZW4ifQ==', '2020-10-23 07:17:09.237988'),
('nqtxxc38nnu7pn4jk45jk1j4o4elw6ix', 'MDMwZjM4OGZkZjdlYTMwM2Y5OWFkMjM5YTM1MTQ0OTIwNmIxYjgxZDp7ImRldl9ieSI6Ikh1dSBOZ3V5ZW4ifQ==', '2020-10-21 07:44:58.489965'),
('ns0j6e8d9q1ulxhhjcncab5p6oqvhob4', 'MDMwZjM4OGZkZjdlYTMwM2Y5OWFkMjM5YTM1MTQ0OTIwNmIxYjgxZDp7ImRldl9ieSI6Ikh1dSBOZ3V5ZW4ifQ==', '2020-10-21 01:57:48.853343'),
('nx64mzq98is4sqkagmhfb6gkhnyqugeh', 'MDMwZjM4OGZkZjdlYTMwM2Y5OWFkMjM5YTM1MTQ0OTIwNmIxYjgxZDp7ImRldl9ieSI6Ikh1dSBOZ3V5ZW4ifQ==', '2020-10-22 01:55:51.829392'),
('nyhai7qrgkoihd0l5tmjerlwoqknuw24', 'MDMwZjM4OGZkZjdlYTMwM2Y5OWFkMjM5YTM1MTQ0OTIwNmIxYjgxZDp7ImRldl9ieSI6Ikh1dSBOZ3V5ZW4ifQ==', '2020-10-19 17:34:42.045729'),
('nztqhl9i3ixd3l7mzp69r8ri8xbiq0tx', 'MDMwZjM4OGZkZjdlYTMwM2Y5OWFkMjM5YTM1MTQ0OTIwNmIxYjgxZDp7ImRldl9ieSI6Ikh1dSBOZ3V5ZW4ifQ==', '2020-10-23 01:43:35.864252'),
('nzvkcq9zuoggo0qae9otlatonjjaqo58', 'MDMwZjM4OGZkZjdlYTMwM2Y5OWFkMjM5YTM1MTQ0OTIwNmIxYjgxZDp7ImRldl9ieSI6Ikh1dSBOZ3V5ZW4ifQ==', '2020-10-19 16:48:35.340121'),
('o0jjp4z28qfcy0m4trhdw29qlek582yq', 'MDMwZjM4OGZkZjdlYTMwM2Y5OWFkMjM5YTM1MTQ0OTIwNmIxYjgxZDp7ImRldl9ieSI6Ikh1dSBOZ3V5ZW4ifQ==', '2020-10-22 03:47:19.272255'),
('o1htsewtsxbrjzupey98h8vcx8ravp9r', 'MDMwZjM4OGZkZjdlYTMwM2Y5OWFkMjM5YTM1MTQ0OTIwNmIxYjgxZDp7ImRldl9ieSI6Ikh1dSBOZ3V5ZW4ifQ==', '2020-10-21 02:09:48.307848'),
('o1pf5eqjn4g05sk9p2vsx9wlnk6k55nz', 'MDMwZjM4OGZkZjdlYTMwM2Y5OWFkMjM5YTM1MTQ0OTIwNmIxYjgxZDp7ImRldl9ieSI6Ikh1dSBOZ3V5ZW4ifQ==', '2020-10-23 07:37:19.272886'),
('o1zs61m4gv498qlzgr7gdxjw63pe951v', 'MDMwZjM4OGZkZjdlYTMwM2Y5OWFkMjM5YTM1MTQ0OTIwNmIxYjgxZDp7ImRldl9ieSI6Ikh1dSBOZ3V5ZW4ifQ==', '2020-10-20 03:29:22.313541'),
('o3cyc70ddip5eb22kmayr2x7udcx33ex', 'MDMwZjM4OGZkZjdlYTMwM2Y5OWFkMjM5YTM1MTQ0OTIwNmIxYjgxZDp7ImRldl9ieSI6Ikh1dSBOZ3V5ZW4ifQ==', '2020-10-23 08:01:51.882195'),
('o3ysjfxdfn07cjswcnp99abc2uxgbmhw', 'MDMwZjM4OGZkZjdlYTMwM2Y5OWFkMjM5YTM1MTQ0OTIwNmIxYjgxZDp7ImRldl9ieSI6Ikh1dSBOZ3V5ZW4ifQ==', '2020-10-20 02:50:16.435713'),
('o48phh2b87c6zvd274ntjt1sjlio1hmd', 'MDMwZjM4OGZkZjdlYTMwM2Y5OWFkMjM5YTM1MTQ0OTIwNmIxYjgxZDp7ImRldl9ieSI6Ikh1dSBOZ3V5ZW4ifQ==', '2020-10-19 16:23:19.967831'),
('o56k0047vqyz86vq1305t3lraayqfhyy', 'MDMwZjM4OGZkZjdlYTMwM2Y5OWFkMjM5YTM1MTQ0OTIwNmIxYjgxZDp7ImRldl9ieSI6Ikh1dSBOZ3V5ZW4ifQ==', '2020-10-23 08:14:48.334565'),
('o6z15d9ih6f9o1thr4fkacmn2ruyn204', 'MDMwZjM4OGZkZjdlYTMwM2Y5OWFkMjM5YTM1MTQ0OTIwNmIxYjgxZDp7ImRldl9ieSI6Ikh1dSBOZ3V5ZW4ifQ==', '2020-10-21 18:06:52.753544'),
('o9wqe02jcfv5uoccg72xgy5l6270w5r9', 'MDMwZjM4OGZkZjdlYTMwM2Y5OWFkMjM5YTM1MTQ0OTIwNmIxYjgxZDp7ImRldl9ieSI6Ikh1dSBOZ3V5ZW4ifQ==', '2020-10-22 01:44:20.376239'),
('oa2zzscee8fudzki4n8pzr5ydhz5bpo2', 'MDMwZjM4OGZkZjdlYTMwM2Y5OWFkMjM5YTM1MTQ0OTIwNmIxYjgxZDp7ImRldl9ieSI6Ikh1dSBOZ3V5ZW4ifQ==', '2020-10-21 17:28:28.791448'),
('oamycrbrqfhfyd82i54x3djcw4csbu6p', 'MDMwZjM4OGZkZjdlYTMwM2Y5OWFkMjM5YTM1MTQ0OTIwNmIxYjgxZDp7ImRldl9ieSI6Ikh1dSBOZ3V5ZW4ifQ==', '2020-10-21 17:34:41.138186'),
('oavoyd8cnkvy34gtcbvidsqklxbbv82c', 'MDMwZjM4OGZkZjdlYTMwM2Y5OWFkMjM5YTM1MTQ0OTIwNmIxYjgxZDp7ImRldl9ieSI6Ikh1dSBOZ3V5ZW4ifQ==', '2020-10-20 03:25:39.767309'),
('ob6mwaqj7kvbekejyxood1dllalj7hg0', 'MDMwZjM4OGZkZjdlYTMwM2Y5OWFkMjM5YTM1MTQ0OTIwNmIxYjgxZDp7ImRldl9ieSI6Ikh1dSBOZ3V5ZW4ifQ==', '2020-10-21 08:33:48.587538'),
('obgqwguv2oqb1mu6v6czuk6cfkvpoa9a', 'MDMwZjM4OGZkZjdlYTMwM2Y5OWFkMjM5YTM1MTQ0OTIwNmIxYjgxZDp7ImRldl9ieSI6Ikh1dSBOZ3V5ZW4ifQ==', '2020-10-23 07:50:28.142194'),
('oe6i2r0648fnrhoeu57xlq03604j42l4', 'MDMwZjM4OGZkZjdlYTMwM2Y5OWFkMjM5YTM1MTQ0OTIwNmIxYjgxZDp7ImRldl9ieSI6Ikh1dSBOZ3V5ZW4ifQ==', '2020-10-19 16:13:51.011164'),
('oeozxk557qcq38vd5c052k9grqt4jisq', 'YmFkYzI2ZDQ1M2U4ZmE2OTYxOGQzNDE2MGU4MGQ1YTFmNjI0OTQ4NDp7Il9hdXRoX3VzZXJfaWQiOiIxIiwiX2F1dGhfdXNlcl9iYWNrZW5kIjoiZGphbmdvLmNvbnRyaWIuYXV0aC5iYWNrZW5kcy5Nb2RlbEJhY2tlbmQiLCJfYXV0aF91c2VyX2hhc2giOiIyZmJkMGQwMTcyMDUxNDQzMDhmZWE5MDM3ZjJkNTk1OThlY2QzMDc1IiwiY2FydCI6e319', '2020-10-20 09:13:14.873840'),
('oest7qxjpv3elt19ncdgv3laoyntk12f', 'MDMwZjM4OGZkZjdlYTMwM2Y5OWFkMjM5YTM1MTQ0OTIwNmIxYjgxZDp7ImRldl9ieSI6Ikh1dSBOZ3V5ZW4ifQ==', '2020-10-21 07:56:37.558224'),
('ofv6ign2ovpg3ccqbwxtr46g4vzrcpcx', 'MDMwZjM4OGZkZjdlYTMwM2Y5OWFkMjM5YTM1MTQ0OTIwNmIxYjgxZDp7ImRldl9ieSI6Ikh1dSBOZ3V5ZW4ifQ==', '2020-10-22 08:50:28.883849'),
('ogkp7wm8spbh3l96k38xleati1tqa2g6', 'MDMwZjM4OGZkZjdlYTMwM2Y5OWFkMjM5YTM1MTQ0OTIwNmIxYjgxZDp7ImRldl9ieSI6Ikh1dSBOZ3V5ZW4ifQ==', '2020-10-21 18:37:59.241210'),
('oi81gqlieo8i1pb38akevm2jc8927unz', 'MDMwZjM4OGZkZjdlYTMwM2Y5OWFkMjM5YTM1MTQ0OTIwNmIxYjgxZDp7ImRldl9ieSI6Ikh1dSBOZ3V5ZW4ifQ==', '2020-10-19 08:49:57.126796'),
('okfyqhxnc1e8s2b66hfkfjc31paj54t9', 'MDMwZjM4OGZkZjdlYTMwM2Y5OWFkMjM5YTM1MTQ0OTIwNmIxYjgxZDp7ImRldl9ieSI6Ikh1dSBOZ3V5ZW4ifQ==', '2020-10-19 16:20:49.566181'),
('okwfotk55g6i3y7orbj62o9v96cp64hs', 'MDMwZjM4OGZkZjdlYTMwM2Y5OWFkMjM5YTM1MTQ0OTIwNmIxYjgxZDp7ImRldl9ieSI6Ikh1dSBOZ3V5ZW4ifQ==', '2020-10-21 03:03:59.715234'),
('ol1r1ke8b9kufve7ty7vvpl34pfv4rg6', 'MDMwZjM4OGZkZjdlYTMwM2Y5OWFkMjM5YTM1MTQ0OTIwNmIxYjgxZDp7ImRldl9ieSI6Ikh1dSBOZ3V5ZW4ifQ==', '2020-10-21 08:44:36.863972'),
('omfiejv502zgdb7o2y2n1xuyi55o0v6z', 'MDMwZjM4OGZkZjdlYTMwM2Y5OWFkMjM5YTM1MTQ0OTIwNmIxYjgxZDp7ImRldl9ieSI6Ikh1dSBOZ3V5ZW4ifQ==', '2020-10-22 08:33:24.955131'),
('ooaas2x7r1aohkbivchyd1cc72hwb0mr', 'YWUzMzllZTgzOTM3YjMyYjUxNDIzODc2NWEzOTBlYjMzYThmMjk3NTp7Il9hdXRoX3VzZXJfaWQiOiIxIiwiX2F1dGhfdXNlcl9iYWNrZW5kIjoiZGphbmdvLmNvbnRyaWIuYXV0aC5iYWNrZW5kcy5Nb2RlbEJhY2tlbmQiLCJfYXV0aF91c2VyX2hhc2giOiIyZmJkMGQwMTcyMDUxNDQzMDhmZWE5MDM3ZjJkNTk1OThlY2QzMDc1IiwiY2FydCI6eyI2XzY5Ijp7InVzZXJpZCI6MSwiaXRlbV9pZCI6NjksIm9iaiI6Ilt7XCJtb2RlbFwiOiBcIm1haW4ucHJvZHVjdGF0dHJpYnV0ZVwiLCBcInBrXCI6IDY5LCBcImZpZWxkc1wiOiB7XCJwcm9kdWN0X2lkXCI6IDQsIFwiYXR0cl9uYW1lXCI6IFwicCBiXFx1MWVhMW4gY2hcXHUxZWU1cCBcXHUxZWEzbmggXFx1MDExMVxcdTFlYjlwLCBuaFxcdTAxYjBuZyBraFxcdTAwZjRuZ3AgYlxcdTFlYTFuIGNoXFx1MWVlNXAgXFx1MWVhM25oIFxcdTAxMTFcXHUxZWI5cCwgbmhcXHUwMWIwbmcga2hcXHUwMGY0bmdcIiwgXCJwcmljZVwiOiBcIjQ4MDAwMC4wMDBcIiwgXCJxdWFudGl0eVwiOiA0LCBcImRhdGVfYWRkXCI6IFwiMjAyMC0wOS0xMVQwMzo1MDo0MlpcIiwgXCJkYXRlX3VwZFwiOiBcIjIwMjAtMDktMThUMDg6NDA6MTNaXCIsIFwiYXZhaWxhYmxlX2RhdGVcIjogXCIyMDIwLTA5LTE4VDA4OjQwOjEzWlwifX1dIiwibmFtZSI6InAgYlx1MWVhMW4gY2hcdTFlZTVwIFx1MWVhM25oIFx1MDExMVx1MWViOXAsIG5oXHUwMWIwbmcga2hcdTAwZjRuZ3AgYlx1MWVhMW4gY2hcdTFlZTVwIFx1MWVhM25oIFx1MDExMVx1MWViOXAsIG5oXHUwMWIwbmcga2hcdTAwZjRuZyIsInF1YW50aXR5IjoyLCJwcmljZSI6IjQ4MDAwMC4wMDAiLCJpbWFnZSI6IjxpbWcgc3JjPVwiL21lZGlhL2F0dC82OS5qcGdcIiB3aWR0aD1cIjMyMFwiIGhlaWdodD1cIjI0MFwiLz4ifSwiNl82OCI6eyJ1c2VyaWQiOjEsIml0ZW1faWQiOjY4LCJvYmoiOiJbe1wibW9kZWxcIjogXCJtYWluLnByb2R1Y3RhdHRyaWJ1dGVcIiwgXCJwa1wiOiA2OCwgXCJmaWVsZHNcIjoge1wicHJvZHVjdF9pZFwiOiA0LCBcImF0dHJfbmFtZVwiOiBcInAgYlxcdTFlYTFuIGNoXFx1MWVlNXAgXFx1MWVhM25oIFxcdTAxMTFcXHUxZWI5cCwgbmhcXHUwMWIwbmcga2hcXHUwMGY0bmdcIiwgXCJwcmljZVwiOiBcIjQxMDAwMC4wMDBcIiwgXCJxdWFudGl0eVwiOiA2LCBcImRhdGVfYWRkXCI6IFwiMjAyMC0wOS0xMVQwMzo1MDo0MlpcIiwgXCJkYXRlX3VwZFwiOiBcIjIwMjAtMDktMThUMDg6NDE6MjlaXCIsIFwiYXZhaWxhYmxlX2RhdGVcIjogXCIyMDIwLTA5LTE4VDA4OjQxOjI5WlwifX1dIiwibmFtZSI6InAgYlx1MWVhMW4gY2hcdTFlZTVwIFx1MWVhM25oIFx1MDExMVx1MWViOXAsIG5oXHUwMWIwbmcga2hcdTAwZjRuZyIsInF1YW50aXR5IjoxLCJwcmljZSI6IjQxMDAwMC4wMDAiLCJpbWFnZSI6IjxpbWcgc3JjPVwiL21lZGlhL2F0dC82OC5qcGdcIiB3aWR0aD1cIjMyMFwiIGhlaWdodD1cIjI0MFwiLz4ifSwiNl82NyI6eyJ1c2VyaWQiOjEsIml0ZW1faWQiOjY3LCJvYmoiOiJbe1wibW9kZWxcIjogXCJtYWluLnByb2R1Y3RhdHRyaWJ1dGVcIiwgXCJwa1wiOiA2NywgXCJmaWVsZHNcIjoge1wicHJvZHVjdF9pZFwiOiA0LCBcImF0dHJfbmFtZVwiOiBcImlQaG9uZXNhbyBjYW1lcmEgdHJcXHUwMGVhbiBpUGhvIGlQaG9uZXNhbyBjYW1lcmEgdHJcXHUwMGVhbiBpUGhvXCIsIFwicHJpY2VcIjogXCI5OTAwMDAuMDAwXCIsIFwicXVhbnRpdHlcIjogNSwgXCJkYXRlX2FkZFwiOiBcIjIwMjAtMDktMTFUMDM6NTA6NDJaXCIsIFwiZGF0ZV91cGRcIjogXCIyMDIwLTA5LTE4VDA4OjM5OjIyWlwiLCBcImF2YWlsYWJsZV9kYXRlXCI6IFwiMjAyMC0wOS0xOFQwODozOToyMlpcIn19XSIsIm5hbWUiOiJpUGhvbmVzYW8gY2FtZXJhIHRyXHUwMGVhbiBpUGhvIGlQaG9uZXNhbyBjYW1lcmEgdHJcdTAwZWFuIGlQaG8iLCJxdWFudGl0eSI6MSwicHJpY2UiOiI5OTAwMDAuMDAwIiwiaW1hZ2UiOiI8aW1nIHNyYz1cIi9tZWRpYS9hdHQvNjcuanBnXCIgd2lkdGg9XCIzMjBcIiBoZWlnaHQ9XCIyNDBcIi8+In0sIjZfNzAiOnsidXNlcmlkIjoxLCJpdGVtX2lkIjo3MCwib2JqIjoiW3tcIm1vZGVsXCI6IFwibWFpbi5wcm9kdWN0YXR0cmlidXRlXCIsIFwicGtcIjogNzAsIFwiZmllbGRzXCI6IHtcInByb2R1Y3RfaWRcIjogNCwgXCJhdHRyX25hbWVcIjogXCJtZXJhIGNcXHUxZWU3YSBBcHBsZSBnaVxcdTAwZmFwIGJcXHUxZWExbiBjaFxcdTFlZTVwIFxcdTFlYTNcIiwgXCJwcmljZVwiOiBcIjc0MDAwMC4wMDBcIiwgXCJxdWFudGl0eVwiOiA0LCBcImRhdGVfYWRkXCI6IFwiMjAyMC0wOS0xMVQwMzo1MDo0MlpcIiwgXCJkYXRlX3VwZFwiOiBcIjIwMjAtMDktMThUMDg6NDA6NDhaXCIsIFwiYXZhaWxhYmxlX2RhdGVcIjogXCIyMDIwLTA5LTE4VDA4OjQwOjQ4WlwifX1dIiwibmFtZSI6Im1lcmEgY1x1MWVlN2EgQXBwbGUgZ2lcdTAwZmFwIGJcdTFlYTFuIGNoXHUxZWU1cCBcdTFlYTMiLCJxdWFudGl0eSI6MSwicHJpY2UiOiI3NDAwMDAuMDAwIiwiaW1hZ2UiOiI8aW1nIHNyYz1cIi9tZWRpYS9hdHQvNzAuanBnXCIgd2lkdGg9XCIzMjBcIiBoZWlnaHQ9XCIyNDBcIi8+In19fQ==', '2020-10-05 06:19:05.602638'),
('op7qdgk1a07071lavp7ctkq979u89xup', 'MDMwZjM4OGZkZjdlYTMwM2Y5OWFkMjM5YTM1MTQ0OTIwNmIxYjgxZDp7ImRldl9ieSI6Ikh1dSBOZ3V5ZW4ifQ==', '2020-10-20 03:06:54.644530'),
('opg4lq822a0mqxhhhlug7p4pma1u34t1', 'MDMwZjM4OGZkZjdlYTMwM2Y5OWFkMjM5YTM1MTQ0OTIwNmIxYjgxZDp7ImRldl9ieSI6Ikh1dSBOZ3V5ZW4ifQ==', '2020-10-19 09:11:03.807504'),
('oulgzf9mtmug9myh54g042jj3elvet95', 'MDMwZjM4OGZkZjdlYTMwM2Y5OWFkMjM5YTM1MTQ0OTIwNmIxYjgxZDp7ImRldl9ieSI6Ikh1dSBOZ3V5ZW4ifQ==', '2020-10-19 18:03:49.055017'),
('ouw7svzmjup7ztbbd32gv4rw2w04yiph', 'MDMwZjM4OGZkZjdlYTMwM2Y5OWFkMjM5YTM1MTQ0OTIwNmIxYjgxZDp7ImRldl9ieSI6Ikh1dSBOZ3V5ZW4ifQ==', '2020-10-21 03:38:01.995371'),
('ovgksho8y6mlz4vdr943v1n6n4szqbds', 'MDMwZjM4OGZkZjdlYTMwM2Y5OWFkMjM5YTM1MTQ0OTIwNmIxYjgxZDp7ImRldl9ieSI6Ikh1dSBOZ3V5ZW4ifQ==', '2020-10-20 04:44:04.281366'),
('ovtczvjvo8qai874ow2dmglvvglt79o6', 'MDMwZjM4OGZkZjdlYTMwM2Y5OWFkMjM5YTM1MTQ0OTIwNmIxYjgxZDp7ImRldl9ieSI6Ikh1dSBOZ3V5ZW4ifQ==', '2020-10-21 08:12:43.212299'),
('ox94q9f27810dxswgre10ox9r27gmzkh', 'MDMwZjM4OGZkZjdlYTMwM2Y5OWFkMjM5YTM1MTQ0OTIwNmIxYjgxZDp7ImRldl9ieSI6Ikh1dSBOZ3V5ZW4ifQ==', '2020-10-20 07:14:42.312262'),
('oyhpjjyueqs5zzbn01atq0kpvmbk5r40', 'MDMwZjM4OGZkZjdlYTMwM2Y5OWFkMjM5YTM1MTQ0OTIwNmIxYjgxZDp7ImRldl9ieSI6Ikh1dSBOZ3V5ZW4ifQ==', '2020-10-21 18:26:23.372344'),
('oyoko6hjiqef0e1hul3uzpnng7scxkqh', 'MDMwZjM4OGZkZjdlYTMwM2Y5OWFkMjM5YTM1MTQ0OTIwNmIxYjgxZDp7ImRldl9ieSI6Ikh1dSBOZ3V5ZW4ifQ==', '2020-10-20 08:41:29.521940'),
('p2xifzc7ihy1q1dcye36s0tjdv20qxxx', 'MDMwZjM4OGZkZjdlYTMwM2Y5OWFkMjM5YTM1MTQ0OTIwNmIxYjgxZDp7ImRldl9ieSI6Ikh1dSBOZ3V5ZW4ifQ==', '2020-10-19 16:31:32.727565'),
('p51lmuq6zo16u0tofv6l4zczy6soq59f', 'MDMwZjM4OGZkZjdlYTMwM2Y5OWFkMjM5YTM1MTQ0OTIwNmIxYjgxZDp7ImRldl9ieSI6Ikh1dSBOZ3V5ZW4ifQ==', '2020-10-21 07:34:01.909794'),
('p61jfuhzst4iwbtyuny74zxcqq2pesbu', 'MDMwZjM4OGZkZjdlYTMwM2Y5OWFkMjM5YTM1MTQ0OTIwNmIxYjgxZDp7ImRldl9ieSI6Ikh1dSBOZ3V5ZW4ifQ==', '2020-10-20 09:11:16.411535'),
('p6evcimu2t7pajq9bor9ia7gw7edsdz4', 'YmFkYzI2ZDQ1M2U4ZmE2OTYxOGQzNDE2MGU4MGQ1YTFmNjI0OTQ4NDp7Il9hdXRoX3VzZXJfaWQiOiIxIiwiX2F1dGhfdXNlcl9iYWNrZW5kIjoiZGphbmdvLmNvbnRyaWIuYXV0aC5iYWNrZW5kcy5Nb2RlbEJhY2tlbmQiLCJfYXV0aF91c2VyX2hhc2giOiIyZmJkMGQwMTcyMDUxNDQzMDhmZWE5MDM3ZjJkNTk1OThlY2QzMDc1IiwiY2FydCI6e319', '2020-10-12 09:10:18.551815'),
('p8puvlyp7ks3pm2vf05np126p3vvnvms', 'MDMwZjM4OGZkZjdlYTMwM2Y5OWFkMjM5YTM1MTQ0OTIwNmIxYjgxZDp7ImRldl9ieSI6Ikh1dSBOZ3V5ZW4ifQ==', '2020-10-22 03:42:13.516612'),
('pbh8wuqajkh2f6cmpr3ypti8zbyl3g6n', 'MDMwZjM4OGZkZjdlYTMwM2Y5OWFkMjM5YTM1MTQ0OTIwNmIxYjgxZDp7ImRldl9ieSI6Ikh1dSBOZ3V5ZW4ifQ==', '2020-10-21 08:49:54.993415'),
('pbzc007o2tewh0u8ufu5j84hsryb618c', 'MDMwZjM4OGZkZjdlYTMwM2Y5OWFkMjM5YTM1MTQ0OTIwNmIxYjgxZDp7ImRldl9ieSI6Ikh1dSBOZ3V5ZW4ifQ==', '2020-10-20 03:34:57.406001'),
('pgd96406r3tmrmdba9gxjdpqg8sadbq4', 'MDMwZjM4OGZkZjdlYTMwM2Y5OWFkMjM5YTM1MTQ0OTIwNmIxYjgxZDp7ImRldl9ieSI6Ikh1dSBOZ3V5ZW4ifQ==', '2020-10-19 09:11:12.577044'),
('pgynuxkuctd0ru6hpuv6qff9mobnb6gn', 'MDMwZjM4OGZkZjdlYTMwM2Y5OWFkMjM5YTM1MTQ0OTIwNmIxYjgxZDp7ImRldl9ieSI6Ikh1dSBOZ3V5ZW4ifQ==', '2020-10-19 15:59:12.745208'),
('ph5izb7o3cyr4l7cl39x119wd5melcpz', 'MDMwZjM4OGZkZjdlYTMwM2Y5OWFkMjM5YTM1MTQ0OTIwNmIxYjgxZDp7ImRldl9ieSI6Ikh1dSBOZ3V5ZW4ifQ==', '2020-10-19 16:08:37.910355'),
('pholzi9hldqgztsq9n11yg0yrwvb1533', 'MDMwZjM4OGZkZjdlYTMwM2Y5OWFkMjM5YTM1MTQ0OTIwNmIxYjgxZDp7ImRldl9ieSI6Ikh1dSBOZ3V5ZW4ifQ==', '2020-10-22 03:46:52.048165'),
('pkte1ce3j0f0glo2dj7fv7qgsjqk4f92', 'MDMwZjM4OGZkZjdlYTMwM2Y5OWFkMjM5YTM1MTQ0OTIwNmIxYjgxZDp7ImRldl9ieSI6Ikh1dSBOZ3V5ZW4ifQ==', '2020-10-22 03:21:12.792578'),
('pnrieexarx9f6he0lyzcr1xim07zumsj', 'MDMwZjM4OGZkZjdlYTMwM2Y5OWFkMjM5YTM1MTQ0OTIwNmIxYjgxZDp7ImRldl9ieSI6Ikh1dSBOZ3V5ZW4ifQ==', '2020-10-23 07:59:46.723963'),
('pocqc3tymdywo93d0a97cdme96ni1kjb', 'MDMwZjM4OGZkZjdlYTMwM2Y5OWFkMjM5YTM1MTQ0OTIwNmIxYjgxZDp7ImRldl9ieSI6Ikh1dSBOZ3V5ZW4ifQ==', '2020-10-23 07:30:19.097230'),
('prc0ibm8f5yq8svwjc2i9v3ndwsnm1qt', 'MDMwZjM4OGZkZjdlYTMwM2Y5OWFkMjM5YTM1MTQ0OTIwNmIxYjgxZDp7ImRldl9ieSI6Ikh1dSBOZ3V5ZW4ifQ==', '2020-10-19 08:29:19.803493'),
('ps5xrrr4w9zegobtpjj9tpvjluimwvnn', 'MDMwZjM4OGZkZjdlYTMwM2Y5OWFkMjM5YTM1MTQ0OTIwNmIxYjgxZDp7ImRldl9ieSI6Ikh1dSBOZ3V5ZW4ifQ==', '2020-10-20 05:42:28.096090'),
('ptx4ua40tjcj4nx9a3pul7prrdjdgvl6', 'MDMwZjM4OGZkZjdlYTMwM2Y5OWFkMjM5YTM1MTQ0OTIwNmIxYjgxZDp7ImRldl9ieSI6Ikh1dSBOZ3V5ZW4ifQ==', '2020-10-21 08:54:55.962769'),
('pu5eptv41h3tnvss01u0lrdmri63ac35', 'MDMwZjM4OGZkZjdlYTMwM2Y5OWFkMjM5YTM1MTQ0OTIwNmIxYjgxZDp7ImRldl9ieSI6Ikh1dSBOZ3V5ZW4ifQ==', '2020-10-19 16:50:06.201106'),
('pwu1fc6q2aq6j7rtq8m38jgqpnozq89k', 'MDk3ZjcxMGUxNzJjNmJiOTk3MDRkMGRiMzcwMGVhZTA1ODcwMTJkZTp7Imhhc19zaWRlYmFyX3JpZ2h0IjpmYWxzZSwiaGFzX3NpZGViYXJfbGVmdCI6ZmFsc2V9', '2020-10-19 07:42:12.745218'),
('pww18ibkdjkn29ls1wskkww9i18v8d2i', 'MDMwZjM4OGZkZjdlYTMwM2Y5OWFkMjM5YTM1MTQ0OTIwNmIxYjgxZDp7ImRldl9ieSI6Ikh1dSBOZ3V5ZW4ifQ==', '2020-10-20 03:25:07.772130'),
('q1kbp42yzedmf2fngyvhtyaw3390zaw8', 'MDMwZjM4OGZkZjdlYTMwM2Y5OWFkMjM5YTM1MTQ0OTIwNmIxYjgxZDp7ImRldl9ieSI6Ikh1dSBOZ3V5ZW4ifQ==', '2020-10-23 01:30:59.585379'),
('q317adnq9epzszjwo87vvo80klym3lby', 'MDMwZjM4OGZkZjdlYTMwM2Y5OWFkMjM5YTM1MTQ0OTIwNmIxYjgxZDp7ImRldl9ieSI6Ikh1dSBOZ3V5ZW4ifQ==', '2020-10-21 07:24:52.145825'),
('q4pn8tclpyxenpht36o34u5l1kwpjgut', 'MDMwZjM4OGZkZjdlYTMwM2Y5OWFkMjM5YTM1MTQ0OTIwNmIxYjgxZDp7ImRldl9ieSI6Ikh1dSBOZ3V5ZW4ifQ==', '2020-10-21 08:42:08.791597'),
('q4w2rdfxlrt8245fxftol54fz96wm2f1', 'MDMwZjM4OGZkZjdlYTMwM2Y5OWFkMjM5YTM1MTQ0OTIwNmIxYjgxZDp7ImRldl9ieSI6Ikh1dSBOZ3V5ZW4ifQ==', '2020-10-19 16:11:29.060401'),
('q4xxuwxi1tqx33a10hza02s4p8w5c8x7', 'MDMwZjM4OGZkZjdlYTMwM2Y5OWFkMjM5YTM1MTQ0OTIwNmIxYjgxZDp7ImRldl9ieSI6Ikh1dSBOZ3V5ZW4ifQ==', '2020-10-21 18:21:35.259864'),
('q5olx24y6wcwfb2g205q2q71g0jhsabx', 'MDMwZjM4OGZkZjdlYTMwM2Y5OWFkMjM5YTM1MTQ0OTIwNmIxYjgxZDp7ImRldl9ieSI6Ikh1dSBOZ3V5ZW4ifQ==', '2020-10-19 09:02:04.780936'),
('q6w9u3dx001b61fgsypg9htmdq619fho', 'MDMwZjM4OGZkZjdlYTMwM2Y5OWFkMjM5YTM1MTQ0OTIwNmIxYjgxZDp7ImRldl9ieSI6Ikh1dSBOZ3V5ZW4ifQ==', '2020-10-21 08:10:27.535732'),
('q763jiaqxnxkoqiclf94bc58pnqw6cap', 'YmFkYzI2ZDQ1M2U4ZmE2OTYxOGQzNDE2MGU4MGQ1YTFmNjI0OTQ4NDp7Il9hdXRoX3VzZXJfaWQiOiIxIiwiX2F1dGhfdXNlcl9iYWNrZW5kIjoiZGphbmdvLmNvbnRyaWIuYXV0aC5iYWNrZW5kcy5Nb2RlbEJhY2tlbmQiLCJfYXV0aF91c2VyX2hhc2giOiIyZmJkMGQwMTcyMDUxNDQzMDhmZWE5MDM3ZjJkNTk1OThlY2QzMDc1IiwiY2FydCI6e319', '2020-09-29 01:41:37.352269'),
('q7pxrn57e423deb0amj1ybrwfado55ra', 'MDMwZjM4OGZkZjdlYTMwM2Y5OWFkMjM5YTM1MTQ0OTIwNmIxYjgxZDp7ImRldl9ieSI6Ikh1dSBOZ3V5ZW4ifQ==', '2020-10-20 09:12:53.363789'),
('q8dxa54iobaki98ur0fbn92pxheb8jav', 'MDMwZjM4OGZkZjdlYTMwM2Y5OWFkMjM5YTM1MTQ0OTIwNmIxYjgxZDp7ImRldl9ieSI6Ikh1dSBOZ3V5ZW4ifQ==', '2020-10-23 07:07:33.658719'),
('q8xas1k86t3jxntlqeu4vpwvp7k6vet2', 'MDMwZjM4OGZkZjdlYTMwM2Y5OWFkMjM5YTM1MTQ0OTIwNmIxYjgxZDp7ImRldl9ieSI6Ikh1dSBOZ3V5ZW4ifQ==', '2020-10-21 17:27:09.470624'),
('qa4bzosc0owxyym84szlzm335vi8gwh3', 'MDMwZjM4OGZkZjdlYTMwM2Y5OWFkMjM5YTM1MTQ0OTIwNmIxYjgxZDp7ImRldl9ieSI6Ikh1dSBOZ3V5ZW4ifQ==', '2020-10-19 15:56:31.236194'),
('qcd8k7wtqxy1jngoq5ugyxyrcdvht534', 'MTU4ZDcxODYzNTIwNGU4ZGE1YmFiN2NjMWI2ZjQ0NzA5M2RiYWQ3Yjp7Il9hdXRoX3VzZXJfaWQiOiIxIiwiX2F1dGhfdXNlcl9iYWNrZW5kIjoiZGphbmdvLmNvbnRyaWIuYXV0aC5iYWNrZW5kcy5Nb2RlbEJhY2tlbmQiLCJfYXV0aF91c2VyX2hhc2giOiIyZmJkMGQwMTcyMDUxNDQzMDhmZWE5MDM3ZjJkNTk1OThlY2QzMDc1IiwiY2FydCI6eyI2OCI6eyJ1c2VyaWQiOjEsIml0ZW1faWQiOjY4LCJvYmoiOiJbe1wibW9kZWxcIjogXCJtYWluLnByb2R1Y3RhdHRyaWJ1dGVcIiwgXCJwa1wiOiA2OCwgXCJmaWVsZHNcIjoge1wiaWRfcHJvZHVjdFwiOiA0LCBcImF0dHJfbmFtZVwiOiBcInAgYlxcdTFlYTFuIGNoXFx1MWVlNXAgXFx1MWVhM25oIFxcdTAxMTFcXHUxZWI5cCwgbmhcXHUwMWIwbmcga2hcXHUwMGY0bmdcIiwgXCJwcmljZVwiOiBcIjAuMDAxXCIsIFwicXVhbnRpdHlcIjogNiwgXCJkYXRlX2FkZFwiOiBcIjIwMjAtMDktMTFUMDM6NTA6NDJaXCIsIFwiZGF0ZV91cGRcIjogXCIyMDIwLTA5LTE1VDA0OjM4OjAzWlwiLCBcImF2YWlsYWJsZV9kYXRlXCI6IFwiMjAyMC0wOS0xNVQwNDozODowM1pcIn19XSIsIm5hbWUiOiJwIGJcdTFlYTFuIGNoXHUxZWU1cCBcdTFlYTNuaCBcdTAxMTFcdTFlYjlwLCBuaFx1MDFiMG5nIGtoXHUwMGY0bmciLCJxdWFudGl0eSI6MSwicHJpY2UiOiIwLjAwMSIsImltYWdlIjoiPGltZyBzcmM9XCIvbWVkaWEvYXR0LzY4LmpwZ1wiIHdpZHRoPVwiMzIwXCIgaGVpZ2h0PVwiMjQwXCIvPiJ9fX0=', '2020-10-01 20:01:09.301843'),
('qczc3lxevriqekh43m71jqt8fztbjmzg', 'MDMwZjM4OGZkZjdlYTMwM2Y5OWFkMjM5YTM1MTQ0OTIwNmIxYjgxZDp7ImRldl9ieSI6Ikh1dSBOZ3V5ZW4ifQ==', '2020-10-19 15:26:42.153640'),
('qdmjy4xuatjse5jg5vbf4pwpzuqhn54s', 'MDMwZjM4OGZkZjdlYTMwM2Y5OWFkMjM5YTM1MTQ0OTIwNmIxYjgxZDp7ImRldl9ieSI6Ikh1dSBOZ3V5ZW4ifQ==', '2020-10-22 09:08:50.211026'),
('qe4me1yqdm2tivxk5icmuw1630k76cyi', 'MDMwZjM4OGZkZjdlYTMwM2Y5OWFkMjM5YTM1MTQ0OTIwNmIxYjgxZDp7ImRldl9ieSI6Ikh1dSBOZ3V5ZW4ifQ==', '2020-10-20 02:08:50.247852'),
('qgf63qgekg4y2t8o1mwusmxv3bocnl6r', 'MDMwZjM4OGZkZjdlYTMwM2Y5OWFkMjM5YTM1MTQ0OTIwNmIxYjgxZDp7ImRldl9ieSI6Ikh1dSBOZ3V5ZW4ifQ==', '2020-10-22 01:56:44.787012'),
('qhm7554uy21xvm7dorm0x69yt46wfvg7', 'MDMwZjM4OGZkZjdlYTMwM2Y5OWFkMjM5YTM1MTQ0OTIwNmIxYjgxZDp7ImRldl9ieSI6Ikh1dSBOZ3V5ZW4ifQ==', '2020-10-19 09:11:08.796069'),
('qhzi3qravks5ucdzq7waxi8w8gpa5bpe', 'MDMwZjM4OGZkZjdlYTMwM2Y5OWFkMjM5YTM1MTQ0OTIwNmIxYjgxZDp7ImRldl9ieSI6Ikh1dSBOZ3V5ZW4ifQ==', '2020-10-19 08:06:02.630015'),
('qikmmi0sv14oevnqzfedhfle3bvmgs6b', 'MDMwZjM4OGZkZjdlYTMwM2Y5OWFkMjM5YTM1MTQ0OTIwNmIxYjgxZDp7ImRldl9ieSI6Ikh1dSBOZ3V5ZW4ifQ==', '2020-10-20 02:39:58.897163'),
('qj4gxkb8pm3zvrdliliaejrkdslov6s5', 'MDMwZjM4OGZkZjdlYTMwM2Y5OWFkMjM5YTM1MTQ0OTIwNmIxYjgxZDp7ImRldl9ieSI6Ikh1dSBOZ3V5ZW4ifQ==', '2020-10-26 03:22:44.201058'),
('qjvnpejkndbgt7hby56vte4xjkc0enm0', 'MDMwZjM4OGZkZjdlYTMwM2Y5OWFkMjM5YTM1MTQ0OTIwNmIxYjgxZDp7ImRldl9ieSI6Ikh1dSBOZ3V5ZW4ifQ==', '2020-10-21 07:57:42.680594'),
('qjzh6zt8pap0baqt3wbqdtqu910uucwg', 'MDMwZjM4OGZkZjdlYTMwM2Y5OWFkMjM5YTM1MTQ0OTIwNmIxYjgxZDp7ImRldl9ieSI6Ikh1dSBOZ3V5ZW4ifQ==', '2020-10-21 17:41:17.772198'),
('qk5w4o57z0b6ua6amsak096nua4ul734', 'YTZkMGVmMDI3MzEzYmIwYzk2Y2Y1ZTlmYzhhYjllZmFiNTgyMjU5Njp7Il9hdXRoX3VzZXJfaWQiOiIxIiwiX2F1dGhfdXNlcl9iYWNrZW5kIjoiZGphbmdvLmNvbnRyaWIuYXV0aC5iYWNrZW5kcy5Nb2RlbEJhY2tlbmQiLCJfYXV0aF91c2VyX2hhc2giOiIyZmJkMGQwMTcyMDUxNDQzMDhmZWE5MDM3ZjJkNTk1OThlY2QzMDc1In0=', '2020-09-02 02:06:31.991929'),
('qkysyb3lac2oqkmtzi93q4e4a5gouqvy', 'MDMwZjM4OGZkZjdlYTMwM2Y5OWFkMjM5YTM1MTQ0OTIwNmIxYjgxZDp7ImRldl9ieSI6Ikh1dSBOZ3V5ZW4ifQ==', '2020-10-27 04:05:28.929888'),
('qlj2z2o5hwcr4jqmgq2a7a6q3bz663ey', 'MDMwZjM4OGZkZjdlYTMwM2Y5OWFkMjM5YTM1MTQ0OTIwNmIxYjgxZDp7ImRldl9ieSI6Ikh1dSBOZ3V5ZW4ifQ==', '2020-10-21 07:20:43.460732'),
('qlqs06o5n0wgb5adphozn1h157s1tgc7', 'MDMwZjM4OGZkZjdlYTMwM2Y5OWFkMjM5YTM1MTQ0OTIwNmIxYjgxZDp7ImRldl9ieSI6Ikh1dSBOZ3V5ZW4ifQ==', '2020-10-21 07:16:12.910347'),
('qn3npgy65q5ifyxdrnob2syu9xsrpsfl', 'MDMwZjM4OGZkZjdlYTMwM2Y5OWFkMjM5YTM1MTQ0OTIwNmIxYjgxZDp7ImRldl9ieSI6Ikh1dSBOZ3V5ZW4ifQ==', '2020-10-19 16:11:51.702404'),
('qnljejdy5sjr0zlr7b4886vqdphwp1em', 'MDMwZjM4OGZkZjdlYTMwM2Y5OWFkMjM5YTM1MTQ0OTIwNmIxYjgxZDp7ImRldl9ieSI6Ikh1dSBOZ3V5ZW4ifQ==', '2020-10-21 11:58:10.503203'),
('qnonpwg8l2u0k5x80yxqqvx0v2o34qby', 'MDMwZjM4OGZkZjdlYTMwM2Y5OWFkMjM5YTM1MTQ0OTIwNmIxYjgxZDp7ImRldl9ieSI6Ikh1dSBOZ3V5ZW4ifQ==', '2020-10-20 02:44:07.648879'),
('qoso6ayhou2uxlb4rvcovapcpxf6ng88', 'MDMwZjM4OGZkZjdlYTMwM2Y5OWFkMjM5YTM1MTQ0OTIwNmIxYjgxZDp7ImRldl9ieSI6Ikh1dSBOZ3V5ZW4ifQ==', '2020-10-21 03:02:06.538760'),
('qpdjspven6nw8p7qrkgm5gi0sot6k45o', 'MDMwZjM4OGZkZjdlYTMwM2Y5OWFkMjM5YTM1MTQ0OTIwNmIxYjgxZDp7ImRldl9ieSI6Ikh1dSBOZ3V5ZW4ifQ==', '2020-10-23 01:25:41.310999');
INSERT INTO `django_session` (`session_key`, `session_data`, `expire_date`) VALUES
('qs7y4ph6xuyhhqwgvf7r4m3rgyw7swns', 'MDMwZjM4OGZkZjdlYTMwM2Y5OWFkMjM5YTM1MTQ0OTIwNmIxYjgxZDp7ImRldl9ieSI6Ikh1dSBOZ3V5ZW4ifQ==', '2020-10-19 16:21:45.584198'),
('qv7vh2re0474ydvznvchumkqewjrwnzj', 'MDMwZjM4OGZkZjdlYTMwM2Y5OWFkMjM5YTM1MTQ0OTIwNmIxYjgxZDp7ImRldl9ieSI6Ikh1dSBOZ3V5ZW4ifQ==', '2020-10-21 18:32:57.119729'),
('qvj0e764fuam9mz2oxuwxtl0phkgkqne', 'MDMwZjM4OGZkZjdlYTMwM2Y5OWFkMjM5YTM1MTQ0OTIwNmIxYjgxZDp7ImRldl9ieSI6Ikh1dSBOZ3V5ZW4ifQ==', '2020-10-19 17:08:04.538737'),
('qw98gk39trc87o7s7945hhuxwishm9vt', 'MDMwZjM4OGZkZjdlYTMwM2Y5OWFkMjM5YTM1MTQ0OTIwNmIxYjgxZDp7ImRldl9ieSI6Ikh1dSBOZ3V5ZW4ifQ==', '2020-10-20 05:40:10.478607'),
('qws29l6iwqd3v8demrnetlyu18041r9h', 'MDMwZjM4OGZkZjdlYTMwM2Y5OWFkMjM5YTM1MTQ0OTIwNmIxYjgxZDp7ImRldl9ieSI6Ikh1dSBOZ3V5ZW4ifQ==', '2020-10-19 09:05:44.485295'),
('qxog8ilpcq6swkq6c2tfb8rownkjg2i6', 'MDMwZjM4OGZkZjdlYTMwM2Y5OWFkMjM5YTM1MTQ0OTIwNmIxYjgxZDp7ImRldl9ieSI6Ikh1dSBOZ3V5ZW4ifQ==', '2020-10-21 18:15:41.617141'),
('qz5q7dd431s78e5fz9vqrssb4t5szsnt', 'MDMwZjM4OGZkZjdlYTMwM2Y5OWFkMjM5YTM1MTQ0OTIwNmIxYjgxZDp7ImRldl9ieSI6Ikh1dSBOZ3V5ZW4ifQ==', '2020-10-23 08:13:11.623425'),
('qzn2slho3fkvy4ilynthxt0v0sl3xv1t', 'MDMwZjM4OGZkZjdlYTMwM2Y5OWFkMjM5YTM1MTQ0OTIwNmIxYjgxZDp7ImRldl9ieSI6Ikh1dSBOZ3V5ZW4ifQ==', '2020-10-19 17:20:17.099974'),
('qzpykjumf8ejd19fqs2v2wk33hf8gm1n', 'MDMwZjM4OGZkZjdlYTMwM2Y5OWFkMjM5YTM1MTQ0OTIwNmIxYjgxZDp7ImRldl9ieSI6Ikh1dSBOZ3V5ZW4ifQ==', '2020-10-21 18:15:12.365097'),
('r05v0qirsad0j7qyqk1k6f568u7fw51k', 'MDMwZjM4OGZkZjdlYTMwM2Y5OWFkMjM5YTM1MTQ0OTIwNmIxYjgxZDp7ImRldl9ieSI6Ikh1dSBOZ3V5ZW4ifQ==', '2020-10-19 16:02:37.749848'),
('r1ghrzyxbn228xs3eag7n4p884ircq8l', 'MDMwZjM4OGZkZjdlYTMwM2Y5OWFkMjM5YTM1MTQ0OTIwNmIxYjgxZDp7ImRldl9ieSI6Ikh1dSBOZ3V5ZW4ifQ==', '2020-10-20 05:05:59.033928'),
('r2nwmnmueg07oyufuvbqwaa30kq3tnzl', 'MDMwZjM4OGZkZjdlYTMwM2Y5OWFkMjM5YTM1MTQ0OTIwNmIxYjgxZDp7ImRldl9ieSI6Ikh1dSBOZ3V5ZW4ifQ==', '2020-10-21 16:46:36.951066'),
('r4me9pud6973w1qgxfzjgcu1vn9felak', 'MDMwZjM4OGZkZjdlYTMwM2Y5OWFkMjM5YTM1MTQ0OTIwNmIxYjgxZDp7ImRldl9ieSI6Ikh1dSBOZ3V5ZW4ifQ==', '2020-10-20 06:58:03.490320'),
('r59cucj12iqksi6iqv86vd3l5r1m4d2r', 'MDMwZjM4OGZkZjdlYTMwM2Y5OWFkMjM5YTM1MTQ0OTIwNmIxYjgxZDp7ImRldl9ieSI6Ikh1dSBOZ3V5ZW4ifQ==', '2020-10-23 02:30:04.882560'),
('r61leiayaf5hz4rsrzskn2sw66iez2rs', 'MDMwZjM4OGZkZjdlYTMwM2Y5OWFkMjM5YTM1MTQ0OTIwNmIxYjgxZDp7ImRldl9ieSI6Ikh1dSBOZ3V5ZW4ifQ==', '2020-10-21 02:49:15.357859'),
('r7mauiibqz84g4xmf9zed1fzy9lv4z0x', 'MDMwZjM4OGZkZjdlYTMwM2Y5OWFkMjM5YTM1MTQ0OTIwNmIxYjgxZDp7ImRldl9ieSI6Ikh1dSBOZ3V5ZW4ifQ==', '2020-10-23 01:54:50.026805'),
('r9siix6jobtbccvr2a0d9lxxzvujwvnk', 'MDMwZjM4OGZkZjdlYTMwM2Y5OWFkMjM5YTM1MTQ0OTIwNmIxYjgxZDp7ImRldl9ieSI6Ikh1dSBOZ3V5ZW4ifQ==', '2020-10-19 16:01:21.246559'),
('r9umj5snk8k85dj7at10ofwaitgmszxd', 'MDMwZjM4OGZkZjdlYTMwM2Y5OWFkMjM5YTM1MTQ0OTIwNmIxYjgxZDp7ImRldl9ieSI6Ikh1dSBOZ3V5ZW4ifQ==', '2020-10-21 07:55:14.375856'),
('rad78hua4w4j2cmg1hiocezldq5jsnot', 'MDMwZjM4OGZkZjdlYTMwM2Y5OWFkMjM5YTM1MTQ0OTIwNmIxYjgxZDp7ImRldl9ieSI6Ikh1dSBOZ3V5ZW4ifQ==', '2020-10-19 16:48:56.414827'),
('re02hphym20ezowvlbbr8ndjl666l649', 'MDMwZjM4OGZkZjdlYTMwM2Y5OWFkMjM5YTM1MTQ0OTIwNmIxYjgxZDp7ImRldl9ieSI6Ikh1dSBOZ3V5ZW4ifQ==', '2020-10-20 05:39:48.271122'),
('rhljthd6xu9mxud8zfn26mvzv9h4o4jg', 'YmFkYzI2ZDQ1M2U4ZmE2OTYxOGQzNDE2MGU4MGQ1YTFmNjI0OTQ4NDp7Il9hdXRoX3VzZXJfaWQiOiIxIiwiX2F1dGhfdXNlcl9iYWNrZW5kIjoiZGphbmdvLmNvbnRyaWIuYXV0aC5iYWNrZW5kcy5Nb2RlbEJhY2tlbmQiLCJfYXV0aF91c2VyX2hhc2giOiIyZmJkMGQwMTcyMDUxNDQzMDhmZWE5MDM3ZjJkNTk1OThlY2QzMDc1IiwiY2FydCI6e319', '2020-09-14 18:00:42.469966'),
('rkyb2m5r78pu8aug5577v6oauiliy8ii', 'MDMwZjM4OGZkZjdlYTMwM2Y5OWFkMjM5YTM1MTQ0OTIwNmIxYjgxZDp7ImRldl9ieSI6Ikh1dSBOZ3V5ZW4ifQ==', '2020-10-21 18:24:12.082114'),
('rmdrywjzcb151r3rdggyqwp647q0kzp8', 'MDMwZjM4OGZkZjdlYTMwM2Y5OWFkMjM5YTM1MTQ0OTIwNmIxYjgxZDp7ImRldl9ieSI6Ikh1dSBOZ3V5ZW4ifQ==', '2020-10-27 04:05:33.535423'),
('rmt5jv9giwoxl2herohi9zcsmo84c9fo', 'MDMwZjM4OGZkZjdlYTMwM2Y5OWFkMjM5YTM1MTQ0OTIwNmIxYjgxZDp7ImRldl9ieSI6Ikh1dSBOZ3V5ZW4ifQ==', '2020-10-21 08:49:43.935748'),
('rptfigj2wgg4p3x2bh4ebf1q7tnqkr6n', 'MDMwZjM4OGZkZjdlYTMwM2Y5OWFkMjM5YTM1MTQ0OTIwNmIxYjgxZDp7ImRldl9ieSI6Ikh1dSBOZ3V5ZW4ifQ==', '2020-10-22 02:42:46.094174'),
('rqp4j9ctg95q454qr2wpw4dg5ujmz13r', 'MDMwZjM4OGZkZjdlYTMwM2Y5OWFkMjM5YTM1MTQ0OTIwNmIxYjgxZDp7ImRldl9ieSI6Ikh1dSBOZ3V5ZW4ifQ==', '2020-10-19 15:58:24.748930'),
('rsupa6bprnhsezwmzr2rykjp3itct18i', 'MDMwZjM4OGZkZjdlYTMwM2Y5OWFkMjM5YTM1MTQ0OTIwNmIxYjgxZDp7ImRldl9ieSI6Ikh1dSBOZ3V5ZW4ifQ==', '2020-10-23 02:11:42.111611'),
('rsvwgk6zlr3rursxs1q8v65gepi4zhyg', 'MDMwZjM4OGZkZjdlYTMwM2Y5OWFkMjM5YTM1MTQ0OTIwNmIxYjgxZDp7ImRldl9ieSI6Ikh1dSBOZ3V5ZW4ifQ==', '2020-10-20 05:46:00.240866'),
('rx3cw3td698yuwg62mblc5f6nk0k6791', 'MDMwZjM4OGZkZjdlYTMwM2Y5OWFkMjM5YTM1MTQ0OTIwNmIxYjgxZDp7ImRldl9ieSI6Ikh1dSBOZ3V5ZW4ifQ==', '2020-10-23 08:09:05.021694'),
('rxilevl35vlqbvz7wkdnxk869xc6cmcx', 'MjExYTg2NDQ1NWQ0MzgxYzZiZWU0MzFhYTY5ZTQ0MGVkNTI3ODQ5NTp7Il9hdXRoX3VzZXJfaWQiOiIxIiwiX2F1dGhfdXNlcl9iYWNrZW5kIjoiZGphbmdvLmNvbnRyaWIuYXV0aC5iYWNrZW5kcy5Nb2RlbEJhY2tlbmQiLCJfYXV0aF91c2VyX2hhc2giOiIyZmJkMGQwMTcyMDUxNDQzMDhmZWE5MDM3ZjJkNTk1OThlY2QzMDc1IiwiY2FydCI6eyI2XzY0Ijp7InVzZXJpZCI6MSwiaXRlbV9pZCI6NjQsIm9iaiI6Ilt7XCJtb2RlbFwiOiBcIm1haW4ucHJvZHVjdGF0dHJpYnV0ZVwiLCBcInBrXCI6IDY0LCBcImZpZWxkc1wiOiB7XCJwcm9kdWN0X2lkXCI6IDQsIFwiYXR0cl9uYW1lXCI6IFwic2FvIGNhbWVyYSB0clxcdTAwZWFuIGlQaG9uZXNhbyBjYW1lcmEgdHJcXHUwMGVhbiBpUGhvbmVcIiwgXCJwcmljZVwiOiBcIjkxMDAwMC4wMDBcIiwgXCJxdWFudGl0eVwiOiAyLCBcImRhdGVfYWRkXCI6IFwiMjAyMC0wOS0xMVQwMzo1MDo0MlpcIiwgXCJkYXRlX3VwZFwiOiBcIjIwMjAtMDktMThUMDg6Mzg6NDdaXCIsIFwiYXZhaWxhYmxlX2RhdGVcIjogXCIyMDIwLTA5LTE4VDA4OjM4OjQ3WlwifX1dIiwibmFtZSI6InNhbyBjYW1lcmEgdHJcdTAwZWFuIGlQaG9uZXNhbyBjYW1lcmEgdHJcdTAwZWFuIGlQaG9uZSIsInF1YW50aXR5IjoxLCJwcmljZSI6IjkxMDAwMC4wMDAiLCJpbWFnZSI6IjxpbWcgc3JjPVwiL21lZGlhL2F0dC82NC5qcGdcIiB3aWR0aD1cIjMyMFwiIGhlaWdodD1cIjI0MFwiLz4ifSwiNl82OSI6eyJ1c2VyaWQiOjEsIml0ZW1faWQiOjY5LCJvYmoiOiJbe1wibW9kZWxcIjogXCJtYWluLnByb2R1Y3RhdHRyaWJ1dGVcIiwgXCJwa1wiOiA2OSwgXCJmaWVsZHNcIjoge1wicHJvZHVjdF9pZFwiOiA0LCBcImF0dHJfbmFtZVwiOiBcInAgYlxcdTFlYTFuIGNoXFx1MWVlNXAgXFx1MWVhM25oIFxcdTAxMTFcXHUxZWI5cCwgbmhcXHUwMWIwbmcga2hcXHUwMGY0bmdwIGJcXHUxZWExbiBjaFxcdTFlZTVwIFxcdTFlYTNuaCBcXHUwMTExXFx1MWViOXAsIG5oXFx1MDFiMG5nIGtoXFx1MDBmNG5nXCIsIFwicHJpY2VcIjogXCI0ODAwMDAuMDAwXCIsIFwicXVhbnRpdHlcIjogNCwgXCJkYXRlX2FkZFwiOiBcIjIwMjAtMDktMTFUMDM6NTA6NDJaXCIsIFwiZGF0ZV91cGRcIjogXCIyMDIwLTA5LTE4VDA4OjQwOjEzWlwiLCBcImF2YWlsYWJsZV9kYXRlXCI6IFwiMjAyMC0wOS0xOFQwODo0MDoxM1pcIn19XSIsIm5hbWUiOiJwIGJcdTFlYTFuIGNoXHUxZWU1cCBcdTFlYTNuaCBcdTAxMTFcdTFlYjlwLCBuaFx1MDFiMG5nIGtoXHUwMGY0bmdwIGJcdTFlYTFuIGNoXHUxZWU1cCBcdTFlYTNuaCBcdTAxMTFcdTFlYjlwLCBuaFx1MDFiMG5nIGtoXHUwMGY0bmciLCJxdWFudGl0eSI6MSwicHJpY2UiOiI0ODAwMDAuMDAwIiwiaW1hZ2UiOiI8aW1nIHNyYz1cIi9tZWRpYS9hdHQvNjkuanBnXCIgd2lkdGg9XCIzMjBcIiBoZWlnaHQ9XCIyNDBcIi8+In0sIjZfNjciOnsidXNlcmlkIjoxLCJpdGVtX2lkIjo2Nywib2JqIjoiW3tcIm1vZGVsXCI6IFwibWFpbi5wcm9kdWN0YXR0cmlidXRlXCIsIFwicGtcIjogNjcsIFwiZmllbGRzXCI6IHtcInByb2R1Y3RfaWRcIjogNCwgXCJhdHRyX25hbWVcIjogXCJpUGhvbmVzYW8gY2FtZXJhIHRyXFx1MDBlYW4gaVBobyBpUGhvbmVzYW8gY2FtZXJhIHRyXFx1MDBlYW4gaVBob1wiLCBcInByaWNlXCI6IFwiOTkwMDAwLjAwMFwiLCBcInF1YW50aXR5XCI6IDUsIFwiZGF0ZV9hZGRcIjogXCIyMDIwLTA5LTExVDAzOjUwOjQyWlwiLCBcImRhdGVfdXBkXCI6IFwiMjAyMC0wOS0xOFQwODozOToyMlpcIiwgXCJhdmFpbGFibGVfZGF0ZVwiOiBcIjIwMjAtMDktMThUMDg6Mzk6MjJaXCJ9fV0iLCJuYW1lIjoiaVBob25lc2FvIGNhbWVyYSB0clx1MDBlYW4gaVBobyBpUGhvbmVzYW8gY2FtZXJhIHRyXHUwMGVhbiBpUGhvIiwicXVhbnRpdHkiOjEsInByaWNlIjoiOTkwMDAwLjAwMCIsImltYWdlIjoiPGltZyBzcmM9XCIvbWVkaWEvYXR0LzY3LmpwZ1wiIHdpZHRoPVwiMzIwXCIgaGVpZ2h0PVwiMjQwXCIvPiJ9fX0=', '2020-10-08 17:14:06.815931'),
('s132mvznnfse5rzckb388rl0i1tllhdo', 'MDMwZjM4OGZkZjdlYTMwM2Y5OWFkMjM5YTM1MTQ0OTIwNmIxYjgxZDp7ImRldl9ieSI6Ikh1dSBOZ3V5ZW4ifQ==', '2020-10-20 02:44:17.625570'),
('s2zhumuf2zjrwhxagxga55uxg5nbpm13', 'MDMwZjM4OGZkZjdlYTMwM2Y5OWFkMjM5YTM1MTQ0OTIwNmIxYjgxZDp7ImRldl9ieSI6Ikh1dSBOZ3V5ZW4ifQ==', '2020-10-22 03:08:00.753601'),
('s3801bmxuyp9biyyaabxfa6a26u7txlo', 'MDMwZjM4OGZkZjdlYTMwM2Y5OWFkMjM5YTM1MTQ0OTIwNmIxYjgxZDp7ImRldl9ieSI6Ikh1dSBOZ3V5ZW4ifQ==', '2020-10-23 08:02:02.567658'),
('s5t0l3en67m50arf7gzc17cbwl7xsid6', 'MDMwZjM4OGZkZjdlYTMwM2Y5OWFkMjM5YTM1MTQ0OTIwNmIxYjgxZDp7ImRldl9ieSI6Ikh1dSBOZ3V5ZW4ifQ==', '2020-10-20 01:58:30.634256'),
('s62jubk6qc7y8k1mftk6rny6x1ibayxe', 'MDMwZjM4OGZkZjdlYTMwM2Y5OWFkMjM5YTM1MTQ0OTIwNmIxYjgxZDp7ImRldl9ieSI6Ikh1dSBOZ3V5ZW4ifQ==', '2020-10-21 07:29:29.761354'),
('s76iiw42ql4dcvli0akd4cbmvvyprvo9', 'MDMwZjM4OGZkZjdlYTMwM2Y5OWFkMjM5YTM1MTQ0OTIwNmIxYjgxZDp7ImRldl9ieSI6Ikh1dSBOZ3V5ZW4ifQ==', '2020-10-26 03:20:27.031873'),
('s7wv71lokzegef43plav34xbm6fzau9j', 'ZWNkZTIzZGRjMmExYTlmZTFmNDdjZTc2ZDNhZTk1YTgyMzdlZjQ4Zjp7Il9hdXRoX3VzZXJfaWQiOiIxIiwiX2F1dGhfdXNlcl9iYWNrZW5kIjoiZGphbmdvLmNvbnRyaWIuYXV0aC5iYWNrZW5kcy5Nb2RlbEJhY2tlbmQiLCJfYXV0aF91c2VyX2hhc2giOiIyZmJkMGQwMTcyMDUxNDQzMDhmZWE5MDM3ZjJkNTk1OThlY2QzMDc1IiwiY2FydCI6eyI2XzY0Ijp7InVzZXJpZCI6MSwiaXRlbV9pZCI6NjQsIm9iaiI6Ilt7XCJtb2RlbFwiOiBcIm1haW4ucHJvZHVjdGF0dHJpYnV0ZVwiLCBcInBrXCI6IDY0LCBcImZpZWxkc1wiOiB7XCJwcm9kdWN0X2lkXCI6IDQsIFwiYXR0cl9uYW1lXCI6IFwic2FvIGNhbWVyYSB0clxcdTAwZWFuIGlQaG9uZXNhbyBjYW1lcmEgdHJcXHUwMGVhbiBpUGhvbmVcIiwgXCJwcmljZVwiOiBcIjkxMDAwMC4wMDBcIiwgXCJxdWFudGl0eVwiOiAyLCBcImRhdGVfYWRkXCI6IFwiMjAyMC0wOS0xMVQwMzo1MDo0MlpcIiwgXCJkYXRlX3VwZFwiOiBcIjIwMjAtMDktMThUMDg6Mzg6NDdaXCIsIFwiYXZhaWxhYmxlX2RhdGVcIjogXCIyMDIwLTA5LTE4VDA4OjM4OjQ3WlwifX1dIiwibmFtZSI6InNhbyBjYW1lcmEgdHJcdTAwZWFuIGlQaG9uZXNhbyBjYW1lcmEgdHJcdTAwZWFuIGlQaG9uZSIsInF1YW50aXR5IjoxLCJwcmljZSI6IjkxMDAwMC4wMDAiLCJpbWFnZSI6IjxpbWcgc3JjPVwiL21lZGlhL2F0dC82NC5qcGdcIiB3aWR0aD1cIjMyMFwiIGhlaWdodD1cIjI0MFwiLz4ifSwiNl82OSI6eyJ1c2VyaWQiOjEsIml0ZW1faWQiOjY5LCJvYmoiOiJbe1wibW9kZWxcIjogXCJtYWluLnByb2R1Y3RhdHRyaWJ1dGVcIiwgXCJwa1wiOiA2OSwgXCJmaWVsZHNcIjoge1wicHJvZHVjdF9pZFwiOiA0LCBcImF0dHJfbmFtZVwiOiBcInAgYlxcdTFlYTFuIGNoXFx1MWVlNXAgXFx1MWVhM25oIFxcdTAxMTFcXHUxZWI5cCwgbmhcXHUwMWIwbmcga2hcXHUwMGY0bmdwIGJcXHUxZWExbiBjaFxcdTFlZTVwIFxcdTFlYTNuaCBcXHUwMTExXFx1MWViOXAsIG5oXFx1MDFiMG5nIGtoXFx1MDBmNG5nXCIsIFwicHJpY2VcIjogXCI0ODAwMDAuMDAwXCIsIFwicXVhbnRpdHlcIjogNCwgXCJkYXRlX2FkZFwiOiBcIjIwMjAtMDktMTFUMDM6NTA6NDJaXCIsIFwiZGF0ZV91cGRcIjogXCIyMDIwLTA5LTE4VDA4OjQwOjEzWlwiLCBcImF2YWlsYWJsZV9kYXRlXCI6IFwiMjAyMC0wOS0xOFQwODo0MDoxM1pcIn19XSIsIm5hbWUiOiJwIGJcdTFlYTFuIGNoXHUxZWU1cCBcdTFlYTNuaCBcdTAxMTFcdTFlYjlwLCBuaFx1MDFiMG5nIGtoXHUwMGY0bmdwIGJcdTFlYTFuIGNoXHUxZWU1cCBcdTFlYTNuaCBcdTAxMTFcdTFlYjlwLCBuaFx1MDFiMG5nIGtoXHUwMGY0bmciLCJxdWFudGl0eSI6MSwicHJpY2UiOiI0ODAwMDAuMDAwIiwiaW1hZ2UiOiI8aW1nIHNyYz1cIi9tZWRpYS9hdHQvNjkuanBnXCIgd2lkdGg9XCIzMjBcIiBoZWlnaHQ9XCIyNDBcIi8+In0sIjZfNzAiOnsidXNlcmlkIjoxLCJpdGVtX2lkIjo3MCwib2JqIjoiW3tcIm1vZGVsXCI6IFwibWFpbi5wcm9kdWN0YXR0cmlidXRlXCIsIFwicGtcIjogNzAsIFwiZmllbGRzXCI6IHtcInByb2R1Y3RfaWRcIjogNCwgXCJhdHRyX25hbWVcIjogXCJtZXJhIGNcXHUxZWU3YSBBcHBsZSBnaVxcdTAwZmFwIGJcXHUxZWExbiBjaFxcdTFlZTVwIFxcdTFlYTNcIiwgXCJwcmljZVwiOiBcIjc0MDAwMC4wMDBcIiwgXCJxdWFudGl0eVwiOiA0LCBcImRhdGVfYWRkXCI6IFwiMjAyMC0wOS0xMVQwMzo1MDo0MlpcIiwgXCJkYXRlX3VwZFwiOiBcIjIwMjAtMDktMThUMDg6NDA6NDhaXCIsIFwiYXZhaWxhYmxlX2RhdGVcIjogXCIyMDIwLTA5LTE4VDA4OjQwOjQ4WlwifX1dIiwibmFtZSI6Im1lcmEgY1x1MWVlN2EgQXBwbGUgZ2lcdTAwZmFwIGJcdTFlYTFuIGNoXHUxZWU1cCBcdTFlYTMiLCJxdWFudGl0eSI6MSwicHJpY2UiOiI3NDAwMDAuMDAwIiwiaW1hZ2UiOiI8aW1nIHNyYz1cIi9tZWRpYS9hdHQvNzAuanBnXCIgd2lkdGg9XCIzMjBcIiBoZWlnaHQ9XCIyNDBcIi8+In0sIjZfNjUiOnsidXNlcmlkIjoxLCJpdGVtX2lkIjo2NSwib2JqIjoiW3tcIm1vZGVsXCI6IFwibWFpbi5wcm9kdWN0YXR0cmlidXRlXCIsIFwicGtcIjogNjUsIFwiZmllbGRzXCI6IHtcInByb2R1Y3RfaWRcIjogNCwgXCJhdHRyX25hbWVcIjogXCJzYW8gY2FtZXJhIHRyXFx1MDBlYW4gaVBob25lc2FvIGNhbWVyYSB0clxcdTAwZWFuIGlQaG9uZXNhbyBjYW1lcmEgdHJcXHUwMGVhbiBpUGhvbmVcIiwgXCJwcmljZVwiOiBcIjk5MDAwMC4wMDBcIiwgXCJxdWFudGl0eVwiOiAzLCBcImRhdGVfYWRkXCI6IFwiMjAyMC0wOS0xMVQwMzo1MDo0MlpcIiwgXCJkYXRlX3VwZFwiOiBcIjIwMjAtMDktMThUMDg6NDI6NDhaXCIsIFwiYXZhaWxhYmxlX2RhdGVcIjogXCIyMDIwLTA5LTE4VDA4OjQyOjQ4WlwifX1dIiwibmFtZSI6InNhbyBjYW1lcmEgdHJcdTAwZWFuIGlQaG9uZXNhbyBjYW1lcmEgdHJcdTAwZWFuIGlQaG9uZXNhbyBjYW1lcmEgdHJcdTAwZWFuIGlQaG9uZSIsInF1YW50aXR5IjoxLCJwcmljZSI6Ijk5MDAwMC4wMDAiLCJpbWFnZSI6IjxpbWcgc3JjPVwiL21lZGlhL2F0dC82NS5qcGdcIiB3aWR0aD1cIjMyMFwiIGhlaWdodD1cIjI0MFwiLz4ifSwiNl82OCI6eyJ1c2VyaWQiOjEsIml0ZW1faWQiOjY4LCJvYmoiOiJbe1wibW9kZWxcIjogXCJtYWluLnByb2R1Y3RhdHRyaWJ1dGVcIiwgXCJwa1wiOiA2OCwgXCJmaWVsZHNcIjoge1wicHJvZHVjdF9pZFwiOiA0LCBcImF0dHJfbmFtZVwiOiBcInAgYlxcdTFlYTFuIGNoXFx1MWVlNXAgXFx1MWVhM25oIFxcdTAxMTFcXHUxZWI5cCwgbmhcXHUwMWIwbmcga2hcXHUwMGY0bmdcIiwgXCJwcmljZVwiOiBcIjQxMDAwMC4wMDBcIiwgXCJxdWFudGl0eVwiOiA2LCBcImRhdGVfYWRkXCI6IFwiMjAyMC0wOS0xMVQwMzo1MDo0MlpcIiwgXCJkYXRlX3VwZFwiOiBcIjIwMjAtMDktMThUMDg6NDE6MjlaXCIsIFwiYXZhaWxhYmxlX2RhdGVcIjogXCIyMDIwLTA5LTE4VDA4OjQxOjI5WlwifX1dIiwibmFtZSI6InAgYlx1MWVhMW4gY2hcdTFlZTVwIFx1MWVhM25oIFx1MDExMVx1MWViOXAsIG5oXHUwMWIwbmcga2hcdTAwZjRuZyIsInF1YW50aXR5IjoxLCJwcmljZSI6IjQxMDAwMC4wMDAiLCJpbWFnZSI6IjxpbWcgc3JjPVwiL21lZGlhL2F0dC82OC5qcGdcIiB3aWR0aD1cIjMyMFwiIGhlaWdodD1cIjI0MFwiLz4ifX19', '2020-10-05 16:11:58.137222'),
('s9tunlwfxipnfbgx6u6o96bkd2nocz84', 'MDMwZjM4OGZkZjdlYTMwM2Y5OWFkMjM5YTM1MTQ0OTIwNmIxYjgxZDp7ImRldl9ieSI6Ikh1dSBOZ3V5ZW4ifQ==', '2020-10-23 07:52:52.367700'),
('sawrhenkaw5kur1efhfdclsn0tbn7ux0', 'MDMwZjM4OGZkZjdlYTMwM2Y5OWFkMjM5YTM1MTQ0OTIwNmIxYjgxZDp7ImRldl9ieSI6Ikh1dSBOZ3V5ZW4ifQ==', '2020-10-20 09:03:53.281863'),
('scosf2k9cd71yn9na9jrg0qkey6v46n1', 'MDMwZjM4OGZkZjdlYTMwM2Y5OWFkMjM5YTM1MTQ0OTIwNmIxYjgxZDp7ImRldl9ieSI6Ikh1dSBOZ3V5ZW4ifQ==', '2020-10-23 08:25:00.378385'),
('sdy23lqe44m63asy8673azxdn22l2nkz', 'MDMwZjM4OGZkZjdlYTMwM2Y5OWFkMjM5YTM1MTQ0OTIwNmIxYjgxZDp7ImRldl9ieSI6Ikh1dSBOZ3V5ZW4ifQ==', '2020-10-22 03:39:00.300085'),
('seijjlihhsitymu7uq25h07qqza7b6n7', 'MDMwZjM4OGZkZjdlYTMwM2Y5OWFkMjM5YTM1MTQ0OTIwNmIxYjgxZDp7ImRldl9ieSI6Ikh1dSBOZ3V5ZW4ifQ==', '2020-10-20 06:56:56.200291'),
('sf5z77mxqjope6l34wabeg2ds74z78sw', 'MDMwZjM4OGZkZjdlYTMwM2Y5OWFkMjM5YTM1MTQ0OTIwNmIxYjgxZDp7ImRldl9ieSI6Ikh1dSBOZ3V5ZW4ifQ==', '2020-10-19 17:02:02.960285'),
('sgb51gsjc0w5xzekuuz0p24v97ma73l3', 'MDMwZjM4OGZkZjdlYTMwM2Y5OWFkMjM5YTM1MTQ0OTIwNmIxYjgxZDp7ImRldl9ieSI6Ikh1dSBOZ3V5ZW4ifQ==', '2020-10-20 02:16:48.352905'),
('sh5smgiui5k27xoidzwleoqycs7mmm67', 'MDMwZjM4OGZkZjdlYTMwM2Y5OWFkMjM5YTM1MTQ0OTIwNmIxYjgxZDp7ImRldl9ieSI6Ikh1dSBOZ3V5ZW4ifQ==', '2020-10-19 16:50:36.688042'),
('si97l8iiimft15x8umzyvtowhgbr9pba', 'MDMwZjM4OGZkZjdlYTMwM2Y5OWFkMjM5YTM1MTQ0OTIwNmIxYjgxZDp7ImRldl9ieSI6Ikh1dSBOZ3V5ZW4ifQ==', '2020-10-22 09:00:07.116792'),
('sju31yuz3fqq1dhjc8z2x93opfijmz5t', 'MDMwZjM4OGZkZjdlYTMwM2Y5OWFkMjM5YTM1MTQ0OTIwNmIxYjgxZDp7ImRldl9ieSI6Ikh1dSBOZ3V5ZW4ifQ==', '2020-10-23 02:07:26.789919'),
('skpdxi5yflot80uyxg522puzclknkkef', 'MDMwZjM4OGZkZjdlYTMwM2Y5OWFkMjM5YTM1MTQ0OTIwNmIxYjgxZDp7ImRldl9ieSI6Ikh1dSBOZ3V5ZW4ifQ==', '2020-10-21 03:39:41.953570'),
('slr25kro6nq2wq5lielj6u8js7glv3q7', 'YmFkYzI2ZDQ1M2U4ZmE2OTYxOGQzNDE2MGU4MGQ1YTFmNjI0OTQ4NDp7Il9hdXRoX3VzZXJfaWQiOiIxIiwiX2F1dGhfdXNlcl9iYWNrZW5kIjoiZGphbmdvLmNvbnRyaWIuYXV0aC5iYWNrZW5kcy5Nb2RlbEJhY2tlbmQiLCJfYXV0aF91c2VyX2hhc2giOiIyZmJkMGQwMTcyMDUxNDQzMDhmZWE5MDM3ZjJkNTk1OThlY2QzMDc1IiwiY2FydCI6e319', '2020-09-20 04:09:33.145156'),
('smvzi490xjrjna95f30qti3btnb7fzxb', 'MDMwZjM4OGZkZjdlYTMwM2Y5OWFkMjM5YTM1MTQ0OTIwNmIxYjgxZDp7ImRldl9ieSI6Ikh1dSBOZ3V5ZW4ifQ==', '2020-10-19 09:00:08.382556'),
('sn0oyp3zh20byj3ot5fqdwahnhv20lf6', 'MDMwZjM4OGZkZjdlYTMwM2Y5OWFkMjM5YTM1MTQ0OTIwNmIxYjgxZDp7ImRldl9ieSI6Ikh1dSBOZ3V5ZW4ifQ==', '2020-10-20 08:27:25.724816'),
('spe406739zye2gcz20ivekfkokjut5km', 'MDMwZjM4OGZkZjdlYTMwM2Y5OWFkMjM5YTM1MTQ0OTIwNmIxYjgxZDp7ImRldl9ieSI6Ikh1dSBOZ3V5ZW4ifQ==', '2020-10-23 07:39:12.475262'),
('sqcnedi5h1os7snotmakhxy5stfp5fs0', 'MDMwZjM4OGZkZjdlYTMwM2Y5OWFkMjM5YTM1MTQ0OTIwNmIxYjgxZDp7ImRldl9ieSI6Ikh1dSBOZ3V5ZW4ifQ==', '2020-10-19 08:54:27.262138'),
('svzie04eo8gmi2jzmdtz41zgob4wlnyd', 'MDMwZjM4OGZkZjdlYTMwM2Y5OWFkMjM5YTM1MTQ0OTIwNmIxYjgxZDp7ImRldl9ieSI6Ikh1dSBOZ3V5ZW4ifQ==', '2020-10-27 03:27:08.181686'),
('sw4yiv9kloiygcw90kalzj887ie6flm2', 'MDMwZjM4OGZkZjdlYTMwM2Y5OWFkMjM5YTM1MTQ0OTIwNmIxYjgxZDp7ImRldl9ieSI6Ikh1dSBOZ3V5ZW4ifQ==', '2020-10-19 16:45:43.532514'),
('sxvrziq1ztjncru29yq2lqihjhggr0cf', 'MDMwZjM4OGZkZjdlYTMwM2Y5OWFkMjM5YTM1MTQ0OTIwNmIxYjgxZDp7ImRldl9ieSI6Ikh1dSBOZ3V5ZW4ifQ==', '2020-10-19 16:43:50.810386'),
('sydsy7uca4b815wj7dhzt5ene4rq8cl4', 'YmFkYzI2ZDQ1M2U4ZmE2OTYxOGQzNDE2MGU4MGQ1YTFmNjI0OTQ4NDp7Il9hdXRoX3VzZXJfaWQiOiIxIiwiX2F1dGhfdXNlcl9iYWNrZW5kIjoiZGphbmdvLmNvbnRyaWIuYXV0aC5iYWNrZW5kcy5Nb2RlbEJhY2tlbmQiLCJfYXV0aF91c2VyX2hhc2giOiIyZmJkMGQwMTcyMDUxNDQzMDhmZWE5MDM3ZjJkNTk1OThlY2QzMDc1IiwiY2FydCI6e319', '2020-10-27 04:05:33.639754'),
('szao46pqled1dgz7a9igs5wnvwtq42rl', 'MDMwZjM4OGZkZjdlYTMwM2Y5OWFkMjM5YTM1MTQ0OTIwNmIxYjgxZDp7ImRldl9ieSI6Ikh1dSBOZ3V5ZW4ifQ==', '2020-10-23 01:31:02.139947'),
('t2axio70vhp4zhkq07ywhroygnzkxi6v', 'MDMwZjM4OGZkZjdlYTMwM2Y5OWFkMjM5YTM1MTQ0OTIwNmIxYjgxZDp7ImRldl9ieSI6Ikh1dSBOZ3V5ZW4ifQ==', '2020-10-21 17:39:18.700393'),
('t2pjj1de8gx2x3fnaq9whz8zml3yzyip', 'MDMwZjM4OGZkZjdlYTMwM2Y5OWFkMjM5YTM1MTQ0OTIwNmIxYjgxZDp7ImRldl9ieSI6Ikh1dSBOZ3V5ZW4ifQ==', '2020-10-20 02:20:26.104959'),
('t5mpc1k3llk5lacbhzf1hecp1pnoiyxb', 'MDMwZjM4OGZkZjdlYTMwM2Y5OWFkMjM5YTM1MTQ0OTIwNmIxYjgxZDp7ImRldl9ieSI6Ikh1dSBOZ3V5ZW4ifQ==', '2020-10-23 02:12:20.534172'),
('t67yx26rq8rbjf1r90z3cprqxgw05duk', 'MDMwZjM4OGZkZjdlYTMwM2Y5OWFkMjM5YTM1MTQ0OTIwNmIxYjgxZDp7ImRldl9ieSI6Ikh1dSBOZ3V5ZW4ifQ==', '2020-10-20 07:52:39.164919'),
('t6wesdte8qayf91c3wfyahgiflea6yjs', 'MDMwZjM4OGZkZjdlYTMwM2Y5OWFkMjM5YTM1MTQ0OTIwNmIxYjgxZDp7ImRldl9ieSI6Ikh1dSBOZ3V5ZW4ifQ==', '2020-10-20 09:07:40.167069'),
('t8gdgt04kvol3d0ocgl20llp36iqkhx3', 'MDMwZjM4OGZkZjdlYTMwM2Y5OWFkMjM5YTM1MTQ0OTIwNmIxYjgxZDp7ImRldl9ieSI6Ikh1dSBOZ3V5ZW4ifQ==', '2020-10-23 02:13:35.089819'),
('taqcy1ynhx1ka0r7ozwkuba3zyg012sh', 'OGQ2YTQ0Yjg4ZmQxZWNlYzkyMWQ3NmQ0MmI4NzE0YTU0MGZhN2FjMzp7fQ==', '2020-10-01 17:29:33.378063'),
('tbyfu1vow5yq0fjyz22wjmkvijg6ixrh', 'MDMwZjM4OGZkZjdlYTMwM2Y5OWFkMjM5YTM1MTQ0OTIwNmIxYjgxZDp7ImRldl9ieSI6Ikh1dSBOZ3V5ZW4ifQ==', '2020-10-20 01:54:16.929398'),
('tc2wdt5i7ux8gt39ytqd4rjhu9q6eirv', 'MDMwZjM4OGZkZjdlYTMwM2Y5OWFkMjM5YTM1MTQ0OTIwNmIxYjgxZDp7ImRldl9ieSI6Ikh1dSBOZ3V5ZW4ifQ==', '2020-10-21 11:21:47.561663'),
('tda94liad9mj43aezr7n63j3jx78gt2c', 'MDMwZjM4OGZkZjdlYTMwM2Y5OWFkMjM5YTM1MTQ0OTIwNmIxYjgxZDp7ImRldl9ieSI6Ikh1dSBOZ3V5ZW4ifQ==', '2020-10-22 03:39:40.566940'),
('te8d2veu6474s29mos033mdmh54099dq', 'YmFkYzI2ZDQ1M2U4ZmE2OTYxOGQzNDE2MGU4MGQ1YTFmNjI0OTQ4NDp7Il9hdXRoX3VzZXJfaWQiOiIxIiwiX2F1dGhfdXNlcl9iYWNrZW5kIjoiZGphbmdvLmNvbnRyaWIuYXV0aC5iYWNrZW5kcy5Nb2RlbEJhY2tlbmQiLCJfYXV0aF91c2VyX2hhc2giOiIyZmJkMGQwMTcyMDUxNDQzMDhmZWE5MDM3ZjJkNTk1OThlY2QzMDc1IiwiY2FydCI6e319', '2020-09-28 09:09:41.145226'),
('ti3cb2vpdjog9frtu2v3tndm34amg1dv', 'MDMwZjM4OGZkZjdlYTMwM2Y5OWFkMjM5YTM1MTQ0OTIwNmIxYjgxZDp7ImRldl9ieSI6Ikh1dSBOZ3V5ZW4ifQ==', '2020-10-20 04:09:25.841624'),
('tjcdtwjclvlac2ecojksqd36jj4jcy60', 'MDMwZjM4OGZkZjdlYTMwM2Y5OWFkMjM5YTM1MTQ0OTIwNmIxYjgxZDp7ImRldl9ieSI6Ikh1dSBOZ3V5ZW4ifQ==', '2020-10-26 03:22:42.598905'),
('tkii0y4em7wexn0r7v0lx8yuel72z16y', 'MDMwZjM4OGZkZjdlYTMwM2Y5OWFkMjM5YTM1MTQ0OTIwNmIxYjgxZDp7ImRldl9ieSI6Ikh1dSBOZ3V5ZW4ifQ==', '2020-10-21 18:28:07.572427'),
('tknxhkl9t555d7whnrqqlx7txenu26up', 'MDMwZjM4OGZkZjdlYTMwM2Y5OWFkMjM5YTM1MTQ0OTIwNmIxYjgxZDp7ImRldl9ieSI6Ikh1dSBOZ3V5ZW4ifQ==', '2020-10-26 03:20:29.200404'),
('toivx06r0ipc9ggqamxquft3gr3mbres', 'MDMwZjM4OGZkZjdlYTMwM2Y5OWFkMjM5YTM1MTQ0OTIwNmIxYjgxZDp7ImRldl9ieSI6Ikh1dSBOZ3V5ZW4ifQ==', '2020-10-20 08:23:31.803486'),
('tp2we0mmo9z2jwcwp1wm6p2rumdtb9wi', 'MDMwZjM4OGZkZjdlYTMwM2Y5OWFkMjM5YTM1MTQ0OTIwNmIxYjgxZDp7ImRldl9ieSI6Ikh1dSBOZ3V5ZW4ifQ==', '2020-10-23 07:37:21.272133'),
('tphtgvvbfioz03k2okuytcdz5jl00fjw', 'MDMwZjM4OGZkZjdlYTMwM2Y5OWFkMjM5YTM1MTQ0OTIwNmIxYjgxZDp7ImRldl9ieSI6Ikh1dSBOZ3V5ZW4ifQ==', '2020-10-21 03:34:07.107093'),
('tpljdopqoyxvbkmo37xzbxrm1sfquju5', 'MDMwZjM4OGZkZjdlYTMwM2Y5OWFkMjM5YTM1MTQ0OTIwNmIxYjgxZDp7ImRldl9ieSI6Ikh1dSBOZ3V5ZW4ifQ==', '2020-10-19 17:18:27.395918'),
('tq4c6avsbrliv5lktupdcou4jgmzgcu3', 'MDMwZjM4OGZkZjdlYTMwM2Y5OWFkMjM5YTM1MTQ0OTIwNmIxYjgxZDp7ImRldl9ieSI6Ikh1dSBOZ3V5ZW4ifQ==', '2020-10-21 17:37:47.884025'),
('ts4k4i4rsamze9p674jt4qaglfhpghnc', 'MDMwZjM4OGZkZjdlYTMwM2Y5OWFkMjM5YTM1MTQ0OTIwNmIxYjgxZDp7ImRldl9ieSI6Ikh1dSBOZ3V5ZW4ifQ==', '2020-10-19 09:08:25.889116'),
('twr67d9cui1tiro63h8z1efe7hcd3vsf', 'MDMwZjM4OGZkZjdlYTMwM2Y5OWFkMjM5YTM1MTQ0OTIwNmIxYjgxZDp7ImRldl9ieSI6Ikh1dSBOZ3V5ZW4ifQ==', '2020-10-23 08:01:59.794094'),
('txbbjg7j8hgcl6exh9036xyporu5as02', 'MDMwZjM4OGZkZjdlYTMwM2Y5OWFkMjM5YTM1MTQ0OTIwNmIxYjgxZDp7ImRldl9ieSI6Ikh1dSBOZ3V5ZW4ifQ==', '2020-10-23 01:50:14.579406'),
('txobevz0300paqjthi1g91dh0r68tz3b', 'MDMwZjM4OGZkZjdlYTMwM2Y5OWFkMjM5YTM1MTQ0OTIwNmIxYjgxZDp7ImRldl9ieSI6Ikh1dSBOZ3V5ZW4ifQ==', '2020-10-19 17:22:45.749781'),
('tzhbi6da9n9t7ycqddvu6j233swk5ug8', 'MDMwZjM4OGZkZjdlYTMwM2Y5OWFkMjM5YTM1MTQ0OTIwNmIxYjgxZDp7ImRldl9ieSI6Ikh1dSBOZ3V5ZW4ifQ==', '2020-10-27 03:27:03.175387'),
('u0dloyrdfl5ndpq2o3k9xjiurnf47iwf', 'MDMwZjM4OGZkZjdlYTMwM2Y5OWFkMjM5YTM1MTQ0OTIwNmIxYjgxZDp7ImRldl9ieSI6Ikh1dSBOZ3V5ZW4ifQ==', '2020-10-21 18:16:31.266190'),
('u15v2tt44cx5bt4remiz1krrtqpgdtom', 'MDMwZjM4OGZkZjdlYTMwM2Y5OWFkMjM5YTM1MTQ0OTIwNmIxYjgxZDp7ImRldl9ieSI6Ikh1dSBOZ3V5ZW4ifQ==', '2020-10-20 05:46:08.186123'),
('u2pqoc1mbhuqs6ummhdefj31scp76uvz', 'MDMwZjM4OGZkZjdlYTMwM2Y5OWFkMjM5YTM1MTQ0OTIwNmIxYjgxZDp7ImRldl9ieSI6Ikh1dSBOZ3V5ZW4ifQ==', '2020-10-20 06:57:18.189013'),
('u3owvi44hzzbb3a7n1iiyu6oblg79yvk', 'MDMwZjM4OGZkZjdlYTMwM2Y5OWFkMjM5YTM1MTQ0OTIwNmIxYjgxZDp7ImRldl9ieSI6Ikh1dSBOZ3V5ZW4ifQ==', '2020-10-21 17:24:43.100672'),
('u4u7f41r7b42rea4bj92rxzltklwznmr', 'MDMwZjM4OGZkZjdlYTMwM2Y5OWFkMjM5YTM1MTQ0OTIwNmIxYjgxZDp7ImRldl9ieSI6Ikh1dSBOZ3V5ZW4ifQ==', '2020-10-21 03:39:52.868168'),
('u7fmwwn3db31g2gop655lsixq8e6eonc', 'MDMwZjM4OGZkZjdlYTMwM2Y5OWFkMjM5YTM1MTQ0OTIwNmIxYjgxZDp7ImRldl9ieSI6Ikh1dSBOZ3V5ZW4ifQ==', '2020-10-19 09:05:52.408010'),
('ucg468xbd2l4lt6jvaku61f6ww62trtb', 'MDMwZjM4OGZkZjdlYTMwM2Y5OWFkMjM5YTM1MTQ0OTIwNmIxYjgxZDp7ImRldl9ieSI6Ikh1dSBOZ3V5ZW4ifQ==', '2020-10-23 08:33:58.803876'),
('uclu8mino60k8xochnidaskhya6r4dbp', 'MDMwZjM4OGZkZjdlYTMwM2Y5OWFkMjM5YTM1MTQ0OTIwNmIxYjgxZDp7ImRldl9ieSI6Ikh1dSBOZ3V5ZW4ifQ==', '2020-10-21 07:24:36.291562'),
('ucuz0qx8lw17hnja5nrb2fwx9n9yvfbm', 'MDMwZjM4OGZkZjdlYTMwM2Y5OWFkMjM5YTM1MTQ0OTIwNmIxYjgxZDp7ImRldl9ieSI6Ikh1dSBOZ3V5ZW4ifQ==', '2020-10-21 17:42:58.126238'),
('udjoht2p6difgcjytwvvpjg00y8yu2fn', 'YmFkYzI2ZDQ1M2U4ZmE2OTYxOGQzNDE2MGU4MGQ1YTFmNjI0OTQ4NDp7Il9hdXRoX3VzZXJfaWQiOiIxIiwiX2F1dGhfdXNlcl9iYWNrZW5kIjoiZGphbmdvLmNvbnRyaWIuYXV0aC5iYWNrZW5kcy5Nb2RlbEJhY2tlbmQiLCJfYXV0aF91c2VyX2hhc2giOiIyZmJkMGQwMTcyMDUxNDQzMDhmZWE5MDM3ZjJkNTk1OThlY2QzMDc1IiwiY2FydCI6e319', '2020-10-23 08:34:05.788535'),
('uimg39v8v5mhkm94howyzti97ywduklh', 'MDMwZjM4OGZkZjdlYTMwM2Y5OWFkMjM5YTM1MTQ0OTIwNmIxYjgxZDp7ImRldl9ieSI6Ikh1dSBOZ3V5ZW4ifQ==', '2020-10-20 02:43:13.443529'),
('uiya3h7duixofe8cyd5imigyq0jq4qqm', 'MDMwZjM4OGZkZjdlYTMwM2Y5OWFkMjM5YTM1MTQ0OTIwNmIxYjgxZDp7ImRldl9ieSI6Ikh1dSBOZ3V5ZW4ifQ==', '2020-10-26 03:22:47.229915'),
('ukmgdv2j6puvi4ybbu0k0a6e70b76pdm', 'MDMwZjM4OGZkZjdlYTMwM2Y5OWFkMjM5YTM1MTQ0OTIwNmIxYjgxZDp7ImRldl9ieSI6Ikh1dSBOZ3V5ZW4ifQ==', '2020-10-27 03:27:20.982021'),
('um3c8cc2scoaaepwwf9agcwzazckm3jf', 'MDMwZjM4OGZkZjdlYTMwM2Y5OWFkMjM5YTM1MTQ0OTIwNmIxYjgxZDp7ImRldl9ieSI6Ikh1dSBOZ3V5ZW4ifQ==', '2020-10-21 17:39:20.953357'),
('umqbzjeo5bt6a32uamsqm447kq85er2l', 'MDMwZjM4OGZkZjdlYTMwM2Y5OWFkMjM5YTM1MTQ0OTIwNmIxYjgxZDp7ImRldl9ieSI6Ikh1dSBOZ3V5ZW4ifQ==', '2020-10-23 01:31:04.785864'),
('unn12sw6drordqrutqbse3sg1s56e43r', 'MDMwZjM4OGZkZjdlYTMwM2Y5OWFkMjM5YTM1MTQ0OTIwNmIxYjgxZDp7ImRldl9ieSI6Ikh1dSBOZ3V5ZW4ifQ==', '2020-10-23 07:49:47.109035'),
('uo2as07otrs3ea48t8x98va7vsukpsjx', 'NzY1N2Q1NjExMGVlOWY5M2ZjYjkwOTlkNWY2ZDJkNWNkODE3MTViMTp7Il9hdXRoX3VzZXJfaWQiOiIxIiwiX2F1dGhfdXNlcl9iYWNrZW5kIjoiZGphbmdvLmNvbnRyaWIuYXV0aC5iYWNrZW5kcy5Nb2RlbEJhY2tlbmQiLCJfYXV0aF91c2VyX2hhc2giOiIyZmJkMGQwMTcyMDUxNDQzMDhmZWE5MDM3ZjJkNTk1OThlY2QzMDc1IiwiY2FydCI6eyI2XzY3Ijp7InVzZXJpZCI6MSwiaXRlbV9pZCI6NjcsIm9iaiI6Ilt7XCJtb2RlbFwiOiBcIm1haW4ucHJvZHVjdGF0dHJpYnV0ZVwiLCBcInBrXCI6IDY3LCBcImZpZWxkc1wiOiB7XCJwcm9kdWN0X2lkXCI6IDQsIFwiYXR0cl9uYW1lXCI6IFwiaVBob25lc2FvIGNhbWVyYSB0clxcdTAwZWFuIGlQaG8gaVBob25lc2FvIGNhbWVyYSB0clxcdTAwZWFuIGlQaG9cIiwgXCJwcmljZVwiOiBcIjk5MDAwMC4wMDBcIiwgXCJxdWFudGl0eVwiOiA1LCBcImRhdGVfYWRkXCI6IFwiMjAyMC0wOS0xMVQwMzo1MDo0MlpcIiwgXCJkYXRlX3VwZFwiOiBcIjIwMjAtMDktMThUMDg6Mzk6MjJaXCIsIFwiYXZhaWxhYmxlX2RhdGVcIjogXCIyMDIwLTA5LTE4VDA4OjM5OjIyWlwifX1dIiwibmFtZSI6ImlQaG9uZXNhbyBjYW1lcmEgdHJcdTAwZWFuIGlQaG8gaVBob25lc2FvIGNhbWVyYSB0clx1MDBlYW4gaVBobyIsInF1YW50aXR5IjoxLCJwcmljZSI6Ijk5MDAwMC4wMDAiLCJpbWFnZSI6IjxpbWcgc3JjPVwiL21lZGlhL2F0dC82Ny5qcGdcIiB3aWR0aD1cIjMyMFwiIGhlaWdodD1cIjI0MFwiLz4ifSwiNl82NCI6eyJ1c2VyaWQiOjEsIml0ZW1faWQiOjY0LCJvYmoiOiJbe1wibW9kZWxcIjogXCJtYWluLnByb2R1Y3RhdHRyaWJ1dGVcIiwgXCJwa1wiOiA2NCwgXCJmaWVsZHNcIjoge1wicHJvZHVjdF9pZFwiOiA0LCBcImF0dHJfbmFtZVwiOiBcInNhbyBjYW1lcmEgdHJcXHUwMGVhbiBpUGhvbmVzYW8gY2FtZXJhIHRyXFx1MDBlYW4gaVBob25lXCIsIFwicHJpY2VcIjogXCI5MTAwMDAuMDAwXCIsIFwicXVhbnRpdHlcIjogMiwgXCJkYXRlX2FkZFwiOiBcIjIwMjAtMDktMTFUMDM6NTA6NDJaXCIsIFwiZGF0ZV91cGRcIjogXCIyMDIwLTA5LTE4VDA4OjM4OjQ3WlwiLCBcImF2YWlsYWJsZV9kYXRlXCI6IFwiMjAyMC0wOS0xOFQwODozODo0N1pcIn19XSIsIm5hbWUiOiJzYW8gY2FtZXJhIHRyXHUwMGVhbiBpUGhvbmVzYW8gY2FtZXJhIHRyXHUwMGVhbiBpUGhvbmUiLCJxdWFudGl0eSI6MywicHJpY2UiOiI5MTAwMDAuMDAwIiwiaW1hZ2UiOiI8aW1nIHNyYz1cIi9tZWRpYS9hdHQvNjQuanBnXCIgd2lkdGg9XCIzMjBcIiBoZWlnaHQ9XCIyNDBcIi8+In19fQ==', '2020-10-08 09:54:18.921257'),
('uoe49tp609bxsijcl69jeogi59d665hj', 'MDMwZjM4OGZkZjdlYTMwM2Y5OWFkMjM5YTM1MTQ0OTIwNmIxYjgxZDp7ImRldl9ieSI6Ikh1dSBOZ3V5ZW4ifQ==', '2020-10-23 07:52:35.676875'),
('upswl0ljmkc08pfl6xguch7ndjtibx5u', 'MDMwZjM4OGZkZjdlYTMwM2Y5OWFkMjM5YTM1MTQ0OTIwNmIxYjgxZDp7ImRldl9ieSI6Ikh1dSBOZ3V5ZW4ifQ==', '2020-10-21 18:20:04.993710'),
('urceu65dxt6kt3ix6r9qylhm9yqdzgxw', 'MDMwZjM4OGZkZjdlYTMwM2Y5OWFkMjM5YTM1MTQ0OTIwNmIxYjgxZDp7ImRldl9ieSI6Ikh1dSBOZ3V5ZW4ifQ==', '2020-10-23 07:28:34.393506'),
('uto4mkl9rjrunm43hjg2ozcpehtu8ris', 'YmFkYzI2ZDQ1M2U4ZmE2OTYxOGQzNDE2MGU4MGQ1YTFmNjI0OTQ4NDp7Il9hdXRoX3VzZXJfaWQiOiIxIiwiX2F1dGhfdXNlcl9iYWNrZW5kIjoiZGphbmdvLmNvbnRyaWIuYXV0aC5iYWNrZW5kcy5Nb2RlbEJhY2tlbmQiLCJfYXV0aF91c2VyX2hhc2giOiIyZmJkMGQwMTcyMDUxNDQzMDhmZWE5MDM3ZjJkNTk1OThlY2QzMDc1IiwiY2FydCI6e319', '2020-09-14 09:50:46.658137'),
('uu3qb7les12yex84ibyv98jeh2msnlm9', 'MDMwZjM4OGZkZjdlYTMwM2Y5OWFkMjM5YTM1MTQ0OTIwNmIxYjgxZDp7ImRldl9ieSI6Ikh1dSBOZ3V5ZW4ifQ==', '2020-10-23 01:56:41.567490'),
('uwvcbzqpbpemhuzolmp7lr8oolibqvm9', 'MDMwZjM4OGZkZjdlYTMwM2Y5OWFkMjM5YTM1MTQ0OTIwNmIxYjgxZDp7ImRldl9ieSI6Ikh1dSBOZ3V5ZW4ifQ==', '2020-10-23 01:54:09.257638'),
('uxgufxusrhwdn1uxh2h1qkgaz5e82e4m', 'ZWIyMzhkY2QyZWI4M2U5MWNiY2JiNmVlMDNmMDA4NTYyNzY2NWIxMzp7Il9hdXRoX3VzZXJfaWQiOiIxIiwiX2F1dGhfdXNlcl9iYWNrZW5kIjoiZGphbmdvLmNvbnRyaWIuYXV0aC5iYWNrZW5kcy5Nb2RlbEJhY2tlbmQiLCJfYXV0aF91c2VyX2hhc2giOiIyZmJkMGQwMTcyMDUxNDQzMDhmZWE5MDM3ZjJkNTk1OThlY2QzMDc1IiwiY2FydCI6eyI2XzY0Ijp7InVzZXJpZCI6MSwiaXRlbV9pZCI6NjQsIm9iaiI6Ilt7XCJtb2RlbFwiOiBcIm1haW4ucHJvZHVjdGF0dHJpYnV0ZVwiLCBcInBrXCI6IDY0LCBcImZpZWxkc1wiOiB7XCJpZF9wcm9kdWN0XCI6IDQsIFwiYXR0cl9uYW1lXCI6IFwic2FvIGNhbWVyYSB0clxcdTAwZWFuIGlQaG9uZXNhbyBjYW1lcmEgdHJcXHUwMGVhbiBpUGhvbmVcIiwgXCJwcmljZVwiOiBcIjkxMDAwMC4wMDBcIiwgXCJxdWFudGl0eVwiOiAyLCBcImRhdGVfYWRkXCI6IFwiMjAyMC0wOS0xMVQwMzo1MDo0MlpcIiwgXCJkYXRlX3VwZFwiOiBcIjIwMjAtMDktMThUMDg6Mzg6NDdaXCIsIFwiYXZhaWxhYmxlX2RhdGVcIjogXCIyMDIwLTA5LTE4VDA4OjM4OjQ3WlwifX1dIiwibmFtZSI6InNhbyBjYW1lcmEgdHJcdTAwZWFuIGlQaG9uZXNhbyBjYW1lcmEgdHJcdTAwZWFuIGlQaG9uZSIsInF1YW50aXR5IjoxLCJwcmljZSI6IjkxMDAwMC4wMDAiLCJpbWFnZSI6IjxpbWcgc3JjPVwiL21lZGlhL2F0dC82NC5qcGdcIiB3aWR0aD1cIjMyMFwiIGhlaWdodD1cIjI0MFwiLz4ifSwiNl82OSI6eyJ1c2VyaWQiOjEsIml0ZW1faWQiOjY5LCJvYmoiOiJbe1wibW9kZWxcIjogXCJtYWluLnByb2R1Y3RhdHRyaWJ1dGVcIiwgXCJwa1wiOiA2OSwgXCJmaWVsZHNcIjoge1wiaWRfcHJvZHVjdFwiOiA0LCBcImF0dHJfbmFtZVwiOiBcInAgYlxcdTFlYTFuIGNoXFx1MWVlNXAgXFx1MWVhM25oIFxcdTAxMTFcXHUxZWI5cCwgbmhcXHUwMWIwbmcga2hcXHUwMGY0bmdwIGJcXHUxZWExbiBjaFxcdTFlZTVwIFxcdTFlYTNuaCBcXHUwMTExXFx1MWViOXAsIG5oXFx1MDFiMG5nIGtoXFx1MDBmNG5nXCIsIFwicHJpY2VcIjogXCI0ODAwMDAuMDAwXCIsIFwicXVhbnRpdHlcIjogNCwgXCJkYXRlX2FkZFwiOiBcIjIwMjAtMDktMTFUMDM6NTA6NDJaXCIsIFwiZGF0ZV91cGRcIjogXCIyMDIwLTA5LTE4VDA4OjQwOjEzWlwiLCBcImF2YWlsYWJsZV9kYXRlXCI6IFwiMjAyMC0wOS0xOFQwODo0MDoxM1pcIn19XSIsIm5hbWUiOiJwIGJcdTFlYTFuIGNoXHUxZWU1cCBcdTFlYTNuaCBcdTAxMTFcdTFlYjlwLCBuaFx1MDFiMG5nIGtoXHUwMGY0bmdwIGJcdTFlYTFuIGNoXHUxZWU1cCBcdTFlYTNuaCBcdTAxMTFcdTFlYjlwLCBuaFx1MDFiMG5nIGtoXHUwMGY0bmciLCJxdWFudGl0eSI6MiwicHJpY2UiOiI0ODAwMDAuMDAwIiwiaW1hZ2UiOiI8aW1nIHNyYz1cIi9tZWRpYS9hdHQvNjkuanBnXCIgd2lkdGg9XCIzMjBcIiBoZWlnaHQ9XCIyNDBcIi8+In0sIjZfNzAiOnsidXNlcmlkIjoxLCJpdGVtX2lkIjo3MCwib2JqIjoiW3tcIm1vZGVsXCI6IFwibWFpbi5wcm9kdWN0YXR0cmlidXRlXCIsIFwicGtcIjogNzAsIFwiZmllbGRzXCI6IHtcImlkX3Byb2R1Y3RcIjogNCwgXCJhdHRyX25hbWVcIjogXCJtZXJhIGNcXHUxZWU3YSBBcHBsZSBnaVxcdTAwZmFwIGJcXHUxZWExbiBjaFxcdTFlZTVwIFxcdTFlYTNcIiwgXCJwcmljZVwiOiBcIjc0MDAwMC4wMDBcIiwgXCJxdWFudGl0eVwiOiA0LCBcImRhdGVfYWRkXCI6IFwiMjAyMC0wOS0xMVQwMzo1MDo0MlpcIiwgXCJkYXRlX3VwZFwiOiBcIjIwMjAtMDktMThUMDg6NDA6NDhaXCIsIFwiYXZhaWxhYmxlX2RhdGVcIjogXCIyMDIwLTA5LTE4VDA4OjQwOjQ4WlwifX1dIiwibmFtZSI6Im1lcmEgY1x1MWVlN2EgQXBwbGUgZ2lcdTAwZmFwIGJcdTFlYTFuIGNoXHUxZWU1cCBcdTFlYTMiLCJxdWFudGl0eSI6MSwicHJpY2UiOiI3NDAwMDAuMDAwIiwiaW1hZ2UiOiI8aW1nIHNyYz1cIi9tZWRpYS9hdHQvNzAuanBnXCIgd2lkdGg9XCIzMjBcIiBoZWlnaHQ9XCIyNDBcIi8+In19fQ==', '2020-10-03 08:40:00.106484'),
('uy50vntxoobqmcom0tye0914y3rqpvxk', 'MDMwZjM4OGZkZjdlYTMwM2Y5OWFkMjM5YTM1MTQ0OTIwNmIxYjgxZDp7ImRldl9ieSI6Ikh1dSBOZ3V5ZW4ifQ==', '2020-10-20 05:40:05.183406'),
('uyf2dw1f9l7d2syvyniz2t075t7nykkq', 'MDMwZjM4OGZkZjdlYTMwM2Y5OWFkMjM5YTM1MTQ0OTIwNmIxYjgxZDp7ImRldl9ieSI6Ikh1dSBOZ3V5ZW4ifQ==', '2020-10-21 11:35:55.413447'),
('uz37odt5iu2ul7kgycq1pge9nlzedtqd', 'MDMwZjM4OGZkZjdlYTMwM2Y5OWFkMjM5YTM1MTQ0OTIwNmIxYjgxZDp7ImRldl9ieSI6Ikh1dSBOZ3V5ZW4ifQ==', '2020-10-19 16:02:16.020144'),
('v0bav26t683eegfu9tfh7bpj84aydg8m', 'YmFkYzI2ZDQ1M2U4ZmE2OTYxOGQzNDE2MGU4MGQ1YTFmNjI0OTQ4NDp7Il9hdXRoX3VzZXJfaWQiOiIxIiwiX2F1dGhfdXNlcl9iYWNrZW5kIjoiZGphbmdvLmNvbnRyaWIuYXV0aC5iYWNrZW5kcy5Nb2RlbEJhY2tlbmQiLCJfYXV0aF91c2VyX2hhc2giOiIyZmJkMGQwMTcyMDUxNDQzMDhmZWE5MDM3ZjJkNTk1OThlY2QzMDc1IiwiY2FydCI6e319', '2020-09-22 15:28:56.898010'),
('v0bo3ohqo65024326p4cg7eouz93ut4w', 'MDMwZjM4OGZkZjdlYTMwM2Y5OWFkMjM5YTM1MTQ0OTIwNmIxYjgxZDp7ImRldl9ieSI6Ikh1dSBOZ3V5ZW4ifQ==', '2020-10-21 11:58:12.480267'),
('v0piq8mc3vmb97i05dvfjq4t17vozdpx', 'MDMwZjM4OGZkZjdlYTMwM2Y5OWFkMjM5YTM1MTQ0OTIwNmIxYjgxZDp7ImRldl9ieSI6Ikh1dSBOZ3V5ZW4ifQ==', '2020-10-21 18:21:15.795358'),
('v3gb6ml0kp39ghpsdss8n9f89q5rn002', 'MDMwZjM4OGZkZjdlYTMwM2Y5OWFkMjM5YTM1MTQ0OTIwNmIxYjgxZDp7ImRldl9ieSI6Ikh1dSBOZ3V5ZW4ifQ==', '2020-10-27 03:27:13.749667'),
('v6phwxn61nvgys576jl290s0plkqg2sk', 'MDMwZjM4OGZkZjdlYTMwM2Y5OWFkMjM5YTM1MTQ0OTIwNmIxYjgxZDp7ImRldl9ieSI6Ikh1dSBOZ3V5ZW4ifQ==', '2020-10-19 17:31:59.971478'),
('vadxjpquarxyat6rhh49in6nyxkl6e42', 'MDMwZjM4OGZkZjdlYTMwM2Y5OWFkMjM5YTM1MTQ0OTIwNmIxYjgxZDp7ImRldl9ieSI6Ikh1dSBOZ3V5ZW4ifQ==', '2020-10-23 08:31:30.537955'),
('vfon4tdss2y1oaoulps1ttbcrwp13zhg', 'MDMwZjM4OGZkZjdlYTMwM2Y5OWFkMjM5YTM1MTQ0OTIwNmIxYjgxZDp7ImRldl9ieSI6Ikh1dSBOZ3V5ZW4ifQ==', '2020-10-19 16:46:43.015661'),
('vfxpnsvvlcd7dgvx72xums4io04ng8pq', 'MDMwZjM4OGZkZjdlYTMwM2Y5OWFkMjM5YTM1MTQ0OTIwNmIxYjgxZDp7ImRldl9ieSI6Ikh1dSBOZ3V5ZW4ifQ==', '2020-10-19 16:12:28.015037'),
('vgny641erytcmfb3rsetzlciojkjwopj', 'MDMwZjM4OGZkZjdlYTMwM2Y5OWFkMjM5YTM1MTQ0OTIwNmIxYjgxZDp7ImRldl9ieSI6Ikh1dSBOZ3V5ZW4ifQ==', '2020-10-19 16:46:10.708612'),
('vgvhpnzx8wjl2qx210l68501q24oqpsu', 'MDMwZjM4OGZkZjdlYTMwM2Y5OWFkMjM5YTM1MTQ0OTIwNmIxYjgxZDp7ImRldl9ieSI6Ikh1dSBOZ3V5ZW4ifQ==', '2020-10-19 16:20:06.191236'),
('vibhu10feqsuyl8ypf2mx0ixwzsi4mlg', 'MDMwZjM4OGZkZjdlYTMwM2Y5OWFkMjM5YTM1MTQ0OTIwNmIxYjgxZDp7ImRldl9ieSI6Ikh1dSBOZ3V5ZW4ifQ==', '2020-10-21 07:43:42.258949'),
('vk6s4zxjsw9skf64g23lvdqcrs0cgbye', 'MDMwZjM4OGZkZjdlYTMwM2Y5OWFkMjM5YTM1MTQ0OTIwNmIxYjgxZDp7ImRldl9ieSI6Ikh1dSBOZ3V5ZW4ifQ==', '2020-10-21 03:09:29.689394'),
('vky195hj4tt963mo7el7h7ywcqjpsehe', 'MDMwZjM4OGZkZjdlYTMwM2Y5OWFkMjM5YTM1MTQ0OTIwNmIxYjgxZDp7ImRldl9ieSI6Ikh1dSBOZ3V5ZW4ifQ==', '2020-10-22 07:55:14.750270'),
('vl8e5mlhlhk9xxo2z6w0cnva0m8hmbbt', 'MDMwZjM4OGZkZjdlYTMwM2Y5OWFkMjM5YTM1MTQ0OTIwNmIxYjgxZDp7ImRldl9ieSI6Ikh1dSBOZ3V5ZW4ifQ==', '2020-10-19 08:08:06.677406'),
('vmwoom4waewjriidjz7d490rjiyz2oug', 'MDMwZjM4OGZkZjdlYTMwM2Y5OWFkMjM5YTM1MTQ0OTIwNmIxYjgxZDp7ImRldl9ieSI6Ikh1dSBOZ3V5ZW4ifQ==', '2020-10-19 15:51:51.802914'),
('vtg8o2k4t8y31soitrlf53xhiqdd2nmf', 'MDMwZjM4OGZkZjdlYTMwM2Y5OWFkMjM5YTM1MTQ0OTIwNmIxYjgxZDp7ImRldl9ieSI6Ikh1dSBOZ3V5ZW4ifQ==', '2020-10-19 17:34:18.038906'),
('vu4klep4wu0yy5sc8j9p725wsxxaimu3', 'MDMwZjM4OGZkZjdlYTMwM2Y5OWFkMjM5YTM1MTQ0OTIwNmIxYjgxZDp7ImRldl9ieSI6Ikh1dSBOZ3V5ZW4ifQ==', '2020-10-21 07:52:47.173907'),
('vu6c4iuiyzdoyyq13e0agik67m6no9z2', 'OGQ2YTQ0Yjg4ZmQxZWNlYzkyMWQ3NmQ0MmI4NzE0YTU0MGZhN2FjMzp7fQ==', '2020-10-01 17:32:49.611148'),
('vukem4909b2cu5ftbft49v49g00u2s2d', 'MDMwZjM4OGZkZjdlYTMwM2Y5OWFkMjM5YTM1MTQ0OTIwNmIxYjgxZDp7ImRldl9ieSI6Ikh1dSBOZ3V5ZW4ifQ==', '2020-10-19 16:47:14.982424'),
('vw1p6j34d60k639k7mz33pciwl5fjye4', 'MDMwZjM4OGZkZjdlYTMwM2Y5OWFkMjM5YTM1MTQ0OTIwNmIxYjgxZDp7ImRldl9ieSI6Ikh1dSBOZ3V5ZW4ifQ==', '2020-10-27 04:10:41.549946'),
('vwdl3lrwrro3a57w0r44itqew5u741ey', 'MDMwZjM4OGZkZjdlYTMwM2Y5OWFkMjM5YTM1MTQ0OTIwNmIxYjgxZDp7ImRldl9ieSI6Ikh1dSBOZ3V5ZW4ifQ==', '2020-10-20 09:09:39.684605'),
('vxj26xwdgjdomb4l711ryvmma8q7o7v3', 'MDMwZjM4OGZkZjdlYTMwM2Y5OWFkMjM5YTM1MTQ0OTIwNmIxYjgxZDp7ImRldl9ieSI6Ikh1dSBOZ3V5ZW4ifQ==', '2020-10-22 02:40:09.223393'),
('vxwbp4xgfs07avj9drr9mnmc3emi1mdo', 'MDMwZjM4OGZkZjdlYTMwM2Y5OWFkMjM5YTM1MTQ0OTIwNmIxYjgxZDp7ImRldl9ieSI6Ikh1dSBOZ3V5ZW4ifQ==', '2020-10-21 03:38:16.718581'),
('w08yf4yjwb40j5cnct4aofq7ite3dj1f', 'MDMwZjM4OGZkZjdlYTMwM2Y5OWFkMjM5YTM1MTQ0OTIwNmIxYjgxZDp7ImRldl9ieSI6Ikh1dSBOZ3V5ZW4ifQ==', '2020-10-21 03:40:06.453999'),
('w275cxe93m5grr90g0dk11xbjjdair68', 'MDMwZjM4OGZkZjdlYTMwM2Y5OWFkMjM5YTM1MTQ0OTIwNmIxYjgxZDp7ImRldl9ieSI6Ikh1dSBOZ3V5ZW4ifQ==', '2020-10-20 05:36:27.578205'),
('w3yrtltz19ezo3hjctz1366qagitreu3', 'MDMwZjM4OGZkZjdlYTMwM2Y5OWFkMjM5YTM1MTQ0OTIwNmIxYjgxZDp7ImRldl9ieSI6Ikh1dSBOZ3V5ZW4ifQ==', '2020-10-21 17:31:32.686882'),
('w4nzp5f23h6r7ge1l1x9q6sdnw7943yc', 'MDMwZjM4OGZkZjdlYTMwM2Y5OWFkMjM5YTM1MTQ0OTIwNmIxYjgxZDp7ImRldl9ieSI6Ikh1dSBOZ3V5ZW4ifQ==', '2020-10-21 03:42:04.388396'),
('w7dwg5a4zegre71sth0zl0bsoxzvq0rr', 'MDMwZjM4OGZkZjdlYTMwM2Y5OWFkMjM5YTM1MTQ0OTIwNmIxYjgxZDp7ImRldl9ieSI6Ikh1dSBOZ3V5ZW4ifQ==', '2020-10-21 08:56:30.170818'),
('w7hr7ymuvpayhbxe6vvvncg31p4fthiw', 'MDMwZjM4OGZkZjdlYTMwM2Y5OWFkMjM5YTM1MTQ0OTIwNmIxYjgxZDp7ImRldl9ieSI6Ikh1dSBOZ3V5ZW4ifQ==', '2020-10-20 07:54:14.769471'),
('w7uvyg9a364beaqdm25kfx4jd33sbtzc', 'MDMwZjM4OGZkZjdlYTMwM2Y5OWFkMjM5YTM1MTQ0OTIwNmIxYjgxZDp7ImRldl9ieSI6Ikh1dSBOZ3V5ZW4ifQ==', '2020-10-20 06:49:37.906386'),
('wbez0wdymc433hn1din2gnz6shues2x0', 'MDMwZjM4OGZkZjdlYTMwM2Y5OWFkMjM5YTM1MTQ0OTIwNmIxYjgxZDp7ImRldl9ieSI6Ikh1dSBOZ3V5ZW4ifQ==', '2020-10-21 02:51:51.395645'),
('wbl7e3ye0av0kthoedbkw4yx44v5gozc', 'MDMwZjM4OGZkZjdlYTMwM2Y5OWFkMjM5YTM1MTQ0OTIwNmIxYjgxZDp7ImRldl9ieSI6Ikh1dSBOZ3V5ZW4ifQ==', '2020-10-21 08:53:15.908212'),
('wcmoesza6t89j5ypp96ivk1pjokybqqn', 'MDMwZjM4OGZkZjdlYTMwM2Y5OWFkMjM5YTM1MTQ0OTIwNmIxYjgxZDp7ImRldl9ieSI6Ikh1dSBOZ3V5ZW4ifQ==', '2020-10-22 08:42:38.122000'),
('wex4uv944z0et2n5p394cy4twmkf0t79', 'MDMwZjM4OGZkZjdlYTMwM2Y5OWFkMjM5YTM1MTQ0OTIwNmIxYjgxZDp7ImRldl9ieSI6Ikh1dSBOZ3V5ZW4ifQ==', '2020-10-21 08:36:47.890030'),
('wl4b9z2zn2c72vr36lam8637sh3jkbb0', 'MDMwZjM4OGZkZjdlYTMwM2Y5OWFkMjM5YTM1MTQ0OTIwNmIxYjgxZDp7ImRldl9ieSI6Ikh1dSBOZ3V5ZW4ifQ==', '2020-10-20 05:13:30.228965'),
('wmbr66csy2xy9ev0h6qmd1cmfe6oqd0e', 'MDMwZjM4OGZkZjdlYTMwM2Y5OWFkMjM5YTM1MTQ0OTIwNmIxYjgxZDp7ImRldl9ieSI6Ikh1dSBOZ3V5ZW4ifQ==', '2020-10-27 03:27:21.009633'),
('wmumsp7199y6klzifx4fpci0pe1285fl', 'MDMwZjM4OGZkZjdlYTMwM2Y5OWFkMjM5YTM1MTQ0OTIwNmIxYjgxZDp7ImRldl9ieSI6Ikh1dSBOZ3V5ZW4ifQ==', '2020-10-23 08:17:02.388953'),
('wo4jsyeugocbkd5j6sdfawkk0vu6eo8x', 'MDMwZjM4OGZkZjdlYTMwM2Y5OWFkMjM5YTM1MTQ0OTIwNmIxYjgxZDp7ImRldl9ieSI6Ikh1dSBOZ3V5ZW4ifQ==', '2020-10-20 02:46:29.203848'),
('woi76q6ddr4en2sphma3ocajp2ft8jsr', 'MDMwZjM4OGZkZjdlYTMwM2Y5OWFkMjM5YTM1MTQ0OTIwNmIxYjgxZDp7ImRldl9ieSI6Ikh1dSBOZ3V5ZW4ifQ==', '2020-10-20 06:52:54.128872'),
('wot51882qly54t5n2en1cznp6n34kn5h', 'YTZkMGVmMDI3MzEzYmIwYzk2Y2Y1ZTlmYzhhYjllZmFiNTgyMjU5Njp7Il9hdXRoX3VzZXJfaWQiOiIxIiwiX2F1dGhfdXNlcl9iYWNrZW5kIjoiZGphbmdvLmNvbnRyaWIuYXV0aC5iYWNrZW5kcy5Nb2RlbEJhY2tlbmQiLCJfYXV0aF91c2VyX2hhc2giOiIyZmJkMGQwMTcyMDUxNDQzMDhmZWE5MDM3ZjJkNTk1OThlY2QzMDc1In0=', '2020-08-27 02:06:47.371961'),
('wr4o92g4o2met6n54wv4iu8vfsp92s9e', 'MDMwZjM4OGZkZjdlYTMwM2Y5OWFkMjM5YTM1MTQ0OTIwNmIxYjgxZDp7ImRldl9ieSI6Ikh1dSBOZ3V5ZW4ifQ==', '2020-10-23 08:09:00.504980'),
('wt2d5z9mp9pocnlof6a2edpphs1vp385', 'MDMwZjM4OGZkZjdlYTMwM2Y5OWFkMjM5YTM1MTQ0OTIwNmIxYjgxZDp7ImRldl9ieSI6Ikh1dSBOZ3V5ZW4ifQ==', '2020-10-20 05:52:37.607369'),
('wumiw8x3y1vv3sqt6y1o8t1wneyjknpg', 'MDMwZjM4OGZkZjdlYTMwM2Y5OWFkMjM5YTM1MTQ0OTIwNmIxYjgxZDp7ImRldl9ieSI6Ikh1dSBOZ3V5ZW4ifQ==', '2020-10-20 05:38:41.368323'),
('wusuppowx3267c4oo0g5pbw7ilfvjebt', 'MDMwZjM4OGZkZjdlYTMwM2Y5OWFkMjM5YTM1MTQ0OTIwNmIxYjgxZDp7ImRldl9ieSI6Ikh1dSBOZ3V5ZW4ifQ==', '2020-10-21 18:08:39.175036'),
('wvnzatvr0u3g8262ldz7zl11muqnp6gf', 'MDMwZjM4OGZkZjdlYTMwM2Y5OWFkMjM5YTM1MTQ0OTIwNmIxYjgxZDp7ImRldl9ieSI6Ikh1dSBOZ3V5ZW4ifQ==', '2020-10-19 17:02:55.439444'),
('wy5m988edak7nilad8b2cnat1xxy8pf8', 'MDMwZjM4OGZkZjdlYTMwM2Y5OWFkMjM5YTM1MTQ0OTIwNmIxYjgxZDp7ImRldl9ieSI6Ikh1dSBOZ3V5ZW4ifQ==', '2020-10-20 05:39:52.529132'),
('wzfyrsqkzsaf76emg12rlrxkmxkt9wx3', 'MDMwZjM4OGZkZjdlYTMwM2Y5OWFkMjM5YTM1MTQ0OTIwNmIxYjgxZDp7ImRldl9ieSI6Ikh1dSBOZ3V5ZW4ifQ==', '2020-10-21 11:40:06.143864'),
('x0wsy2dij26i4s1yxcu92en91fhbezbv', 'MDMwZjM4OGZkZjdlYTMwM2Y5OWFkMjM5YTM1MTQ0OTIwNmIxYjgxZDp7ImRldl9ieSI6Ikh1dSBOZ3V5ZW4ifQ==', '2020-10-20 06:52:23.528749'),
('x1508ysnb7qbypqxxwf80eh9o4ba6vt8', 'MDMwZjM4OGZkZjdlYTMwM2Y5OWFkMjM5YTM1MTQ0OTIwNmIxYjgxZDp7ImRldl9ieSI6Ikh1dSBOZ3V5ZW4ifQ==', '2020-10-19 08:16:28.817787'),
('x66nbogskeact0xgba7eh6v05ntliftx', 'MDMwZjM4OGZkZjdlYTMwM2Y5OWFkMjM5YTM1MTQ0OTIwNmIxYjgxZDp7ImRldl9ieSI6Ikh1dSBOZ3V5ZW4ifQ==', '2020-10-20 04:03:38.568840'),
('x9tac2vfem88xsdyvypuine68jq6av9k', 'MDMwZjM4OGZkZjdlYTMwM2Y5OWFkMjM5YTM1MTQ0OTIwNmIxYjgxZDp7ImRldl9ieSI6Ikh1dSBOZ3V5ZW4ifQ==', '2020-10-20 05:40:01.786334'),
('xa7rvj987srth0g7h22nq49f3n9d24gx', 'MDMwZjM4OGZkZjdlYTMwM2Y5OWFkMjM5YTM1MTQ0OTIwNmIxYjgxZDp7ImRldl9ieSI6Ikh1dSBOZ3V5ZW4ifQ==', '2020-10-21 17:31:41.709028'),
('xa9s144cdunz54kpg5btbe4gx7eltl6c', 'MDMwZjM4OGZkZjdlYTMwM2Y5OWFkMjM5YTM1MTQ0OTIwNmIxYjgxZDp7ImRldl9ieSI6Ikh1dSBOZ3V5ZW4ifQ==', '2020-10-23 06:53:37.083537'),
('xaama7ikz0obxy68qqn63l760c1qyy0f', 'MDMwZjM4OGZkZjdlYTMwM2Y5OWFkMjM5YTM1MTQ0OTIwNmIxYjgxZDp7ImRldl9ieSI6Ikh1dSBOZ3V5ZW4ifQ==', '2020-10-21 01:54:31.525769'),
('xgjkn7zld4yfbdsuak776w8vg62idvez', 'MDMwZjM4OGZkZjdlYTMwM2Y5OWFkMjM5YTM1MTQ0OTIwNmIxYjgxZDp7ImRldl9ieSI6Ikh1dSBOZ3V5ZW4ifQ==', '2020-10-19 15:56:45.392483'),
('xgzy164onch26jfikvt3odutl9ila4lr', 'YTZkMGVmMDI3MzEzYmIwYzk2Y2Y1ZTlmYzhhYjllZmFiNTgyMjU5Njp7Il9hdXRoX3VzZXJfaWQiOiIxIiwiX2F1dGhfdXNlcl9iYWNrZW5kIjoiZGphbmdvLmNvbnRyaWIuYXV0aC5iYWNrZW5kcy5Nb2RlbEJhY2tlbmQiLCJfYXV0aF91c2VyX2hhc2giOiIyZmJkMGQwMTcyMDUxNDQzMDhmZWE5MDM3ZjJkNTk1OThlY2QzMDc1In0=', '2020-09-03 02:01:18.382900'),
('xidl7k2trknnl5us330lg90tyngmb6bk', 'MDMwZjM4OGZkZjdlYTMwM2Y5OWFkMjM5YTM1MTQ0OTIwNmIxYjgxZDp7ImRldl9ieSI6Ikh1dSBOZ3V5ZW4ifQ==', '2020-10-19 08:08:24.615999'),
('xkpoeshb323d1zh10af3dl70zr5eeqju', 'MDMwZjM4OGZkZjdlYTMwM2Y5OWFkMjM5YTM1MTQ0OTIwNmIxYjgxZDp7ImRldl9ieSI6Ikh1dSBOZ3V5ZW4ifQ==', '2020-10-23 01:42:57.021071'),
('xq0fdejdflbuaqyfljnbs2juim3xzcmi', 'MDMwZjM4OGZkZjdlYTMwM2Y5OWFkMjM5YTM1MTQ0OTIwNmIxYjgxZDp7ImRldl9ieSI6Ikh1dSBOZ3V5ZW4ifQ==', '2020-10-19 15:53:56.986039'),
('xxiap473t0ebdv5zqcw9dvz8vnt7whd7', 'MDMwZjM4OGZkZjdlYTMwM2Y5OWFkMjM5YTM1MTQ0OTIwNmIxYjgxZDp7ImRldl9ieSI6Ikh1dSBOZ3V5ZW4ifQ==', '2020-10-20 03:27:35.063755'),
('xy95i2o3bd3rqoa1ygmz7ys7nxx896e6', 'MDMwZjM4OGZkZjdlYTMwM2Y5OWFkMjM5YTM1MTQ0OTIwNmIxYjgxZDp7ImRldl9ieSI6Ikh1dSBOZ3V5ZW4ifQ==', '2020-10-20 05:35:22.696390'),
('xyksc7d7d3lh87vobfu7f9zi5a7gwu0n', 'MDMwZjM4OGZkZjdlYTMwM2Y5OWFkMjM5YTM1MTQ0OTIwNmIxYjgxZDp7ImRldl9ieSI6Ikh1dSBOZ3V5ZW4ifQ==', '2020-10-21 17:28:31.322443'),
('xyyseu4oqw4v370lv23dvdg1uz6pr1s6', 'MDMwZjM4OGZkZjdlYTMwM2Y5OWFkMjM5YTM1MTQ0OTIwNmIxYjgxZDp7ImRldl9ieSI6Ikh1dSBOZ3V5ZW4ifQ==', '2020-10-23 07:34:18.280641'),
('y0tqmwwp9rtesnorg200xo4ntmz5ti2p', 'MDMwZjM4OGZkZjdlYTMwM2Y5OWFkMjM5YTM1MTQ0OTIwNmIxYjgxZDp7ImRldl9ieSI6Ikh1dSBOZ3V5ZW4ifQ==', '2020-10-21 08:48:45.582342'),
('y24o6v3f46pml01w4wl7c9r5mbgdrmyf', 'YmFkYzI2ZDQ1M2U4ZmE2OTYxOGQzNDE2MGU4MGQ1YTFmNjI0OTQ4NDp7Il9hdXRoX3VzZXJfaWQiOiIxIiwiX2F1dGhfdXNlcl9iYWNrZW5kIjoiZGphbmdvLmNvbnRyaWIuYXV0aC5iYWNrZW5kcy5Nb2RlbEJhY2tlbmQiLCJfYXV0aF91c2VyX2hhc2giOiIyZmJkMGQwMTcyMDUxNDQzMDhmZWE5MDM3ZjJkNTk1OThlY2QzMDc1IiwiY2FydCI6e319', '2020-10-01 07:23:11.208123'),
('y5abknehfhn5i4wq7eaujchmvjq5perd', 'MDMwZjM4OGZkZjdlYTMwM2Y5OWFkMjM5YTM1MTQ0OTIwNmIxYjgxZDp7ImRldl9ieSI6Ikh1dSBOZ3V5ZW4ifQ==', '2020-10-21 07:37:07.125108'),
('y62p3wrgt090hm8eo6lz4iea7in0ylrv', 'MDMwZjM4OGZkZjdlYTMwM2Y5OWFkMjM5YTM1MTQ0OTIwNmIxYjgxZDp7ImRldl9ieSI6Ikh1dSBOZ3V5ZW4ifQ==', '2020-10-20 08:23:07.124789'),
('y6fl1igzakp6ophbdt8f7x8eqhw6ukm7', 'MDMwZjM4OGZkZjdlYTMwM2Y5OWFkMjM5YTM1MTQ0OTIwNmIxYjgxZDp7ImRldl9ieSI6Ikh1dSBOZ3V5ZW4ifQ==', '2020-10-20 05:37:24.858507'),
('y6ndveua6c7e40xckhhhkdorv3tps40u', 'MDMwZjM4OGZkZjdlYTMwM2Y5OWFkMjM5YTM1MTQ0OTIwNmIxYjgxZDp7ImRldl9ieSI6Ikh1dSBOZ3V5ZW4ifQ==', '2020-10-21 07:43:44.714758'),
('y6ux7r6bbtiucmct1tgycjhcq2o44plx', 'MDMwZjM4OGZkZjdlYTMwM2Y5OWFkMjM5YTM1MTQ0OTIwNmIxYjgxZDp7ImRldl9ieSI6Ikh1dSBOZ3V5ZW4ifQ==', '2020-10-20 02:16:42.797455'),
('y71sm9l8vg60pe4rn9axtt1lbmn9vwlp', 'MDMwZjM4OGZkZjdlYTMwM2Y5OWFkMjM5YTM1MTQ0OTIwNmIxYjgxZDp7ImRldl9ieSI6Ikh1dSBOZ3V5ZW4ifQ==', '2020-10-21 08:58:28.481282'),
('y7r6u9bmcfte8w4so033x4bajcvwr2bw', 'MDMwZjM4OGZkZjdlYTMwM2Y5OWFkMjM5YTM1MTQ0OTIwNmIxYjgxZDp7ImRldl9ieSI6Ikh1dSBOZ3V5ZW4ifQ==', '2020-10-21 11:40:00.902733'),
('ydrrwn21r2ob5bqggwbpv7zwu7zhndxw', 'YmFkYzI2ZDQ1M2U4ZmE2OTYxOGQzNDE2MGU4MGQ1YTFmNjI0OTQ4NDp7Il9hdXRoX3VzZXJfaWQiOiIxIiwiX2F1dGhfdXNlcl9iYWNrZW5kIjoiZGphbmdvLmNvbnRyaWIuYXV0aC5iYWNrZW5kcy5Nb2RlbEJhY2tlbmQiLCJfYXV0aF91c2VyX2hhc2giOiIyZmJkMGQwMTcyMDUxNDQzMDhmZWE5MDM3ZjJkNTk1OThlY2QzMDc1IiwiY2FydCI6e319', '2020-09-24 20:01:03.877965'),
('yg84oat39686gvef3lvq1lpa12ct3g0t', 'MDMwZjM4OGZkZjdlYTMwM2Y5OWFkMjM5YTM1MTQ0OTIwNmIxYjgxZDp7ImRldl9ieSI6Ikh1dSBOZ3V5ZW4ifQ==', '2020-10-21 08:59:10.199191'),
('ygpekqi27c4ynvw1sdkhiu0opocrb8tj', 'MDMwZjM4OGZkZjdlYTMwM2Y5OWFkMjM5YTM1MTQ0OTIwNmIxYjgxZDp7ImRldl9ieSI6Ikh1dSBOZ3V5ZW4ifQ==', '2020-10-19 16:04:44.896186'),
('ylq4a6kgritcuxzwz4ptn2cl3cfhfw8a', 'MDMwZjM4OGZkZjdlYTMwM2Y5OWFkMjM5YTM1MTQ0OTIwNmIxYjgxZDp7ImRldl9ieSI6Ikh1dSBOZ3V5ZW4ifQ==', '2020-10-21 08:36:29.863828'),
('ymp2xl0d2znnr28zgad1ipcziv003gz3', 'MDMwZjM4OGZkZjdlYTMwM2Y5OWFkMjM5YTM1MTQ0OTIwNmIxYjgxZDp7ImRldl9ieSI6Ikh1dSBOZ3V5ZW4ifQ==', '2020-10-19 16:40:51.806550'),
('yn8i8noxwjyrbbc64xw0xxhbjcweiuxy', 'MDMwZjM4OGZkZjdlYTMwM2Y5OWFkMjM5YTM1MTQ0OTIwNmIxYjgxZDp7ImRldl9ieSI6Ikh1dSBOZ3V5ZW4ifQ==', '2020-10-23 07:41:19.146703'),
('ynyakwch22e3v99lfv5c5cged62hl306', 'MDMwZjM4OGZkZjdlYTMwM2Y5OWFkMjM5YTM1MTQ0OTIwNmIxYjgxZDp7ImRldl9ieSI6Ikh1dSBOZ3V5ZW4ifQ==', '2020-10-21 07:43:10.017434'),
('yrclvk1eik2qnwpkvrjfd5a0m83zm5g5', 'MDMwZjM4OGZkZjdlYTMwM2Y5OWFkMjM5YTM1MTQ0OTIwNmIxYjgxZDp7ImRldl9ieSI6Ikh1dSBOZ3V5ZW4ifQ==', '2020-10-19 09:02:59.269826'),
('yscmzrlt0s5bwiw17sg32qh34sspytax', 'MDMwZjM4OGZkZjdlYTMwM2Y5OWFkMjM5YTM1MTQ0OTIwNmIxYjgxZDp7ImRldl9ieSI6Ikh1dSBOZ3V5ZW4ifQ==', '2020-10-23 08:33:44.227706'),
('ysigw4vj7531riy8fsgqgu2obnn57axi', 'MDMwZjM4OGZkZjdlYTMwM2Y5OWFkMjM5YTM1MTQ0OTIwNmIxYjgxZDp7ImRldl9ieSI6Ikh1dSBOZ3V5ZW4ifQ==', '2020-10-23 08:11:17.978389'),
('yv2jm8ez4mh3gn4upwmvjbrsis52fuq7', 'MDMwZjM4OGZkZjdlYTMwM2Y5OWFkMjM5YTM1MTQ0OTIwNmIxYjgxZDp7ImRldl9ieSI6Ikh1dSBOZ3V5ZW4ifQ==', '2020-10-19 15:58:15.768611'),
('yw7yt9mf2lukespp1oakwzc03cmin4g3', 'OGQ2YTQ0Yjg4ZmQxZWNlYzkyMWQ3NmQ0MmI4NzE0YTU0MGZhN2FjMzp7fQ==', '2020-10-02 16:26:20.941027'),
('yxvm3nmlg7fmglvw29qoli1qoutk4vyl', 'MDMwZjM4OGZkZjdlYTMwM2Y5OWFkMjM5YTM1MTQ0OTIwNmIxYjgxZDp7ImRldl9ieSI6Ikh1dSBOZ3V5ZW4ifQ==', '2020-10-21 18:35:53.516629'),
('yylo77pbuqf7pj9fjdnvuqdxvksm0nuf', 'MDMwZjM4OGZkZjdlYTMwM2Y5OWFkMjM5YTM1MTQ0OTIwNmIxYjgxZDp7ImRldl9ieSI6Ikh1dSBOZ3V5ZW4ifQ==', '2020-10-19 16:28:22.917119'),
('z098y6nhrwae7aw31islrjiv4zxb0rv5', 'MDMwZjM4OGZkZjdlYTMwM2Y5OWFkMjM5YTM1MTQ0OTIwNmIxYjgxZDp7ImRldl9ieSI6Ikh1dSBOZ3V5ZW4ifQ==', '2020-10-20 05:25:05.913606'),
('z2243e8j1y0nnt1sykecddckpk02pt52', 'MDMwZjM4OGZkZjdlYTMwM2Y5OWFkMjM5YTM1MTQ0OTIwNmIxYjgxZDp7ImRldl9ieSI6Ikh1dSBOZ3V5ZW4ifQ==', '2020-10-20 05:36:46.139087'),
('z38pu6idzg2l4y3uu0t2ws6wmq6k1rfe', 'MDMwZjM4OGZkZjdlYTMwM2Y5OWFkMjM5YTM1MTQ0OTIwNmIxYjgxZDp7ImRldl9ieSI6Ikh1dSBOZ3V5ZW4ifQ==', '2020-10-22 03:56:21.207354'),
('z5sr9s0f4siz5lrdwe103xk17g2r0sja', 'MDMwZjM4OGZkZjdlYTMwM2Y5OWFkMjM5YTM1MTQ0OTIwNmIxYjgxZDp7ImRldl9ieSI6Ikh1dSBOZ3V5ZW4ifQ==', '2020-10-22 02:44:37.825391'),
('z6c27rog6xbwmf8hhlrdqa13hhfw7e5e', 'MDMwZjM4OGZkZjdlYTMwM2Y5OWFkMjM5YTM1MTQ0OTIwNmIxYjgxZDp7ImRldl9ieSI6Ikh1dSBOZ3V5ZW4ifQ==', '2020-10-19 08:34:56.245734'),
('z6hbjs3anvrmzcqfmxxloa4zx5xt7w4e', 'MDMwZjM4OGZkZjdlYTMwM2Y5OWFkMjM5YTM1MTQ0OTIwNmIxYjgxZDp7ImRldl9ieSI6Ikh1dSBOZ3V5ZW4ifQ==', '2020-10-20 05:29:55.566962'),
('z8kd9ursnlssr91x1ld7fe13yfcvymnz', 'MDMwZjM4OGZkZjdlYTMwM2Y5OWFkMjM5YTM1MTQ0OTIwNmIxYjgxZDp7ImRldl9ieSI6Ikh1dSBOZ3V5ZW4ifQ==', '2020-10-20 04:49:55.189093'),
('z9zxlty104vh24rcoxma3t4eqr7qt8hk', 'MDMwZjM4OGZkZjdlYTMwM2Y5OWFkMjM5YTM1MTQ0OTIwNmIxYjgxZDp7ImRldl9ieSI6Ikh1dSBOZ3V5ZW4ifQ==', '2020-10-20 08:24:30.570682'),
('ze6jft7h7vbc6eqiow73igf5f41tytbk', 'MDMwZjM4OGZkZjdlYTMwM2Y5OWFkMjM5YTM1MTQ0OTIwNmIxYjgxZDp7ImRldl9ieSI6Ikh1dSBOZ3V5ZW4ifQ==', '2020-10-22 02:41:42.455262'),
('zeb4wdvks8x3arp0iu8scb9wzo4hwnmp', 'MDMwZjM4OGZkZjdlYTMwM2Y5OWFkMjM5YTM1MTQ0OTIwNmIxYjgxZDp7ImRldl9ieSI6Ikh1dSBOZ3V5ZW4ifQ==', '2020-10-21 18:30:26.664855'),
('zfpu77kg5ieuv0104q29rqodlmrlstxt', 'MDMwZjM4OGZkZjdlYTMwM2Y5OWFkMjM5YTM1MTQ0OTIwNmIxYjgxZDp7ImRldl9ieSI6Ikh1dSBOZ3V5ZW4ifQ==', '2020-10-19 09:02:51.440277'),
('zgr7g1h55jifxyt84i0mjwyr00zzqnb0', 'MDMwZjM4OGZkZjdlYTMwM2Y5OWFkMjM5YTM1MTQ0OTIwNmIxYjgxZDp7ImRldl9ieSI6Ikh1dSBOZ3V5ZW4ifQ==', '2020-10-20 02:06:09.658221'),
('zk1fetqervv7i9ufyvx0jrxd36kdyxu3', 'MDMwZjM4OGZkZjdlYTMwM2Y5OWFkMjM5YTM1MTQ0OTIwNmIxYjgxZDp7ImRldl9ieSI6Ikh1dSBOZ3V5ZW4ifQ==', '2020-10-21 18:40:08.539459'),
('zm5gmcbqoxqh1tlgq89519rsv3yvizxr', 'MDMwZjM4OGZkZjdlYTMwM2Y5OWFkMjM5YTM1MTQ0OTIwNmIxYjgxZDp7ImRldl9ieSI6Ikh1dSBOZ3V5ZW4ifQ==', '2020-10-23 01:56:28.896152'),
('zn9jkkrn4uiifty8o2cj1sj0gom6839x', 'MDMwZjM4OGZkZjdlYTMwM2Y5OWFkMjM5YTM1MTQ0OTIwNmIxYjgxZDp7ImRldl9ieSI6Ikh1dSBOZ3V5ZW4ifQ==', '2020-10-22 07:52:26.519289'),
('zqv8rbvmrk3f90x6uj81u9ovn8ucgzkd', 'MDMwZjM4OGZkZjdlYTMwM2Y5OWFkMjM5YTM1MTQ0OTIwNmIxYjgxZDp7ImRldl9ieSI6Ikh1dSBOZ3V5ZW4ifQ==', '2020-10-19 08:52:09.203890'),
('zrxk8lrvnj4dwmckuxs5ynkvjymq92mh', 'MDMwZjM4OGZkZjdlYTMwM2Y5OWFkMjM5YTM1MTQ0OTIwNmIxYjgxZDp7ImRldl9ieSI6Ikh1dSBOZ3V5ZW4ifQ==', '2020-10-19 17:15:27.295737'),
('zs76gzd386jdjvf4skzlqi9u7whax16o', 'MDMwZjM4OGZkZjdlYTMwM2Y5OWFkMjM5YTM1MTQ0OTIwNmIxYjgxZDp7ImRldl9ieSI6Ikh1dSBOZ3V5ZW4ifQ==', '2020-10-21 01:49:50.253034'),
('zx5666csqxlm8tjcqghtq8zbxu3juvwz', 'MDMwZjM4OGZkZjdlYTMwM2Y5OWFkMjM5YTM1MTQ0OTIwNmIxYjgxZDp7ImRldl9ieSI6Ikh1dSBOZ3V5ZW4ifQ==', '2020-10-21 03:07:53.697325'),
('zzeos8aum7r512r88jg38k2n8q0dy100', 'MDMwZjM4OGZkZjdlYTMwM2Y5OWFkMjM5YTM1MTQ0OTIwNmIxYjgxZDp7ImRldl9ieSI6Ikh1dSBOZ3V5ZW4ifQ==', '2020-10-19 09:06:34.862041');

-- --------------------------------------------------------

--
-- Table structure for table `django_site`
--

DROP TABLE IF EXISTS `django_site`;
CREATE TABLE IF NOT EXISTS `django_site` (
  `id` int(11) NOT NULL AUTO_INCREMENT,
  `domain` varchar(100) NOT NULL,
  `name` varchar(50) NOT NULL,
  PRIMARY KEY (`id`),
  UNIQUE KEY `django_site_domain_a2e37b91_uniq` (`domain`)
) ENGINE=InnoDB AUTO_INCREMENT=2 DEFAULT CHARSET=utf8mb4;

--
-- Dumping data for table `django_site`
--

INSERT INTO `django_site` (`id`, `domain`, `name`) VALUES
(1, 'example.com', 'example.com');

-- --------------------------------------------------------

--
-- Table structure for table `extra_settings_setting`
--

DROP TABLE IF EXISTS `extra_settings_setting`;
CREATE TABLE IF NOT EXISTS `extra_settings_setting` (
  `id` int(11) NOT NULL AUTO_INCREMENT,
  `name` varchar(50) NOT NULL,
  `value_type` varchar(20) NOT NULL,
  `value_bool` tinyint(1) NOT NULL,
  `value_date` date DEFAULT NULL,
  `value_datetime` datetime(6) DEFAULT NULL,
  `value_decimal` decimal(19,10) NOT NULL,
  `value_email` varchar(254) NOT NULL,
  `value_file` varchar(100) NOT NULL,
  `value_float` double NOT NULL,
  `value_image` varchar(100) NOT NULL,
  `value_int` int(11) NOT NULL,
  `value_string` varchar(50) NOT NULL,
  `value_text` longtext NOT NULL,
  `value_time` time(6) DEFAULT NULL,
  `value_url` varchar(200) NOT NULL,
  `value_duration` bigint(20) DEFAULT NULL,
  PRIMARY KEY (`id`),
  UNIQUE KEY `name` (`name`)
) ENGINE=InnoDB DEFAULT CHARSET=utf8mb4;

-- --------------------------------------------------------

--
-- Table structure for table `feature`
--

DROP TABLE IF EXISTS `feature`;
CREATE TABLE IF NOT EXISTS `feature` (
  `feature_id` int(11) UNSIGNED NOT NULL AUTO_INCREMENT,
  `name` varchar(45) DEFAULT NULL,
  `position` int(11) UNSIGNED NOT NULL DEFAULT '0',
  PRIMARY KEY (`feature_id`)
) ENGINE=InnoDB AUTO_INCREMENT=7 DEFAULT CHARSET=utf8;

--
-- Dumping data for table `feature`
--

INSERT INTO `feature` (`feature_id`, `name`, `position`) VALUES
(1, 'kích Thước NxDxS', 1),
(2, 'Chất liệu', 2),
(4, 'Chiều Ngang', 4),
(5, 'Chiều Dọc', 5),
(6, 'Chiều Sâu', 6);

-- --------------------------------------------------------

--
-- Table structure for table `feature_product`
--

DROP TABLE IF EXISTS `feature_product`;
CREATE TABLE IF NOT EXISTS `feature_product` (
  `auto_id` int(11) NOT NULL AUTO_INCREMENT,
  `feature_id` int(11) UNSIGNED NOT NULL,
  `product_id` int(11) UNSIGNED NOT NULL,
  `feature_value_id` int(11) UNSIGNED NOT NULL,
  PRIMARY KEY (`auto_id`),
  KEY `feature_product_2` (`feature_value_id`),
  KEY `feature_product_3` (`product_id`),
  KEY `feature_product_1` (`feature_id`)
) ENGINE=InnoDB AUTO_INCREMENT=83 DEFAULT CHARSET=utf8;

--
-- Dumping data for table `feature_product`
--

INSERT INTO `feature_product` (`auto_id`, `feature_id`, `product_id`, `feature_value_id`) VALUES
(60, 1, 5, 1),
(61, 2, 5, 4),
(62, 4, 5, 8),
(63, 5, 5, 11),
(64, 6, 5, 14),
(65, 1, 6, 1),
(66, 2, 6, 4),
(67, 6, 6, 14),
(68, 1, 7, 1),
(69, 6, 7, 14),
(70, 5, 7, 11),
(71, 2, 7, 4),
(72, 1, 8, 1),
(73, 2, 8, 4),
(74, 4, 8, 8),
(75, 5, 8, 11),
(76, 6, 8, 14),
(77, 1, 9, 1),
(78, 6, 9, 14),
(79, 4, 9, 8),
(80, 4, 10, 8),
(81, 6, 10, 14),
(82, 2, 10, 4);

-- --------------------------------------------------------

--
-- Table structure for table `feature_value`
--

DROP TABLE IF EXISTS `feature_value`;
CREATE TABLE IF NOT EXISTS `feature_value` (
  `feature_value_id` int(11) UNSIGNED NOT NULL AUTO_INCREMENT,
  `feature_id` int(11) UNSIGNED NOT NULL,
  `custom` tinyint(3) UNSIGNED DEFAULT NULL,
  `value` text,
  PRIMARY KEY (`feature_value_id`),
  KEY `feature_value_1` (`feature_id`)
) ENGINE=InnoDB AUTO_INCREMENT=17 DEFAULT CHARSET=utf8;

--
-- Dumping data for table `feature_value`
--

INSERT INTO `feature_value` (`feature_value_id`, `feature_id`, `custom`, `value`) VALUES
(1, 1, 1, '240x180x10'),
(2, 1, 1, '640x480x10'),
(3, 1, 1, '30x30x30'),
(4, 2, 0, 'len'),
(5, 2, 0, 'cotton'),
(6, 2, 0, 'sieu'),
(7, 2, 0, 'du'),
(8, 4, 1, '3m'),
(9, 4, 2, '5m'),
(10, 4, 3, '10m'),
(11, 5, 1, '1m'),
(12, 5, 2, '4m'),
(13, 5, 3, '6m'),
(14, 6, 1, '1m'),
(15, 6, 0, '30m'),
(16, 6, 3, '100m');

-- --------------------------------------------------------

--
-- Table structure for table `lookup`
--

DROP TABLE IF EXISTS `lookup`;
CREATE TABLE IF NOT EXISTS `lookup` (
  `lookup_id` int(11) NOT NULL AUTO_INCREMENT,
  `name` varchar(128) CHARACTER SET utf8 NOT NULL,
  `code` varchar(128) CHARACTER SET utf8 NOT NULL,
  `type` varchar(128) CHARACTER SET utf8 NOT NULL,
  `position` tinyint(4) NOT NULL DEFAULT '0',
  PRIMARY KEY (`lookup_id`)
) ENGINE=InnoDB AUTO_INCREMENT=6 DEFAULT CHARSET=utf8 COLLATE=utf8_unicode_ci;

--
-- Dumping data for table `lookup`
--

INSERT INTO `lookup` (`lookup_id`, `name`, `code`, `type`, `position`) VALUES
(1, 'Món', 'mon', 'DonVi', 1),
(2, 'Ký', 'ky', 'DonVi', 2),
(3, 'Thùng', 'thung', 'DonVi', 3),
(4, 'Cái', 'cai', 'DonVi', 4),
(5, 'Sản', 'sanpham', 'DonVi', 5);

-- --------------------------------------------------------

--
-- Table structure for table `manufacturer`
--

DROP TABLE IF EXISTS `manufacturer`;
CREATE TABLE IF NOT EXISTS `manufacturer` (
  `manufacturer_id` int(11) UNSIGNED NOT NULL AUTO_INCREMENT,
  `name` varchar(128) NOT NULL,
  `date_add` datetime NOT NULL,
  `date_upd` datetime NOT NULL,
  `active` tinyint(1) NOT NULL DEFAULT '0',
  `description` text,
  `description_short` tinytext,
  `slug` varchar(128) DEFAULT NULL,
  PRIMARY KEY (`manufacturer_id`)
) ENGINE=InnoDB AUTO_INCREMENT=3 DEFAULT CHARSET=utf8;

--
-- Dumping data for table `manufacturer`
--

INSERT INTO `manufacturer` (`manufacturer_id`, `name`, `date_add`, `date_upd`, `active`, `description`, `description_short`, `slug`) VALUES
(1, 'mary key. Something like in the following code, but preferably w', '2020-08-18 03:49:37', '2020-08-18 06:20:32', 0, '<p>sdfsdfs sfdfdfsdfs</p>', '<p>sdfs sdfdfd fsdf</p>', 'sdfsdf-sd'),
(2, 'han 255 choices that should be presented to a us', '2020-08-18 06:16:53', '2020-09-08 06:54:25', 1, '<p>ate a table for less than 255 choices that should be presented to a user, and use an integer of 1 byte as the primary key. Something like in the following cod<img alt="" class="img-responsive" src="/media/uploads/apffir.jpg" style="height:400px; width:698px" />e, but preferably with a TinyIntegerField if it&#39;s possibate a table for less than 255 choices that should be presented to a user, and use an integer of 1 byte as the primary key. Something like in the following code, but preferably with a TinyIntegerField if it&#39;s possibate a table for less than 255 choices that should be presented to a user, and use an integer of 1 byte as the primary key. Something like in the following code, but preferably with a TinyIntegerField if it&#39;s possib</p>', '<p>ate a table for less than 255 choices that should be presented to a user, and use an integer of 1 byte as the primary key. Something like in the following code, but preferably with a TinyIntegerField if it&#39;s possib</p>', 'han-255-choices-that-should-be-presented-to-a-us');

-- --------------------------------------------------------

--
-- Table structure for table `message`
--

DROP TABLE IF EXISTS `message`;
CREATE TABLE IF NOT EXISTS `message` (
  `message_id` int(11) UNSIGNED NOT NULL AUTO_INCREMENT,
  `order_id` int(11) UNSIGNED NOT NULL,
  `owner_id` int(11) UNSIGNED NOT NULL,
  `title` varchar(255) DEFAULT NULL,
  `message` text NOT NULL,
  `private` tinyint(1) UNSIGNED NOT NULL DEFAULT '1',
  `date_add` datetime NOT NULL,
  `date_upd` datetime DEFAULT NULL,
  PRIMARY KEY (`message_id`),
  KEY `message_4` (`order_id`)
) ENGINE=InnoDB DEFAULT CHARSET=utf8;

-- --------------------------------------------------------

--
-- Table structure for table `message_readed`
--

DROP TABLE IF EXISTS `message_readed`;
CREATE TABLE IF NOT EXISTS `message_readed` (
  `message_id` int(11) UNSIGNED NOT NULL,
  `owner_id` int(11) UNSIGNED NOT NULL,
  `date_add` datetime DEFAULT NULL,
  `date_upd` datetime DEFAULT NULL,
  PRIMARY KEY (`message_id`,`owner_id`)
) ENGINE=InnoDB DEFAULT CHARSET=utf8;

-- --------------------------------------------------------

--
-- Table structure for table `openid_openidnonce`
--

DROP TABLE IF EXISTS `openid_openidnonce`;
CREATE TABLE IF NOT EXISTS `openid_openidnonce` (
  `id` int(11) NOT NULL AUTO_INCREMENT,
  `server_url` varchar(255) NOT NULL,
  `timestamp` int(11) NOT NULL,
  `salt` varchar(255) NOT NULL,
  `date_created` datetime(6) NOT NULL,
  PRIMARY KEY (`id`)
) ENGINE=InnoDB DEFAULT CHARSET=utf8mb4;

-- --------------------------------------------------------

--
-- Table structure for table `openid_openidstore`
--

DROP TABLE IF EXISTS `openid_openidstore`;
CREATE TABLE IF NOT EXISTS `openid_openidstore` (
  `id` int(11) NOT NULL AUTO_INCREMENT,
  `server_url` varchar(255) NOT NULL,
  `handle` varchar(255) NOT NULL,
  `secret` longtext NOT NULL,
  `issued` int(11) NOT NULL,
  `lifetime` int(11) NOT NULL,
  `assoc_type` longtext NOT NULL,
  PRIMARY KEY (`id`)
) ENGINE=InnoDB DEFAULT CHARSET=utf8mb4;

-- --------------------------------------------------------

--
-- Table structure for table `order`
--

DROP TABLE IF EXISTS `order`;
CREATE TABLE IF NOT EXISTS `order` (
  `order_id` int(11) UNSIGNED NOT NULL AUTO_INCREMENT,
  `owner_id` int(11) NOT NULL,
  `address_delivery_id` int(11) UNSIGNED DEFAULT NULL,
  `address_invoice_id` int(11) UNSIGNED DEFAULT NULL,
  `current_state` int(11) UNSIGNED NOT NULL,
  `valid` tinyint(1) UNSIGNED DEFAULT '0',
  `secure_key` varchar(32) NOT NULL DEFAULT '-1',
  `payment` varchar(255) DEFAULT NULL,
  `total_paid` decimal(17,2) DEFAULT '0.00',
  `total_wrapping` decimal(17,2) DEFAULT '0.00',
  `total_paid_real` decimal(17,2) DEFAULT '0.00',
  `invoice_date` datetime DEFAULT NULL,
  `date_add` datetime DEFAULT NULL,
  `date_upd` datetime DEFAULT NULL,
  `cart_id` int(11) UNSIGNED DEFAULT NULL,
  PRIMARY KEY (`order_id`),
  KEY `date_add` (`date_add`),
  KEY `fk_order_2` (`current_state`),
  KEY `fk_order_3` (`address_delivery_id`),
  KEY `fk_order_4` (`address_invoice_id`),
  KEY `fk_order_1` (`cart_id`) USING BTREE,
  KEY `fk_order_5` (`owner_id`)
) ENGINE=InnoDB AUTO_INCREMENT=18 DEFAULT CHARSET=utf8;

--
-- Dumping data for table `order`
--

INSERT INTO `order` (`order_id`, `owner_id`, `address_delivery_id`, `address_invoice_id`, `current_state`, `valid`, `secure_key`, `payment`, `total_paid`, `total_wrapping`, `total_paid_real`, `invoice_date`, `date_add`, `date_upd`, `cart_id`) VALUES
(4, 1, 5, 6, 1, NULL, 'kaifizft', NULL, '3630000.00', '0.00', '3630000.00', '2020-09-28 08:20:36', '2020-09-22 08:11:53', '2020-09-28 08:20:36', NULL),
(5, 1, 7, 8, 1, 0, 'aohsvgjf', NULL, '740000.00', '0.00', '740000.00', '2020-09-28 08:22:45', '2020-09-28 08:21:40', '2020-09-28 08:22:45', NULL),
(6, 1, 9, 10, 1, 0, 'yfshafje', NULL, '900000.00', '0.00', '900000.00', '2020-09-28 08:26:33', '2020-09-28 08:23:23', '2020-09-28 08:26:33', NULL),
(7, 1, 11, 12, 1, 0, 'oyibstpk', NULL, '1330000.00', '0.00', '1330000.00', '2020-09-28 08:32:18', '2020-09-28 08:26:56', '2020-09-28 08:32:18', NULL),
(8, 1, 13, 14, 1, 0, 'forcenaq', NULL, '1330000.00', '0.00', '1330000.00', '2020-09-28 08:35:05', '2020-09-28 08:34:41', '2020-09-28 08:35:05', NULL),
(9, 1, 15, 16, 1, 0, 'qznpltic', NULL, '1330000.00', '0.00', '1330000.00', '2020-09-28 08:56:11', '2020-09-28 08:54:52', '2020-09-28 08:56:11', NULL),
(10, 1, 19, 20, 1, 0, 'iuxfiiwz', NULL, '1310000.00', '0.00', '1310000.00', '2020-09-28 08:59:11', '2020-09-28 08:58:55', '2020-09-28 08:59:11', NULL),
(11, 1, 21, 22, 1, 0, 'wdysdtca', NULL, '170000.00', '0.00', '170000.00', '2020-09-28 09:00:09', '2020-09-28 08:59:22', '2020-09-28 09:00:09', NULL),
(12, 1, 23, 24, 1, 0, 'fkkimhse', NULL, '910000.00', '0.00', '910000.00', '2020-09-28 16:32:41', '2020-09-28 16:32:27', '2020-09-28 16:32:41', NULL),
(13, 1, 25, 26, 1, 0, 'qbxalwon', NULL, '150000.00', '0.00', '150000.00', '2020-09-28 16:34:39', '2020-09-28 16:33:01', '2020-09-28 16:34:39', NULL),
(14, 1, 27, 28, 1, 0, 'ypgtwosd', NULL, '2130000.00', '0.00', '2130000.00', '2020-09-30 16:42:59', '2020-09-30 16:42:41', '2020-09-30 16:42:59', NULL),
(15, 1, 29, 30, 1, 0, 'wvxrdsis', NULL, '5650000.00', '0.00', '5650000.00', '2020-10-02 05:09:22', '2020-10-01 02:43:59', '2020-10-02 05:09:22', NULL),
(16, 1, 31, 32, 1, 0, 'juzxqvns', NULL, '2840000.00', '0.00', '2840000.00', '2020-10-02 06:20:04', '2020-10-02 06:19:45', '2020-10-02 06:20:04', NULL),
(17, 1, 33, 34, 1, 0, 'ikypbrdn', NULL, '950000.00', '0.00', '950000.00', '2020-10-03 07:16:45', '2020-10-03 07:16:34', '2020-10-03 07:16:45', NULL);

-- --------------------------------------------------------

--
-- Table structure for table `order_history`
--

DROP TABLE IF EXISTS `order_history`;
CREATE TABLE IF NOT EXISTS `order_history` (
  `order_history_id` int(11) UNSIGNED NOT NULL AUTO_INCREMENT,
  `owner_id` int(11) UNSIGNED DEFAULT NULL,
  `order_id` int(11) UNSIGNED NOT NULL,
  `order_state_id` int(11) UNSIGNED NOT NULL,
  `date_add` datetime NOT NULL,
  `date_upd` datetime DEFAULT NULL,
  PRIMARY KEY (`order_history_id`),
  KEY `order_history_2` (`order_id`),
  KEY `order_history_3` (`order_state_id`)
) ENGINE=InnoDB DEFAULT CHARSET=utf8;

-- --------------------------------------------------------

--
-- Table structure for table `order_invoice`
--

DROP TABLE IF EXISTS `order_invoice`;
CREATE TABLE IF NOT EXISTS `order_invoice` (
  `order_invoice_id` int(11) UNSIGNED NOT NULL AUTO_INCREMENT,
  `order_id` int(11) UNSIGNED NOT NULL,
  `amount` decimal(17,2) DEFAULT NULL,
  `note` text,
  `date_add` datetime DEFAULT NULL,
  `date_upd` datetime DEFAULT NULL,
  PRIMARY KEY (`order_invoice_id`),
  KEY `order_invoice_1` (`order_id`)
) ENGINE=InnoDB AUTO_INCREMENT=17 DEFAULT CHARSET=utf8;

--
-- Dumping data for table `order_invoice`
--

INSERT INTO `order_invoice` (`order_invoice_id`, `order_id`, `amount`, `note`, `date_add`, `date_upd`) VALUES
(3, 4, '3630000.00', 'Auto general in process payment', '2020-09-23 02:51:18', '2020-09-28 08:20:36'),
(4, 5, '740000.00', 'Auto general in process payment', '2020-09-28 08:22:25', '2020-09-28 08:22:45'),
(5, 6, '900000.00', 'Auto general in process payment', '2020-09-28 08:23:57', '2020-09-28 08:26:33'),
(6, 7, '1330000.00', 'Auto general in process payment', '2020-09-28 08:32:09', '2020-09-28 08:32:18'),
(7, 8, '1330000.00', 'Auto general in process payment', '2020-09-28 08:34:58', '2020-09-28 08:35:05'),
(8, 9, '1330000.00', 'Auto general in process payment', '2020-09-28 08:55:54', '2020-09-28 08:56:11'),
(9, 10, '1310000.00', 'Auto general in process payment', '2020-09-28 08:59:04', '2020-09-28 08:59:11'),
(10, 11, '170000.00', 'Auto general in process payment', '2020-09-28 08:59:28', '2020-09-28 09:00:09'),
(11, 12, '910000.00', 'Auto general in process payment', '2020-09-28 16:32:34', '2020-09-28 16:32:41'),
(12, 13, '150000.00', 'Auto general in process payment', '2020-09-28 16:34:30', '2020-09-28 16:34:39'),
(13, 14, '2130000.00', 'Auto general in process payment', '2020-09-30 16:42:48', '2020-09-30 16:42:59'),
(14, 15, '5650000.00', 'Auto general in process payment', '2020-10-02 05:09:13', '2020-10-02 05:09:21'),
(15, 16, '2840000.00', 'Auto general in process payment', '2020-10-02 06:19:56', '2020-10-02 06:20:04'),
(16, 17, '950000.00', 'Auto general in process payment', '2020-10-03 07:16:39', '2020-10-03 07:16:45');

-- --------------------------------------------------------

--
-- Table structure for table `order_invoice_payment`
--

DROP TABLE IF EXISTS `order_invoice_payment`;
CREATE TABLE IF NOT EXISTS `order_invoice_payment` (
  `auto_id` int(11) UNSIGNED NOT NULL AUTO_INCREMENT,
  `order_invoice_id` int(11) UNSIGNED NOT NULL,
  `order_payment_id` int(11) UNSIGNED NOT NULL,
  `order_id` int(11) UNSIGNED NOT NULL,
  `sign` tinyint(4) UNSIGNED DEFAULT NULL,
  PRIMARY KEY (`auto_id`),
  KEY `order_invoice_payment_ibfk_2` (`order_payment_id`),
  KEY `order_invoice_payment_ibfk_3` (`order_id`),
  KEY `order_invoice_payment_ibfk_1` (`order_invoice_id`)
) ENGINE=InnoDB AUTO_INCREMENT=16 DEFAULT CHARSET=utf8;

--
-- Dumping data for table `order_invoice_payment`
--

INSERT INTO `order_invoice_payment` (`auto_id`, `order_invoice_id`, `order_payment_id`, `order_id`, `sign`) VALUES
(2, 3, 2, 4, 1),
(3, 4, 3, 5, 1),
(4, 5, 4, 6, 1),
(5, 6, 5, 7, 1),
(6, 7, 6, 8, 1),
(7, 8, 7, 9, 1),
(8, 9, 8, 10, 1),
(9, 10, 9, 11, 1),
(10, 11, 10, 12, 1),
(11, 12, 11, 13, 1),
(12, 13, 12, 14, 1),
(13, 14, 13, 15, 1),
(14, 15, 14, 16, 1),
(15, 16, 15, 17, 1);

-- --------------------------------------------------------

--
-- Table structure for table `order_item`
--

DROP TABLE IF EXISTS `order_item`;
CREATE TABLE IF NOT EXISTS `order_item` (
  `order_id` int(11) UNSIGNED NOT NULL,
  `find_item_id` varchar(128) NOT NULL,
  `class_of_item` mediumtext,
  `quantity` int(11) UNSIGNED DEFAULT '1',
  `unity` varchar(45) DEFAULT NULL,
  `price` decimal(20,2) DEFAULT NULL,
  `original_price` decimal(20,2) DEFAULT NULL,
  `total_price` decimal(20,2) DEFAULT NULL,
  `name` varchar(255) DEFAULT NULL,
  PRIMARY KEY (`find_item_id`),
  KEY `fk_order_detail_2` (`order_id`)
) ENGINE=InnoDB DEFAULT CHARSET=utf8;

--
-- Dumping data for table `order_item`
--

INSERT INTO `order_item` (`order_id`, `find_item_id`, `class_of_item`, `quantity`, `unity`, `price`, `original_price`, `total_price`, `name`) VALUES
(10, '10_6_189', '[{"model": "main.productattribute", "pk": 189, "fields": {"product_id": 1, "attr_name": "\\u00c1o Thun balcongx", "price": "580000.000", "quantity": 10, "date_add": "2020-09-28T08:00:40Z", "date_upd": "2020-09-28T08:03:48Z", "available_date": "2020-09-28T08:03:48Z"}}]', 1, NULL, '580000.00', '580000.00', '580000.00', 'Áo Thun balcongx'),
(10, '10_6_191', '[{"model": "main.productattribute", "pk": 191, "fields": {"product_id": 1, "attr_name": "\\u00c1o Thun fsiinlej", "price": "730000.000", "quantity": 10, "date_add": "2020-09-28T08:00:40Z", "date_upd": "2020-09-28T08:03:48Z", "available_date": "2020-09-28T08:03:48Z"}}]', 1, NULL, '730000.00', '730000.00', '730000.00', 'Áo Thun fsiinlej'),
(11, '11_6_188', '[{"model": "main.productattribute", "pk": 188, "fields": {"product_id": 1, "attr_name": "\\u00c1o Thun fablwtnq", "price": "170000.000", "quantity": 10, "date_add": "2020-09-28T08:00:40Z", "date_upd": "2020-09-28T08:03:48Z", "available_date": "2020-09-28T08:03:48Z"}}]', 1, NULL, '170000.00', '170000.00', '170000.00', 'Áo Thun fablwtnq'),
(12, '12_6_206', '[{"model": "main.productattribute", "pk": 206, "fields": {"product_id": 6, "attr_name": "\\u1eddi d\\u00f9ng nh\\u1eefng thi\\u1ebft b\\u1ecb Vsmart s\\u1ebd c\\u00f3 th\\u1ec3 xem n\\u1ed9i dung Full HD yaqxbxza", "price": "910000.000", "quantity": 10, "date_add": "2020-09-28T15:42:15Z", "date_upd": "2020-09-28T15:42:15Z", "available_date": "2020-09-28T15:42:15Z"}}]', 1, NULL, '910000.00', '910000.00', '910000.00', 'ời dùng những thiết bị Vsmart sẽ có thể xem nội dung Full HD yaqxbxza'),
(13, '13_6_201', '[{"model": "main.productattribute", "pk": 201, "fields": {"product_id": 6, "attr_name": "\\u1eddi d\\u00f9ng nh\\u1eefng thi\\u1ebft b\\u1ecb Vsmart s\\u1ebd c\\u00f3 th\\u1ec3 xem n\\u1ed9i dung Full HD ozwunhao", "price": "150000.000", "quantity": 10, "date_add": "2020-09-28T15:42:15Z", "date_upd": "2020-09-28T15:42:15Z", "available_date": "2020-09-28T15:42:15Z"}}]', 1, NULL, '150000.00', '150000.00', '150000.00', 'ời dùng những thiết bị Vsmart sẽ có thể xem nội dung Full HD ozwunhao'),
(14, '14_6_222', '[{"model": "main.productattribute", "pk": 222, "fields": {"product_id": 8, "attr_name": "\\u0110i\\u1ec7n tho\\u1ea1i, smartphone ch\\u00ednh h\\u00e3ng gi\\u00e1 r\\u1ebb gulzpyju", "price": "190000.000", "quantity": 10, "date_add": "2020-09-30T02:00:27Z", "date_upd": "2020-09-30T02:11:06Z", "available_date": "2020-09-30T02:11:06Z"}}]', 1, NULL, '190000.00', '190000.00', '190000.00', 'Điện thoại, smartphone chính hãng giá rẻ gulzpyju'),
(14, '14_6_223', '[{"model": "main.productattribute", "pk": 223, "fields": {"product_id": 8, "attr_name": "\\u0110i\\u1ec7n tho\\u1ea1i, smartphone ch\\u00ednh h\\u00e3ng gi\\u00e1 r\\u1ebb ldojpdkh", "price": "700000.000", "quantity": 10, "date_add": "2020-09-30T02:00:27Z", "date_upd": "2020-09-30T02:11:06Z", "available_date": "2020-09-30T02:11:06Z"}}]', 2, NULL, '700000.00', '700000.00', '1400000.00', 'Điện thoại, smartphone chính hãng giá rẻ ldojpdkh'),
(14, '14_6_227', '[{"model": "main.productattribute", "pk": 227, "fields": {"product_id": 8, "attr_name": "\\u0110i\\u1ec7n tho\\u1ea1i, smartphone ch\\u00ednh h\\u00e3ng gi\\u00e1 r\\u1ebb brvwlyzz", "price": "60000.000", "quantity": 10, "date_add": "2020-09-30T02:00:27Z", "date_upd": "2020-09-30T03:52:14Z", "available_date": "2020-09-30T03:52:14Z"}}]', 9, NULL, '60000.00', '60000.00', '540000.00', 'Điện thoại, smartphone chính hãng giá rẻ brvwlyzz'),
(15, '15_6_224', '[{"model": "main.productattribute", "pk": 224, "fields": {"product_id": 8, "attr_name": "\\u0110i\\u1ec7n tho\\u1ea1i, smartphone ch\\u00ednh h\\u00e3ng gi\\u00e1 r\\u1ebb vklxijnq", "price": "830000.000", "quantity": 10, "date_add": "2020-09-30T02:00:27Z", "date_upd": "2020-09-30T03:52:14Z", "available_date": "2020-09-30T03:52:14Z"}}]', 6, NULL, '830000.00', '830000.00', '4980000.00', 'Điện thoại, smartphone chính hãng giá rẻ vklxijnq'),
(15, '15_6_226', '[{"model": "main.productattribute", "pk": 226, "fields": {"product_id": 8, "attr_name": "\\u0110i\\u1ec7n tho\\u1ea1i, smartphone ch\\u00ednh h\\u00e3ng gi\\u00e1 r\\u1ebb cchsqceq", "price": "670000.000", "quantity": 10, "date_add": "2020-09-30T02:00:27Z", "date_upd": "2020-10-01T17:16:44Z", "available_date": "2020-10-01T17:16:44Z"}}]', 1, NULL, '670000.00', '670000.00', '670000.00', 'Điện thoại, smartphone chính hãng giá rẻ cchsqceq'),
(16, '16_6_219', '[{"model": "main.productattribute", "pk": 219, "fields": {"product_id": 8, "attr_name": "\\u0110i\\u1ec7n tho\\u1ea1i, smartphone ch\\u00ednh h\\u00e3ng gi\\u00e1 r\\u1ebb jmgcdliu", "price": "390000.000", "quantity": 10, "date_add": "2020-09-30T02:00:27Z", "date_upd": "2020-10-01T17:16:44Z", "available_date": "2020-10-01T17:16:44Z"}}]', 1, NULL, '390000.00', '390000.00', '390000.00', 'Điện thoại, smartphone chính hãng giá rẻ jmgcdliu'),
(16, '16_6_222', '[{"model": "main.productattribute", "pk": 222, "fields": {"product_id": 8, "attr_name": "\\u0110i\\u1ec7n tho\\u1ea1i, smartphone ch\\u00ednh h\\u00e3ng gi\\u00e1 r\\u1ebb gulzpyju", "price": "190000.000", "quantity": 10, "date_add": "2020-09-30T02:00:27Z", "date_upd": "2020-10-01T17:16:44Z", "available_date": "2020-10-01T17:16:44Z"}}]', 1, NULL, '190000.00', '190000.00', '190000.00', 'Điện thoại, smartphone chính hãng giá rẻ gulzpyju'),
(16, '16_6_223', '[{"model": "main.productattribute", "pk": 223, "fields": {"product_id": 8, "attr_name": "\\u0110i\\u1ec7n tho\\u1ea1i, smartphone ch\\u00ednh h\\u00e3ng gi\\u00e1 r\\u1ebb ldojpdkh", "price": "700000.000", "quantity": 10, "date_add": "2020-09-30T02:00:27Z", "date_upd": "2020-10-01T17:16:44Z", "available_date": "2020-10-01T17:16:44Z"}}]', 1, NULL, '700000.00', '700000.00', '700000.00', 'Điện thoại, smartphone chính hãng giá rẻ ldojpdkh'),
(16, '16_6_224', '[{"model": "main.productattribute", "pk": 224, "fields": {"product_id": 8, "attr_name": "\\u0110i\\u1ec7n tho\\u1ea1i, smartphone ch\\u00ednh h\\u00e3ng gi\\u00e1 r\\u1ebb vklxijnq", "price": "830000.000", "quantity": 10, "date_add": "2020-09-30T02:00:27Z", "date_upd": "2020-10-01T17:16:44Z", "available_date": "2020-10-01T17:16:44Z"}}]', 1, NULL, '830000.00', '830000.00', '830000.00', 'Điện thoại, smartphone chính hãng giá rẻ vklxijnq'),
(16, '16_6_226', '[{"model": "main.productattribute", "pk": 226, "fields": {"product_id": 8, "attr_name": "\\u0110i\\u1ec7n tho\\u1ea1i, smartphone ch\\u00ednh h\\u00e3ng gi\\u00e1 r\\u1ebb cchsqceq", "price": "670000.000", "quantity": 10, "date_add": "2020-09-30T02:00:27Z", "date_upd": "2020-10-01T17:16:44Z", "available_date": "2020-10-01T17:16:44Z"}}]', 1, NULL, '670000.00', '670000.00', '670000.00', 'Điện thoại, smartphone chính hãng giá rẻ cchsqceq'),
(16, '16_6_227', '[{"model": "main.productattribute", "pk": 227, "fields": {"product_id": 8, "attr_name": "\\u0110i\\u1ec7n tho\\u1ea1i, smartphone ch\\u00ednh h\\u00e3ng gi\\u00e1 r\\u1ebb brvwlyzz", "price": "60000.000", "quantity": 10, "date_add": "2020-09-30T02:00:27Z", "date_upd": "2020-10-01T17:16:44Z", "available_date": "2020-10-01T17:16:44Z"}}]', 1, NULL, '60000.00', '60000.00', '60000.00', 'Điện thoại, smartphone chính hãng giá rẻ brvwlyzz'),
(17, '17_6_244', '[{"model": "main.productattribute", "pk": 244, "fields": {"product_id": 10, "attr_name": "Nh\\u1edd kh\\u1ea3 n\\u0103ng n\\u00e0y, lo\\u00e0i m\\u00e8o c\\u00f3 th\\u1ec3 l\\u00e0 c\\u1ee9u tinh gi\\u00fap th\\u1ebf gi\\u1edbi tho\\u00e1t kh\\u1ecfi COVID-19 nfgujcdv", "price": "440000.000", "quantity": 10, "date_add": "2020-10-03T06:31:37Z", "date_upd": "2020-10-03T06:33:39Z", "available_date": "2020-10-03T06:33:39Z"}}]', 1, NULL, '440000.00', '440000.00', '440000.00', 'Nhờ khả năng này, loài mèo có thể là cứu tinh giúp thế giới thoát khỏi COVID-19 nfgujcdv'),
(17, '17_6_245', '[{"model": "main.productattribute", "pk": 245, "fields": {"product_id": 10, "attr_name": "Nh\\u1edd kh\\u1ea3 n\\u0103ng n\\u00e0y, lo\\u00e0i m\\u00e8o c\\u00f3 th\\u1ec3 l\\u00e0 c\\u1ee9u tinh gi\\u00fap th\\u1ebf gi\\u1edbi tho\\u00e1t kh\\u1ecfi COVID-19 vnlgiyly", "price": "510000.000", "quantity": 10, "date_add": "2020-10-03T06:32:48Z", "date_upd": "2020-10-03T06:33:39Z", "available_date": "2020-10-03T06:33:39Z"}}]', 1, NULL, '510000.00', '510000.00', '510000.00', 'Nhờ khả năng này, loài mèo có thể là cứu tinh giúp thế giới thoát khỏi COVID-19 vnlgiyly'),
(4, '4_6_64', '[{"model": "main.productattribute", "pk": 64, "fields": {"product_id": 4, "attr_name": "sao camera tr\\u00ean iPhonesao camera tr\\u00ean iPhone", "price": "910000.000", "quantity": 2, "date_add": "2020-09-11T03:50:42Z", "date_upd": "2020-09-18T08:38:47Z", "available_date": "2020-09-18T08:38:47Z"}}]', 1, NULL, '910000.00', '910000.00', '910000.00', 'sao camera trên iPhonesao camera trên iPhone'),
(4, '4_6_67', '[{"model": "main.productattribute", "pk": 67, "fields": {"product_id": 4, "attr_name": "iPhonesao camera tr\\u00ean iPho iPhonesao camera tr\\u00ean iPho", "price": "990000.000", "quantity": 5, "date_add": "2020-09-11T03:50:42Z", "date_upd": "2020-09-18T08:39:22Z", "available_date": "2020-09-18T08:39:22Z"}}]', 2, NULL, '990000.00', '990000.00', '1980000.00', 'iPhonesao camera trên iPho iPhonesao camera trên iPho'),
(4, '4_6_70', '[{"model": "main.productattribute", "pk": 70, "fields": {"product_id": 4, "attr_name": "mera c\\u1ee7a Apple gi\\u00fap b\\u1ea1n ch\\u1ee5p \\u1ea3", "price": "740000.000", "quantity": 4, "date_add": "2020-09-11T03:50:42Z", "date_upd": "2020-09-18T08:40:48Z", "available_date": "2020-09-18T08:40:48Z"}}]', 1, NULL, '740000.00', '740000.00', '740000.00', 'mera của Apple giúp bạn chụp ả'),
(5, '5_6_70', '[{"model": "main.productattribute", "pk": 70, "fields": {"product_id": 4, "attr_name": "mera c\\u1ee7a Apple gi\\u00fap b\\u1ea1n ch\\u1ee5p \\u1ea3", "price": "740000.000", "quantity": 4, "date_add": "2020-09-11T03:50:42Z", "date_upd": "2020-09-18T08:40:48Z", "available_date": "2020-09-18T08:40:48Z"}}]', 1, NULL, '740000.00', '740000.00', '740000.00', 'mera của Apple giúp bạn chụp ả'),
(6, '6_6_188', '[{"model": "main.productattribute", "pk": 188, "fields": {"product_id": 1, "attr_name": "\\u00c1o Thun fablwtnq", "price": "170000.000", "quantity": 10, "date_add": "2020-09-28T08:00:40Z", "date_upd": "2020-09-28T08:03:48Z", "available_date": "2020-09-28T08:03:48Z"}}]', 1, NULL, '170000.00', '170000.00', '170000.00', 'Áo Thun fablwtnq'),
(6, '6_6_191', '[{"model": "main.productattribute", "pk": 191, "fields": {"product_id": 1, "attr_name": "\\u00c1o Thun fsiinlej", "price": "730000.000", "quantity": 10, "date_add": "2020-09-28T08:00:40Z", "date_upd": "2020-09-28T08:03:48Z", "available_date": "2020-09-28T08:03:48Z"}}]', 1, NULL, '730000.00', '730000.00', '730000.00', 'Áo Thun fsiinlej'),
(7, '7_6_190', '[{"model": "main.productattribute", "pk": 190, "fields": {"product_id": 1, "attr_name": "\\u00c1o Thun mhlgpykn", "price": "600000.000", "quantity": 10, "date_add": "2020-09-28T08:00:40Z", "date_upd": "2020-09-28T08:03:48Z", "available_date": "2020-09-28T08:03:48Z"}}]', 1, NULL, '600000.00', '600000.00', '600000.00', 'Áo Thun mhlgpykn'),
(7, '7_6_191', '[{"model": "main.productattribute", "pk": 191, "fields": {"product_id": 1, "attr_name": "\\u00c1o Thun fsiinlej", "price": "730000.000", "quantity": 10, "date_add": "2020-09-28T08:00:40Z", "date_upd": "2020-09-28T08:03:48Z", "available_date": "2020-09-28T08:03:48Z"}}]', 1, NULL, '730000.00', '730000.00', '730000.00', 'Áo Thun fsiinlej'),
(8, '8_6_190', '[{"model": "main.productattribute", "pk": 190, "fields": {"product_id": 1, "attr_name": "\\u00c1o Thun mhlgpykn", "price": "600000.000", "quantity": 10, "date_add": "2020-09-28T08:00:40Z", "date_upd": "2020-09-28T08:03:48Z", "available_date": "2020-09-28T08:03:48Z"}}]', 1, NULL, '600000.00', '600000.00', '600000.00', 'Áo Thun mhlgpykn'),
(8, '8_6_191', '[{"model": "main.productattribute", "pk": 191, "fields": {"product_id": 1, "attr_name": "\\u00c1o Thun fsiinlej", "price": "730000.000", "quantity": 10, "date_add": "2020-09-28T08:00:40Z", "date_upd": "2020-09-28T08:03:48Z", "available_date": "2020-09-28T08:03:48Z"}}]', 1, NULL, '730000.00', '730000.00', '730000.00', 'Áo Thun fsiinlej'),
(9, '9_6_190', '[{"model": "main.productattribute", "pk": 190, "fields": {"product_id": 1, "attr_name": "\\u00c1o Thun mhlgpykn", "price": "600000.000", "quantity": 10, "date_add": "2020-09-28T08:00:40Z", "date_upd": "2020-09-28T08:03:48Z", "available_date": "2020-09-28T08:03:48Z"}}]', 1, NULL, '600000.00', '600000.00', '600000.00', 'Áo Thun mhlgpykn'),
(9, '9_6_191', '[{"model": "main.productattribute", "pk": 191, "fields": {"product_id": 1, "attr_name": "\\u00c1o Thun fsiinlej", "price": "730000.000", "quantity": 10, "date_add": "2020-09-28T08:00:40Z", "date_upd": "2020-09-28T08:03:48Z", "available_date": "2020-09-28T08:03:48Z"}}]', 1, NULL, '730000.00', '730000.00', '730000.00', 'Áo Thun fsiinlej');

-- --------------------------------------------------------

--
-- Table structure for table `order_payment`
--

DROP TABLE IF EXISTS `order_payment`;
CREATE TABLE IF NOT EXISTS `order_payment` (
  `order_payment_id` int(11) UNSIGNED NOT NULL AUTO_INCREMENT,
  `order_reference` varchar(8) DEFAULT NULL,
  `amount` decimal(10,2) NOT NULL,
  `payment_method` tinyint(4) NOT NULL COMMENT '1: TT trực tiếp\n2: TT CK\n3: TT Ví Điện Tử',
  `date_add` date NOT NULL,
  `data_payment` mediumtext,
  PRIMARY KEY (`order_payment_id`)
) ENGINE=InnoDB AUTO_INCREMENT=16 DEFAULT CHARSET=utf8;

--
-- Dumping data for table `order_payment`
--

INSERT INTO `order_payment` (`order_payment_id`, `order_reference`, `amount`, `payment_method`, `date_add`, `data_payment`) VALUES
(2, 'kaifizft', '3630000.00', 2, '2020-09-23', '<p><img alt="" src="/media/uploads/yoibpm.png" style="height:228px; width:320px" />990000.00 duoc chuyen khoan990000.00 duoc chuyen khoan990000.00 duoc chuyen khoan990000.00 duoc chuyen khoan990000.00 duoc chuyen khoan990000.00 duoc chuyen khoan990000.00 duoc chuyen khoan<img alt="" src="/media/uploads/nztlnm.jpeg" style="float:left; height:168px; width:300px" /></p>'),
(3, 'aohsvgjf', '740000.00', 1, '2020-09-28', '<p>sdsdsdsd</p>'),
(4, 'yfshafje', '900000.00', 1, '2020-09-28', '<p>sdsdsd sdds</p>'),
(5, 'oyibstpk', '1330000.00', 1, '2020-09-28', '<p>sdsdfs sdff</p>'),
(6, 'forcenaq', '1330000.00', 1, '2020-09-28', '<p>sddfsdfsdfsd</p>'),
(7, 'qznpltic', '1330000.00', 1, '2020-09-28', '<p>sddfsfd</p>'),
(8, 'iuxfiiwz', '1310000.00', 1, '2020-09-28', '<p>dfgdfdfdf</p>'),
(9, 'wdysdtca', '170000.00', 1, '2020-09-28', '<p>thanh toan</p>'),
(10, 'fkkimhse', '910000.00', 1, '2020-09-28', '<p>ddddd</p>'),
(11, 'qbxalwon', '150000.00', 1, '2020-09-28', '<p>hgfhgh</p>'),
(12, 'ypgtwosd', '2130000.00', 1, '2020-09-30', '<p>dfdfgdgfg fg</p>'),
(13, 'wvxrdsis', '5650000.00', 1, '2020-10-02', '<p>sdsdsdssdf</p>'),
(14, 'juzxqvns', '2840000.00', 1, '2020-10-02', '<p>fdgdfg</p>'),
(15, 'ikypbrdn', '950000.00', 1, '2020-10-03', '<p>gffghfg</p>');

-- --------------------------------------------------------

--
-- Table structure for table `order_state`
--

DROP TABLE IF EXISTS `order_state`;
CREATE TABLE IF NOT EXISTS `order_state` (
  `order_state_id` int(11) UNSIGNED NOT NULL AUTO_INCREMENT,
  `invoice` tinyint(1) UNSIGNED DEFAULT '0',
  `send_email` tinyint(1) UNSIGNED DEFAULT '0',
  `delivery` tinyint(1) UNSIGNED DEFAULT '0',
  `shipped` tinyint(1) UNSIGNED DEFAULT '0',
  `paid` tinyint(1) UNSIGNED DEFAULT '0',
  `deleted` tinyint(1) UNSIGNED DEFAULT '0',
  `name` varchar(128) DEFAULT NULL,
  `template` varchar(128) DEFAULT NULL,
  PRIMARY KEY (`order_state_id`)
) ENGINE=InnoDB AUTO_INCREMENT=2 DEFAULT CHARSET=utf8;

--
-- Dumping data for table `order_state`
--

INSERT INTO `order_state` (`order_state_id`, `invoice`, `send_email`, `delivery`, `shipped`, `paid`, `deleted`, `name`, `template`) VALUES
(1, 0, 0, 0, 0, 0, 0, 'Khởi Tạo', NULL);

-- --------------------------------------------------------

--
-- Table structure for table `pack`
--

DROP TABLE IF EXISTS `pack`;
CREATE TABLE IF NOT EXISTS `pack` (
  `pack_id` int(11) UNSIGNED NOT NULL AUTO_INCREMENT,
  `pack_group_id` int(11) UNSIGNED NOT NULL,
  `find_item_id` varchar(45) NOT NULL,
  `class_of_item` varchar(45) DEFAULT NULL,
  `quantity` int(11) UNSIGNED NOT NULL DEFAULT '1',
  `price_in_pack` decimal(20,2) DEFAULT NULL,
  `original_price` decimal(20,2) DEFAULT NULL,
  PRIMARY KEY (`pack_id`),
  KEY `fk_pack_1` (`pack_group_id`)
) ENGINE=InnoDB DEFAULT CHARSET=utf8;

-- --------------------------------------------------------

--
-- Table structure for table `pack_group`
--

DROP TABLE IF EXISTS `pack_group`;
CREATE TABLE IF NOT EXISTS `pack_group` (
  `pack_group_id` int(11) UNSIGNED NOT NULL AUTO_INCREMENT,
  `name` varchar(128) DEFAULT NULL,
  `description` text,
  `description_short` varchar(255) DEFAULT NULL,
  `date_add` datetime NOT NULL,
  `date_upd` datetime DEFAULT NULL,
  `price` decimal(17,2) DEFAULT '0.00',
  `total_paid_real` decimal(17,2) DEFAULT '0.00',
  `available_for_order` tinyint(1) UNSIGNED NOT NULL DEFAULT '1',
  `available_date` datetime DEFAULT NULL,
  `active` tinyint(1) NOT NULL DEFAULT '1',
  PRIMARY KEY (`pack_group_id`)
) ENGINE=InnoDB DEFAULT CHARSET=utf8;

-- --------------------------------------------------------

--
-- Table structure for table `param`
--

DROP TABLE IF EXISTS `param`;
CREATE TABLE IF NOT EXISTS `param` (
  `param_id` int(11) UNSIGNED NOT NULL AUTO_INCREMENT,
  `name` varchar(128) NOT NULL,
  `label` varchar(64) DEFAULT NULL,
  `value` text NOT NULL,
  `group` varchar(45) DEFAULT NULL,
  `description` text,
  `type` varchar(45) DEFAULT 'text',
  `index` tinyint(3) DEFAULT NULL,
  PRIMARY KEY (`param_id`)
) ENGINE=InnoDB DEFAULT CHARSET=utf8;

-- --------------------------------------------------------

--
-- Table structure for table `post`
--

DROP TABLE IF EXISTS `post`;
CREATE TABLE IF NOT EXISTS `post` (
  `post_id` int(11) UNSIGNED NOT NULL AUTO_INCREMENT,
  `user_add_id` int(11) DEFAULT NULL,
  `user_upd_id` int(11) DEFAULT NULL,
  `category_id` int(11) UNSIGNED NOT NULL,
  `title` varchar(230) NOT NULL,
  `slug` varchar(255) NOT NULL,
  `content` text NOT NULL,
  `tags` text,
  `date_add` datetime DEFAULT NULL,
  `date_upd` datetime DEFAULT NULL,
  `status` enum('DRAFT','PUBLISHED','DELETED','PENDING') NOT NULL DEFAULT 'PUBLISHED',
  PRIMARY KEY (`post_id`),
  UNIQUE KEY `slug` (`slug`),
  KEY `fk_post_1` (`category_id`),
  KEY `fk_post_2` (`user_add_id`),
  KEY `fk_post_3` (`user_upd_id`)
) ENGINE=InnoDB AUTO_INCREMENT=25 DEFAULT CHARSET=utf8;

--
-- Dumping data for table `post`
--

INSERT INTO `post` (`post_id`, `user_add_id`, `user_upd_id`, `category_id`, `title`, `slug`, `content`, `tags`, `date_add`, `date_upd`, `status`) VALUES
(1, 1, 1, 1, 'kích từ Facebook, Apple chỉ... càng ngày càng thắt chặt các cơ chế quảng cáo trên iOS. Cuối tháng 8', 'kich-tu-facebook-apple-chi-cang-ngay-cang-that-chat-cac-co-che-quang-cao-tren-ios-cuoi-thang-8', '<p>Thiếu tướng Nguyễn Hải Trung, Ph&oacute; chủ nhiệm Thường trực Ủy ban Kiểm tra Đảng ủy C&ocirc;ng an trung ương được bổ nhiệm l&agrave;m Gi&aacute;m đốc C&ocirc;ng an TP H&agrave; Nội. Quyết định điều động, bổ nhiệm được l&atilde;nh đạo Bộ C&ocirc;ng an trao cho thiếu tướng Nguyễn Hải Trung v&agrave;o s&aacute;ng 31/7, tại trụ sở C&ocirc;ng an TP H&agrave; Nội. &Ocirc;ng Trung nhận nhiệm vụ từ ng&agrave;y 1/8, thay cho người tiền nhiệm, trung tướng Đo&agrave;n Duy Khương, chờ nhận quyết định nghỉ hưu từ ng&agrave;y 1/9.</p>', 'sdsdfsd', '2020-07-15 04:21:12', '2020-10-05 02:24:26', 'PUBLISHED'),
(2, 1, 1, 2, 'ớng Nguyễn Hải Trung trong buổi lễ nhận quyết định bổ nhiệm của lãnh đạo Bộ Công an. Ảnh: Lam Thanh. Thiếu tướng Nguyễn Hải Trung (phải) trong buổi lễ nhận quyết định bổ nhiệm của lãnh đạo Bộ Công an sáng 31/7. Ảnh: Sơn Lâm. Tân g', 'ong-nguyen-hai-trung-trong-buoi-le-nhan-quyet-inh-bo-nhiem-cua-lanh-ao-bo-cong-an-anh-lam-thanh-thieu-tuong-nguyen-hai-trung-phai-trong-buoi-le-nhan-quyet-inh-bo-nhiem-cua-lanh-ao-bo-cong-an-sang-317-anh-son-lam-tan-g', '<p>Trong buổi lễ, Th&agrave;nh ủy H&agrave; Nội cũng chỉ định tướng Trung v&agrave;o Ban chấp h&agrave;nh, Ban Thường vụ, giữ chức B&iacute; thư Đảng ủy C&ocirc;ng an th&agrave;nh phố H&agrave; Nội. Thiếu tướng Nguyễn Hải Trung trong buổi lễ nhận quyết định bổ nhiệm của l&atilde;nh đạo Bộ C&ocirc;ng an. Ảnh: Lam Thanh. Thiếu tướng Nguyễn Hải Trung (phải) trong buổi lễ nhận quyết định bổ nhiệm của l&atilde;nh đạo Bộ C&ocirc;ng an s&aacute;ng 31/7. Ảnh: Sơn L&acirc;m. T&acirc;n gi&aacute;m đốc C&ocirc;ng an TP H&agrave; Nội 52 tuổi, qu&ecirc; Vĩnh Ph&uacute;c, từng đảm nhiệm c&aacute;c chức vụ như: Cục trưởng Tổ chức c&aacute;n bộ; Ph&oacute; tổng cục trưởng Tổng cục Ch&iacute;nh trị C&ocirc;ng an nh&acirc;n d&acirc;n, được phong h&agrave;m thiếu tướng năm 2018. Th&aacute;ng 8/2018, &ocirc;ng được điều động, bổ nhiệm giữ chức Gi&aacute;m đốc C&ocirc;ng an tỉnh Thanh H&oacute;a. Đến th&aacute;ng 6/2020, &ocirc;ng th&ocirc;i giữ chức vụ n&agrave;y v&agrave; được điều động l&agrave;m Ph&oacute; chủ nhiệm thường trực Ủy ban kiểm tra Đảng ủy C&ocirc;ng an Trung ương. Kể từ đầu th&aacute;ng 5 đến nay, Bộ C&ocirc;ng an bổ nhiệm h&agrave;ng chục chức danh l&atilde;nh đạo, trong đ&oacute; c&oacute; gần 10 gi&aacute;m đốc c&ocirc;ng an tỉnh v&agrave; gần 20 ph&oacute; gi&aacute;m đốc c&ocirc;ng an tỉnh c&ugrave;ng nhiều cục trưởng. Giải th&iacute;ch về việc bổ nhiệm, lu&acirc;n chuyển, l&atilde;nh đạo Bộ C&ocirc;ng an cho biết để chuẩn bị nh&acirc;n sự cho Đại hội Đảng c&aacute;c cấp, đảm bảo 100% c&aacute;n bộ, l&atilde;nh đạo kh&ocirc;ng phải l&agrave; người địa phương.</p>', 'sdfsdfsd sdfsfdfs', '2020-07-15 04:24:21', '2020-10-03 19:42:42', 'PUBLISHED'),
(3, 1, 1, 1, 'Facebook cũng luôn tìm cách chọc giận Apple. Trong vụ việc của Epic, Facebook đổ dầu vào lửa bằng tuyên bố Apple đã không cho phép công ty này được bỏ qua khoản phí 30% cho doa', 'facebook-cung-luon-tim-cach-choc-gian-apple-trong-vu-viec-cua-epic-facebook-o-dau-vao-lua-bang-tuyen-bo-apple-a-khong-cho-phep-cong-ty-nay-uoc-bo-qua-khoan-phi-30-cho-doa', '<p>Đại t&aacute; Quang 52 tuổi, qu&ecirc; ở huyện Trực Ninh, tỉnh Nam Định, nhiều năm c&ocirc;ng t&aacute;c tại c&ocirc;ng an tỉnh Lạng Sơn v&agrave; 7 năm l&agrave;m Ph&oacute; gi&aacute;m đốc c&ocirc;ng an tỉnh n&agrave;y trước khi lu&acirc;n chuyển sang l&agrave;m Gi&aacute;m đốc C&ocirc;ng an Cao Bằng. C&ugrave;ng ng&agrave;y, Bộ C&ocirc;ng an cũng điều động đại t&aacute; Th&aacute;i Hồng C&ocirc;ng (54 tuổi), qu&ecirc; qu&aacute;n huyện Đức Thọ, tỉnh H&agrave; Tĩnh, người từng c&oacute; 5 năm giữ chức Ph&oacute; gi&aacute;m đốc C&ocirc;ng an tỉnh Quảng Ninh l&agrave;m gi&aacute;m đốc C&ocirc;ng an tỉnh Lạng Sơn; Đại t&aacute; Dương Văn T&iacute;nh, Gi&aacute;m đốc C&ocirc;ng an tỉnh Bắc Kạn giữ chức Cục trưởng Cục C&ocirc;ng nghệ th&ocirc;ng tin, Bộ C&ocirc;ng an. C&aacute;c quyết định điều động, lu&acirc;n chuyển tr&ecirc;n c&oacute; hiệu lực từ ng&agrave;y 1/7. Kể từ đầu năm, Bộ C&ocirc;ng an đ&atilde; bổ nhiệm hơn 60 chức danh l&atilde;nh đạo c&aacute;c Cục v&agrave; c&ocirc;ng an tỉnh, th&agrave;nh. Trong cuối th&aacute;ng 6, Bộ C&ocirc;ng an bổ nhiệm hơn chục t&acirc;n gi&aacute;m đốc c&ocirc;ng an tỉnh v&agrave; nhiều Cục trưởng Cục nghiệp vụ. Việc bổ nhiệm, lu&acirc;n chuyển n&agrave;y để chuẩn bị nh&acirc;n sự cho Đại hội Đảng c&aacute;c cấp sắp diễn ra v&agrave; đảm bảo 100% c&aacute;n bộ l&atilde;nh đạo kh&ocirc;ng phải người địa phương.</p>', 'sdsdfsd', '2020-07-15 04:21:12', '2020-10-05 02:24:13', 'PUBLISHED'),
(4, 1, 1, 1, 'ntel. Đó mới là thông điệp thực sự của nhà Táo: thỏa thuận chỉ là tạm thời, Apple vẫn thừa ti', 'ntel-o-moi-la-thong-iep-thuc-su-cua-nha-tao-thoa-thuan-chi-la-tam-thoi-apple-van-thua-ti', '<p>Ng&agrave;y 27/6, Bộ C&ocirc;ng an điều động, bổ nhiệm t&acirc;n gi&aacute;m đốc C&ocirc;ng an tỉnh Lai Ch&acirc;u, Bắc Kạn, An Giang v&agrave; Long An. Đại t&aacute; Nguyễn Viết Giang trong buổi lễ nhận quyết định.Ảnh: C&ocirc;ng an Lai Ch&acirc;u Đại t&aacute; Nguyễn Viết Giang trong buổi lễ nhận quyết định ng&agrave;y 27/6. Ảnh: C&ocirc;ng an Lai Ch&acirc;u. Trung tướng Lương Tam Quang, Thứ trưởng C&ocirc;ng an trao quyết định điều động đại t&aacute; H&agrave; Văn Tuy&ecirc;n, Gi&aacute;m đốc C&ocirc;ng an tỉnh Lai Ch&acirc;u giữ chức Gi&aacute;m đốc C&ocirc;ng an tỉnh Bắc Kạn; đại t&aacute; Nguyễn Viết Giang, nguy&ecirc;n Ph&oacute; gi&aacute;m đốc C&ocirc;ng an tỉnh H&agrave; Giang đến nhận chức vụ Gi&aacute;m đốc C&ocirc;ng an tỉnh Lai Ch&acirc;u.</p>', 'sdsdfsd', '2020-07-15 04:21:12', '2020-10-05 02:24:00', 'PUBLISHED'),
(5, 1, 1, 1, 'chỉ nói "hài lòng" mà còn công bố luôn về thương vụ 1 tỷ USD để mua lại mảng phát triển chip 5', 'chi-noi-hai-long-ma-con-cong-bo-luon-ve-thuong-vu-1-ty-usd-e-mua-lai-mang-phat-trien-chip-5', '<p>Trong buổi lễ, Th&agrave;nh ủy H&agrave; Nội cũng chỉ định tướng Trung v&agrave;o Ban chấp h&agrave;nh, Ban Thường vụ, giữ chức B&iacute; thư Đảng ủy C&ocirc;ng an th&agrave;nh phố H&agrave; Nội. Thiếu tướng Nguyễn Hải Trung trong buổi lễ nhận quyết định bổ nhiệm của l&atilde;nh đạo Bộ C&ocirc;ng an. Ảnh: Lam Thanh. Thiếu tướng Nguyễn Hải Trung (phải) trong buổi lễ nhận quyết định bổ nhiệm của l&atilde;nh đạo Bộ C&ocirc;ng an s&aacute;ng 31/7. Ảnh: Sơn L&acirc;m. T&acirc;n gi&aacute;m đốc C&ocirc;ng an TP H&agrave; Nội 52 tuổi, qu&ecirc; Vĩnh Ph&uacute;c, từng đảm nhiệm c&aacute;c chức vụ như: Cục trưởng Tổ chức c&aacute;n bộ; Ph&oacute; tổng cục trưởng Tổng cục Ch&iacute;nh trị C&ocirc;ng an nh&acirc;n d&acirc;n, được phong h&agrave;m thiếu tướng năm 2018. Th&aacute;ng 8/2018, &ocirc;ng được điều động, bổ nhiệm giữ chức Gi&aacute;m đốc C&ocirc;ng an tỉnh Thanh H&oacute;a. Đến th&aacute;ng 6/2020, &ocirc;ng th&ocirc;i giữ chức vụ n&agrave;y v&agrave; được điều động l&agrave;m Ph&oacute; chủ nhiệm thường trực Ủy ban kiểm tra Đảng ủy C&ocirc;ng an Trung ương. Kể từ đầu th&aacute;ng 5 đến nay, Bộ C&ocirc;ng an bổ nhiệm h&agrave;ng chục chức danh l&atilde;nh đạo, trong đ&oacute; c&oacute; gần 10 gi&aacute;m đốc c&ocirc;ng an tỉnh v&agrave; gần 20 ph&oacute; gi&aacute;m đốc c&ocirc;ng an tỉnh c&ugrave;ng nhiều cục trưởng. Giải th&iacute;ch về việc bổ nhiệm, lu&acirc;n chuyển, l&atilde;nh đạo Bộ C&ocirc;ng an cho biết để chuẩn bị nh&acirc;n sự cho Đại hội Đảng c&aacute;c cấp, đảm bảo 100% c&aacute;n bộ, l&atilde;nh đạo kh&ocirc;ng phải l&agrave; người địa phương.</p>', 'sdsdfsd', '2020-07-15 04:21:12', '2020-10-05 02:22:43', 'PUBLISHED'),
(6, 1, 1, 1, 'thủ đã đặt chân vào thời đại 5G - và cũng là khi modem Intel thua đứt trước modem Qualcomm, hai bên mới tính đến chuyện dàn hòa vào đầu năm 2019. Nhưng trong lúc CEO của Qualc', 'thu-a-at-chan-vao-thoi-ai-5g-va-cung-la-khi-modem-intel-thua-ut-truoc-modem-qualcomm-hai-ben-moi-tinh-en-chuyen-dan-hoa-vao-au-nam-2019-nhung-trong-luc-ceo-cua-qualc', '<p>Nhiều năm c&ocirc;ng t&aacute;c tại C&ocirc;ng an Cao Bằng, đại t&aacute; H&agrave; Văn Tuy&ecirc;n từng giữ chức Trưởng Ph&ograve;ng Bảo vệ ch&iacute;nh trị, Trưởng C&ocirc;ng an huyện Tr&agrave; Lĩnh. Năm 2016, &ocirc;ng được bổ nhiệm l&agrave;m Ph&oacute; gi&aacute;m đốc C&ocirc;ng an tỉnh Cao Bằng, đến th&aacute;ng 1/2020 được điều động l&agrave;m gi&aacute;m đốc C&ocirc;ng an tỉnh Lai Ch&acirc;u cho đến nay. C&ugrave;ng ng&agrave;y 27/6, l&atilde;nh đạo Bộ C&ocirc;ng an cũng điều động, bổ nhiệm đại t&aacute; Đinh Văn Nơi, Ph&oacute; gi&aacute;m đốc C&ocirc;ng an TP Cần Thơ đến nhận c&ocirc;ng t&aacute;c v&agrave; giữ chức vụ Gi&aacute;m đốc C&ocirc;ng an tỉnh An Giang thay cho thiếu tướng B&ugrave;i B&eacute; Tư; đại t&aacute; L&acirc;m Minh Hồng, Ph&oacute; gi&aacute;m đốc C&ocirc;ng an tỉnh An Giang được điều động, bổ nhiệm giữ chức vụ Gi&aacute;m đốc C&ocirc;ng an tỉnh Long An, thay cho người tiền nhiệm l&agrave; đại t&aacute; L&ecirc; Hồng Nam được điều động l&agrave;m Gi&aacute;m đốc C&ocirc;ng an TP HCM. Một ng&agrave;y trước, l&atilde;nh đạo Bộ C&ocirc;ng an cũng bổ nhiệm gần chục t&acirc;n gi&aacute;m đốc c&ocirc;ng an tỉnh. Việc bổ nhiệm, lu&acirc;n chuyển h&agrave;ng loạt chức danh l&atilde;nh đạo chủ chốt ở C&ocirc;ng an c&aacute;c tỉnh l&agrave; để chuẩn bị nh&acirc;n sự cho Đại hội Đảng c&aacute;c cấp sắp diễn ra v&agrave; đảm bảo 100% c&aacute;n bộ, l&atilde;nh đạo kh&ocirc;ng phải l&agrave; người địa phương theo quy định. Kể từ đầu năm, Bộ C&ocirc;ng an đ&atilde; bổ nhiệm 60 chức danh l&atilde;nh đạo c&aacute;c Cục v&agrave; c&ocirc;ng an tỉnh. Theo Nghị định 01 th&aacute;ng 8/2018 về chức năng, quyền hạn, cơ cấu tổ chức bộ m&aacute;y Bộ C&ocirc;ng an, Bộ n&agrave;y đ&atilde; giảm 6 tổng cục; giảm 60 đơn vị cấp cục v&agrave; tương đương xuống c&ograve;n hơn 50 cục; giảm gần 300 đơn vị cấp ph&ograve;ng, 20 Sở Cảnh s&aacute;t ph&ograve;ng ch&aacute;y chữa ch&aacute;y được s&aacute;p nhập v&agrave;o c&ocirc;ng an tỉnh, th&agrave;nh phố. V&igrave; vậy, c&ocirc;ng an cấp tỉnh giảm hơn 500 đơn vị cấp ph&ograve;ng v&agrave; giảm 1.000 đơn vị ở cấp đội. Bộ C&ocirc;ng an cũng s&aacute;p nhập nhiều đơn vị tương đồng về chức năng, nhiệm vụ.</p>', 'sdsdfsd', '2020-07-15 04:21:12', '2020-10-05 02:22:29', 'PUBLISHED'),
(7, 1, 1, 1, 'rong cuộc chiến kéo dài từ iPhone X đến iPhone 11, Qualcomm không bán cho Apple bất kỳ một con chip modem nào cả - iPhone, iPad và các thiết bị Apple khác phải chuyển sang', 'rong-cuoc-chien-keo-dai-tu-iphone-x-en-iphone-11-qualcomm-khong-ban-cho-apple-bat-ky-mot-con-chip-modem-nao-ca-iphone-ipad-va-cac-thiet-bi-apple-khac-phai-chuyen-sang', '<p>Đại t&aacute; Quang 52 tuổi, qu&ecirc; ở huyện Trực Ninh, tỉnh Nam Định, nhiều năm c&ocirc;ng t&aacute;c tại c&ocirc;ng an tỉnh Lạng Sơn v&agrave; 7 năm l&agrave;m Ph&oacute; gi&aacute;m đốc c&ocirc;ng an tỉnh n&agrave;y trước khi lu&acirc;n chuyển sang l&agrave;m Gi&aacute;m đốc C&ocirc;ng an Cao Bằng. C&ugrave;ng ng&agrave;y, Bộ C&ocirc;ng an cũng điều động đại t&aacute; Th&aacute;i Hồng C&ocirc;ng (54 tuổi), qu&ecirc; qu&aacute;n huyện Đức Thọ, tỉnh H&agrave; Tĩnh, người từng c&oacute; 5 năm giữ chức Ph&oacute; gi&aacute;m đốc C&ocirc;ng an tỉnh Quảng Ninh l&agrave;m gi&aacute;m đốc C&ocirc;ng an tỉnh Lạng Sơn; Đại t&aacute; Dương Văn T&iacute;nh, Gi&aacute;m đốc C&ocirc;ng an tỉnh Bắc Kạn giữ chức Cục trưởng Cục C&ocirc;ng nghệ th&ocirc;ng tin, Bộ C&ocirc;ng an. C&aacute;c quyết định điều động, lu&acirc;n chuyển tr&ecirc;n c&oacute; hiệu lực từ ng&agrave;y 1/7. Kể từ đầu năm, Bộ C&ocirc;ng an đ&atilde; bổ nhiệm hơn 60 chức danh l&atilde;nh đạo c&aacute;c Cục v&agrave; c&ocirc;ng an tỉnh, th&agrave;nh. Trong cuối th&aacute;ng 6, Bộ C&ocirc;ng an bổ nhiệm hơn chục t&acirc;n gi&aacute;m đốc c&ocirc;ng an tỉnh v&agrave; nhiều Cục trưởng Cục nghiệp vụ. Việc bổ nhiệm, lu&acirc;n chuyển n&agrave;y để chuẩn bị nh&acirc;n sự cho Đại hội Đảng c&aacute;c cấp sắp diễn ra v&agrave; đảm bảo 100% c&aacute;n bộ l&atilde;nh đạo kh&ocirc;ng phải người địa phương.</p>', 'sdsdfsd', '2020-07-15 04:21:12', '2020-10-05 02:22:18', 'PUBLISHED'),
(8, 1, 1, 1, 'i dung, Apple tạo ra cơ hội mới không chỉ cho chúng tôi, mà cho cả các nghệ sĩ, những người sáng tạ', 'i-dung-apple-tao-ra-co-hoi-moi-khong-chi-cho-chung-toi-ma-cho-ca-cac-nghe-si-nhung-nguoi-sang-ta', '<p>Đội phản ứng nhanh của Trung t&acirc;m Y tế quận Cầu Giấy đ&atilde; khoanh v&ugrave;ng v&agrave; phun khử khuẩn tại nh&agrave; h&agrave;ng số 106 Trần Th&aacute;i T&ocirc;ng, l&uacute;c 9h30 s&aacute;ng 29/7. Nh&acirc;n vi&ecirc;n y tế phun khử khuẩn nh&agrave; h&agrave;ng số 106, Trần Th&aacute;i T&ocirc;ng. Ảnh: Tất Định Nh&acirc;n vi&ecirc;n y tế phun khử khuẩn nh&agrave; h&agrave;ng số 106, Trần Th&aacute;i T&ocirc;ng. Ảnh: Tất Định &Ocirc;ng B&ugrave;i Tuấn Anh, Chủ tịch UBND quận Cầu Giấy, cho biết s&aacute;ng nay quận nhận được th&ocirc;ng tin về một ca nghi nhiễm Covid-19 l&agrave; nh&acirc;n vi&ecirc;n của nh&agrave; h&agrave;ng pizza tại 106 Trần Th&aacute;i T&ocirc;ng. Quận Cầu Giấy đ&atilde; điều động đội phản ứng nhanh của Trung t&acirc;m Y tế phun khử khuẩn khu vực nh&agrave; h&agrave;ng, r&agrave; so&aacute;t l&ecirc;n danh s&aacute;ch người tiếp x&uacute;c gần với ca nghi nhiễm. C&ocirc;ng an căng d&acirc;y khoảng 30 m quanh nh&agrave; h&agrave;ng; khoảng 10 nh&acirc;n vi&ecirc;n của cơ sở n&agrave;y được y&ecirc;u cầu đeo khẩu trang v&agrave; kh&ocirc;ng ra ngo&agrave;i.</p>', 'sdsdfsd', '2020-07-15 04:21:12', '2020-10-05 02:22:05', 'PUBLISHED'),
(9, 1, 1, 1, 'thế giới đơn giản là chỉ muốn tận hưởng đầy đủ các lợi thế về cộng đồng người dùng, các cô', 'the-gioi-on-gian-la-chi-muon-tan-huong-ay-u-cac-loi-the-ve-cong-ong-nguoi-dung-cac-co', '<p>L&uacute;c 11h30, lực lượng chức năng vẫn phun khử khuẩn ph&iacute;a trong nh&agrave; h&agrave;ng số 106 Trần Th&aacute;i T&ocirc;ng v&agrave; lấy mẫu bệnh phẩm c&aacute;c nh&acirc;n vi&ecirc;n để x&eacute;t nghiệm. Xe cứu thương của Trung t&acirc;m Y tế quận Cầu Giấy đỗ trước cửa nh&agrave; h&agrave;ng. Ph&iacute;a ngo&agrave;i h&agrave;ng r&agrave;o khoanh v&ugrave;ng c&oacute; hai c&ocirc;ng an đứng điều tiết giao th&ocirc;ng v&agrave; nhắc nhở mọi người kh&ocirc;ng v&agrave;o khu vực căng d&acirc;y. Một cơ sở kinh doanh b&ecirc;n cạnh nh&agrave; h&agrave;ng n&agrave;y đ&atilde; đ&oacute;ng cửa, song một số cơ sở gần đ&oacute; vẫn đ&oacute;n kh&aacute;ch ra v&agrave;o, mọi người đều đeo khẩu trang Theo nguồn tin, người nghi nhiễm l&agrave; nam, 23 tuổi, tr&uacute; tại Mễ Tr&igrave;, Nam Từ Li&ecirc;m, nh&acirc;n vi&ecirc;n tại cửa h&agrave;ng 106 Trần Th&aacute;i T&ocirc;ng; từng đi du lịch Đ&agrave; Nẵng trong thời gian gần đ&acirc;y. Cũng trong s&aacute;ng nay, c&ocirc;ng an phường Mễ Tr&igrave; dựng r&agrave;o chắn một đoạn ng&otilde; 230 Mễ Tr&igrave; Thượng, nơi ca nghi nhiễm cư tr&uacute;, hạn chế người d&acirc;n ra v&agrave;o. Trung t&acirc;m Y tế quận Nam Từ Li&ecirc;m phun khử khuẩn ở quanh khu vực. C&ocirc;ng an phường Mễ Tr&igrave; dựng r&agrave;o chắn ở một đoạn ng&otilde; 230 Mễ Tr&igrave; Thượng. Ảnh: Tất Định C&ocirc;ng an phường Mễ Tr&igrave; dựng r&agrave;o chắn ở một đoạn ng&otilde; 230 Mễ Tr&igrave; Thượng. Ảnh: Tất Định Đến s&aacute;ng 29/7, H&agrave; Nội đ&atilde; qua 107 ng&agrave;y kh&ocirc;ng ph&aacute;t hiện ca bệnh mới ngo&agrave;i cộng đồng. Tuy nhi&ecirc;n, tại cuộc họp Ban chỉ đạo ph&ograve;ng, chống dịch h&ocirc;m 27/7, Chủ tịch th&agrave;nh phố Nguyễn Đức Chung n&oacute;i H&agrave; Nội c&oacute; nguy cơ l&acirc;y nhiễm cao do số lượng người từ Đ&agrave; Nẵng về rất đ&ocirc;ng, khoảng 15.000 đến 20.000 người.</p>', 'sdsdfsd', '2020-07-15 04:21:12', '2020-10-05 02:21:53', 'PUBLISHED'),
(10, 1, 1, 1, 'hoản phí 30% mà các nhà phát triển phải chia sẻ với Apple. Sự đáp trả của Apple dành cho Spotify cũng đầy đủ và rõ ràng như với Epic: trong con mắt của nhà Táo, dịch vụ stream n', 'hoan-phi-30-ma-cac-nha-phat-trien-phai-chia-se-voi-apple-su-ap-tra-cua-apple-danh-cho-spotify-cung-ay-u-va-ro-rang-nhu-voi-epic-trong-con-mat-cua-nha-tao-dich-vu-stream-n', '<p>Đại t&aacute; Quang 52 tuổi, qu&ecirc; ở huyện Trực Ninh, tỉnh Nam Định, nhiều năm c&ocirc;ng t&aacute;c tại c&ocirc;ng an tỉnh Lạng Sơn v&agrave; 7 năm l&agrave;m Ph&oacute; gi&aacute;m đốc c&ocirc;ng an tỉnh n&agrave;y trước khi lu&acirc;n chuyển sang l&agrave;m Gi&aacute;m đốc C&ocirc;ng an Cao Bằng. C&ugrave;ng ng&agrave;y, Bộ C&ocirc;ng an cũng điều động đại t&aacute; Th&aacute;i Hồng C&ocirc;ng (54 tuổi), qu&ecirc; qu&aacute;n huyện Đức Thọ, tỉnh H&agrave; Tĩnh, người từng c&oacute; 5 năm giữ chức Ph&oacute; gi&aacute;m đốc C&ocirc;ng an tỉnh Quảng Ninh l&agrave;m gi&aacute;m đốc C&ocirc;ng an tỉnh Lạng Sơn; Đại t&aacute; Dương Văn T&iacute;nh, Gi&aacute;m đốc C&ocirc;ng an tỉnh Bắc Kạn giữ chức Cục trưởng Cục C&ocirc;ng nghệ th&ocirc;ng tin, Bộ C&ocirc;ng an. C&aacute;c quyết định <img alt="" class="img-responsive" src="/media/uploads/cyryfs.png" style="height:1174px; width:1000px" />điều động, lu&acirc;n chuyển tr&ecirc;n c&oacute; hiệu lực từ ng&agrave;y 1/7. Kể từ đầu năm, Bộ C&ocirc;ng an đ&atilde; bổ nhiệm hơn 60 chức danh l&atilde;nh đạo c&aacute;c Cục v&agrave; c&ocirc;ng an tỉnh, th&agrave;nh. Trong cuối th&aacute;ng 6, Bộ C&ocirc;ng an bổ nhiệm hơn chục t&acirc;n gi&aacute;m đốc c&ocirc;ng an tỉnh v&agrave; nhiều Cục trưởng Cục nghiệp vụ. Việc bổ nhiệm, lu&acirc;n chuyển n&agrave;y để chuẩn bị nh&acirc;n sự cho Đại hội Đảng c&aacute;c cấp sắp diễn ra v&agrave; đảm bảo 100% c&aacute;n bộ l&atilde;nh đạo kh&ocirc;ng phải người địa phương.</p>', 'sdsdfsd', '2020-07-15 04:21:12', '2020-10-05 02:21:34', 'PUBLISHED'),
(11, 1, 1, 4, 'dọa loại bỏ tính năng đăng nhập Fortnite, Epic vội vã "la làng". Nhưng ít ngày sau, nhà Táo thủng thẳng tuyên bố với The Verge và Fox Business: đâu phải đâu, Apple chẳng hề có ý địn', 'doa-loai-bo-tinh-nang-ang-nhap-fortnite-epic-voi-va-la-lang-nhung-it-ngay-sau-nha-tao-thung-thang-tuyen-bo-voi-the-verge-va-fox-business-au-phai-au-apple-chang-he-co-y-in', '<p>L&uacute;c 11h30, lực lượng chức năng vẫn phun khử khuẩn ph&iacute;a trong nh&agrave; h&agrave;ng số 106 Trần Th&aacute;i T&ocirc;ng v&agrave; lấy mẫu bệnh phẩm c&aacute;c nh&acirc;n vi&ecirc;n để x&eacute;t nghiệm. Xe cứu thương của Trung t&acirc;m Y tế quận Cầu Giấy đỗ trước cửa nh&agrave; h&agrave;ng. Ph&iacute;a ngo&agrave;i h&agrave;ng r&agrave;o khoanh v&ugrave;ng c&oacute; hai c&ocirc;ng an đứng điều tiết giao th&ocirc;ng v&agrave; nhắc nhở mọi người kh&ocirc;ng v&agrave;o khu vực căng d&acirc;y. Một cơ sở kinh doanh b&ecirc;n cạnh nh&agrave; h&agrave;ng n&agrave;y đ&atilde; đ&oacute;ng cửa, song một số cơ sở gần đ&oacute; vẫn đ&oacute;n kh&aacute;ch ra v&agrave;o, mọi người đều đeo khẩu trang Theo nguồn tin, người nghi nhiễm l&agrave; nam, 23 tuổi, tr&uacute; tại Mễ Tr&igrave;, Nam Từ Li&ecirc;m, nh&acirc;n vi&ecirc;n tại cửa h&agrave;ng 106 Trần Th&aacute;i T&ocirc;ng; từng đi du lịch Đ&agrave; Nẵng trong thời gian gần đ&acirc;y. Cũng trong s&aacute;ng nay, c&ocirc;ng an phường Mễ Tr&igrave; dựng r&agrave;o chắn một đoạn ng&otilde; 230 Mễ Tr&igrave; Thượng, nơi ca nghi nhiễm cư tr&uacute;, hạn chế người d&acirc;n ra v&agrave;o. Trung t&acirc;m Y tế quận Nam Từ Li&ecirc;m phun khử khuẩn ở quanh khu vực. C&ocirc;ng an phường Mễ Tr&igrave; dựng r&agrave;o chắn ở một đoạn ng&otilde; 230 Mễ Tr&igrave; Thượng. Ảnh: Tất Định C&ocirc;ng an phường Mễ Tr&igrave; dựng r&agrave;o chắn ở một đoạn ng&otilde; 230 Mễ Tr&igrave; Thượng. Ảnh: Tất Định Đến s&aacute;ng 29/7, H&agrave; Nội đ&atilde; qua 107 ng&agrave;y kh&ocirc;ng ph&aacute;t hiện ca bệnh mới ngo&agrave;i cộng đồng. Tuy nhi&ecirc;n, tại cuộc họp Ban chỉ đạo ph&ograve;ng, chống dịch h&ocirc;m 27/7, Chủ tịch th&agrave;nh phố Nguyễn Đức Chung n&oacute;i H&agrave; Nội c&oacute; nguy cơ l&acirc;y nhiễm cao do số lượng người từ Đ&agrave; Nẵng về rất đ&ocirc;ng, khoảng 15.000 đến 20.000 người.</p>', 'sdsdfsd', '2020-07-15 04:21:12', '2020-10-05 02:21:23', 'PUBLISHED'),
(12, 1, 1, 3, 'phép Apple thực hiện động thái trên, rõ ràng là Tim Cook chẳng cần tung đòn mà đối thủ đã đau: theo khẳng định từ chính Epic, nhiều nhà phát triển đã từ bỏ Unreal Engine vì e ngại về tương lai bấp', 'phep-apple-thuc-hien-ong-thai-tren-ro-rang-la-tim-cook-chang-can-tung-on-ma-oi-thu-a-au-theo-khang-inh-tu-chinh-epic-nhieu-nha-phat-trien-a-tu-bo-unreal-engine-vi-e-ngai-ve-tuong-lai-bap', '<p>Đại t&aacute; Vũ Hồng Quang l&agrave;m Gi&aacute;m đốc C&ocirc;ng an Cao Bằng, đại t&aacute; Th&aacute;i Hồng C&ocirc;ng được lu&acirc;n chuyển l&agrave;m gi&aacute;m đốc C&ocirc;ng an Lạng Sơn. Đại t&aacute; Th&aacute;i Hồng C&ocirc;ng nhận quyết định bổ nhiệm. Ảnh: Bộ C&ocirc;ng an Đại t&aacute; Th&aacute;i Hồng C&ocirc;ng nhận quyết định bổ nhiệm. Ảnh: Bộ C&ocirc;ng an Ng&agrave;y 30/6, l&atilde;nh đạo Bộ C&ocirc;ng an đ&atilde; trao quyết định bổ nhiệm, điều động Đại t&aacute; Vũ Hồng Quang, Ph&oacute; gi&aacute;m đốc c&ocirc;ng an tỉnh Lạng Sơn đến nhận c&ocirc;ng t&aacute;c v&agrave; giữ chức vụ Gi&aacute;m đốc C&ocirc;ng an tỉnh Cao Bằng thay cho người tiền nhiệm l&agrave; Thiếu tướng Nguyễn Ngọc To&agrave;n - đ&atilde; được điều động giữ chức Cục trưởng Cục c&ocirc;ng t&aacute;c đảng v&agrave; c&ocirc;ng t&aacute;c ch&iacute;nh trị (Bộ C&ocirc;ng an).</p>', 'sdsdfsd', '2020-07-15 04:21:12', '2020-10-05 02:21:11', 'PUBLISHED'),
(13, 1, 1, 1, 'ên bản iOS, qua mặt khoản phí 30% của App Store. Ngay lập tức, Apple đã xóa Fortnite khỏi chợ ứng dụn', 'en-ban-ios-qua-mat-khoan-phi-30-cua-app-store-ngay-lap-tuc-apple-a-xoa-fortnite-khoi-cho-ung-dun', '<p>Trong buổi lễ, Th&agrave;nh ủy H&agrave; Nội cũng chỉ định tướng Trung v&agrave;o Ban chấp h&agrave;nh, Ban Thường vụ, giữ chức B&iacute; thư Đảng ủy C&ocirc;ng an th&agrave;nh phố H&agrave; Nội. Thiếu tướng Nguyễn Hải Trung trong buổi lễ nhận quyết định bổ nhiệm của l&atilde;nh đạo Bộ C&ocirc;ng an. Ảnh: Lam Thanh. Thiếu tướng Nguyễn Hải Trung (phải) trong buổi lễ nhận quyết định bổ nhiệm của l&atilde;nh đạo Bộ C&ocirc;ng an s&aacute;ng 31/7. Ảnh: Sơn L&acirc;m. T&acirc;n gi&aacute;m đốc C&ocirc;ng an TP H&agrave; Nội 52 tuổi, qu&ecirc; Vĩnh Ph&uacute;c, từng đảm nhiệm c&aacute;c chức vụ như: Cục trưởng Tổ chức c&aacute;n bộ; Ph&oacute; tổng cục trưởng Tổng cục Ch&iacute;nh trị C&ocirc;ng an nh&acirc;n d&acirc;n, được phong h&agrave;m thiếu tướng năm 2018. Th&aacute;ng 8/2018, &ocirc;ng được điều động, bổ nhiệm giữ chức Gi&aacute;m đốc C&ocirc;ng an tỉnh Thanh H&oacute;a. Đến th&aacute;ng 6/2020, &ocirc;ng th&ocirc;i giữ chức vụ n&agrave;y v&agrave; được điều động l&agrave;m Ph&oacute; chủ nhiệm thường trực Ủy ban kiểm tra Đảng ủy C&ocirc;ng an Trung ương. Kể từ đầu th&aacute;ng 5 đến nay, Bộ C&ocirc;ng an bổ nhiệm h&agrave;ng chục chức danh l&atilde;nh đạo, trong đ&oacute; c&oacute; gần 10 gi&aacute;m đốc c&ocirc;ng an tỉnh v&agrave; gần 20 ph&oacute; gi&aacute;m đốc c&ocirc;ng an tỉnh c&ugrave;ng nhiều cục trưởng. Giải th&iacute;ch về việc bổ nhiệm, lu&acirc;n chuyển, l&atilde;nh đạo Bộ C&ocirc;ng an cho biết để chuẩn bị nh&acirc;n sự cho Đại hội Đảng c&aacute;c cấp, đảm bảo 100% c&aacute;n bộ, l&atilde;nh đạo kh&ocirc;ng phải l&agrave; người địa phương.</p>', 'sdsdfsd', '2020-07-15 04:21:12', '2020-10-05 02:20:54', 'PUBLISHED'),
(14, 1, 1, 1, 'c là kẻ đầu tiên trong lịch sử dám cố tình thách thức Apple bằng cách đưa phương thức thanh toán riêng vào Fo', 'c-la-ke-au-tien-trong-lich-su-dam-co-tinh-thach-thuc-apple-bang-cach-ua-phuong-thuc-thanh-toan-rieng-vao-fo', '<p>L&uacute;c 11h30, lực lượng chức năng vẫn phun khử khuẩn ph&iacute;a trong nh&agrave; h&agrave;ng số 106 Trần Th&aacute;i T&ocirc;ng v&agrave; lấy mẫu bệnh phẩm c&aacute;c nh&acirc;n vi&ecirc;n để x&eacute;t nghiệm. Xe cứu thương của Trung t&acirc;m Y tế quận Cầu Giấy đỗ trước cửa nh&agrave; h&agrave;ng. Ph&iacute;a ngo&agrave;i h&agrave;ng r&agrave;o khoanh v&ugrave;ng c&oacute; hai c&ocirc;ng an đứng điều tiết giao th&ocirc;ng v&agrave; nhắc nhở mọi người kh&ocirc;ng v&agrave;o khu vực căng d&acirc;y. Một cơ sở kinh doanh b&ecirc;n cạnh nh&agrave; h&agrave;ng n&agrave;y đ&atilde; đ&oacute;ng cửa, song một số cơ sở gần đ&oacute; vẫn đ&oacute;n kh&aacute;ch ra v&agrave;o, mọi người đều đeo khẩu trang Theo nguồn tin, người nghi nhiễm l&agrave; nam, 23 tuổi, tr&uacute; tại Mễ Tr&igrave;, Nam Từ Li&ecirc;m, nh&acirc;n vi&ecirc;n tại cửa h&agrave;ng 106 Trần Th&aacute;i T&ocirc;ng; từng đi du lịch Đ&agrave; Nẵng trong thời gian gần đ&acirc;y. Cũng trong s&aacute;ng nay, c&ocirc;ng an phường Mễ Tr&igrave; dựng r&agrave;o chắn một đoạn ng&otilde; 230 Mễ Tr&igrave; Thượng, nơi ca nghi nhiễm cư tr&uacute;, hạn chế người d&acirc;n ra v&agrave;o. Trung t&acirc;m Y tế quận Nam Từ Li&ecirc;m phun khử khuẩn ở quanh khu vực. C&ocirc;ng an phường Mễ Tr&igrave; dựng r&agrave;o chắn ở một đoạn ng&otilde; 230 Mễ Tr&igrave; Thượng. Ảnh: Tất Định C&ocirc;ng an phường Mễ Tr&igrave; dựng r&agrave;o chắn ở một đoạn ng&otilde; 230 Mễ Tr&igrave; Thượng. Ảnh: Tất Định Đến s&aacute;ng 29/7, H&agrave; Nội đ&atilde; qua 107 ng&agrave;y kh&ocirc;ng ph&aacute;t hiện ca bệnh mới ngo&agrave;i cộng đồng. Tuy nhi&ecirc;n, tại cuộc họp Ban chỉ đạo ph&ograve;ng, chống dịch h&ocirc;m 27/7, Chủ tịch th&agrave;nh phố Nguyễn Đức Chung n&oacute;i H&agrave; Nội c&oacute; nguy cơ l&acirc;y nhiễm cao do số lượng người từ Đ&agrave; Nẵng về rất đ&ocirc;ng, khoảng 15.000 đến 20.000 người.</p>', 'tags', '2020-07-15 04:21:12', '2020-10-05 02:20:41', 'PUBLISHED'),
(15, 1, 1, 2, 'Quả là không có cách nào để nhắc khéo Facebook hơn rằng, đến cuối cùng, mạng xã hội số 1 hành tinh vẫn chỉ là khách trên nền tảng di động có doanh thu cao nhất thế giới.', 'qua-la-khong-co-cach-nao-e-nhac-kheo-facebook-hon-rang-en-cuoi-cung-mang-xa-hoi-so-1-hanh-tinh-van-chi-la-khach-tren-nen-tang-di-ong-co-doanh-thu-cao-nhat-the-gioi', '<p>Đại t&aacute; Vũ Hồng Quang l&agrave;m Gi&aacute;m đốc C&ocirc;ng an Cao Bằng, đại t&aacute; Th&aacute;i Hồng C&ocirc;ng được lu&acirc;n chuyển l&agrave;m gi&aacute;m đốc C&ocirc;ng an Lạng Sơn. Đại t&aacute; Th&aacute;i Hồng C&ocirc;ng nhận quyết định bổ nhiệm. Ảnh: Bộ C&ocirc;ng an Đại t&aacute; Th&aacute;i Hồng C&ocirc;ng nhận quyết định bổ nhiệm. Ảnh: Bộ C&ocirc;ng an Ng&agrave;y 30/6, l&atilde;nh đạo Bộ C&ocirc;ng an đ&atilde; trao quyết định bổ nhiệm, điều động Đại t&aacute; Vũ Hồng Quang, Ph&oacute; gi&aacute;m đốc c&ocirc;ng an tỉnh Lạng Sơn đến nhận c&ocirc;ng t&aacute;c v&agrave; giữ chức vụ Gi&aacute;m đốc C&ocirc;ng an tỉnh Cao Bằng thay cho người tiền nhiệm l&agrave; Thiếu tướng Nguyễn Ngọc To&agrave;n - đ&atilde; được điều động giữ chức Cục trưởng Cục c&ocirc;ng t&aacute;c đảng v&agrave; c&ocirc;ng t&aacute;c ch&iacute;nh trị (Bộ C&ocirc;ng an).</p>', 'sdfsdfsd sdfsfdfs', '2020-07-15 04:24:21', '2020-10-05 02:24:39', 'PUBLISHED'),
(16, 1, 1, 1, 'iPhone trở thành tâm điểm của vụ kiện giữa FBI và Apple. Theo Cơ quan Điều tra Liên bang Hoa Kỳ', 'iphone-tro-thanh-tam-iem-cua-vu-kien-giua-fbi-va-apple-theo-co-quan-ieu-tra-lien-bang-hoa-ky', '<p>Năm 2016, một chiếc iPhone trở th&agrave;nh t&acirc;m điểm của vụ kiện giữa FBI v&agrave; Apple. Theo Cơ quan Điều tra Li&ecirc;n bang Hoa Kỳ, Apple cần phải tạo ra c&ocirc;ng cụ mở kh&oacute;a (backdoor) cho chiếc iPhone của t&ecirc;n khủng bố tại San Berdino.</p>\r\n\r\n<p>Apple ki&ecirc;n quyết n&oacute;i kh&ocirc;ng v&igrave; cho rằng một c&ocirc;ng cụ như vậy c&oacute; thể bị lộ ra ngo&agrave;i v&agrave; lạm dụng cho c&aacute;c mục đ&iacute;ch xấu. FBI đưa Apple ra t&ograve;a v&agrave; ngay lập tức nhận lời chỉ tr&iacute;ch &quot;kh&ocirc;ng cẩn thận&quot;, &quot;k&eacute;m hiểu biết&quot;:</p>\r\n\r\n<p>&nbsp;</p>\r\n\r\n<p><a class="detail-img-lightbox" href="https://genk.mediacdn.vn/139269124445442048/2020/10/2/layer-12-16016276729161284849961.png" style="color: rgb(229, 44, 75);" target="_blank" title=""><img alt="Điểm danh những nạn nhân đã từng nếm độ mặn của Apple: Epic, Spotify, Qualcomm, Facebook và FBI - Ảnh 12." class="lightbox-content" id="img_236406385940869120" src="https://genk.mediacdn.vn/139269124445442048/2020/10/2/layer-12-16016276729161284849961.png" style="max-width:100%" title="Điểm danh những nạn nhân đã từng nếm độ mặn của Apple: Epic, Spotify, Qualcomm, Facebook và FBI - Ảnh 12." /></a></p>\r\n\r\n<p>&nbsp;</p>\r\n\r\n<p>Sau đ&oacute;, vụ kiện đ&atilde; bị r&uacute;t lại khi FBI thu&ecirc; được một c&ocirc;ng ty Israel để hack chiếc iPhone n&oacute;i tr&ecirc;n. Mong ước thực sự của FBI về một c&ocirc;ng cụ mở kh&oacute;a &quot;bất khả chiến bại&quot; (v&igrave; được ch&iacute;nh Apple tạo ra) vẫn chưa th&agrave;nh hiện thực.&nbsp;</p>', 'aaa', '2020-08-17 08:56:25', '2020-10-05 02:25:35', 'PUBLISHED'),
(17, 1, 1, 1, 'Galaxy Z Fold 2 đã vượt qua được bài kiểm tra bụi bẩn mà bản tiền nhiệm đã phải bó tay', 'galaxy-z-fold-2-a-vuot-qua-uoc-bai-kiem-tra-bui-ban-ma-ban-tien-nhiem-a-phai-bo-tay', '<p>Mặc d&ugrave; vậy m&agrave;n h&igrave;nh gập của Galaxy Z Fold 2 vẫn kh&aacute; mỏng manh v&agrave; rất dễ xước.</p>\r\n\r\n<p>Anh ch&agrave;ng Zack Nelson đến từ k&ecirc;nh YouTube JerryRigEverything được biết tới l&agrave; người chuy&ecirc;n thẩm định độ bền của c&aacute;c thiết bị di động v&agrave; đem tới một g&oacute;c nh&igrave;n kh&aacute;c về sản phẩm tới c&ocirc;ng ch&uacute;ng.</p>\r\n\r\n<p>&nbsp;</p>\r\n\r\n<p><img alt="Galaxy Z Fold 2 đã vượt qua được bài kiểm tra bụi bẩn mà bản tiền nhiệm đã phải bó tay - Ảnh 1." id="img_236742300639334400" src="https://genk.mediacdn.vn/thumb_w/660/139269124445442048/2020/10/3/2020-10-03134041-16017077615371824795801.jpg" style="max-width:100%" title="Galaxy Z Fold 2 đã vượt qua được bài kiểm tra bụi bẩn mà bản tiền nhiệm đã phải bó tay - Ảnh 1." /></p>\r\n\r\n<p>&nbsp;</p>\r\n\r\n<p>Mới đ&acirc;y anh ch&agrave;ng n&agrave;y vừa tiếp tục &quot;tra tấn&quot; Galaxy Z Fold 2. Phi&ecirc;n bản n&acirc;ng cấp mới của Galaxy Fold được khẳng định c&oacute; bản lề chắc chắn v&agrave; kh&aacute;ng bụi bẩn tốt hơn. V&agrave; thử nghiệm của Zack đ&atilde; chứng minh tuy&ecirc;n bố tr&ecirc;n của Samsung l&agrave; đ&uacute;ng.</p>\r\n\r\n<p>Thử nghiệm ban đầu của Zack cho thấy, d&ugrave; đổ bụi bẩn v&agrave;o trong phần bản lề nhưng cảm gi&aacute;c đ&oacute;ng mở vẫn rất &ecirc;m &aacute;i v&agrave; như chưa hề c&oacute; vấn đề g&igrave; xảy ra. Điều n&agrave;y phần n&agrave;o khẳng định cơ chế chống bụi của bản lề đ&atilde; được cải tiến.</p>', 'vvvvvvvv', '2020-08-22 08:58:59', '2020-10-05 02:26:10', 'PUBLISHED'),
(18, 1, 1, 1, 'Lộ toàn bộ giá dòng iPhone 12 mới, mức giá thấp nhất sẽ khiến Samsung phải lo ngại', 'lo-toan-bo-gia-dong-iphone-12-moi-muc-gia-thap-nhat-se-khien-samsung-phai-lo-ngai', '<p>D&ograve;ng iPhone 12 Mini với k&iacute;ch thước m&agrave;n h&igrave;nh nhỏ nhất 5,4 inch đ&atilde; thay thế iPhone 12 trở th&agrave;nh thiết bị c&oacute; gi&aacute; thấp nhất trong lần ra mắt với mức gi&aacute; khởi điểm chỉ 649 USD. Trong khi đ&oacute;, d&ograve;ng iPhone 12 ti&ecirc;u chuẩn với m&agrave;n h&igrave;nh tương tự iPhone 11 v&agrave; XR trước đ&acirc;y c&oacute; gi&aacute; khởi điểm cao hơn một ch&uacute;t, từ 749 USD trở l&ecirc;n.</p>\r\n\r\n<p>Theo c&aacute;c tin đồn trước đ&acirc;y, cả iPhone 12 Mini v&agrave; iPhone 12 thường đều được trang bị m&agrave;n h&igrave;nh OLED, camera k&eacute;p c&ugrave;ng chip A14 Bionic đời mới. V&igrave; vậy mức gi&aacute; n&agrave;y được xem l&agrave; kh&aacute; hợp l&yacute;. Năm ngo&aacute;i iPhone 11, thiết bị rẻ nhất trong loạt iPhone mới, ra mắt với mức gi&aacute; 699 USD, nhưng chỉ sử dụng m&agrave;n h&igrave;nh LCD với độ ph&acirc;n giải thấp hơn.</p>\r\n\r\n<p>Mặc d&ugrave; vậy, mức gi&aacute; n&agrave;y cũng c&oacute; thể khiến người d&ugrave;ng lăn tăn khi so s&aacute;nh với c&aacute;c đối thủ trong thế giới Android.</p>\r\n\r\n<p>Google Pixel 5 mới ra mắt v&agrave;i ng&agrave;y trước với mức gi&aacute; 699 USD c&ugrave;ng c&ugrave;ng camera k&eacute;p v&agrave; m&agrave;n h&igrave;nh OLED k&iacute;ch thước lớn hơn, nhưng chỉ c&oacute; bộ xử l&yacute; Snapdragon 765G chậm hơn. Ngo&agrave;i ra c&ograve;n c&oacute; Samsung Galaxy S20 FE với nhiều th&ocirc;ng số ấn tượng như m&agrave;n h&igrave;nh 120Hz, cụm 3 camera v&agrave; bộ xử l&yacute; Snapdragon 865 mạnh mẽ c&ugrave;ng m&agrave;n h&igrave;nh lớn nhưng mức gi&aacute; khởi điểm chỉ 699 USD.</p>\r\n\r\n<p>&nbsp;</p>\r\n\r\n<p><a class="detail-img-lightbox" href="https://genk.mediacdn.vn/139269124445442048/2020/10/3/gsmarena000-1601701374921461615265.jpg" style="color: rgb(84, 84, 84);" target="_blank" title=""><img alt="Lộ toàn bộ giá dòng iPhone 12 mới, mức giá thấp nhất sẽ khiến Samsung phải lo ngại - Ảnh 2." class="lightbox-content" id="img_236715506733326336" src="https://genk.mediacdn.vn/thumb_w/660/139269124445442048/2020/10/3/gsmarena000-1601701374921461615265.jpg" style="max-width:100%" title="Lộ toàn bộ giá dòng iPhone 12 mới, mức giá thấp nhất sẽ khiến Samsung phải lo ngại - Ảnh 2." /></a></p>\r\n\r\n<p>&nbsp;</p>\r\n\r\n<p><strong>Mức gi&aacute; iPhone 12 Pro</strong></p>\r\n\r\n<p>Mặc d&ugrave; mức gi&aacute; khởi điểm d&ograve;ng iPhone 12 Pro vẫn tương tự như iPhone 11 Pro, nhưng ch&uacute;ng đ&atilde; được cải thiện về k&iacute;ch thước m&agrave;n h&igrave;nh v&agrave; dung lượng bộ nhớ lưu trữ. C&ugrave;ng c&oacute; gi&aacute; khởi điểm 999 USD, iPhone 12 Pro c&oacute; dung lượng 128GB, gấp đ&ocirc;i iPhone 11 Pro v&agrave; m&agrave;n h&igrave;nh 6,1 inch, lớn hơn so với m&agrave;n h&igrave;nh 5,8 inch trước đ&acirc;y.</p>\r\n\r\n<p>Tương tự, d&ograve;ng iPhone 12 Pro Max cũng c&oacute; gi&aacute; khởi điểm 1.099 USD, tương tự iPhone 11 Pro Max nhưng lại c&oacute; dung lượng gấp đ&ocirc;i, 128GB c&ugrave;ng m&agrave;n h&igrave;nh 6,7 inch, lớn hơn một ch&uacute;t so với thế hệ tiền nhiệm.</p>', 'sdfsdfsd', '2020-08-18 02:43:37', '2020-10-03 18:39:25', 'PUBLISHED'),
(20, 1, 1, 6, 'thiết bị có thể chống thấm nước hoặc chống bụi hoàn toàn nhưng thử nghiệm này cho thấy, điện thoại đã thể hiện rất', 'thiet-bi-co-the-chong-tham-nuoc-hoac-chong-bui-hoan-toan-nhung-thu-nghiem-nay-cho-thay-ien-thoai-a-the-hien-rat', '<p>Cụ thể Samsung đ&atilde; sử dụng c&ocirc;ng nghệ &quot;qu&eacute;t bụi&quot; tr&ecirc;n m&aacute;y tương tự như Galaxy Z Flip. C&ocirc;ng nghệ n&agrave;y cho ph&eacute;p qu&eacute;t bụi bẩn ra khỏi m&agrave;n h&igrave;nh ngay lập tức. D&ugrave; Samsung kh&ocirc;ng tuy&ecirc;n bố thiết bị c&oacute; thể chống thấm nước hoặc chống bụi ho&agrave;n to&agrave;n nhưng thử nghiệm n&agrave;y cho thấy, điện thoại đ&atilde; thể hiện rất tốt.</p>\r\n\r\n<p>&nbsp;</p>\r\n\r\n<p><img alt="Galaxy Z Fold 2 đã vượt qua được bài kiểm tra bụi bẩn mà bản tiền nhiệm đã phải bó tay - Ảnh 2." id="img_236742299498033152" src="https://genk.mediacdn.vn/thumb_w/660/139269124445442048/2020/10/3/2020-10-03134347-1601707761666812832277.jpg" style="max-width:100%" title="Galaxy Z Fold 2 đã vượt qua được bài kiểm tra bụi bẩn mà bản tiền nhiệm đã phải bó tay - Ảnh 2." /></p>\r\n\r\n<p>&nbsp;</p>\r\n\r\n<p>Jack Nelson kh&ocirc;ng th&aacute;o rời điện thoại để kiểm tra v&igrave; vậy kh&ocirc;ng r&otilde; liệu c&oacute; bất kỳ mảnh bụi bẩn nhỏ hơn n&agrave;o c&oacute; thể lọt v&agrave;o bản lề hay kh&ocirc;ng, mặc d&ugrave; m&agrave;n mổ bụng trước đ&oacute; của iFixit với Galaxy Z Flip cho thấy, bụi nhỏ c&oacute; thể lọt qua những sợi l&ocirc;ng trong cơ chế bản lề.</p>\r\n\r\n<p>Tuy c&oacute; cơ chế bản lề tốt hơn nhưng m&agrave;n h&igrave;nh của Galaxy Z Fold 2 nh&igrave;n chung vẫn kh&aacute; dễ xước như Galaxy Z Flip với chỉ một t&aacute;c động bằng m&oacute;ng tay. Thử nghiệm c&agrave;o xước cho thấy, m&agrave;n h&igrave;nh b&ecirc;n trong bị xước ngay từ mốc 2 trong thang đo độ cứng Mohs. Nhưng m&agrave;n h&igrave;nh phụ b&ecirc;n ngo&agrave;i nhờ trang bị k&iacute;nh cường lực mới n&ecirc;n chỉ bị xước từ mốc 6.</p>', 'aaaa', '2020-09-17 11:22:36', '2020-10-05 02:26:31', 'PUBLISHED'),
(21, 1, 1, 6, 'Tới bài kiểm tra hơ lửa, cả hai màn hình chính và phụ của máy gần như không gặp vấn đề gì khi màn hình có thể tự hồi sau khi bị hơ lửa.', 'toi-bai-kiem-tra-ho-lua-ca-hai-man-hinh-chinh-va-phu-cua-may-gan-nhu-khong-gap-van-e-gi-khi-man-hinh-co-the-tu-hoi-sau-khi-bi-ho-lua', '<p>Galaxy Z Fold 2 sử dụng c&ocirc;ng nghệ k&iacute;nh si&ecirc;u mỏng của Samsung nhưng n&oacute; vẫn được bao phủ bởi một lớp nhựa dễ trầy xước ở b&ecirc;n tr&ecirc;n. Nếu m&agrave;n h&igrave;nh bị vỡ trong năm đầu, Samsung c&oacute; cung cấp dịch vụ thay thế với gi&aacute; 149 USD.</p>\r\n\r\n<p>Về phần khung m&aacute;y do l&agrave;m từ kim loại n&ecirc;n cũng kh&aacute; dễ bị c&agrave;o xước với lực t&aacute;c động mạnh. Duy cụm camera v&agrave; mặt lưng k&iacute;nh l&agrave; &iacute;t chịu t&aacute;c động của trầy xước.</p>\r\n\r\n<p>&nbsp;</p>\r\n\r\n<p><img alt="Galaxy Z Fold 2 đã vượt qua được bài kiểm tra bụi bẩn mà bản tiền nhiệm đã phải bó tay - Ảnh 5." id="img_236742300249268224" src="https://genk.mediacdn.vn/thumb_w/660/139269124445442048/2020/10/3/2020-10-03134317-16017077617691305418139.jpg" style="max-width:100%" title="Galaxy Z Fold 2 đã vượt qua được bài kiểm tra bụi bẩn mà bản tiền nhiệm đã phải bó tay - Ảnh 5." /></p>\r\n\r\n<p>&nbsp;</p>\r\n\r\n<p>Tới b&agrave;i kiểm tra hơ lửa, cả hai m&agrave;n h&igrave;nh ch&iacute;nh v&agrave; phụ của m&aacute;y gần như kh&ocirc;ng gặp vấn đề g&igrave; khi m&agrave;n h&igrave;nh c&oacute; thể tự hồi sau khi bị hơ lửa.</p>\r\n\r\n<p>&nbsp;</p>\r\n\r\n<p><img alt="Galaxy Z Fold 2 đã vượt qua được bài kiểm tra bụi bẩn mà bản tiền nhiệm đã phải bó tay - Ảnh 6." id="img_236742300960104448" src="https://genk.mediacdn.vn/thumb_w/660/139269124445442048/2020/10/3/2020-10-03134403-16017077619672039173237.jpg" style="max-width:100%" title="Galaxy Z Fold 2 đã vượt qua được bài kiểm tra bụi bẩn mà bản tiền nhiệm đã phải bó tay - Ảnh 6." /></p>\r\n\r\n<p>&nbsp;</p>\r\n\r\n<p>Cuối c&ugrave;ng l&agrave; thử th&aacute;ch bẻ cong m&agrave;n h&igrave;nh. Đ&acirc;y l&agrave; thử th&aacute;ch kh&oacute; nhằn nhất m&agrave; bất kỳ một thiết bị n&agrave;o cũng kh&ocirc;ng muốn phải trải qua.</p>', 'ssdfsd', '2020-09-17 13:31:24', '2020-10-05 02:26:55', 'PUBLISHED'),
(22, 1, 1, 5, 'Ảnh Chánh văn phòng Nhà Trắng gục đầu gây chú ý', 'anh-chanh-van-phong-nha-trang-guc-au-gay-chu-y', '<p>Bức ảnh Ch&aacute;nh văn ph&ograve;ng Nh&agrave; Trắng Mark Meadows ngồi gục đầu, hai tay xoa tr&aacute;n đang được chia sẻ rộng r&atilde;i v&agrave; l&agrave;m dấy l&ecirc;n nhiều đồn đo&aacute;n.</p>\r\n\r\n<p>Ph&oacute;ng vi&ecirc;n ảnh Erin Scott chụp được khoảnh khắc tr&ecirc;n trong buổi họp b&aacute;o ng&agrave;y 4/10, khi b&aacute;c sĩ Nh&agrave; Trắng Sean Conley cung cấp th&ocirc;ng tin cập nhật cho truyền th&ocirc;ng về t&igrave;nh h&igrave;nh sức khỏe của Tổng thống Donald Trump, người đang điều trị trong Trung t&acirc;m Qu&acirc;n y Quốc gia Walter Reed v&igrave; Covid-19.</p>\r\n\r\n<p><img alt="Chánh văn phòng Nhà Trắng Mark Meadows ngồi gục đầu, hai tay xoa trán trong lúc bác sĩ Sean Conley họp báo về sức khỏe của Tổng thống hôm 4/10. Ảnh: Reuters." class="lazied lazy" src="https://i1-vnexpress.vnecdn.net/2020/10/05/chanh-van-phong-2937-1601860297.jpg?w=680&amp;h=0&amp;q=100&amp;dpr=1&amp;fit=crop&amp;s=7z7HfYVTuHlw7of-v-sSNQ" style="left:0; position:absolute; width:100%" /></p>\r\n\r\n<p>Meadows ngồi gục đầu trong l&uacute;c b&aacute;c sĩ Conley họp b&aacute;o h&ocirc;m 4/10. Ảnh: <em>Reuters</em>.</p>\r\n\r\n<p>C&aacute;c ph&oacute;ng vi&ecirc;n kh&aacute;c của Reuters v&agrave; ABC News cũng chia sẻ bức ảnh n&agrave;y. Một số người b&igrave;nh luận về bức ảnh, gồm ph&oacute;ng vi&ecirc;n Jonathan Lemire của AP. &quot;Bức ảnh n&oacute;i l&ecirc;n &iacute;t nhất 1.000 từ về cuối tuần n&agrave;y&quot;, Lemire cho hay.</p>\r\n\r\n<p>Người dẫn chương tr&igrave;nh Greta Van Susteren cho rằng Ch&aacute;nh văn ph&ograve;ng &quot;c&oacute; lẽ đ&atilde; kh&ocirc;ng ngủ&quot; kể từ ng&agrave;y 1/10, sau khi Tổng thống được x&aacute;c định dương t&iacute;nh Covid-19.</p>', 'ertert', '2020-09-17 14:38:48', '2020-10-05 02:28:28', 'PUBLISHED'),
(23, 1, 1, 6, 'Điểm danh những nạn nhân đã từng nếm "độ mặn" của Apple', 'iem-danh-nhung-nan-nhan-a-tung-nem-o-man-cua-apple', '<p>Epic l&agrave; kẻ đầu ti&ecirc;n trong lịch sử d&aacute;m cố t&igrave;nh th&aacute;ch thức Apple bằng c&aacute;ch đưa phương thức thanh to&aacute;n ri&ecirc;ng v&agrave;o Fortnite phi&ecirc;n bản iOS, qua mặt khoản ph&iacute; 30% của App Store. Ngay lập tức, Apple đ&atilde; x&oacute;a Fortnite khỏi chợ ứng dụng iOS. V&agrave;i ng&agrave;y sau, xuất hiện ngay tr&ecirc;n trang nhất của App Store l&agrave; PUBG, tựa game cạnh tranh số 1 với Fortnite.</p>\r\n\r\n<p>&nbsp;</p>\r\n\r\n<p><a class="detail-img-lightbox" href="https://genk.mediacdn.vn/139269124445442048/2020/10/2/layer-2-1601627672712860287924.png" style="color: rgb(84, 84, 84);" target="_blank" title=""><img alt="Điểm danh những nạn nhân đã từng nếm độ mặn của Apple: Epic, Spotify, Qualcomm, Facebook và FBI - Ảnh 2." class="lightbox-content" id="img_236406381902209024" src="https://genk.mediacdn.vn/139269124445442048/2020/10/2/layer-2-1601627672712860287924.png" style="max-width:100%" title="Điểm danh những nạn nhân đã từng nếm độ mặn của Apple: Epic, Spotify, Qualcomm, Facebook và FBI - Ảnh 2." /></a></p>\r\n\r\n<p>&nbsp;</p>\r\n\r\n<p>Tiếp theo, Apple dọa cắt đứt hỗ trợ c&aacute;c t&agrave;i khoản Unreal Engine (nền tảng ph&aacute;t triển game của Epic). Tuy t&ograve;a &aacute;n kh&ocirc;ng cho ph&eacute;p Apple thực hiện động th&aacute;i tr&ecirc;n, r&otilde; r&agrave;ng l&agrave; Tim Cook chẳng cần tung đ&ograve;n m&agrave; đối thủ đ&atilde; đau: theo khẳng định từ ch&iacute;nh Epic, nhiều nh&agrave; ph&aacute;t triển đ&atilde; từ bỏ Unreal Engine v&igrave; e ngại về tương lai bấp b&ecirc;nh của nền tảng n&agrave;y.</p>\r\n\r\n<p>Chưa hết, Apple dọa loại bỏ t&iacute;nh năng đăng nhập Fortnite, Epic vội v&atilde; &quot;la l&agrave;ng&quot;. Nhưng &iacute;t ng&agrave;y sau, nh&agrave; T&aacute;o thủng thẳng tuy&ecirc;n bố với <em>The Verge</em>&nbsp;v&agrave; <em>Fox Business</em>: đ&acirc;u phải đ&acirc;u, Apple chẳng hề c&oacute; &yacute; định l&agrave;m vậy. Như thế, ph&aacute;t triển Fornite đ&atilde; bước thẳng v&agrave;o c&aacute;i bẫy truyền th&ocirc;ng của nh&agrave; T&aacute;o.</p>\r\n\r\n<p>&quot;Mặn&quot; nhất, c&ocirc;ng ty của Tim Cook đ&atilde; n&oacute;i trắng ra rằng Fortnite đang dần hết thời: th&aacute;ng 7/2020, sự quan t&acirc;m đến Fortnite đ&atilde; giảm gần 70% so với th&aacute;ng 10/2019. Epic kiện tụng chỉ để thu h&uacute;t sự ch&uacute; &yacute; trở lại với tựa game số 1 của m&igrave;nh m&agrave; th&ocirc;i.</p>\r\n\r\n<p>&nbsp;</p>\r\n\r\n<p><a class="detail-img-lightbox" href="https://genk.mediacdn.vn/139269124445442048/2020/10/2/layer-3-16016276727161712211714.png" style="color: rgb(84, 84, 84);" target="_blank" title=""><img alt="Điểm danh những nạn nhân đã từng nếm độ mặn của Apple: Epic, Spotify, Qualcomm, Facebook và FBI - Ảnh 3." class="lightbox-content" id="img_236406383831134208" src="https://genk.mediacdn.vn/139269124445442048/2020/10/2/layer-3-16016276727161712211714.png" style="max-width:100%" title="Điểm danh những nạn nhân đã từng nếm độ mặn của Apple: Epic, Spotify, Qualcomm, Facebook và FBI - Ảnh 3." /></a></p>\r\n\r\n<p>&nbsp;</p>\r\n\r\n<p>&nbsp;</p>\r\n\r\n<p><a class="detail-img-lightbox" href="https://genk.mediacdn.vn/139269124445442048/2020/10/2/layer-4-16016276727311874697613.png" style="color: rgb(84, 84, 84);" target="_blank" title=""><img alt="Điểm danh những nạn nhân đã từng nếm độ mặn của Apple: Epic, Spotify, Qualcomm, Facebook và FBI - Ảnh 4." class="lightbox-content" id="img_236406380589387776" src="https://genk.mediacdn.vn/139269124445442048/2020/10/2/layer-4-16016276727311874697613.png" style="max-width:100%" title="Điểm danh những nạn nhân đã từng nếm độ mặn của Apple: Epic, Spotify, Qualcomm, Facebook và FBI - Ảnh 4." /></a></p>\r\n\r\n<p>&nbsp;</p>\r\n\r\n<p>Một trong những kẻ l&ecirc;n tiếng ủng hộ Epic đầu ti&ecirc;n l&agrave; Spotify. Năm 2019, Spotify đ&atilde; đệ đơn kiện Apple về khoản ph&iacute; 30% m&agrave; c&aacute;c nh&agrave; ph&aacute;t triển phải chia sẻ với Apple. Sự đ&aacute;p trả của Apple d&agrave;nh cho Spotify cũng đầy đủ v&agrave; r&otilde; r&agrave;ng như với Epic: trong con mắt của nh&agrave; T&aacute;o, dịch vụ stream nhạc số 1 thế giới đơn giản l&agrave; chỉ muốn tận hưởng đầy đủ c&aacute;c lợi thế về cộng đồng người d&ugrave;ng, c&aacute;c c&ocirc;ng cụ ph&aacute;t triển, hệ thống thanh to&aacute;n bảo mật&hellip; m&agrave; kh&ocirc;ng phải tốn một xu n&agrave;o cho App Store cả.</p>', NULL, '2020-10-05 02:58:58', '2020-10-05 02:58:58', 'PUBLISHED');
INSERT INTO `post` (`post_id`, `user_add_id`, `user_upd_id`, `category_id`, `title`, `slug`, `content`, `tags`, `date_add`, `date_upd`, `status`) VALUES
(24, 1, 1, 6, 'Bảo mật bằng OTP vẫn có thể bị chiếm tài khoản ngân hàng', 'bao-mat-bang-otp-van-co-the-bi-chiem-tai-khoan-ngan-hang', '<p>Hacker c&oacute; thể &quot;đọc trộm&quot; m&atilde; OTP tr&ecirc;n smartphone, rồi thực hiện giao dịch tr&ecirc;n một thiết bị kh&aacute;c m&agrave; người d&ugrave;ng kh&ocirc;ng biết.</p>\r\n\r\n<p>Ng&agrave;y 4/9, t&agrave;i khoản của &ocirc;ng Trần Việt Luận (TP HCM) bị k&iacute;ch hoạt ứng dụng VCB Digibank tr&ecirc;n thiết bị kh&aacute;c v&agrave; chuyển 406 triệu cho người thụ hưởng tại MSB, SEABank trong v&ograve;ng 7 ph&uacute;t. V&igrave; kh&ocirc;ng nhận được tin nhắn th&ocirc;ng b&aacute;o m&atilde; x&aacute;c thực, biến động số dư qua điện thoại n&ecirc;n &ocirc;ng kh&ocirc;ng ph&aacute;t hiện cho đến khi ra ng&acirc;n h&agrave;ng giao dịch.</p>\r\n\r\n<p>&quot;Trong năm qua, ch&uacute;ng t&ocirc;i biết c&oacute; nhiều vụ đ&aacute;nh cắp t&agrave;i khoản ng&acirc;n h&agrave;ng m&agrave; hacker khai th&aacute;c điểm yếu của c&ocirc;ng nghệ x&aacute;c thực SMS OTP&quot;, &ocirc;ng Nguyễn Tử Quảng, CEO Bkav n&oacute;i. &Ocirc;ng cho rằng, vụ t&agrave;i khoản ng&acirc;n h&agrave;ng <a href="https://vnexpress.net/tai-khoan-ngan-hang-boc-hoi-406-trieu-trong-vai-phut-4171383.html" rel="dofollow">&quot;bốc hơi&quot; 406 triệu đồng</a> cũng li&ecirc;n quan đến việc hacker khai th&aacute;c c&aacute;c điểm yếu n&agrave;y.</p>\r\n\r\n<p>OTP (mật khẩu d&ugrave;ng một lần) gửi qua tin nhắn SMS l&agrave; phương ph&aacute;p x&aacute;c thực bảo mật được sử dụng nhiều, nhất l&agrave; trong những lĩnh vực như t&agrave;i ch&iacute;nh, ng&acirc;n h&agrave;ng. Chẳng hạn trong giao dịch chuyển tiền, dịch vụ sẽ y&ecirc;u cầu người thực hiện nhập th&ecirc;m m&atilde; OTP được gửi đến số điện thoại c&aacute; nh&acirc;n để đảm bảo ch&iacute;nh chủ thực hiện giao dịch. D&ugrave; l&agrave; một bước trong quy tr&igrave;nh bảo mật hai lớp, theo c&aacute;c chuy&ecirc;n gia bảo mật, OTP vẫn c&oacute; thể bị hacker khai th&aacute;c, đặc biệt l&agrave; với người d&ugrave;ng smartphone.</p>\r\n\r\n<p><img alt="Mã OTP được gửi về điện thoại qua SMS có thể bị hacker khai thác qua phần mềm gián điệp hoặc website mạo danh." class="lazied lazy" src="https://i1-sohoa.vnecdn.net/2020/10/06/otp-hack-9886-1601975480.jpg?w=680&amp;h=0&amp;q=100&amp;dpr=1&amp;fit=crop&amp;s=OQGjuoIjVQcD7D4Q_DpIJQ" style="left:0; position:absolute; width:100%" /></p>\r\n\r\n<p>X&aacute;c thực giao dịch bằng SMS OTP l&agrave; c&aacute;ch m&agrave; nhiều ng&acirc;n h&agrave;ng đang sử dụng hiện nay. Ảnh: <em>Lưu Qu&yacute;</em></p>\r\n\r\n<p>&Ocirc;ng Quảng giải th&iacute;ch, hacker c&oacute; &iacute;t nhất hai c&aacute;ch để lấy được m&atilde; OTP trong SMS của người d&ugrave;ng. Thứ nhất, hacker lừa nạn nh&acirc;n nhập m&atilde; OTP v&agrave;o một website giả mạo để chiếm m&atilde;; ngo&agrave;i ra, ch&uacute;ng c&oacute; thể lừa nạn nh&acirc;n c&agrave;i phần mềm gi&aacute;n điệp l&ecirc;n smartphone. Phần mềm gi&aacute;n điệp sẽ theo d&otilde;i tất cả th&ocirc;ng tin, trong đ&oacute; c&oacute; tin nhắn SMS chứa m&atilde; OTP v&agrave; c&aacute;c th&ocirc;ng tin đăng nhập v&agrave;o ứng dụng Mobile Banking. Với cả hai c&aacute;ch tr&ecirc;n, hacker ho&agrave;n to&agrave;n c&oacute; thể chiếm được m&atilde; OTP v&agrave; thực hiện c&aacute;c giao dịch giả mạo.</p>\r\n\r\n<p>Theo &ocirc;ng Quảng, điểm yếu lớn nhất của phương ph&aacute;p SMS OTP l&agrave; thiếu t&iacute;nh &quot;chống chối bỏ&quot;, tạo kẽ hở để hacker thực hiện c&aacute;c giao dịch ng&acirc;n h&agrave;ng tr&ecirc;n một thiết bị lạ.</p>\r\n\r\n<p>Thiếu t&iacute;nh &quot;chống chối bỏ&quot; nghĩa l&agrave; hệ thống kh&ocirc;ng thể x&aacute;c minh được ai đang thực hiện giao dịch. V&iacute; dụ, nếu kẻ xấu dụ người d&ugrave;ng truy cập một trang chuyển tiền giả mạo, mọi th&ocirc;ng tin người d&ugrave;ng nhập v&agrave;o sẽ được chuyển tới kẻ xấu. Khi đ&oacute;, ch&uacute;ng sẽ c&oacute; th&ocirc;ng tin đăng nhập v&agrave; m&atilde; OTP để thực hiện giao dịch ở một thiết bị kh&aacute;c. Hệ thống kh&ocirc;ng c&oacute; khả năng x&aacute;c định ai thực hiện giao dịch tr&ecirc;n. Theo &ocirc;ng Nguyễn Văn Cường, Trưởng ph&ograve;ng An ninh mạng của Bkav, hiện nay, nhiều nước tr&ecirc;n thế giới đ&atilde; ứng dụng c&aacute;c phương ph&aacute;p bảo mật c&oacute; t&iacute;nh &quot;chống chối bỏ&quot; nhằm khắc phục kẽ hở n&agrave;y. M&atilde; x&aacute;c thực sẽ được cung cấp cho một thiết bị duy nhất để đảm bảo an to&agrave;n v&agrave; người d&ugrave;ng phải chịu tr&aacute;ch nhiệm về việc bảo quản m&atilde; đ&oacute;.</p>\r\n\r\n<p>Trong sự cố của &ocirc;ng Trần Việt Luận, đại diện Vietcombank cho biết &quot;đ&acirc;y l&agrave; trường hợp nghi ngờ bị giả mạo giao dịch qua ứng dụng VCB Digibank dẫn đến bị r&uacute;t tiền trong t&agrave;i khoản&quot;.</p>\r\n\r\n<p>T&agrave;i khoản của kh&aacute;ch h&agrave;ng bị k&iacute;ch hoạt ứng dụng VCB Digibank tr&ecirc;n thiết bị kh&aacute;c. Vietcombank dẫn x&aacute;c nhận của nh&agrave; mạng cho thấy đ&atilde; gửi tổng cộng 8 tin nhắn (4 tin x&aacute;c thực v&agrave; 4 tin biến động số dư) đến điện thoại kh&aacute;ch h&agrave;ng, trong khi người n&agrave;y kh&ocirc;ng nhận được bất kỳ tin nhắn n&agrave;o. Vụ việc n&agrave;y vẫn đang tiếp tục điều tra.</p>\r\n\r\n<p>&Ocirc;ng V&otilde; Đỗ Thắng, Gi&aacute;m đốc Trung t&acirc;m an ninh mạng Athena, người từng nhiều năm theo d&otilde;i t&igrave;nh h&igrave;nh an ninh mạng tại Việt Nam, cho biết việc tấn c&ocirc;ng t&agrave;i khoản bằng c&aacute;ch khai th&aacute;c m&atilde; OTP xảy ra kh&aacute; thường xuy&ecirc;n thời gian qua, kh&ocirc;ng chỉ ở Việt Nam m&agrave; tr&ecirc;n to&agrave;n thế giới. Tuy nhi&ecirc;n, theo &ocirc;ng Thắng, yếu tố quyết định sự an to&agrave;n nằm ở người d&ugrave;ng chứ kh&ocirc;ng phải phương ph&aacute;p.</p>\r\n\r\n<p>&Ocirc;ng cho rằng nguy&ecirc;n nh&acirc;n ch&iacute;nh của c&aacute;c vụ đ&aacute;nh cắp t&agrave;i khoản đến từ sự chủ quan v&agrave; thiếu kinh nghiệm tự bảo vệ của người d&ugrave;ng smartphone. Nhiều người thoải m&aacute;i đăng nhập Wi-Fi c&ocirc;ng cộng, hoặc tải phần mềm gi&aacute;n điệp về m&aacute;y m&agrave; kh&ocirc;ng biết. Hacker ho&agrave;n to&agrave;n c&oacute; thể khai th&aacute;c th&oacute;i quen n&agrave;y để lấy được m&atilde; OTP của người d&ugrave;ng. &quot;Bảo mật hai lớp bằng OTP cũng sẽ trở n&ecirc;n k&eacute;m an to&agrave;n nếu ch&uacute;ng ta sử dụng tr&ecirc;n một thiết bị kh&ocirc;ng an to&agrave;n&quot;, &ocirc;ng Thắng n&oacute;i.</p>\r\n\r\n<p>Theo c&aacute;c chuy&ecirc;n gia bảo mật, người d&ugrave;ng c&oacute; thể tự ph&ograve;ng tr&aacute;nh c&aacute;c nguy cơ bị chiếm t&agrave;i khoản bằng c&aacute;ch kh&ocirc;ng click v&agrave;o c&aacute;c link lạ, đặc biệt l&agrave; khi thực hiện giao dịch tiền bạc. Người d&ugrave;ng kh&ocirc;ng c&agrave;i đặt ứng dụng lạ từ c&aacute;c nguồn kh&ocirc;ng ch&iacute;nh thống. Khi c&agrave;i đặt phần mềm mới, kh&ocirc;ng cung cấp qu&aacute; nhiều quyền cho c&aacute;c ứng dụng, như đọc SMS, truy cập Internet... nếu kh&ocirc;ng cần thiết. Ngo&agrave;i ra, những người smartphone cũng n&ecirc;n sử dụng c&aacute;c phần mềm chống m&atilde; độc để bảo vệ thiết bị.</p>\r\n\r\n<p>Chuy&ecirc;n gia bảo mật Nguyễn Văn Cường cho rằng, c&aacute;c dịch vụ, đặc biệt dịch vụ ng&acirc;n h&agrave;ng cần c&oacute; cảnh b&aacute;o đến người d&ugrave;ng khi ph&aacute;t hiện đăng nhập từ một thiết bị mới. Ngo&agrave;i ra, c&aacute;c đơn vị n&agrave;y c&oacute; thể ứng dụng phương ph&aacute;p bảo mật bằng chữ k&yacute; số. &quot;Chữ k&yacute; số&quot; l&agrave; một thiết bị cắm ngo&agrave;i, hoặc nằm tr&ecirc;n thiết bị nhưng định danh gắn liền với thiết bị đ&oacute;. Ưu điểm của chữ k&yacute; số l&agrave; x&aacute;c định được nguồn gốc người gửi, do đ&oacute; n&oacute; c&oacute; t&iacute;nh chất &quot;chống chối bỏ&quot; v&agrave; được ph&aacute;p luật bảo hộ theo Nghị Định 130/2018/NĐ-CP.</p>\r\n\r\n<p>Mặc d&ugrave; phương ph&aacute;p n&agrave;y phổ biến tr&ecirc;n thế giới v&agrave; hiện được nhiều lĩnh vực tại Việt Nam như Hải Quan, Bảo hiểm, Thuế, sử dụng, &ocirc;ng Cường cho biết phương ph&aacute;p n&agrave;y hiện chưa được c&aacute;c ng&acirc;n h&agrave;ng ph&aacute;t triển v&igrave; một số r&agrave;o cản về ph&aacute;p l&yacute; khi d&ugrave;ng tr&ecirc;n di động. Đồng thời chữ k&yacute; số c&ograve;n bất tiện hơn so với OTP khi chuyển đổi giao dịch giữa c&aacute;c thiết bị kh&aacute;c nhau.</p>\r\n\r\n<p style="text-align:right"><strong>Lưu Qu&yacute;</strong></p>', NULL, '2020-10-07 07:49:52', '2020-10-07 07:49:52', 'PUBLISHED');

-- --------------------------------------------------------

--
-- Table structure for table `post_category`
--

DROP TABLE IF EXISTS `post_category`;
CREATE TABLE IF NOT EXISTS `post_category` (
  `auto_id` int(11) UNSIGNED NOT NULL AUTO_INCREMENT,
  `post_id` int(11) UNSIGNED NOT NULL,
  `category_id` int(11) UNSIGNED NOT NULL,
  PRIMARY KEY (`auto_id`),
  KEY `fk_post_category_2` (`category_id`),
  KEY `fk_post_category_1` (`post_id`)
) ENGINE=InnoDB AUTO_INCREMENT=25 DEFAULT CHARSET=utf8;

--
-- Dumping data for table `post_category`
--

INSERT INTO `post_category` (`auto_id`, `post_id`, `category_id`) VALUES
(2, 20, 6),
(3, 14, 1),
(4, 13, 1),
(5, 21, 6),
(6, 22, 5),
(7, 10, 1),
(8, 12, 3),
(9, 11, 4),
(10, 18, 1),
(11, 17, 1),
(12, 16, 1),
(13, 1, 1),
(14, 9, 1),
(15, 2, 2),
(16, 8, 1),
(17, 7, 1),
(18, 6, 1),
(19, 5, 1),
(20, 4, 1),
(21, 3, 1),
(22, 15, 2),
(23, 23, 6),
(24, 24, 6);

-- --------------------------------------------------------

--
-- Table structure for table `product`
--

DROP TABLE IF EXISTS `product`;
CREATE TABLE IF NOT EXISTS `product` (
  `product_id` int(11) UNSIGNED NOT NULL AUTO_INCREMENT,
  `manufacturer_id` int(11) UNSIGNED NOT NULL,
  `category_default_id` int(11) UNSIGNED NOT NULL,
  `quantity` int(11) NOT NULL DEFAULT '0',
  `price` decimal(20,3) NOT NULL DEFAULT '0.000',
  `unity` varchar(45) DEFAULT NULL,
  `active` tinyint(1) UNSIGNED NOT NULL DEFAULT '1',
  `condition` enum('new','used','refurbished') NOT NULL DEFAULT 'new',
  `show_price` tinyint(1) NOT NULL DEFAULT '1',
  `date_add` datetime NOT NULL,
  `date_upd` datetime DEFAULT NULL,
  `slug` varchar(128) DEFAULT NULL,
  `name` varchar(255) DEFAULT NULL,
  `description` text,
  `description_short` varchar(512) DEFAULT NULL,
  `config` varchar(512) DEFAULT NULL,
  PRIMARY KEY (`product_id`),
  KEY `date_add` (`date_add`),
  KEY `fk_product_2` (`manufacturer_id`),
  KEY `fk_product_3` (`category_default_id`)
) ENGINE=InnoDB AUTO_INCREMENT=11 DEFAULT CHARSET=utf8;

--
-- Dumping data for table `product`
--

INSERT INTO `product` (`product_id`, `manufacturer_id`, `category_default_id`, `quantity`, `price`, `unity`, `active`, `condition`, `show_price`, `date_add`, `date_upd`, `slug`, `name`, `description`, `description_short`, `config`) VALUES
(5, 2, 1, 1, '0.001', 'mon', 1, 'new', 1, '2020-09-11 02:25:52', '2020-10-01 17:15:37', 'intel-va-nvidia-coi-chung', 'Intel và NVIDIA coi chừng', '<p>V&agrave;o tuần trước, NVIDIA đ&atilde; h&eacute; lộ d&ograve;ng card đồ họa sử dụng kiến tr&uacute;c Ampere ho&agrave;n to&agrave;n mới mang t&ecirc;n RTX 3000. Với hiệu năng vượt trội hơn đ&aacute;ng kể so với mẫu flagship tiền nhiệm RTX 2080/2080 Ti, d&ograve;ng card đồ họa n&agrave;y c&ograve;n thu h&uacute;t sự ch&uacute; &yacute; của người d&ugrave;ng c&ocirc;ng nghệ nhờ mức gi&aacute; cực kỳ hấp dẫn. N&oacute;i c&aacute;ch kh&aacute;c, NVIDIA đ&atilde; d&ugrave;ng ch&iacute;nh vũ kh&iacute; hiệu năng/gi&aacute; th&agrave;nh (p/p) quen thuộc của AMD để phả hơi n&oacute;ng l&ecirc;n Đội Đỏ.</p>\r\n\r\n<p>Tr&ecirc;n thực tế, nhiều người d&ugrave;ng sau khi xem xong sự kiện h&eacute; lộ của Nvidia đ&atilde; rất t&ograve; m&ograve; về việc liệu AMD sẽ tung ra sản phẩm g&igrave; để đ&aacute;p trả lại d&ograve;ng card đồ họa RTX 3000 cực &quot;n&oacute;ng&quot; của đối thủ cạnh tranh. Một số &iacute;t thậm ch&iacute; c&ograve;n cho rằng, AMD kh&oacute; c&oacute; thể đưa ra một đối thủ xứng tầm với RTX 3000 Series.&nbsp;</p>\r\n\r\n<p>Tuy nhi&ecirc;n, kh&ocirc;ng để người d&ugrave;ng đợi l&acirc;u, AMD cuối c&ugrave;ng cũng ch&iacute;nh thức tuy&ecirc;n bố sẽ tr&igrave;nh l&agrave;ng d&ograve;ng card đồ họa ho&agrave;n to&agrave;n mới v&agrave;o ng&agrave;y 28/10 tới đ&acirc;y.</p>\r\n\r\n<p>&nbsp;</p>\r\n\r\n<p><a class="detail-img-lightbox" href="https://genk.mediacdn.vn/139269124445442048/2020/9/10/photo-1-15997229346951901567298.jpg" style="color: rgb(84, 84, 84);" target="_blank" title="Dòng card đồ họa RX 6000 mang lại hiệu năng có thể đấu sòng phẳng với các mẫu card đồ họa tầm trung &amp; flagship của Nvidia"><img alt="Intel và NVIDIA coi chừng, AMD sắp hé lộ “kho vũ khí” mới cực kỳ lợi hại ngay trong tháng 10 - Ảnh 1." class="lightbox-content" id="img_228417341670105088" src="https://genk.mediacdn.vn/thumb_w/660/139269124445442048/2020/9/10/photo-1-15997229346951901567298.jpg" style="max-width:100%" title="Intel và NVIDIA coi chừng, AMD sắp hé lộ “kho vũ khí” mới cực kỳ lợi hại ngay trong tháng 10 - Ảnh 1." /></a></p>\r\n\r\n<p>D&ograve;ng card đồ họa RX 6000 mang lại hiệu năng c&oacute; thể đấu s&ograve;ng phẳng với c&aacute;c mẫu card đồ họa tầm trung &amp; flagship của Nvidia</p>\r\n\r\n<p>&nbsp;</p>\r\n\r\n<p>Theo đ&oacute;, d&ograve;ng card đồ họa mới n&agrave;y c&oacute; t&ecirc;n gọi Radeon RX 6000 Series. So với d&ograve;ng card đồ họa RX 5000 sử dụng kiến tr&uacute;c RDNA, RX 6000 Series &nbsp;sẽ sử dụng kiến tr&uacute;c RDNA 2 ho&agrave;n to&agrave;n mới, mang đến rất nhiều t&iacute;nh năng đ&aacute;ng ch&uacute; &yacute;.&nbsp;</p>', '<p>Với việc c&ocirc;ng bố c&ugrave;ng l&uacute;c 2 d&ograve;ng sản phẩm chủ lực, điều n&agrave;y cũng c&oacute; nghĩa AMD sẽ phải đối đầu c&ugrave;ng l&uacute;c với 2 đối thủ cạnh tranh cực mạnh l&agrave; Nvidia v&agrave; Intel</p>', '{"0": [12], "1": [13], "2": [14]}'),
(6, 1, 5, 1, '0.001', 'mon', 1, 'new', 1, '2020-09-25 07:25:20', '2020-10-01 17:16:06', 'oi-dung-nhung-thiet-bi-vsmart-se-co-the-xem-noi-dung-full-hd', 'ời dùng những thiết bị Vsmart sẽ có thể xem nội dung Full HD', '<p>Netflix l&agrave; một ứng dụng đ&ograve;i hỏi nhiều y&ecirc;u cầu khắt khe từ thiết bị. B&ecirc;n cạnh những yếu tố hiển nhi&ecirc;n như chất lượng m&agrave;n h&igrave;nh (độ ph&acirc;n giải, khả năng t&aacute;i tạo nội dung HDR), tốc độ đường truyền hay g&oacute;i Netflix m&agrave; người d&ugrave;ng đăng k&yacute;; để c&oacute; thể trải nghiệm Netflix một c&aacute;ch trọn vẹn, một thiết bị Android phải c&oacute; được hai chứng chỉ sau:</p>\r\n\r\n<p><strong>1. Google Play Protect: </strong>Đ&acirc;y l&agrave; chứng chỉ của Google nhằm đảm bảo một thiết bị l&agrave; hợp lệ v&agrave; an to&agrave;n. Một thiết bị kh&ocirc;ng đạt Play Protect sẽ kh&ocirc;ng thể c&agrave;i đặt ứng dụng Netflix tr&ecirc;n Play Store (nhưng vẫn c&oacute; thể c&agrave;i qua file APK ngo&agrave;i). Trước đ&acirc;y, chiếc Bphone B86 của BKAV cũng từng gặp phải vấn đề tương tự.</p>\r\n\r\n<p>&nbsp;</p>\r\n\r\n<p><img alt="Ơn trời, điện thoại Vsmart cuối cùng đã có chứng chỉ Widevine L1! - Ảnh 1." id="img_231679892497084416" src="https://genk.mediacdn.vn/thumb_w/660/139269124445442048/2020/9/19/dscf5357-1590832750120364509257-16005007847411219131365.jpg" style="max-width:100%" title="Ơn trời, điện thoại Vsmart cuối cùng đã có chứng chỉ Widevine L1! - Ảnh 1." /></p>\r\n\r\n<p>Bphone B86 kh&ocirc;ng thể c&agrave;i Netflix qua Play Store do kh&ocirc;ng đạt Play Protect</p>\r\n\r\n<p>&nbsp;</p>\r\n\r\n<p><strong>2. Widevine L1:</strong> Widevine l&agrave; nền tảng DRM (Digital Rights Management) của Google. Bạn kh&ocirc;ng cần hiểu qu&aacute; nhiều về n&oacute;, m&agrave; chỉ cần biết rằng một thiết bị Android phải đạt chuẩn Widevine L1 th&igrave; mới c&oacute; thể xem Netflix ở độ ph&acirc;n giải Full HD. Nếu kh&ocirc;ng đạt chuẩn n&agrave;y, thiết bị đ&oacute; sẽ chỉ c&oacute; thể xem Netflix ở độ ph&acirc;n giải ti&ecirc;u chuẩn (SD 540p), kể cả khi những điều kiện về m&agrave;n h&igrave;nh, đường truyền hay g&oacute;i Netflix ở tr&ecirc;n được thoả m&atilde;n.</p>\r\n\r\n<p><strong>Vậy vấn đề của Netflix tr&ecirc;n c&aacute;c thiết bị Vsmart ra sao?</strong> Ngay từ thời điểm ban đầu, Vsmart đ&atilde; c&oacute; chứng chỉ Google Play Protect, đồng nghĩa với việc người d&ugrave;ng c&oacute; thể dễ d&agrave;ng tải ứng dụng n&agrave;y tr&ecirc;n Play Store. Thế nhưng v&igrave; một l&yacute; do n&agrave;o đ&oacute;, to&agrave;n bộ dải sản phẩm Vsmart lại thiếu vắng chứng chỉ Widevine L1, khiến cho kh&ocirc;ng một chiếc m&aacute;y n&agrave;o c&oacute; thể xem được Netflix ở độ ph&acirc;n giải Full HD. Đ&acirc;y l&agrave; một điều rất đ&aacute;ng tiếc, bởi lẽ một số thiết bị Vsmart như Live hay Active 3 sở hữu m&agrave;n h&igrave;nh AMOLED với chất lượng tương đối tốt.</p>', '<p>Với chứng chỉ n&agrave;y, người d&ugrave;ng những thiết bị Vsmart sẽ c&oacute; thể xem nội dung Full HD tr&ecirc;n Netflix, thay v&igrave; bị giới hạn ở mức SD như trước đ&acirc;y.</p>', '{"0": [1, 12], "1": [2, 12], "2": [3, 12], "3": [1, 13], "4": [2, 13], "5": [3, 13]}'),
(7, 2, 3, 1, '0.001', 'mon', 1, 'new', 1, '2020-09-28 09:06:01', '2020-10-01 17:16:25', 'may-giac', 'may giac', '<p>may giac</p>', '<p>may giac</p>', '{"0": [12, 10, 1], "1": [13, 10, 1], "2": [12, 11, 1], "3": [13, 11, 1], "4": [12, 10, 3], "5": [13, 10, 3], "6": [12, 11, 3], "7": [13, 11, 3], "8": [12, 10, 2], "9": [13, 10, 2], "10": [12, 11, 2], "11": [13, 11, 2]}'),
(8, 2, 3, 10, '0.000', 'mon', 1, 'new', 1, '2020-09-30 01:57:28', '2020-10-01 17:16:43', 'ien-thoai-smartphone-chinh-hang-gia-re', 'Điện thoại, smartphone chính hãng giá rẻ', '<p><strong>Mua điện thoại Samsung Galaxy S20 Ultra ch&iacute;nh h&atilde;ng, gi&aacute; rẻ tại Ho&agrave;ng H&agrave; Mobile</strong></p>\r\n\r\n<p>Galaxy S20 l&agrave; d&ograve;ng sản phẩm mới sắp được Samsung cho ra mắt. Trong ba phi&ecirc;n bản đ&atilde; giới thiệu trước đ&oacute; th&igrave; Samsung Galaxy S20 Ultra l&agrave; phi&ecirc;n bản cao cấp nhất. M&aacute;y được trang bị nhiều t&iacute;nh năng tuyệt vời c&ugrave;ng th&ocirc;ng số ấn tượng.</p>\r\n\r\n<p>M&agrave;n h&igrave;nh AMOLED Full HD k&iacute;ch thước l&ecirc;n tới 6.9 inch</p>\r\n\r\n<p><img src="https://hoanghamobile.com/Uploads/Originals/2020/02/05/202002051026187329_1.jpg" style="height:351px; width:625px" /></p>\r\n\r\n<p>Thiết kế của Samsung Galaxy S20 Ultra tương đối giống với hai phi&ecirc;n bản Galaxy S20 v&agrave; Galaxy S20 +. C&oacute; lẽ điểm kh&aacute;c biệt r&otilde; r&agrave;ng nhất l&agrave; k&iacute;ch thước của sản phẩm. Galaxy S20 Ultra sở hữu m&agrave;n h&igrave;nh với k&iacute;ch thước l&ecirc;n tới 6.9 inch, lớn hơn hẳn hai thiết bị c&ograve;n lại. Tấm nền AMOLED c&ugrave;ng độ ph&acirc;n giải Full HD sẽ mang đến h&igrave;nh ảnh hiển thị v&ocirc; c&ugrave;ng sắc n&eacute;t.</p>\r\n\r\n<p>Mặc d&ugrave; vẫn l&agrave; m&agrave;n h&igrave;nh lỗ bấm nhưng m&aacute;y lại được trang bị tần số qu&eacute;t l&ecirc;n tới 120 Hz. Tần số n&agrave;y sẽ tăng độ nhạy cho cảm ứng. Nhờ đ&oacute; c&aacute;c thao t&aacute;c vuốt, chạm sẽ trở n&ecirc;n ch&acirc;n thực, mượt m&agrave; hơn. Bạn sẽ cảm nhận rất r&otilde; điều n&agrave;y khi chơi c&aacute;c tựa game đồ họa cao. Đặc biệt c&ocirc;ng nghệ cảm ứng v&acirc;n tay ngay tr&ecirc;n m&agrave;n h&igrave;nh cũng gi&uacute;p thao t&aacute;c nhanh ch&oacute;ng, thuận tiện. B&ecirc;n cạnh đ&oacute;, mặt lưng của m&aacute;y được l&agrave;m bằng k&iacute;nh cường lực cao cấp, sang trọng v&agrave; chống va đập tốt.</p>\r\n\r\n<p>Samsung Galaxy S20 Ultra c&oacute; tơi 4 camera đẳng cấp</p>\r\n\r\n<p><img src="https://hoanghamobile.com/Uploads/Originals/2020/02/05/202002051026187339_2.jpg" style="height:353px; width:624px" /></p>\r\n\r\n<p>Samsung đ&atilde; mang đến bộ tứ camera đẳng cấp cho Galaxy S20 Ultra. Đầu ti&ecirc;n phải kể đến camera ch&iacute;nh với độ ph&acirc;n giải l&ecirc;n tới 108 MP. C&oacute; thể đ&acirc;y kh&ocirc;ng phải l&agrave; chiếc smartphone đầu ti&ecirc;n trang bị cảm biến 108 MP nhưng chắc chắn camera của Samsung sẽ được tinh chỉnh để gi&uacute;p tạo ra những bức ảnh đẹp nhất. Camera n&agrave;y c&ograve;n c&oacute; thể zoom quang 5x.</p>\r\n\r\n<p>Tiếp theo l&agrave; camera ToF 3D tương tự như Galaxy Note 10. C&ograve;n lại l&agrave; bộ đ&ocirc;i camera tele 48 MP v&agrave; cảm biến g&oacute;c si&ecirc;u rộng 12 MP. Với cụm camera n&agrave;y, bạn c&oacute; thể quay video 8K 30 fps, zoom quang 10x hoặc zoom điện tử 100x. V&agrave; tất nhi&ecirc;n m&aacute;y sẽ kh&ocirc;ng thể ho&agrave;n chỉnh nếu như thiếu camera selfie 40 MP ở mặt trước. Samsung đ&atilde; t&iacute;ch hợp th&ecirc;m c&aacute;c chế độ l&agrave;m đẹp nhằm gi&uacute;p người d&ugrave;ng c&oacute; được bức ảnh đẹp nhất.</p>\r\n\r\n<p>Hiệu năng mạnh mẽ với hệ điều h&agrave;nh Android 10, chip Exynos 990</p>\r\n\r\n<p><img src="https://hoanghamobile.com/Uploads/Originals/2020/02/05/202002051026187349_3.jpg" style="height:398px; width:624px" /></p>\r\n\r\n<p>Trong ba sản phẩm sắp được ra mắt th&igrave; Galaxy S20 Ultra được trang bị hiệu năng mạnh mẽ nhất. Cụ thể, m&aacute;y sẽ sử dụng chip Exynos 990, con chip được đ&aacute;nh gi&aacute; kh&aacute; cao. N&oacute; sẽ gi&uacute;p xử l&yacute; c&aacute;c tựa game nặng, game đồ họa cao một c&aacute;ch mượt m&agrave;. Nhờ đ&oacute; bạn c&oacute; thể thoải m&aacute;i trải nghiệm mọi loại game m&agrave; kh&ocirc;ng lo giật, l&aacute;c.</p>\r\n\r\n<p>M&aacute;y sở hữu RAM 12 GB v&agrave; bộ nhớ trong dung lượng l&ecirc;n tới 128 GB. Đặc biệt, nếu muốn bạn ho&agrave;n to&agrave;n c&oacute; thể mở rộng bộ nhớ với khe cắm thẻ nhớ microSD. Cho đến thời điểm hiện tại, RAM 12 GB l&agrave; dung lượng cao nhất m&agrave; Samsung đ&atilde; trang bị cho sản phẩm của m&igrave;nh. N&oacute; sẽ xử l&yacute; c&aacute;c t&aacute;c vụ đa nhiệm một c&aacute;ch hiệu quả nhất. Hệ điều h&agrave;nh Android 10 mới nhất cũng sẽ mang đến nhiều trải nghiệm th&uacute; vị cho người d&ugrave;ng.</p>', '<p>Ưu đ&atilde;i mua sạc dự ph&ograve;ng Energizer 10000mAh QE10007PQ trị gi&aacute; 1.000.000đ chỉ với 690.000đ khi mua c&ugrave;ng samsung Galaxy S20 Series (S20 | S20+ | S20 Ultra)</p>', '{"0": [12, 1], "1": [13, 1], "2": [14, 1], "3": [12, 2], "4": [13, 2], "5": [14, 2], "6": [12, 3], "7": [13, 3], "8": [14, 3]}'),
(9, 1, 3, 1, '0.001', 'mon', 1, 'new', 1, '2020-09-30 03:50:04', '2020-10-02 06:42:40', 'anh-gia-vsmart-live-4-khong-the-oi-hoi', 'Đánh giá Vsmart Live 4: Không thể đòi hỏi', '<p>Vsmart Live 4 l&agrave; d&ograve;ng sản phẩm b&igrave;nh d&acirc;n mới nhất của VinSmart nhằm kế nhiệm chiếc Live thế hệ đầu ti&ecirc;n ra mắt hồi năm ngo&aacute;i. Sở hữu Vsmart Live 4 được &quot;nhảy c&oacute;c&quot; t&ecirc;n gọi từ 1 l&ecirc;n 4 l&agrave; do VinSmart muốn c&oacute; sự đồng đều về t&ecirc;n gọi giữa c&aacute;c d&ograve;ng sản phẩm thế hệ thứ 4 (v&iacute; dụ như Star 4, Live 4, tương lai c&oacute; thể l&agrave; Joy 4, Active 4&hellip;).</p>\r\n\r\n<p>Vsmart Live 4 đ&aacute;nh dấu một cột mốc quan trọng với VinSmart, khi đ&acirc;y l&agrave; sản phẩm đầu ti&ecirc;n được h&atilde;ng n&agrave;y tự chủ 100% từ thiết kế phần cứng, hệ điều h&agrave;nh v&agrave; sản xuất. C&oacute; lẽ nhờ việc tự chủ nhiều c&ocirc;ng đoạn hơn, cộng th&ecirc;m việc muốn khuyến kh&iacute;ch người Việt sử dụng c&aacute;c sản phẩm &quot;Make in Vietnam&quot;, vậy n&ecirc;n Vsmart Live 4 c&oacute; mức gi&aacute; rẻ hơn thế hệ tiền nhiệm, cụ thể như sau:</p>\r\n\r\n<p>- Vsmart Live 4 RAM 4GB, ROM 64GB: 4.090.000 đồng.</p>\r\n\r\n<p>- Vsmart Live 4 RAM 6GB, ROM 64GB: 4.490.000 đồng.</p>', '<p>D&ugrave; Vsmart Live 4 c&ograve;n tồn tại một số khiếm khuyết, nhưng khi x&eacute;t một c&aacute;ch tổng thể, người d&ugrave;ng kh&oacute; c&oacute; thể t&igrave;m được một smartphone n&agrave;o kh&aacute;c tốt hơn ở ph&acirc;n kh&uacute;c 4 triệu đồng.</p>', '{"0": [12, 1], "1": [13, 1], "2": [14, 1], "3": [12, 2], "4": [13, 2], "5": [14, 2]}'),
(10, 1, 4, 1, '0.001', 'mon', 1, 'new', 1, '2020-10-02 06:58:36', '2020-10-03 06:33:39', 'nho-kha-nang-nay-loai-meo-co-the-la-cuu-tinh-giup-the-gioi-thoat-khoi-covid-19', 'Nhờ khả năng này, loài mèo có thể là cứu tinh giúp thế giới thoát khỏi COVID-19', '<p>Mặc d&ugrave; một số quốc gia đ&atilde; cố gắng hết sức v&agrave; th&agrave;nh c&ocirc;ng trong việc hạn chế ảnh hưởng của dịch bệnh, th&igrave; đại dịch COVID-19 vẫn đang ho&agrave;nh h&agrave;nh tr&ecirc;n quy m&ocirc; to&agrave;n cầu. Rất nhiều người vẫn đang bị bệnh hoặc sẽ bị ốm trong những tuần v&agrave; th&aacute;ng tới, v&agrave; vắc xin c&oacute; thể l&agrave; c&aacute;ch duy nhất để thực sự chống lại n&oacute;.</p>\r\n\r\n<p>Hiện nay, c&aacute;c nghi&ecirc;n cứu đ&atilde; cho thấy con người kh&ocirc;ng phải l&agrave; lo&agrave;i duy nhất c&oacute; thể nhiễm virus corona. Ch&oacute; v&agrave; m&egrave;o, đ&atilde; được nghi&ecirc;n cứu trong nhiều th&aacute;ng về phản ứng của ch&uacute;ng với virus, dường như cũng c&oacute; khả năng l&acirc;y nhiễm. Nhưng, ph&aacute;t hiện mới đ&acirc;y cho thấy lo&agrave;i m&egrave;o c&oacute; một biện ph&aacute;p bảo vệ đặc biệt m&agrave; cuối c&ugrave;ng c&oacute; thể chứng minh l&agrave; hữu &iacute;ch cho con người.</p>', '<p>g ra th&ocirc;ng b&aacute;o cho hay họ đ&atilde; bỏ kế hoạch tới bang Florida để vận động tranh cử ra khỏi lịch trg ra th&ocirc;ng b&aacute;o cho hay họ đ&atilde; bỏ kế hoạch tới bang Florida để vận động tranh cử ra khỏi lịch trg ra th&ocirc;ng b&aacute;o cho hay họ đ&atilde; bỏ kế hoạch tới bang Florida để vận động tranh cử ra khỏi lịch tr</p>', '{"0": [12, 1], "1": [14, 1], "2": [13, 1], "3": [12, 2], "4": [14, 2], "5": [13, 2], "6": [12, 3], "7": [14, 3], "8": [13, 3]}');

-- --------------------------------------------------------

--
-- Table structure for table `product_attribute`
--

DROP TABLE IF EXISTS `product_attribute`;
CREATE TABLE IF NOT EXISTS `product_attribute` (
  `pro_attribute_id` int(11) UNSIGNED NOT NULL AUTO_INCREMENT,
  `product_id` int(11) UNSIGNED NOT NULL,
  `attr_name` varchar(255) DEFAULT NULL,
  `price` decimal(20,3) NOT NULL DEFAULT '0.000',
  `quantity` int(11) NOT NULL DEFAULT '0',
  `date_add` datetime NOT NULL,
  `date_upd` datetime DEFAULT NULL,
  `available_date` datetime DEFAULT NULL,
  PRIMARY KEY (`pro_attribute_id`),
  KEY `reference` (`attr_name`),
  KEY `pro_attribute_id_product_id` (`pro_attribute_id`,`product_id`),
  KEY `product_attribute_1` (`product_id`)
) ENGINE=InnoDB AUTO_INCREMENT=246 DEFAULT CHARSET=utf8;

--
-- Dumping data for table `product_attribute`
--

INSERT INTO `product_attribute` (`pro_attribute_id`, `product_id`, `attr_name`, `price`, `quantity`, `date_add`, `date_upd`, `available_date`) VALUES
(50, 5, 'Ra mắt laptop Acer Aspire 5 dùng Intel Core 10,', '780000.000', 1, '2020-09-11 02:40:48', '2020-10-01 17:15:37', '2020-10-01 17:15:37'),
(51, 5, 'card đồ họa rời NVIDIA', '70000.000', 1, '2020-09-11 02:40:48', '2020-10-01 17:15:37', '2020-10-01 17:15:37'),
(52, 5, 'Acer Aspire 5 dùng Intel C', '800000.000', 1, '2020-09-11 02:40:48', '2020-10-01 17:15:37', '2020-10-01 17:15:37'),
(201, 6, 'ời dùng những thiết bị Vsmart sẽ có thể xem nội dung Full HD ozwunhao', '150000.000', 10, '2020-09-28 15:42:15', '2020-10-01 17:16:06', '2020-10-01 17:16:06'),
(202, 6, 'ời dùng những thiết bị Vsmart sẽ có thể xem nội dung Full HD sxgqmbds', '530000.000', 10, '2020-09-28 15:42:15', '2020-10-01 17:16:06', '2020-10-01 17:16:06'),
(203, 6, 'ời dùng những thiết bị Vsmart sẽ có thể xem nội dung Full HD udrvgooy', '760000.000', 10, '2020-09-28 15:42:15', '2020-10-01 17:16:06', '2020-10-01 17:16:06'),
(204, 6, 'ời dùng những thiết bị Vsmart sẽ có thể xem nội dung Full HD czcewzoz', '410000.000', 10, '2020-09-28 15:42:15', '2020-10-01 17:16:06', '2020-10-01 17:16:06'),
(205, 6, 'ời dùng những thiết bị Vsmart sẽ có thể xem nội dung Full HD bnsznplg', '500000.000', 10, '2020-09-28 15:42:15', '2020-10-01 17:16:06', '2020-10-01 17:16:06'),
(206, 6, 'ời dùng những thiết bị Vsmart sẽ có thể xem nội dung Full HD yaqxbxza', '910000.000', 10, '2020-09-28 15:42:15', '2020-10-01 17:16:06', '2020-10-01 17:16:06'),
(207, 7, 'may giac rxpnapxn', '650000.000', 10, '2020-09-29 17:48:39', '2020-10-01 17:16:26', '2020-10-01 17:16:26'),
(208, 7, 'may giac zxhytemb', '510000.000', 10, '2020-09-29 17:48:39', '2020-10-01 17:16:26', '2020-10-01 17:16:26'),
(209, 7, 'may giac kebkmifz', '340000.000', 10, '2020-09-29 17:48:39', '2020-10-01 17:16:26', '2020-10-01 17:16:26'),
(210, 7, 'may giac jcqvcggk', '770000.000', 10, '2020-09-29 17:48:39', '2020-10-01 17:16:26', '2020-10-01 17:16:26'),
(211, 7, 'may giac zzhhheeh', '900000.000', 10, '2020-09-29 17:48:39', '2020-10-01 17:16:26', '2020-10-01 17:16:26'),
(212, 7, 'may giac fmjybkyy', '830000.000', 10, '2020-09-29 17:48:39', '2020-10-01 17:16:26', '2020-10-01 17:16:26'),
(213, 7, 'may giac sxerbjgl', '230000.000', 10, '2020-09-29 17:48:39', '2020-10-01 17:16:26', '2020-10-01 17:16:26'),
(214, 7, 'may giac ktveettb', '750000.000', 10, '2020-09-29 17:48:39', '2020-10-01 17:16:26', '2020-10-01 17:16:26'),
(215, 7, 'may giac rhcvudvo', '150000.000', 10, '2020-09-29 17:48:39', '2020-10-01 17:16:26', '2020-10-01 17:16:26'),
(216, 7, 'may giac vmqmhbge', '110000.000', 10, '2020-09-29 17:48:39', '2020-10-01 17:16:26', '2020-10-01 17:16:26'),
(217, 7, 'may giac wcgrapco', '60000.000', 10, '2020-09-29 17:48:39', '2020-10-01 17:16:26', '2020-10-01 17:16:26'),
(218, 7, 'may giac qrwygodz', '10000.000', 10, '2020-09-29 17:48:39', '2020-10-01 17:16:26', '2020-10-01 17:16:26'),
(219, 8, 'Điện thoại, smartphone chính hãng giá rẻ jmgcdliu', '390000.000', 10, '2020-09-30 02:00:27', '2020-10-01 17:16:44', '2020-10-01 17:16:44'),
(220, 8, 'Điện thoại, smartphone chính hãng giá rẻ oddpwxdn', '400000.000', 10, '2020-09-30 02:00:27', '2020-10-01 17:16:44', '2020-10-01 17:16:44'),
(221, 8, 'Điện thoại, smartphone chính hãng giá rẻ shbjfpbf', '1000000.000', 10, '2020-09-30 02:00:27', '2020-10-01 17:16:44', '2020-10-01 17:16:44'),
(222, 8, 'Điện thoại, smartphone chính hãng giá rẻ gulzpyju', '190000.000', 10, '2020-09-30 02:00:27', '2020-10-01 17:16:44', '2020-10-01 17:16:44'),
(223, 8, 'Điện thoại, smartphone chính hãng giá rẻ ldojpdkh', '700000.000', 10, '2020-09-30 02:00:27', '2020-10-01 17:16:44', '2020-10-01 17:16:44'),
(224, 8, 'Điện thoại, smartphone chính hãng giá rẻ vklxijnq', '830000.000', 10, '2020-09-30 02:00:27', '2020-10-01 17:16:44', '2020-10-01 17:16:44'),
(225, 8, 'Điện thoại, smartphone chính hãng giá rẻ etdmsvdu', '400000.000', 10, '2020-09-30 02:00:27', '2020-10-01 17:16:44', '2020-10-01 17:16:44'),
(226, 8, 'Điện thoại, smartphone chính hãng giá rẻ cchsqceq', '670000.000', 10, '2020-09-30 02:00:27', '2020-10-01 17:16:44', '2020-10-01 17:16:44'),
(227, 8, 'Điện thoại, smartphone chính hãng giá rẻ brvwlyzz', '60000.000', 10, '2020-09-30 02:00:27', '2020-10-03 08:15:14', '2020-10-03 08:15:14'),
(228, 9, 'Đánh giá Vsmart Live 4: Không thể đòi hỏi xkaimmbv', '550000.000', 10, '2020-10-02 06:31:10', '2020-10-02 06:47:47', '2020-10-02 06:47:47'),
(229, 9, 'Đánh giá Vsmart Live 4: Không thể đòi hỏi wiknognw', '850000.000', 10, '2020-10-02 06:31:10', '2020-10-02 06:46:14', '2020-10-02 06:46:14'),
(230, 9, 'Đánh giá Vsmart Live 4: Không thể đòi hỏi dnyuvvpm', '790000.000', 10, '2020-10-02 06:31:10', '2020-10-02 06:43:27', '2020-10-02 06:43:27'),
(231, 9, 'Đánh giá Vsmart Live 4: Không thể đòi hỏi etfqptae', '890000.000', 10, '2020-10-02 06:31:10', '2020-10-02 06:44:21', '2020-10-02 06:44:21'),
(232, 9, 'Đánh giá Vsmart Live 4: Không thể đòi hỏi ivkbdyvd', '810000.000', 10, '2020-10-02 06:31:10', '2020-10-02 06:45:38', '2020-10-02 06:45:38'),
(233, 9, 'Đánh giá Vsmart Live 4: Không thể đòi hỏi hnvepsnr', '1000000.000', 10, '2020-10-02 06:31:10', '2020-10-02 06:44:55', '2020-10-02 06:44:55'),
(234, 10, 'Nhờ khả năng này, loài mèo có thể là cứu tinh giúp thế giới thoát khỏi COVID-19 kndwfxrx', '500000.000', 10, '2020-10-02 07:01:38', '2020-10-03 06:33:39', '2020-10-03 06:33:39'),
(235, 10, 'Nhờ khả năng này, loài mèo có thể là cứu tinh giúp thế giới thoát khỏi COVID-19 ouydbqzv', '110000.000', 10, '2020-10-02 07:01:38', '2020-10-03 06:54:26', '2020-10-03 06:54:26'),
(236, 10, 'Nhờ khả năng này, loài mèo có thể là cứu tinh giúp thế giới thoát khỏi COVID-19 ixctddpc', '800000.000', 10, '2020-10-02 07:01:38', '2020-10-03 06:33:39', '2020-10-03 06:33:39'),
(239, 10, 'Nhờ khả năng này, loài mèo có thể là cứu tinh giúp thế giới thoát khỏi COVID-19 pyiqkluu', '140000.000', 10, '2020-10-02 07:01:38', '2020-10-03 06:33:39', '2020-10-03 06:33:39'),
(241, 10, 'Nhờ khả năng này, loài mèo có thể là cứu tinh giúp thế giới thoát khỏi COVID-19 rnjoxdha', '550000.000', 10, '2020-10-02 07:01:38', '2020-10-03 06:33:39', '2020-10-03 06:33:39'),
(243, 10, 'Nhờ khả năng này, loài mèo có thể là cứu tinh giúp thế giới thoát khỏi COVID-19 edaemclz', '150000.000', 10, '2020-10-02 11:30:34', '2020-10-03 06:33:39', '2020-10-03 06:33:39'),
(244, 10, 'Nhờ khả năng này, loài mèo có thể là cứu tinh giúp thế giới thoát khỏi COVID-19 nfgujcdv', '440000.000', 10, '2020-10-03 06:31:37', '2020-10-03 06:33:39', '2020-10-03 06:33:39'),
(245, 10, 'Nhờ khả năng này, loài mèo có thể là cứu tinh giúp thế giới thoát khỏi COVID-19 vnlgiyly', '510000.000', 10, '2020-10-03 06:32:48', '2020-10-03 06:33:39', '2020-10-03 06:33:39');

-- --------------------------------------------------------

--
-- Table structure for table `product_attribute_combination`
--

DROP TABLE IF EXISTS `product_attribute_combination`;
CREATE TABLE IF NOT EXISTS `product_attribute_combination` (
  `auto_id` int(11) UNSIGNED NOT NULL AUTO_INCREMENT,
  `attribute_id` int(11) UNSIGNED DEFAULT NULL,
  `pro_attribute_id` int(11) UNSIGNED DEFAULT NULL,
  PRIMARY KEY (`auto_id`),
  KEY `product_attribute_combination_2` (`pro_attribute_id`),
  KEY `product_attribute_combination_1` (`attribute_id`)
) ENGINE=InnoDB AUTO_INCREMENT=605 DEFAULT CHARSET=utf8;

--
-- Dumping data for table `product_attribute_combination`
--

INSERT INTO `product_attribute_combination` (`auto_id`, `attribute_id`, `pro_attribute_id`) VALUES
(90, 12, 50),
(91, 13, 51),
(92, 14, 52),
(413, 1, 201),
(414, 12, 201),
(415, 2, 202),
(416, 12, 202),
(417, 3, 203),
(418, 12, 203),
(419, 1, 204),
(420, 13, 204),
(421, 2, 205),
(422, 13, 205),
(423, 3, 206),
(424, 13, 206),
(461, 12, 207),
(462, 10, 207),
(463, 1, 207),
(464, 13, 208),
(465, 10, 208),
(466, 1, 208),
(467, 12, 209),
(468, 11, 209),
(469, 1, 209),
(470, 13, 210),
(471, 11, 210),
(472, 1, 210),
(473, 12, 211),
(474, 10, 211),
(475, 3, 211),
(476, 13, 212),
(477, 10, 212),
(478, 3, 212),
(479, 12, 213),
(480, 11, 213),
(481, 3, 213),
(482, 13, 214),
(483, 11, 214),
(484, 3, 214),
(485, 12, 215),
(486, 10, 215),
(487, 2, 215),
(488, 13, 216),
(489, 10, 216),
(490, 2, 216),
(491, 12, 217),
(492, 11, 217),
(493, 2, 217),
(494, 13, 218),
(495, 11, 218),
(496, 2, 218),
(515, 12, 219),
(516, 1, 219),
(517, 13, 220),
(518, 1, 220),
(519, 14, 221),
(520, 1, 221),
(521, 12, 222),
(522, 2, 222),
(523, 13, 223),
(524, 2, 223),
(525, 14, 224),
(526, 2, 224),
(527, 12, 225),
(528, 3, 225),
(529, 13, 226),
(530, 3, 226),
(531, 14, 227),
(532, 3, 227),
(545, 12, 228),
(546, 1, 228),
(547, 13, 229),
(548, 1, 229),
(549, 14, 230),
(550, 1, 230),
(551, 12, 231),
(552, 2, 231),
(553, 13, 232),
(554, 2, 232),
(555, 14, 233),
(556, 2, 233),
(575, 12, 234),
(576, 1, 234),
(577, 14, 235),
(578, 1, 235),
(579, 13, 236),
(580, 1, 236),
(585, 13, 239),
(586, 2, 239),
(589, 14, 241),
(590, 3, 241),
(595, 13, 243),
(596, 3, 243),
(599, 14, 244),
(600, 2, 244),
(603, 12, 245),
(604, 3, 245);

-- --------------------------------------------------------

--
-- Table structure for table `product_attribute_group`
--

DROP TABLE IF EXISTS `product_attribute_group`;
CREATE TABLE IF NOT EXISTS `product_attribute_group` (
  `auto_id` int(11) UNSIGNED NOT NULL AUTO_INCREMENT,
  `product_id` int(11) UNSIGNED DEFAULT NULL,
  `attr_group_id` int(11) UNSIGNED DEFAULT NULL,
  `attribute_id` int(11) UNSIGNED DEFAULT NULL,
  PRIMARY KEY (`auto_id`),
  KEY `fk_product_attribute_group_1` (`attr_group_id`),
  KEY `fk_product_attribute_group_2` (`attribute_id`),
  KEY `fk_product_attribute_group_3` (`product_id`)
) ENGINE=InnoDB AUTO_INCREMENT=119 DEFAULT CHARSET=utf8mb4;

--
-- Dumping data for table `product_attribute_group`
--

INSERT INTO `product_attribute_group` (`auto_id`, `product_id`, `attr_group_id`, `attribute_id`) VALUES
(68, 5, 4, 12),
(69, 5, 4, 13),
(70, 5, 4, 14),
(71, 6, 1, 1),
(72, 6, 1, 2),
(73, 6, 1, 3),
(74, 6, 4, 12),
(75, 6, 4, 13),
(87, 7, 3, 10),
(88, 7, 3, 11),
(93, 7, 1, 1),
(94, 7, 1, 3),
(98, 7, 4, 12),
(99, 7, 1, 2),
(100, 7, 4, 13),
(102, 8, 1, 1),
(103, 8, 1, 2),
(104, 8, 1, 3),
(105, 8, 4, 12),
(106, 8, 4, 13),
(107, 8, 4, 14),
(108, 9, 1, 1),
(109, 9, 1, 2),
(110, 9, 4, 12),
(111, 9, 4, 13),
(112, 9, 4, 14),
(113, 10, 1, 1),
(114, 10, 1, 2),
(115, 10, 1, 3),
(116, 10, 4, 12),
(117, 10, 4, 14),
(118, 10, 4, 13);

-- --------------------------------------------------------

--
-- Table structure for table `product_attribute_tag`
--

DROP TABLE IF EXISTS `product_attribute_tag`;
CREATE TABLE IF NOT EXISTS `product_attribute_tag` (
  `auto_id` int(11) UNSIGNED NOT NULL AUTO_INCREMENT,
  `product_id` int(11) UNSIGNED NOT NULL,
  `pro_attribute_id` int(11) UNSIGNED NOT NULL,
  `tag_id` int(11) UNSIGNED NOT NULL,
  `frequency` int(11) UNSIGNED DEFAULT '1',
  PRIMARY KEY (`auto_id`),
  KEY `fk_product_attribute_tag_1` (`pro_attribute_id`),
  KEY `fk_product_attribute_tag_2` (`tag_id`),
  KEY `fk_product_attribute_tag_3` (`product_id`)
) ENGINE=InnoDB DEFAULT CHARSET=utf8;

-- --------------------------------------------------------

--
-- Table structure for table `product_tag`
--

DROP TABLE IF EXISTS `product_tag`;
CREATE TABLE IF NOT EXISTS `product_tag` (
  `auto_id` int(11) UNSIGNED NOT NULL AUTO_INCREMENT,
  `product_id` int(11) UNSIGNED NOT NULL,
  `tag_id` int(11) UNSIGNED NOT NULL,
  `frequency` int(11) UNSIGNED DEFAULT '0',
  PRIMARY KEY (`auto_id`),
  KEY `product_tag_2` (`tag_id`),
  KEY `product_tag_1` (`product_id`)
) ENGINE=InnoDB DEFAULT CHARSET=utf8;

-- --------------------------------------------------------

--
-- Table structure for table `profile`
--

DROP TABLE IF EXISTS `profile`;
CREATE TABLE IF NOT EXISTS `profile` (
  `user_id` int(11) NOT NULL,
  `birth_date` date DEFAULT NULL,
  `address` varchar(255) DEFAULT NULL,
  `location` varchar(30) DEFAULT NULL,
  `role` tinyint(2) UNSIGNED DEFAULT NULL,
  `verified` tinyint(2) UNSIGNED DEFAULT NULL,
  `social_joined` varchar(255) DEFAULT NULL,
  `gender` tinyint(2) DEFAULT NULL,
  `couple_status` tinyint(2) DEFAULT NULL,
  PRIMARY KEY (`user_id`)
) ENGINE=InnoDB DEFAULT CHARSET=utf8mb4;

--
-- Dumping data for table `profile`
--

INSERT INTO `profile` (`user_id`, `birth_date`, `address`, `location`, `role`, `verified`, `social_joined`, `gender`, `couple_status`) VALUES
(1, '2020-09-21', '141/14 kp2', 'vietnam', 4, 0, NULL, 0, 4);

-- --------------------------------------------------------

--
-- Table structure for table `queue`
--

DROP TABLE IF EXISTS `queue`;
CREATE TABLE IF NOT EXISTS `queue` (
  `queue_id` int(11) UNSIGNED NOT NULL AUTO_INCREMENT,
  `from_name` varchar(64) DEFAULT NULL,
  `from_email` varchar(128) NOT NULL,
  `to_email` varchar(128) NOT NULL,
  `subject` varchar(255) NOT NULL,
  `message` text NOT NULL,
  `max_attempts` tinyint(3) UNSIGNED NOT NULL DEFAULT '3',
  `attempts` tinyint(3) UNSIGNED NOT NULL DEFAULT '0',
  `status` tinyint(2) NOT NULL DEFAULT '0',
  `date_published` datetime DEFAULT NULL,
  `last_attempt` datetime DEFAULT NULL,
  `date_sent` datetime DEFAULT NULL,
  PRIMARY KEY (`queue_id`),
  KEY `to_email` (`to_email`)
) ENGINE=InnoDB DEFAULT CHARSET=utf8;

-- --------------------------------------------------------

--
-- Table structure for table `room`
--

DROP TABLE IF EXISTS `room`;
CREATE TABLE IF NOT EXISTS `room` (
  `room_id` int(11) UNSIGNED NOT NULL AUTO_INCREMENT,
  `name_room` varchar(128) DEFAULT NULL,
  `name_creator` varchar(64) DEFAULT NULL COMMENT 'name\nor \nemail\nor\nnumber phone',
  `info` varchar(256) DEFAULT NULL,
  `owner_upd_id` int(11) UNSIGNED DEFAULT NULL,
  `status` tinyint(1) DEFAULT '1',
  `status_reason` tinytext,
  `date_add` datetime NOT NULL,
  `date_upd` datetime DEFAULT NULL,
  PRIMARY KEY (`room_id`)
) ENGINE=InnoDB DEFAULT CHARSET=utf8;

-- --------------------------------------------------------

--
-- Table structure for table `room4chat`
--

DROP TABLE IF EXISTS `room4chat`;
CREATE TABLE IF NOT EXISTS `room4chat` (
  `room_id4chat` int(11) UNSIGNED NOT NULL AUTO_INCREMENT,
  `content` text NOT NULL,
  `status` tinyint(1) DEFAULT '1',
  `date_add` datetime NOT NULL,
  `date_upd` datetime DEFAULT NULL,
  `owner_id` int(11) UNSIGNED NOT NULL COMMENT 'key of identity_object:\nUser \nor \nCustomer \nor \nGuest',
  `identity_type` varchar(45) DEFAULT NULL COMMENT 'user\ncustommer\nguest',
  `identity_object` varchar(45) DEFAULT NULL COMMENT 'User\nCustommer\nGuest',
  `room_id` int(11) UNSIGNED NOT NULL,
  `old_content` text,
  `status_reason` tinytext,
  `media` varchar(128) DEFAULT NULL COMMENT 'name of media',
  `type` varchar(5) DEFAULT NULL COMMENT 'type of media',
  PRIMARY KEY (`room_id4chat`),
  KEY `fk_room4chat_1_idx` (`room_id`)
) ENGINE=InnoDB DEFAULT CHARSET=utf8;

-- --------------------------------------------------------

--
-- Table structure for table `service`
--

DROP TABLE IF EXISTS `service`;
CREATE TABLE IF NOT EXISTS `service` (
  `service_id` int(11) UNSIGNED NOT NULL AUTO_INCREMENT,
  `name` varchar(45) DEFAULT NULL,
  `price` decimal(20,2) DEFAULT NULL,
  `price_in_pack` decimal(20,2) DEFAULT NULL,
  `available_date` datetime DEFAULT NULL,
  `unity` varchar(45) DEFAULT NULL,
  PRIMARY KEY (`service_id`)
) ENGINE=InnoDB DEFAULT CHARSET=utf8;

-- --------------------------------------------------------

--
-- Table structure for table `socialaccount_socialaccount`
--

DROP TABLE IF EXISTS `socialaccount_socialaccount`;
CREATE TABLE IF NOT EXISTS `socialaccount_socialaccount` (
  `id` int(11) NOT NULL AUTO_INCREMENT,
  `provider` varchar(30) NOT NULL,
  `uid` varchar(191) NOT NULL,
  `last_login` datetime(6) NOT NULL,
  `date_joined` datetime(6) NOT NULL,
  `extra_data` longtext NOT NULL,
  `user_id` int(11) NOT NULL,
  PRIMARY KEY (`id`),
  UNIQUE KEY `socialaccount_socialaccount_provider_uid_fc810c6e_uniq` (`provider`,`uid`),
  KEY `socialaccount_socialaccount_user_id_8146e70c_fk_auth_user_id` (`user_id`)
) ENGINE=InnoDB DEFAULT CHARSET=utf8mb4;

-- --------------------------------------------------------

--
-- Table structure for table `socialaccount_socialapp`
--

DROP TABLE IF EXISTS `socialaccount_socialapp`;
CREATE TABLE IF NOT EXISTS `socialaccount_socialapp` (
  `id` int(11) NOT NULL AUTO_INCREMENT,
  `provider` varchar(30) NOT NULL,
  `name` varchar(40) NOT NULL,
  `client_id` varchar(191) NOT NULL,
  `secret` varchar(191) NOT NULL,
  `key` varchar(191) NOT NULL,
  PRIMARY KEY (`id`)
) ENGINE=InnoDB DEFAULT CHARSET=utf8mb4;

-- --------------------------------------------------------

--
-- Table structure for table `socialaccount_socialapp_sites`
--

DROP TABLE IF EXISTS `socialaccount_socialapp_sites`;
CREATE TABLE IF NOT EXISTS `socialaccount_socialapp_sites` (
  `id` int(11) NOT NULL AUTO_INCREMENT,
  `socialapp_id` int(11) NOT NULL,
  `site_id` int(11) NOT NULL,
  PRIMARY KEY (`id`),
  UNIQUE KEY `socialaccount_socialapp_sites_socialapp_id_site_id_71a9a768_uniq` (`socialapp_id`,`site_id`),
  KEY `socialaccount_socialapp_sites_site_id_2579dee5_fk_django_site_id` (`site_id`)
) ENGINE=InnoDB DEFAULT CHARSET=utf8mb4;

-- --------------------------------------------------------

--
-- Table structure for table `socialaccount_socialtoken`
--

DROP TABLE IF EXISTS `socialaccount_socialtoken`;
CREATE TABLE IF NOT EXISTS `socialaccount_socialtoken` (
  `id` int(11) NOT NULL AUTO_INCREMENT,
  `token` longtext NOT NULL,
  `token_secret` longtext NOT NULL,
  `expires_at` datetime(6) DEFAULT NULL,
  `account_id` int(11) NOT NULL,
  `app_id` int(11) NOT NULL,
  PRIMARY KEY (`id`),
  UNIQUE KEY `socialaccount_socialtoken_app_id_account_id_fca4e0ac_uniq` (`app_id`,`account_id`),
  KEY `socialaccount_social_account_id_951f210e_fk_socialacc` (`account_id`)
) ENGINE=InnoDB DEFAULT CHARSET=utf8mb4;

-- --------------------------------------------------------

--
-- Table structure for table `specific_price`
--

DROP TABLE IF EXISTS `specific_price`;
CREATE TABLE IF NOT EXISTS `specific_price` (
  `specific_price_id` int(11) UNSIGNED NOT NULL AUTO_INCREMENT,
  `spec_pri_ru_id` int(11) UNSIGNED DEFAULT NULL,
  `cart_id` int(11) UNSIGNED NOT NULL,
  `price` decimal(20,6) NOT NULL,
  `find_item_id` varchar(45) DEFAULT NULL,
  PRIMARY KEY (`specific_price_id`),
  KEY `specific_price_1` (`spec_pri_ru_id`),
  KEY `specific_price_2` (`cart_id`)
) ENGINE=InnoDB DEFAULT CHARSET=utf8;

-- --------------------------------------------------------

--
-- Table structure for table `specific_price_rule`
--

DROP TABLE IF EXISTS `specific_price_rule`;
CREATE TABLE IF NOT EXISTS `specific_price_rule` (
  `spec_pri_ru_id` int(11) UNSIGNED NOT NULL AUTO_INCREMENT,
  `name` varchar(255) NOT NULL,
  `secure_key` varchar(45) NOT NULL,
  `to` date DEFAULT NULL,
  `from` date DEFAULT NULL,
  `quantity` int(11) UNSIGNED DEFAULT NULL,
  `remain_qty` int(11) UNSIGNED DEFAULT NULL,
  `type_rule_id` int(11) UNSIGNED DEFAULT NULL,
  PRIMARY KEY (`spec_pri_ru_id`),
  KEY `fk_specific_price_rule_1_idx` (`type_rule_id`)
) ENGINE=InnoDB DEFAULT CHARSET=utf8;

-- --------------------------------------------------------

--
-- Table structure for table `subscriber`
--

DROP TABLE IF EXISTS `subscriber`;
CREATE TABLE IF NOT EXISTS `subscriber` (
  `email` varchar(128) NOT NULL,
  `first_name` varchar(45) DEFAULT NULL,
  `last_name` varchar(45) DEFAULT NULL,
  `status` tinyint(4) DEFAULT '1',
  `date_join` date DEFAULT NULL,
  `service` enum('news','service','full') DEFAULT 'full',
  `limited` enum('day','week','month') DEFAULT 'day',
  PRIMARY KEY (`email`),
  UNIQUE KEY `email_UNIQUE` (`email`)
) ENGINE=InnoDB DEFAULT CHARSET=utf8;

-- --------------------------------------------------------

--
-- Table structure for table `subscriber_post`
--

DROP TABLE IF EXISTS `subscriber_post`;
CREATE TABLE IF NOT EXISTS `subscriber_post` (
  `email` varchar(128) NOT NULL,
  `post_id` int(11) UNSIGNED NOT NULL,
  `status` tinyint(1) DEFAULT NULL,
  `date_sent` date DEFAULT NULL,
  `info` text,
  PRIMARY KEY (`email`,`post_id`),
  KEY `fk_subscriber_post_1_idx` (`email`),
  KEY `fk_subscriber_post_2_idx` (`post_id`)
) ENGINE=InnoDB DEFAULT CHARSET=utf8;

-- --------------------------------------------------------

--
-- Table structure for table `subscriber_product_attribute`
--

DROP TABLE IF EXISTS `subscriber_product_attribute`;
CREATE TABLE IF NOT EXISTS `subscriber_product_attribute` (
  `email` varchar(128) NOT NULL,
  `product_id` int(11) UNSIGNED NOT NULL,
  `pro_attribute_id` int(11) DEFAULT NULL,
  `status` tinyint(4) DEFAULT NULL,
  `date_sent` date DEFAULT NULL,
  `info` text,
  PRIMARY KEY (`email`,`product_id`),
  KEY `fk_subscriber_product_2_idx` (`product_id`)
) ENGINE=InnoDB DEFAULT CHARSET=utf8;

-- --------------------------------------------------------

--
-- Table structure for table `tag`
--

DROP TABLE IF EXISTS `tag`;
CREATE TABLE IF NOT EXISTS `tag` (
  `tag_id` int(11) UNSIGNED NOT NULL AUTO_INCREMENT,
  `name` varchar(45) NOT NULL,
  `name_en` varchar(45) NOT NULL,
  `frequency` int(11) UNSIGNED DEFAULT '1',
  PRIMARY KEY (`tag_id`),
  UNIQUE KEY `name_en_UNIQUE` (`name_en`),
  KEY `tag_name` (`name`)
) ENGINE=InnoDB DEFAULT CHARSET=utf8;

-- --------------------------------------------------------

--
-- Table structure for table `type_rule`
--

DROP TABLE IF EXISTS `type_rule`;
CREATE TABLE IF NOT EXISTS `type_rule` (
  `type_rule_id` int(11) UNSIGNED NOT NULL AUTO_INCREMENT,
  `name` tinytext,
  `add_to_item` enum('all','item','pack','special','voucher') DEFAULT NULL,
  `amount` decimal(20,2) DEFAULT NULL,
  `ratio` decimal(20,2) DEFAULT NULL,
  PRIMARY KEY (`type_rule_id`)
) ENGINE=InnoDB DEFAULT CHARSET=utf8;

-- --------------------------------------------------------

--
-- Table structure for table `ward`
--

DROP TABLE IF EXISTS `ward`;
CREATE TABLE IF NOT EXISTS `ward` (
  `ward_id` int(11) UNSIGNED NOT NULL AUTO_INCREMENT,
  `name` varchar(45) NOT NULL,
  `district_id` int(11) UNSIGNED NOT NULL,
  PRIMARY KEY (`ward_id`),
  KEY `fk_ward_1` (`district_id`)
) ENGINE=InnoDB AUTO_INCREMENT=32249 DEFAULT CHARSET=utf8;

--
-- Dumping data for table `ward`
--

INSERT INTO `ward` (`ward_id`, `name`, `district_id`) VALUES
(1, 'Phường Phúc Xá', 1),
(4, 'Phường Trúc Bạch', 1),
(6, 'Phường Vĩnh Phúc', 1),
(7, 'Phường Cống Vị', 1),
(8, 'Phường Liễu Giai', 1),
(10, 'Phường Nguyễn Trung Trực', 1),
(13, 'Phường Quán Thánh', 1),
(16, 'Phường Ngọc Hà', 1),
(19, 'Phường Điện Biên', 1),
(22, 'Phường Đội Cấn', 1),
(25, 'Phường Ngọc Khánh', 1),
(28, 'Phường Kim Mã', 1),
(31, 'Phường Giảng Võ', 1),
(34, 'Phường Thành Công', 1),
(37, 'Phường Phúc Tân', 2),
(40, 'Phường Đồng Xuân', 2),
(43, 'Phường Hàng Mã', 2),
(46, 'Phường Hàng Buồm', 2),
(49, 'Phường Hàng Đào', 2),
(52, 'Phường Hàng Bồ', 2),
(55, 'Phường Cửa Đông', 2),
(58, 'Phường Lý Thái Tổ', 2),
(61, 'Phường Hàng Bạc', 2),
(64, 'Phường Hàng Gai', 2),
(67, 'Phường Chương Dương Độ', 2),
(70, 'Phường Hàng Trống', 2),
(73, 'Phường Cửa Nam', 2),
(76, 'Phường Hàng Bông', 2),
(79, 'Phường Tràng Tiền', 2),
(82, 'Phường Trần Hưng Đạo', 2),
(85, 'Phường Phan Chu Trinh', 2),
(88, 'Phường Hàng Bài', 2),
(91, 'Phường Phú Thượng', 3),
(94, 'Phường Nhật Tân', 3),
(97, 'Phường Tứ Liên', 3),
(100, 'Phường Quảng An', 3),
(103, 'Phường Xuân La', 3),
(106, 'Phường Yên Phụ', 3),
(109, 'Phường Bưởi', 3),
(112, 'Phường Thụy Khuê', 3),
(115, 'Phường Thượng Thanh', 4),
(118, 'Phường Ngọc Thụy', 4),
(121, 'Phường Giang Biên', 4),
(124, 'Phường Đức Giang', 4),
(127, 'Phường Việt Hưng', 4),
(130, 'Phường Gia Thụy', 4),
(133, 'Phường Ngọc Lâm', 4),
(136, 'Phường Phúc Lợi', 4),
(139, 'Phường Bồ Đề', 4),
(142, 'Phường Sài Đồng', 4),
(145, 'Phường Long Biên', 4),
(148, 'Phường Thạch Bàn', 4),
(151, 'Phường Phúc Đồng', 4),
(154, 'Phường Cự Khối', 4),
(157, 'Phường Nghĩa Đô', 5),
(160, 'Phường Nghĩa Tân', 5),
(163, 'Phường Mai Dịch', 5),
(166, 'Phường Dịch Vọng', 5),
(167, 'Phường Dịch Vọng Hậu', 5),
(169, 'Phường Quan Hoa', 5),
(172, 'Phường Yên Hoà', 5),
(175, 'Phường Trung Hoà', 5),
(178, 'Phường Cát Linh', 6),
(181, 'Phường Văn Miếu', 6),
(184, 'Phường Quốc Tử Giám', 6),
(187, 'Phường Láng Thượng', 6),
(190, 'Phường Ô Chợ Dừa', 6),
(193, 'Phường Văn Chương', 6),
(196, 'Phường Hàng Bột', 6),
(199, 'Phường Láng Hạ', 6),
(202, 'Phường Khâm Thiên', 6),
(205, 'Phường Thổ Quan', 6),
(208, 'Phường Nam Đồng', 6),
(211, 'Phường Trung Phụng', 6),
(214, 'Phường Quang Trung', 6),
(217, 'Phường Trung Liệt', 6),
(220, 'Phường Phương Liên', 6),
(223, 'Phường Thịnh Quang', 6),
(226, 'Phường Trung Tự', 6),
(229, 'Phường Kim Liên', 6),
(232, 'Phường Phương Mai', 6),
(235, 'Phường Ngã Tư Sở', 6),
(238, 'Phường Khương Thượng', 6),
(241, 'Phường Nguyễn Du', 7),
(244, 'Phường Bạch Đằng', 7),
(247, 'Phường Phạm Đình Hổ', 7),
(250, 'Phường Bùi Thị Xuân', 7),
(253, 'Phường Ngô Thì Nhậm', 7),
(256, 'Phường Lê Đại Hành', 7),
(259, 'Phường Đồng Nhân', 7),
(262, 'Phường Phố Huế', 7),
(265, 'Phường Đống Mác', 7),
(268, 'Phường Thanh Lương', 7),
(271, 'Phường Thanh Nhàn', 7),
(274, 'Phường Cầu Dền', 7),
(277, 'Phường Bách Khoa', 7),
(280, 'Phường Đồng Tâm', 7),
(283, 'Phường Vĩnh Tuy', 7),
(286, 'Phường Bạch Mai', 7),
(289, 'Phường Quỳnh Mai', 7),
(292, 'Phường Quỳnh Lôi', 7),
(295, 'Phường Minh Khai', 7),
(298, 'Phường Trương Định', 7),
(301, 'Phường Thanh Trì', 8),
(304, 'Phường Vĩnh Hưng', 8),
(307, 'Phường Định Công', 8),
(310, 'Phường Mai Động', 8),
(313, 'Phường Tương Mai', 8),
(316, 'Phường Đại Kim', 8),
(319, 'Phường Tân Mai', 8),
(322, 'Phường Hoàng Văn Thụ', 8),
(325, 'Phường Giáp Bát', 8),
(328, 'Phường Lĩnh Nam', 8),
(331, 'Phường Thịnh Liệt', 8),
(334, 'Phường Trần Phú', 8),
(337, 'Phường Hoàng Liệt', 8),
(340, 'Phường Yên Sở', 8),
(343, 'Phường Nhân Chính', 9),
(346, 'Phường Thượng Đình', 9),
(349, 'Phường Khương Trung', 9),
(352, 'Phường Khương Mai', 9),
(355, 'Phường Thanh Xuân Trung', 9),
(358, 'Phường Phương Liệt', 9),
(361, 'Phường Hạ Đình', 9),
(364, 'Phường Khương Đình', 9),
(367, 'Phường Thanh Xuân Bắc', 9),
(370, 'Phường Thanh Xuân Nam', 9),
(373, 'Phường Kim Giang', 9),
(376, 'Thị trấn Sóc Sơn', 16),
(379, 'Xã Bắc Sơn', 16),
(382, 'Xã Minh Trí', 16),
(385, 'Xã Hồng Kỳ', 16),
(388, 'Xã Nam Sơn', 16),
(391, 'Xã Trung Giã', 16),
(394, 'Xã Tân Hưng', 16),
(397, 'Xã Minh Phú', 16),
(400, 'Xã Phù Linh', 16),
(403, 'Xã Bắc Phú', 16),
(406, 'Xã Tân Minh', 16),
(409, 'Xã Quang Tiến', 16),
(412, 'Xã Hiền Ninh', 16),
(415, 'Xã Tân Dân', 16),
(418, 'Xã Tiên Dược', 16),
(421, 'Xã Việt Long', 16),
(424, 'Xã Xuân Giang', 16),
(427, 'Xã Mai Đình', 16),
(430, 'Xã Đức Hoà', 16),
(433, 'Xã Thanh Xuân', 16),
(436, 'Xã Đông Xuân', 16),
(439, 'Xã Kim Lũ', 16),
(442, 'Xã Phú Cường', 16),
(445, 'Xã Phú Minh', 16),
(448, 'Xã Phù Lỗ', 16),
(451, 'Xã Xuân Thu', 16),
(454, 'Thị trấn Đông Anh', 17),
(457, 'Xã Xuân Nộn', 17),
(460, 'Xã Thuỵ Lâm', 17),
(463, 'Xã Bắc Hồng', 17),
(466, 'Xã Nguyên Khê', 17),
(469, 'Xã Nam Hồng', 17),
(472, 'Xã Tiên Dương', 17),
(475, 'Xã Vân Hà', 17),
(478, 'Xã Uy Nỗ', 17),
(481, 'Xã Vân Nội', 17),
(484, 'Xã Liên Hà', 17),
(487, 'Xã Việt Hùng', 17),
(490, 'Xã Kim Nỗ', 17),
(493, 'Xã Kim Chung', 17),
(496, 'Xã Dục Tú', 17),
(499, 'Xã Đại Mạch', 17),
(502, 'Xã Vĩnh Ngọc', 17),
(505, 'Xã Cổ Loa', 17),
(508, 'Xã Hải Bối', 17),
(511, 'Xã Xuân Canh', 17),
(514, 'Xã Võng La', 17),
(517, 'Xã Tầm Xá', 17),
(520, 'Xã Mai Lâm', 17),
(523, 'Xã Đông Hội', 17),
(526, 'Thị trấn Yên Viên', 18),
(529, 'Xã Yên Thường', 18),
(532, 'Xã Yên Viên', 18),
(535, 'Xã Ninh Hiệp', 18),
(538, 'Xã Đình Xuyên', 18),
(541, 'Xã Dương Hà', 18),
(544, 'Xã Phù Đổng', 18),
(547, 'Xã Trung Mầu', 18),
(550, 'Xã Lệ Chi', 18),
(553, 'Xã Cổ Bi', 18),
(556, 'Xã Đặng Xá', 18),
(559, 'Xã Phú Thị', 18),
(562, 'Xã Kim Sơn', 18),
(565, 'Thị trấn Trâu Quỳ', 18),
(568, 'Xã Dương Quang', 18),
(571, 'Xã Dương Xá', 18),
(574, 'Xã Đông Dư', 18),
(577, 'Xã Đa Tốn', 18),
(580, 'Xã Kiêu Kỵ', 18),
(583, 'Xã Bát Tràng', 18),
(586, 'Xã Kim Lan', 18),
(589, 'Xã Văn Đức', 18),
(592, 'Phường Cầu Diễn', 19),
(595, 'Phường Thượng Cát', 21),
(598, 'Phường Liên Mạc', 21),
(601, 'Phường Đông Ngạc', 21),
(602, 'Phường Đức Thắng', 21),
(604, 'Phường Thụy Phương', 21),
(607, 'Phường Tây Tựu', 21),
(610, 'Phường Xuân Đỉnh', 21),
(611, 'Phường Xuân Tảo', 21),
(613, 'Phường Minh Khai', 21),
(616, 'Phường Cổ Nhuế 1', 21),
(617, 'Phường Cổ Nhuế 2', 21),
(619, 'Phường Phú Diễn', 21),
(620, 'Phường Phúc Diễn', 21),
(622, 'Phường Xuân Phương', 19),
(623, 'Phường Phương Canh', 19),
(625, 'Phường Mỹ Đình 1', 19),
(626, 'Phường Mỹ Đình 2', 19),
(628, 'Phường Tây Mỗ', 19),
(631, 'Phường Mễ Trì', 19),
(632, 'Phường Phú Đô', 19),
(634, 'Phường Đại Mỗ', 19),
(637, 'Phường Trung Văn', 19),
(640, 'Thị trấn Văn Điển', 20),
(643, 'Xã Tân Triều', 20),
(646, 'Xã Thanh Liệt', 20),
(649, 'Xã Tả Thanh Oai', 20),
(652, 'Xã Hữu Hoà', 20),
(655, 'Xã Tam Hiệp', 20),
(658, 'Xã Tứ Hiệp', 20),
(661, 'Xã Yên Mỹ', 20),
(664, 'Xã Vĩnh Quỳnh', 20),
(667, 'Xã Ngũ Hiệp', 20),
(670, 'Xã Duyên Hà', 20),
(673, 'Xã Ngọc Hồi', 20),
(676, 'Xã Vạn Phúc', 20),
(679, 'Xã Đại áng', 20),
(682, 'Xã Liên Ninh', 20),
(685, 'Xã Đông Mỹ', 20),
(688, 'Phường Quang Trung', 24),
(691, 'Phường Trần Phú', 24),
(692, 'Phường Ngọc Hà', 24),
(694, 'Phường Nguyễn Trãi', 24),
(697, 'Phường Minh Khai', 24),
(700, 'Xã Ngọc Đường', 24),
(703, 'Xã Kim Thạch', 30),
(706, 'Xã Phú Linh', 30),
(709, 'Xã Kim Linh', 30),
(712, 'Thị trấn Phó Bảng', 26),
(715, 'Xã Lũng Cú', 26),
(718, 'Xã Má Lé', 26),
(721, 'Thị trấn Đồng Văn', 26),
(724, 'Xã Lũng Táo', 26),
(727, 'Xã Phố Là', 26),
(730, 'Xã Thài Phìn Tủng', 26),
(733, 'Xã Sủng Là', 26),
(736, 'Xã Xà Phìn', 26),
(739, 'Xã Tả Phìn', 26),
(742, 'Xã Tả Lủng', 26),
(745, 'Xã Phố Cáo', 26),
(748, 'Xã Sính Lủng', 26),
(751, 'Xã Sảng Tủng', 26),
(754, 'Xã Lũng Thầu', 26),
(757, 'Xã Hố Quáng Phìn', 26),
(760, 'Xã Vần Chải', 26),
(763, 'Xã Lũng Phìn', 26),
(766, 'Xã Sủng Trái', 26),
(769, 'Thị trấn Mèo Vạc', 27),
(772, 'Xã Thượng Phùng', 27),
(775, 'Xã Pải Lủng', 27),
(778, 'Xã Xín Cái', 27),
(781, 'Xã Pả Vi', 27),
(784, 'Xã Giàng Chu Phìn', 27),
(787, 'Xã Sủng Trà', 27),
(790, 'Xã Sủng Máng', 27),
(793, 'Xã Sơn Vĩ', 27),
(796, 'Xã Tả Lủng', 27),
(799, 'Xã Cán Chu Phìn', 27),
(802, 'Xã Lũng Pù', 27),
(805, 'Xã Lũng Chinh', 27),
(808, 'Xã Tát Ngà', 27),
(811, 'Xã Nậm Ban', 27),
(814, 'Xã Khâu Vai', 27),
(815, 'Xã Niêm Tòng', 27),
(817, 'Xã Niêm Sơn', 27),
(820, 'Thị trấn Yên Minh', 28),
(823, 'Xã Thắng Mố', 28),
(826, 'Xã Phú Lũng', 28),
(829, 'Xã Sủng Tráng', 28),
(832, 'Xã Bạch Đích', 28),
(835, 'Xã Na Khê', 28),
(838, 'Xã Sủng Thài', 28),
(841, 'Xã Hữu Vinh', 28),
(844, 'Xã Lao Và Chải', 28),
(847, 'Xã Mậu Duệ', 28),
(850, 'Xã Đông Minh', 28),
(853, 'Xã Mậu Long', 28),
(856, 'Xã Ngam La', 28),
(859, 'Xã Ngọc Long', 28),
(862, 'Xã Đường Thượng', 28),
(865, 'Xã Lũng Hồ', 28),
(868, 'Xã Du Tiến', 28),
(871, 'Xã Du Già', 28),
(874, 'Thị trấn Tam Sơn', 29),
(877, 'Xã Bát Đại Sơn', 29),
(880, 'Xã Nghĩa Thuận', 29),
(883, 'Xã Cán Tỷ', 29),
(886, 'Xã Cao Mã Pờ', 29),
(889, 'Xã Thanh Vân', 29),
(892, 'Xã Tùng Vài', 29),
(895, 'Xã Đông Hà', 29),
(898, 'Xã Quản Bạ', 29),
(901, 'Xã Lùng Tám', 29),
(904, 'Xã Quyết Tiến', 29),
(907, 'Xã Tả Ván', 29),
(910, 'Xã Thái An', 29),
(913, 'Thị trấn Vị Xuyên', 30),
(916, 'Thị trấn Nông Trường Việt Lâm', 30),
(919, 'Xã Minh Tân', 30),
(922, 'Xã Thuận Hoà', 30),
(925, 'Xã Tùng Bá', 30),
(928, 'Xã Thanh Thủy', 30),
(931, 'Xã Thanh Đức', 30),
(934, 'Xã Phong Quang', 30),
(937, 'Xã Xín Chải', 30),
(940, 'Xã Phương Tiến', 30),
(943, 'Xã Lao Chải', 30),
(946, 'Xã Phương Độ', 24),
(949, 'Xã Phương Thiện', 24),
(952, 'Xã Cao Bồ', 30),
(955, 'Xã Đạo Đức', 30),
(958, 'Xã Thượng Sơn', 30),
(961, 'Xã Linh Hồ', 30),
(964, 'Xã Quảng Ngần', 30),
(967, 'Xã Việt Lâm', 30),
(970, 'Xã Ngọc Linh', 30),
(973, 'Xã Ngọc Minh', 30),
(976, 'Xã Bạch Ngọc', 30),
(979, 'Xã Trung Thành', 30),
(982, 'Xã Minh Sơn', 31),
(985, 'Xã Giáp Trung', 31),
(988, 'Xã Yên Định', 31),
(991, 'Thị trấn Yên Phú', 31),
(994, 'Xã Minh Ngọc', 31),
(997, 'Xã Yên Phong', 31),
(1000, 'Xã Lạc Nông', 31),
(1003, 'Xã Phú Nam', 31),
(1006, 'Xã Yên Cường', 31),
(1009, 'Xã Thượng Tân', 31),
(1012, 'Xã Đường Âm', 31),
(1015, 'Xã Đường Hồng', 31),
(1018, 'Xã Phiêng Luông', 31),
(1021, 'Thị trấn Vinh Quang', 32),
(1024, 'Xã Bản Máy', 32),
(1027, 'Xã Thàng Tín', 32),
(1030, 'Xã Thèn Chu Phìn', 32),
(1033, 'Xã Pố Lồ', 32),
(1036, 'Xã Bản Phùng', 32),
(1039, 'Xã Túng Sán', 32),
(1042, 'Xã Chiến Phố', 32),
(1045, 'Xã Đản Ván', 32),
(1048, 'Xã Tụ Nhân', 32),
(1051, 'Xã Tân Tiến', 32),
(1054, 'Xã Nàng Đôn', 32),
(1057, 'Xã Pờ Ly Ngài', 32),
(1060, 'Xã Sán Xả Hồ', 32),
(1063, 'Xã Bản Luốc', 32),
(1066, 'Xã Ngàm Đăng Vài', 32),
(1069, 'Xã Bản Nhùng', 32),
(1072, 'Xã Tả Sử Choóng', 32),
(1075, 'Xã Nậm Dịch', 32),
(1078, 'Xã Bản Péo', 32),
(1081, 'Xã Hồ Thầu', 32),
(1084, 'Xã Nam Sơn', 32),
(1087, 'Xã Nậm Tỵ', 32),
(1090, 'Xã Thông Nguyên', 32),
(1093, 'Xã Nậm Khòa', 32),
(1096, 'Thị trấn Cốc Pài', 33),
(1099, 'Xã Nàn Xỉn', 33),
(1102, 'Xã Bản Díu', 33),
(1105, 'Xã Chí Cà', 33),
(1108, 'Xã Xín Mần', 33),
(1111, 'Xã Trung Thịnh', 33),
(1114, 'Xã Thèn Phàng', 33),
(1117, 'Xã Ngán Chiên', 33),
(1120, 'Xã Pà Vầy Sủ', 33),
(1123, 'Xã Cốc Rế', 33),
(1126, 'Xã Thu Tà', 33),
(1129, 'Xã Nàn Ma', 33),
(1132, 'Xã Tả Nhìu', 33),
(1135, 'Xã Bản Ngò', 33),
(1138, 'Xã Chế Là', 33),
(1141, 'Xã Nấm Dẩn', 33),
(1144, 'Xã Quảng Nguyên', 33),
(1147, 'Xã Nà Chì', 33),
(1150, 'Xã Khuôn Lùng', 33),
(1153, 'Thị trấn Việt Quang', 34),
(1156, 'Thị trấn Vĩnh Tuy', 34),
(1159, 'Xã Tân Lập', 34),
(1162, 'Xã Tân Thành', 34),
(1165, 'Xã Đồng Tiến', 34),
(1168, 'Xã Đồng Tâm', 34),
(1171, 'Xã Tân Quang', 34),
(1174, 'Xã Thượng Bình', 34),
(1177, 'Xã Hữu Sản', 34),
(1180, 'Xã Kim Ngọc', 34),
(1183, 'Xã Việt Vinh', 34),
(1186, 'Xã Bằng Hành', 34),
(1189, 'Xã Quang Minh', 34),
(1192, 'Xã Liên Hiệp', 34),
(1195, 'Xã Vô Điếm', 34),
(1198, 'Xã Việt Hồng', 34),
(1201, 'Xã Hùng An', 34),
(1204, 'Xã Đức Xuân', 34),
(1207, 'Xã Tiên Kiều', 34),
(1210, 'Xã Vĩnh Hảo', 34),
(1213, 'Xã Vĩnh Phúc', 34),
(1216, 'Xã Đồng Yên', 34),
(1219, 'Xã Đông Thành', 34),
(1222, 'Xã Xuân Minh', 35),
(1225, 'Xã Tiên Nguyên', 35),
(1228, 'Xã Tân Nam', 35),
(1231, 'Xã Bản Rịa', 35),
(1234, 'Xã Yên Thành', 35),
(1237, 'Thị trấn Yên Bình', 35),
(1240, 'Xã Tân Trịnh', 35),
(1243, 'Xã Tân Bắc', 35),
(1246, 'Xã Bằng Lang', 35),
(1249, 'Xã Yên Hà', 35),
(1252, 'Xã Hương Sơn', 35),
(1255, 'Xã Xuân Giang', 35),
(1258, 'Xã Nà Khương', 35),
(1261, 'Xã Tiên Yên', 35),
(1264, 'Xã Vĩ Thượng', 35),
(1267, 'Phường Sông Hiến', 40),
(1270, 'Phường Sông Bằng', 40),
(1273, 'Phường Hợp Giang', 40),
(1276, 'Phường Tân Giang', 40),
(1279, 'Phường Ngọc Xuân', 40),
(1282, 'Phường Đề Thám', 40),
(1285, 'Phường Hoà Chung', 40),
(1288, 'Phường Duyệt Trung', 40),
(1290, 'Thị trấn Pác Miầu', 42),
(1291, 'Xã Đức Hạnh', 42),
(1294, 'Xã Lý Bôn', 42),
(1296, 'Xã Nam Cao', 42),
(1297, 'Xã Nam Quang', 42),
(1300, 'Xã Vĩnh Quang', 42),
(1303, 'Xã Quảng Lâm', 42),
(1304, 'Xã Thạch Lâm', 42),
(1306, 'Xã Tân Việt', 42),
(1309, 'Xã Vĩnh Phong', 42),
(1312, 'Xã Mông Ân', 42),
(1315, 'Xã Thái Học', 42),
(1316, 'Xã Thái Sơn', 42),
(1318, 'Xã Yên Thổ', 42),
(1321, 'Thị trấn Bảo Lạc', 43),
(1324, 'Xã Cốc Pàng', 43),
(1327, 'Xã Thượng Hà', 43),
(1330, 'Xã Cô Ba', 43),
(1333, 'Xã Bảo Toàn', 43),
(1336, 'Xã Khánh Xuân', 43),
(1339, 'Xã Xuân Trường', 43),
(1342, 'Xã Hồng Trị', 43),
(1343, 'Xã Kim Cúc', 43),
(1345, 'Xã Phan Thanh', 43),
(1348, 'Xã Hồng An', 43),
(1351, 'Xã Hưng Đạo', 43),
(1352, 'Xã Hưng Thịnh', 43),
(1354, 'Xã Huy Giáp', 43),
(1357, 'Xã Đình Phùng', 43),
(1359, 'Xã Sơn Lập', 43),
(1360, 'Xã Sơn Lộ', 43),
(1363, 'Thị trấn Thông Nông', 44),
(1366, 'Xã Cần Yên', 44),
(1367, 'Xã Cần Nông', 44),
(1369, 'Xã Vị Quang', 44),
(1372, 'Xã Lương Thông', 44),
(1375, 'Xã Đa Thông', 44),
(1378, 'Xã Ngọc Động', 44),
(1381, 'Xã Yên Sơn', 44),
(1384, 'Xã Lương Can', 44),
(1387, 'Xã Thanh Long', 44),
(1390, 'Xã Bình Lãng', 44),
(1392, 'Thị trấn Xuân Hòa', 45),
(1393, 'Xã Lũng Nặm', 45),
(1396, 'Xã Kéo Yên', 45),
(1399, 'Xã Trường Hà', 45),
(1402, 'Xã Vân An', 45),
(1405, 'Xã Cải Viên', 45),
(1408, 'Xã Nà Sác', 45),
(1411, 'Xã Nội Thôn', 45),
(1414, 'Xã Tổng Cọt', 45),
(1417, 'Xã Sóc Hà', 45),
(1420, 'Xã Thượng Thôn', 45),
(1423, 'Xã Vần Dính', 45),
(1426, 'Xã Hồng Sĩ', 45),
(1429, 'Xã Sĩ Hai', 45),
(1432, 'Xã Quý Quân', 45),
(1435, 'Xã Mã Ba', 45),
(1438, 'Xã Phù Ngọc', 45),
(1441, 'Xã Đào Ngạn', 45),
(1444, 'Xã Hạ Thôn', 45),
(1447, 'Thị trấn Hùng Quốc', 46),
(1450, 'Xã Cô Mười', 46),
(1453, 'Xã Tri Phương', 46),
(1456, 'Xã Quang Hán', 46),
(1459, 'Xã Quang Vinh', 46),
(1462, 'Xã Xuân Nội', 46),
(1465, 'Xã Quang Trung', 46),
(1468, 'Xã Lưu Ngọc', 46),
(1471, 'Xã Cao Chương', 46),
(1474, 'Xã Quốc Toản', 46),
(1477, 'Thị trấn Trùng Khánh', 47),
(1480, 'Xã Ngọc Khê', 47),
(1481, 'Xã Ngọc Côn', 47),
(1483, 'Xã Phong Nậm', 47),
(1486, 'Xã Ngọc Chung', 47),
(1489, 'Xã Đình Phong', 47),
(1492, 'Xã Lăng Yên', 47),
(1495, 'Xã Đàm Thuỷ', 47),
(1498, 'Xã Khâm Thành', 47),
(1501, 'Xã Chí Viễn', 47),
(1504, 'Xã Lăng Hiếu', 47),
(1507, 'Xã Phong Châu', 47),
(1510, 'Xã Đình Minh', 47),
(1513, 'Xã Cảnh Tiên', 47),
(1516, 'Xã Trung Phúc', 47),
(1519, 'Xã Cao Thăng', 47),
(1522, 'Xã Đức Hồng', 47),
(1525, 'Xã Thông Hoè', 47),
(1528, 'Xã Thân Giáp', 47),
(1531, 'Xã Đoài Côn', 47),
(1534, 'Xã Minh Long', 48),
(1537, 'Xã Lý Quốc', 48),
(1540, 'Xã Thắng Lợi', 48),
(1543, 'Xã Đồng Loan', 48),
(1546, 'Xã Đức Quang', 48),
(1549, 'Xã Kim Loan', 48),
(1552, 'Xã Quang Long', 48),
(1555, 'Xã An Lạc', 48),
(1558, 'Thị trấn Thanh Nhật', 48),
(1561, 'Xã Vinh Quý', 48),
(1564, 'Xã Việt Chu', 48),
(1567, 'Xã Cô Ngân', 48),
(1570, 'Xã Thái Đức', 48),
(1573, 'Xã Thị Hoa', 48),
(1576, 'Thị trấn Quảng Uyên', 49),
(1579, 'Xã Phi Hải', 49),
(1582, 'Xã Quảng Hưng', 49),
(1585, 'Xã Bình Lăng', 49),
(1588, 'Xã Quốc Dân', 49),
(1591, 'Xã Quốc Phong', 49),
(1594, 'Xã Độc Lập', 49),
(1597, 'Xã Cai Bộ', 49),
(1600, 'Xã Đoài Khôn', 49),
(1603, 'Xã Phúc Sen', 49),
(1606, 'Xã Chí Thảo', 49),
(1609, 'Xã Tự Do', 49),
(1612, 'Xã Hồng Định', 49),
(1615, 'Xã Hồng Quang', 49),
(1618, 'Xã Ngọc Động', 49),
(1621, 'Xã Hoàng Hải', 49),
(1624, 'Xã Hạnh Phúc', 49),
(1627, 'Thị trấn Tà Lùng', 50),
(1630, 'Xã Triệu ẩu', 50),
(1633, 'Xã Hồng Đại', 50),
(1636, 'Xã Cách Linh', 50),
(1639, 'Xã Đại Sơn', 50),
(1642, 'Xã Lương Thiện', 50),
(1645, 'Xã Tiên Thành', 50),
(1648, 'Thị trấn Hoà Thuận', 50),
(1651, 'Xã Mỹ Hưng', 50),
(1654, 'Thị trấn Nước Hai', 51),
(1657, 'Xã Dân Chủ', 51),
(1660, 'Xã Nam Tuấn', 51),
(1663, 'Xã Đức Xuân', 51),
(1666, 'Xã Đại Tiến', 51),
(1669, 'Xã Đức Long', 51),
(1672, 'Xã Ngũ Lão', 51),
(1675, 'Xã Trương Lương', 51),
(1678, 'Xã Bình Long', 51),
(1681, 'Xã Nguyễn Huệ', 51),
(1684, 'Xã Công Trừng', 51),
(1687, 'Xã Hồng Việt', 51),
(1690, 'Xã Bế Triều', 51),
(1693, 'Xã Vĩnh Quang', 40),
(1696, 'Xã Hoàng Tung', 51),
(1699, 'Xã Trương Vương', 51),
(1702, 'Xã Quang Trung', 51),
(1705, 'Xã Hưng Đạo', 40),
(1708, 'Xã Bạch Đằng', 51),
(1711, 'Xã Bình Dương', 51),
(1714, 'Xã Lê Chung', 51),
(1717, 'Xã Hà Trì', 51),
(1720, 'Xã Chu Trinh', 40),
(1723, 'Xã Hồng Nam', 51),
(1726, 'Thị trấn Nguyên Bình', 52),
(1729, 'Thị trấn Tĩnh Túc', 52),
(1732, 'Xã Yên Lạc', 52),
(1735, 'Xã Triệu Nguyên', 52),
(1738, 'Xã Ca Thành', 52),
(1741, 'Xã Thái Học', 52),
(1744, 'Xã Vũ Nông', 52),
(1747, 'Xã Minh Tâm', 52),
(1750, 'Xã Thể Dục', 52),
(1753, 'Xã Bắc Hợp', 52),
(1756, 'Xã Mai Long', 52),
(1759, 'Xã Lang Môn', 52),
(1762, 'Xã Minh Thanh', 52),
(1765, 'Xã Hoa Thám', 52),
(1768, 'Xã Phan Thanh', 52),
(1771, 'Xã Quang Thành', 52),
(1774, 'Xã Tam Kim', 52),
(1777, 'Xã Thành Công', 52),
(1780, 'Xã Thịnh Vượng', 52),
(1783, 'Xã Hưng Đạo', 52),
(1786, 'Thị trấn Đông Khê', 53),
(1789, 'Xã Canh Tân', 53),
(1792, 'Xã Kim Đồng', 53),
(1795, 'Xã Minh Khai', 53),
(1798, 'Xã Thị Ngân', 53),
(1801, 'Xã Đức Thông', 53),
(1804, 'Xã Thái Cường', 53),
(1807, 'Xã Vân Trình', 53),
(1810, 'Xã Thụy Hùng', 53),
(1813, 'Xã Quang Trọng', 53),
(1816, 'Xã Trọng Con', 53),
(1819, 'Xã Lê Lai', 53),
(1822, 'Xã Đức Long', 53),
(1825, 'Xã Danh Sỹ', 53),
(1828, 'Xã Lê Lợi', 53),
(1831, 'Xã Đức Xuân', 53),
(1834, 'Phường Nguyễn Thị Minh Khai', 58),
(1837, 'Phường Sông Cầu', 58),
(1840, 'Phường Đức Xuân', 58),
(1843, 'Phường Phùng Chí Kiên', 58),
(1846, 'Phường Huyền Tụng', 58),
(1849, 'Xã Dương Quang', 58),
(1852, 'Xã Nông Thượng', 58),
(1855, 'Phường Xuất Hóa', 58),
(1858, 'Xã Bằng Thành', 60),
(1861, 'Xã Nhạn Môn', 60),
(1864, 'Xã Bộc Bố', 60),
(1867, 'Xã Công Bằng', 60),
(1870, 'Xã Giáo Hiệu', 60),
(1873, 'Xã Xuân La', 60),
(1876, 'Xã An Thắng', 60),
(1879, 'Xã Cổ Linh', 60),
(1882, 'Xã Nghiên Loan', 60),
(1885, 'Xã Cao Tân', 60),
(1888, 'Thị trấn Chợ Rã', 61),
(1891, 'Xã Bành Trạch', 61),
(1894, 'Xã Phúc Lộc', 61),
(1897, 'Xã Hà Hiệu', 61),
(1900, 'Xã Cao Thượng', 61),
(1903, 'Xã Cao Trĩ', 61),
(1906, 'Xã Khang Ninh', 61),
(1909, 'Xã Nam Mẫu', 61),
(1912, 'Xã Thượng Giáo', 61),
(1915, 'Xã Địa Linh', 61),
(1918, 'Xã Yến Dương', 61),
(1921, 'Xã Chu Hương', 61),
(1924, 'Xã Quảng Khê', 61),
(1927, 'Xã Mỹ Phương', 61),
(1930, 'Xã Hoàng Trĩ', 61),
(1933, 'Xã Đồng Phúc', 61),
(1936, 'Thị trấn Nà Phặc', 62),
(1939, 'Xã Thượng Ân', 62),
(1942, 'Xã Bằng Vân', 62),
(1945, 'Xã Cốc Đán', 62),
(1948, 'Xã Trung Hoà', 62),
(1951, 'Xã Đức Vân', 62),
(1954, 'Xã Vân Tùng', 62),
(1957, 'Xã Thượng Quan', 62),
(1960, 'Xã Lãng Ngâm', 62),
(1963, 'Xã Thuần Mang', 62),
(1966, 'Xã Hương Nê', 62),
(1969, 'Thị trấn Phủ Thông', 63),
(1972, 'Xã Phương Linh', 63),
(1975, 'Xã Vi Hương', 63),
(1978, 'Xã Sĩ Bình', 63),
(1981, 'Xã Vũ Muộn', 63),
(1984, 'Xã Đôn Phong', 63),
(1987, 'Xã Tú Trĩ', 63),
(1990, 'Xã Lục Bình', 63),
(1993, 'Xã Tân Tiến', 63),
(1996, 'Xã Quân Bình', 63),
(1999, 'Xã Nguyên Phúc', 63),
(2002, 'Xã Cao Sơn', 63),
(2005, 'Xã Hà Vị', 63),
(2008, 'Xã Cẩm Giàng', 63),
(2011, 'Xã Mỹ Thanh', 63),
(2014, 'Xã Dương Phong', 63),
(2017, 'Xã Quang Thuận', 63),
(2020, 'Thị trấn Bằng Lũng', 64),
(2023, 'Xã Xuân Lạc', 64),
(2026, 'Xã Nam Cường', 64),
(2029, 'Xã Đồng Lạc', 64),
(2032, 'Xã Tân Lập', 64),
(2035, 'Xã Bản Thi', 64),
(2038, 'Xã Quảng Bạch', 64),
(2041, 'Xã Bằng Phúc', 64),
(2044, 'Xã Yên Thịnh', 64),
(2047, 'Xã Yên Thượng', 64),
(2050, 'Xã Phương Viên', 64),
(2053, 'Xã Ngọc Phái', 64),
(2056, 'Xã Rã Bản', 64),
(2059, 'Xã Đông Viên', 64),
(2062, 'Xã Lương Bằng', 64),
(2065, 'Xã Bằng Lãng', 64),
(2068, 'Xã Đại Sảo', 64),
(2071, 'Xã Nghĩa Tá', 64),
(2074, 'Xã Phong Huân', 64),
(2077, 'Xã Yên Mỹ', 64),
(2080, 'Xã Bình Trung', 64),
(2083, 'Xã Yên Nhuận', 64),
(2086, 'Thị trấn Chợ Mới', 65),
(2089, 'Xã Tân Sơn', 65),
(2092, 'Xã Thanh Vận', 65),
(2095, 'Xã Mai Lạp', 65),
(2098, 'Xã Hoà Mục', 65),
(2101, 'Xã Thanh Mai', 65),
(2104, 'Xã Cao Kỳ', 65),
(2107, 'Xã Nông Hạ', 65),
(2110, 'Xã Yên Cư', 65),
(2113, 'Xã Nông Thịnh', 65),
(2116, 'Xã Yên Hân', 65),
(2119, 'Xã Thanh Bình', 65),
(2122, 'Xã Như Cố', 65),
(2125, 'Xã Bình Văn', 65),
(2128, 'Xã Yên Đĩnh', 65),
(2131, 'Xã Quảng Chu', 65),
(2134, 'Thị trấn Yến Lạc', 66),
(2137, 'Xã Vũ Loan', 66),
(2140, 'Xã Lạng San', 66),
(2143, 'Xã Lương Thượng', 66),
(2146, 'Xã Kim Hỷ', 66),
(2149, 'Xã Văn Học', 66),
(2152, 'Xã Cường Lợi', 66),
(2155, 'Xã Lương Hạ', 66),
(2158, 'Xã Kim Lư', 66),
(2161, 'Xã Lương Thành', 66),
(2164, 'Xã Ân Tình', 66),
(2167, 'Xã Lam Sơn', 66),
(2170, 'Xã Văn Minh', 66),
(2173, 'Xã Côn Minh', 66),
(2176, 'Xã Cư Lễ', 66),
(2179, 'Xã Hữu Thác', 66),
(2182, 'Xã Hảo Nghĩa', 66),
(2185, 'Xã Quang Phong', 66),
(2188, 'Xã Dương Sơn', 66),
(2191, 'Xã Xuân Dương', 66),
(2194, 'Xã Đổng Xá', 66),
(2197, 'Xã Liêm Thuỷ', 66),
(2200, 'Phường Phan Thiết', 70),
(2203, 'Phường Minh Xuân', 70),
(2206, 'Phường Tân Quang', 70),
(2209, 'Xã Tràng Đà', 70),
(2212, 'Phường Nông Tiến', 70),
(2215, 'Phường Ỷ La', 70),
(2216, 'Phường Tân Hà', 70),
(2218, 'Phường Hưng Thành', 70),
(2221, 'Thị trấn Nà Hang', 72),
(2227, 'Xã Sinh Long', 72),
(2230, 'Xã Thượng Giáp', 72),
(2233, 'Xã Phúc Yên', 71),
(2239, 'Xã Thượng Nông', 72),
(2242, 'Xã Xuân Lập', 71),
(2245, 'Xã Côn Lôn', 72),
(2248, 'Xã Yên Hoa', 72),
(2251, 'Xã Khuôn Hà', 71),
(2254, 'Xã Hồng Thái', 72),
(2260, 'Xã Đà Vị', 72),
(2263, 'Xã Khau Tinh', 72),
(2266, 'Xã Lăng Can', 71),
(2269, 'Xã Thượng Lâm', 71),
(2275, 'Xã Sơn Phú', 72),
(2281, 'Xã Năng Khả', 72),
(2284, 'Xã Thanh Tương', 72),
(2287, 'Thị trấn Vĩnh Lộc', 73),
(2290, 'Xã Bình An', 71),
(2293, 'Xã Hồng Quang', 71),
(2296, 'Xã Thổ Bình', 71),
(2299, 'Xã Phúc Sơn', 73),
(2302, 'Xã Minh Quang', 73),
(2305, 'Xã Trung Hà', 73),
(2308, 'Xã Tân Mỹ', 73),
(2311, 'Xã Hà Lang', 73),
(2314, 'Xã Hùng Mỹ', 73),
(2317, 'Xã Yên Lập', 73),
(2320, 'Xã Tân An', 73),
(2323, 'Xã Bình Phú', 73),
(2326, 'Xã Xuân Quang', 73),
(2329, 'Xã Ngọc Hội', 73),
(2332, 'Xã Phú Bình', 73),
(2335, 'Xã Hòa Phú', 73),
(2338, 'Xã Phúc Thịnh', 73),
(2341, 'Xã Kiên Đài', 73),
(2344, 'Xã Tân Thịnh', 73),
(2347, 'Xã Trung Hòa', 73),
(2350, 'Xã Kim Bình', 73),
(2353, 'Xã Hòa An', 73),
(2356, 'Xã Vinh Quang', 73),
(2359, 'Xã Tri Phú', 73),
(2362, 'Xã Nhân Lý', 73),
(2365, 'Xã Yên Nguyên', 73),
(2368, 'Xã Linh Phú', 73),
(2371, 'Xã Bình Nhân', 73),
(2374, 'Thị trấn Tân Yên', 74),
(2377, 'Xã Yên Thuận', 74),
(2380, 'Xã Bạch Xa', 74),
(2383, 'Xã Minh Khương', 74),
(2386, 'Xã Yên Lâm', 74),
(2389, 'Xã Minh Dân', 74),
(2392, 'Xã Phù Lưu', 74),
(2395, 'Xã Minh Hương', 74),
(2398, 'Xã Yên Phú', 74),
(2401, 'Xã Tân Thành', 74),
(2404, 'Xã Bình Xa', 74),
(2407, 'Xã Thái Sơn', 74),
(2410, 'Xã Nhân Mục', 74),
(2413, 'Xã Thành Long', 74),
(2416, 'Xã Bằng Cốc', 74),
(2419, 'Xã Thái Hòa', 74),
(2422, 'Xã Đức Ninh', 74),
(2425, 'Xã Hùng Đức', 74),
(2428, 'Thị trấn Tân Bình', 75),
(2431, 'Xã Quí Quân', 75),
(2434, 'Xã Lực Hành', 75),
(2437, 'Xã Kiến Thiết', 75),
(2440, 'Xã Trung Minh', 75),
(2443, 'Xã Chiêu Yên', 75),
(2446, 'Xã Trung Trực', 75),
(2449, 'Xã Xuân Vân', 75),
(2452, 'Xã Phúc Ninh', 75),
(2455, 'Xã Hùng Lợi', 75),
(2458, 'Xã Trung Sơn', 75),
(2461, 'Xã Tân Tiến', 75),
(2464, 'Xã Tứ Quận', 75),
(2467, 'Xã Đạo Viện', 75),
(2470, 'Xã Tân Long', 75),
(2473, 'Xã Thắng Quân', 75),
(2476, 'Xã Kim Quan', 75),
(2479, 'Xã Lang Quán', 75),
(2482, 'Xã Phú Thịnh', 75),
(2485, 'Xã Công Đa', 75),
(2488, 'Xã Trung Môn', 75),
(2491, 'Xã Chân Sơn', 75),
(2494, 'Xã Thái Bình', 75),
(2497, 'Xã Kim Phú', 75),
(2500, 'Xã Tiến Bộ', 75),
(2503, 'Xã An Khang', 70),
(2506, 'Xã Mỹ Bằng', 75),
(2509, 'Xã Phú Lâm', 75),
(2512, 'Xã An Tường', 70),
(2515, 'Xã Lưỡng Vượng', 70),
(2518, 'Xã Hoàng Khai', 75),
(2521, 'Xã Thái Long', 70),
(2524, 'Xã Đội Cấn', 70),
(2527, 'Xã Nhữ Hán', 75),
(2530, 'Xã Nhữ Khê', 75),
(2533, 'Xã Đội Bình', 75),
(2536, 'Thị trấn Sơn Dương', 76),
(2539, 'Xã Trung Yên', 76),
(2542, 'Xã Minh Thanh', 76),
(2545, 'Xã Tân Trào', 76),
(2548, 'Xã Vĩnh Lợi', 76),
(2551, 'Xã Thượng Ấm', 76),
(2554, 'Xã Bình Yên', 76),
(2557, 'Xã Lương Thiện', 76),
(2560, 'Xã Tú Thịnh', 76),
(2563, 'Xã Cấp Tiến', 76),
(2566, 'Xã Hợp Thành', 76),
(2569, 'Xã Phúc Ứng', 76),
(2572, 'Xã Đông Thọ', 76),
(2575, 'Xã Kháng Nhật', 76),
(2578, 'Xã Hợp Hòa', 76),
(2581, 'Xã Thanh Phát', 76),
(2584, 'Xã Quyết Thắng', 76),
(2587, 'Xã Đồng Quý', 76),
(2590, 'Xã Tuân Lộ', 76),
(2593, 'Xã Vân Sơn', 76),
(2596, 'Xã Văn Phú', 76),
(2599, 'Xã Chi Thiết', 76),
(2602, 'Xã Đông Lợi', 76),
(2605, 'Xã Thiện Kế', 76),
(2608, 'Xã Hồng Lạc', 76),
(2611, 'Xã Phú Lương', 76),
(2614, 'Xã Ninh Lai', 76),
(2617, 'Xã Đại Phú', 76),
(2620, 'Xã Sơn Nam', 76),
(2623, 'Xã Hào Phú', 76),
(2626, 'Xã Tam Đa', 76),
(2629, 'Xã Sầm Dương', 76),
(2632, 'Xã Lâm Xuyên', 76),
(2635, 'Phường Duyên Hải', 80),
(2638, 'Phường Lào Cai', 80),
(2641, 'Phường Phố Mới', 80),
(2644, 'Phường Cốc Lếu', 80),
(2647, 'Phường Kim Tân', 80),
(2650, 'Phường Bắc Lệnh', 80),
(2653, 'Phường Pom Hán', 80),
(2656, 'Phường Xuân Tăng', 80),
(2658, 'Phường Bình Minh', 80),
(2659, 'Phường Thống Nhất', 80),
(2662, 'Xã Đồng Tuyển', 80),
(2665, 'Xã Vạn Hoà', 80),
(2668, 'Phường Bắc Cường', 80),
(2671, 'Phường Nam Cường', 80),
(2674, 'Xã Cam Đường', 80),
(2677, 'Xã Tả Phời', 80),
(2680, 'Xã Hợp Thành', 80),
(2683, 'Thị trấn Bát Xát', 82),
(2686, 'Xã A Mú Sung', 82),
(2689, 'Xã Nậm Chạc', 82),
(2692, 'Xã A Lù', 82),
(2695, 'Xã Trịnh Tường', 82),
(2698, 'Xã Ngải Thầu', 82),
(2701, 'Xã Y Tý', 82),
(2704, 'Xã Cốc Mỳ', 82),
(2707, 'Xã Dền Sáng', 82),
(2710, 'Xã Bản Vược', 82),
(2713, 'Xã Sàng Ma Sáo', 82),
(2716, 'Xã Bản Qua', 82),
(2719, 'Xã Mường Vi', 82),
(2722, 'Xã Dền Thàng', 82),
(2725, 'Xã Bản Xèo', 82),
(2728, 'Xã Mường Hum', 82),
(2731, 'Xã Trung Lèng Hồ', 82),
(2734, 'Xã Quang Kim', 82),
(2737, 'Xã Pa Cheo', 82),
(2740, 'Xã Nậm Pung', 82),
(2743, 'Xã Phìn Ngan', 82),
(2746, 'Xã Cốc San', 82),
(2749, 'Xã Tòng Sành', 82),
(2752, 'Xã Pha Long', 83),
(2755, 'Xã Tả Ngải Chồ', 83),
(2758, 'Xã Tung Chung Phố', 83),
(2761, 'Thị trấn Mường Khương', 83),
(2764, 'Xã Dìn Chin', 83),
(2767, 'Xã Tả Gia Khâu', 83),
(2770, 'Xã Nậm Chảy', 83),
(2773, 'Xã Nấm Lư', 83),
(2776, 'Xã Lùng Khấu Nhin', 83),
(2779, 'Xã Thanh Bình', 83),
(2782, 'Xã Cao Sơn', 83),
(2785, 'Xã Lùng Vai', 83),
(2788, 'Xã Bản Lầu', 83),
(2791, 'Xã La Pan Tẩn', 83),
(2794, 'Xã Tả Thàng', 83),
(2797, 'Xã Bản Sen', 83),
(2800, 'Xã Nàn Sán', 84),
(2803, 'Xã Thào Chư Phìn', 84),
(2806, 'Xã Bản Mế', 84),
(2809, 'Xã Si Ma Cai', 84),
(2812, 'Xã Sán Chải', 84),
(2815, 'Xã Mản Thẩn', 84),
(2818, 'Xã Lùng Sui', 84),
(2821, 'Xã Cán Cấu', 84),
(2824, 'Xã Sín Chéng', 84),
(2827, 'Xã Cán Hồ', 84),
(2830, 'Xã Quan Thần Sán', 84),
(2833, 'Xã Lử Thẩn', 84),
(2836, 'Xã Nàn Xín', 84),
(2839, 'Thị trấn Bắc Hà', 85),
(2842, 'Xã Lùng Cải', 85),
(2845, 'Xã Bản Già', 85),
(2848, 'Xã Lùng Phình', 85),
(2851, 'Xã Tả Van Chư', 85),
(2854, 'Xã Tả Củ Tỷ', 85),
(2857, 'Xã Thải Giàng Phố', 85),
(2860, 'Xã Lầu Thí Ngài', 85),
(2863, 'Xã Hoàng Thu Phố', 85),
(2866, 'Xã Bản Phố', 85),
(2869, 'Xã Bản Liền', 85),
(2872, 'Xã Tà Chải', 85),
(2875, 'Xã Na Hối', 85),
(2878, 'Xã Cốc Ly', 85),
(2881, 'Xã Nậm Mòn', 85),
(2884, 'Xã Nậm Đét', 85),
(2887, 'Xã Nậm Khánh', 85),
(2890, 'Xã Bảo Nhai', 85),
(2893, 'Xã Nậm Lúc', 85),
(2896, 'Xã Cốc Lầu', 85),
(2899, 'Xã Bản Cái', 85),
(2902, 'Thị trấn N.T Phong Hải', 86),
(2905, 'Thị trấn Phố Lu', 86),
(2908, 'Thị trấn Tằng Loỏng', 86),
(2911, 'Xã Bản Phiệt', 86),
(2914, 'Xã Bản Cầm', 86),
(2917, 'Xã Thái Niên', 86),
(2920, 'Xã Phong Niên', 86),
(2923, 'Xã Gia Phú', 86),
(2926, 'Xã Xuân Quang', 86),
(2929, 'Xã Sơn Hải', 86),
(2932, 'Xã Xuân Giao', 86),
(2935, 'Xã Trì Quang', 86),
(2938, 'Xã Sơn Hà', 86),
(2941, 'Xã Phố Lu', 86),
(2944, 'Xã Phú Nhuận', 86),
(2947, 'Thị trấn Phố Ràng', 87),
(2950, 'Xã Tân Tiến', 87),
(2953, 'Xã Nghĩa Đô', 87),
(2956, 'Xã Vĩnh Yên', 87),
(2959, 'Xã Điện Quan', 87),
(2962, 'Xã Xuân Hoà', 87),
(2965, 'Xã Tân Dương', 87),
(2968, 'Xã Thượng Hà', 87),
(2971, 'Xã Kim Sơn', 87),
(2974, 'Xã Cam Cọn', 87),
(2977, 'Xã Minh Tân', 87),
(2980, 'Xã Xuân Thượng', 87),
(2983, 'Xã Việt Tiến', 87),
(2986, 'Xã Yên Sơn', 87),
(2989, 'Xã Bảo Hà', 87),
(2992, 'Xã Lương Sơn', 87),
(2995, 'Xã Long Phúc', 87),
(2998, 'Xã Long Khánh', 87),
(3001, 'Thị trấn Sa Pa', 88),
(3004, 'Xã Bản Khoang', 88),
(3007, 'Xã Tả Giàng Phình', 88),
(3010, 'Xã Trung Chải', 88),
(3013, 'Xã Tả Phìn', 88),
(3016, 'Xã Sa Pả', 88),
(3019, 'Xã San Sả Hồ', 88),
(3022, 'Xã Bản Phùng', 88),
(3025, 'Xã Hầu Thào', 88),
(3028, 'Xã Lao Chải', 88),
(3031, 'Xã Thanh Kim', 88),
(3034, 'Xã Suối Thầu', 88),
(3037, 'Xã Sử Pán', 88),
(3040, 'Xã Tả Van', 88),
(3043, 'Xã Thanh Phú', 88),
(3046, 'Xã Bản Hồ', 88),
(3049, 'Xã Nậm Sài', 88),
(3052, 'Xã Nậm Cang', 88),
(3055, 'Thị trấn Khánh Yên', 89),
(3058, 'Xã Văn Sơn', 89),
(3061, 'Xã Võ Lao', 89),
(3064, 'Xã Sơn Thuỷ', 89),
(3067, 'Xã Nậm Mả', 89),
(3070, 'Xã Tân Thượng', 89),
(3073, 'Xã Nậm Rạng', 89),
(3076, 'Xã Nậm Chầy', 89),
(3079, 'Xã Tân An', 89),
(3082, 'Xã Khánh Yên Thượng', 89),
(3085, 'Xã Nậm Xé', 89),
(3088, 'Xã Dần Thàng', 89),
(3091, 'Xã Chiềng Ken', 89),
(3094, 'Xã Làng Giàng', 89),
(3097, 'Xã Hoà Mạc', 89),
(3100, 'Xã Khánh Yên Trung', 89),
(3103, 'Xã Khánh Yên Hạ', 89),
(3106, 'Xã Dương Quỳ', 89),
(3109, 'Xã Nậm Tha', 89),
(3112, 'Xã Minh Lương', 89),
(3115, 'Xã Thẩm Dương', 89),
(3118, 'Xã Liêm Phú', 89),
(3121, 'Xã Nậm Xây', 89),
(3124, 'Phường Noong Bua', 94),
(3127, 'Phường Him Lam', 94),
(3130, 'Phường Thanh Bình', 94),
(3133, 'Phường Tân Thanh', 94),
(3136, 'Phường Mường Thanh', 94),
(3139, 'Phường Nam Thanh', 94),
(3142, 'Phường Thanh Trường', 94),
(3144, 'Xã Tà Lèng', 94),
(3145, 'Xã Thanh Minh', 94),
(3148, 'Phường Sông Đà', 95),
(3151, 'Phường Na Lay', 95),
(3154, 'Xã Sín Thầu', 96),
(3155, 'Xã Sen Thượng', 96),
(3156, 'Xã Nậm Tin', 103),
(3157, 'Xã Chung Chải', 96),
(3158, 'Xã Leng Su Sìn', 96),
(3159, 'Xã Pá Mỳ', 96),
(3160, 'Xã Mường Nhé', 96),
(3161, 'Xã Nậm Vì', 96),
(3162, 'Xã Nậm Kè', 96),
(3163, 'Xã Mường Toong', 96),
(3164, 'Xã Quảng Lâm', 96),
(3165, 'Xã Pa Tần', 103),
(3166, 'Xã Chà Cang', 103),
(3167, 'Xã Na Cô Sa', 103),
(3168, 'Xã Nà Khoa', 103),
(3169, 'Xã Nà Hỳ', 103),
(3170, 'Xã Nà Bủng', 103),
(3171, 'Xã Nậm Nhừ', 103),
(3172, 'Thị Trấn Mường Chà', 97),
(3173, 'Xã Nậm Chua', 103),
(3174, 'Xã Nậm Khăn', 103),
(3175, 'Xã Chà Tở', 103),
(3176, 'Xã Vàng Đán', 103),
(3177, 'Xã Huổi Lếnh', 96),
(3178, 'Xã Xá Tổng', 97),
(3181, 'Xã Mường Tùng', 97),
(3184, 'Xã Lay Nưa', 95),
(3187, 'Xã Chà Nưa', 103),
(3190, 'Xã Hừa Ngài', 97),
(3191, 'Xã Huổi Mí', 97),
(3193, 'Xã Pa Ham', 97),
(3194, 'Xã Nậm Nèn', 97),
(3196, 'Xã Huổi Lèng', 97),
(3197, 'Xã Sa Lông', 97),
(3198, 'Xã Phìn Hồ', 103),
(3199, 'Xã Si Pa Phìn', 103),
(3200, 'Xã Ma Thì Hồ', 97),
(3201, 'Xã Na Sang', 97),
(3202, 'Xã Mường Mươn', 97),
(3203, 'Thị trấn Điện Biên Đông', 101),
(3205, 'Xã Na Son', 101),
(3208, 'Xã Phì Nhừ', 101),
(3211, 'Xã Chiềng Sơ', 101),
(3214, 'Xã Mường Luân', 101),
(3217, 'Thị trấn Tủa Chùa', 98),
(3220, 'Xã Huổi Só', 98),
(3223, 'Xã Xín Chải', 98),
(3226, 'Xã Tả Sìn Thàng', 98),
(3229, 'Xã Lao Xả Phình', 98),
(3232, 'Xã Tả Phìn', 98),
(3235, 'Xã Tủa Thàng', 98),
(3238, 'Xã Trung Thu', 98),
(3241, 'Xã Sính Phình', 98),
(3244, 'Xã Sáng Nhè', 98),
(3247, 'Xã Mường Đun', 98),
(3250, 'Xã Mường Báng', 98),
(3253, 'Thị trấn Tuần Giáo', 99),
(3256, 'Thị trấn Mường Ảng', 102),
(3259, 'Xã Phình Sáng', 99),
(3260, 'Xã Rạng Đông', 99),
(3262, 'Xã Mùn Chung', 99),
(3263, 'Xã Nà Tòng', 99),
(3265, 'Xã Ta Ma', 99),
(3268, 'Xã Mường Mùn', 99),
(3269, 'Xã Pú Xi', 99),
(3271, 'Xã Pú Nhung', 99),
(3274, 'Xã Quài Nưa', 99),
(3277, 'Xã Mường Thín', 99),
(3280, 'Xã Tỏa Tình', 99),
(3283, 'Xã Nà Sáy', 99),
(3284, 'Xã Mường Khong', 99),
(3286, 'Xã Mường Đăng', 102),
(3287, 'Xã Ngối Cáy', 102),
(3289, 'Xã Quài Cang', 99),
(3292, 'Xã Ẳng Tở', 102),
(3295, 'Xã Quài Tở', 99),
(3298, 'Xã Chiềng Sinh', 99),
(3299, 'Xã Chiềng Đông', 99),
(3301, 'Xã Búng Lao', 102),
(3302, 'Xã Xuân Lao', 102),
(3304, 'Xã Tênh Phông', 99),
(3307, 'Xã Ẳng Nưa', 102),
(3310, 'Xã Ẳng Cang', 102),
(3312, 'Xã Nặm Lịch', 102),
(3313, 'Xã Mường Lạn', 102),
(3316, 'Xã Nà Tấu', 100),
(3317, 'Xã Nà Nhạn', 100),
(3319, 'Xã Mường Pồn', 100),
(3322, 'Xã Thanh Nưa', 100),
(3323, 'Xã Hua Thanh', 100),
(3325, 'Xã Mường Phăng', 100),
(3326, 'Xã Pá Khoang', 100),
(3328, 'Xã Thanh Luông', 100),
(3331, 'Xã Thanh Hưng', 100),
(3334, 'Xã Thanh Xương', 100),
(3337, 'Xã Thanh Chăn', 100),
(3340, 'Xã Pa Thơm', 100),
(3343, 'Xã Thanh An', 100),
(3346, 'Xã Thanh Yên', 100),
(3349, 'Xã Noong Luống', 100),
(3352, 'Xã Noọng Hẹt', 100),
(3355, 'Xã Sam Mứn', 100),
(3356, 'Xã Pom Lót', 100),
(3358, 'Xã Núa Ngam', 100),
(3359, 'Xã Hẹ Muông', 100),
(3361, 'Xã Na Ư', 100),
(3364, 'Xã Mường Nhà', 100),
(3365, 'Xã Na Tông', 100),
(3367, 'Xã Mường Lói', 100),
(3368, 'Xã Phu Luông', 100),
(3370, 'Xã Pú Nhi', 101),
(3371, 'Xã Nong U', 101),
(3373, 'Xã Xa Dung', 101),
(3376, 'Xã Keo Lôm', 101),
(3379, 'Xã Luân Giới', 101),
(3382, 'Xã Phình Giàng', 101),
(3383, 'Xã Pú Hồng', 101),
(3384, 'Xã Tìa Dình', 101),
(3385, 'Xã Háng Lìa', 101),
(3386, 'Phường Quyết Thắng', 105),
(3387, 'Phường Tân Phong', 105),
(3388, 'Phường Quyết Tiến', 105),
(3389, 'Phường Đoàn Kết', 105),
(3390, 'Thị trấn Tam Đường', 106),
(3391, 'Xã Lả Nhì Thàng', 109),
(3394, 'Xã Thèn Sin', 106),
(3397, 'Xã Sùng Phài', 106),
(3400, 'Xã Tả Lèng', 106),
(3403, 'Xã Nậm Loỏng', 105),
(3405, 'Xã Giang Ma', 106),
(3406, 'Xã Hồ Thầu', 106),
(3408, 'Phường Đông Phong', 105),
(3409, 'Xã San Thàng', 105),
(3412, 'Xã Bình Lư', 106),
(3413, 'Xã Sơn Bình', 106),
(3415, 'Xã Nùng Nàng', 106),
(3418, 'Xã Bản Giang', 106),
(3421, 'Xã Bản Hon', 106),
(3424, 'Xã Bản Bo', 106),
(3427, 'Xã Nà Tăm', 106),
(3430, 'Xã Khun Há', 106),
(3433, 'Thị trấn Mường Tè', 107),
(3434, 'Thị trấn Nậm Nhùn', 112),
(3436, 'Xã Thu Lũm', 107),
(3439, 'Xã Ka Lăng', 107),
(3440, 'Xã Tá Bạ', 107),
(3442, 'Xã Pa ủ', 107),
(3445, 'Xã Mường Tè', 107),
(3448, 'Xã Pa Vệ Sử', 107),
(3451, 'Xã Mù Cả', 107),
(3454, 'Xã Bun Tở', 107),
(3457, 'Xã Nậm Khao', 107),
(3460, 'Xã Hua Bun', 112),
(3463, 'Xã Tà Tổng', 107),
(3466, 'Xã Bun Nưa', 107),
(3467, 'Xã Vàng San', 107),
(3469, 'Xã Kan Hồ', 107),
(3472, 'Xã Mường Mô', 112),
(3473, 'Xã Nậm Chà', 112),
(3474, 'Xã Nậm Manh', 112),
(3475, 'Xã Nậm Hàng', 112),
(3478, 'Thị trấn Sìn Hồ', 108),
(3481, 'Xã Lê Lợi', 112),
(3484, 'Xã Pú Đao', 112),
(3487, 'Xã Chăn Nưa', 108),
(3488, 'Xã Nậm Pì', 112),
(3490, 'Xã Huổi Luông', 109),
(3493, 'Xã Pa Tần', 108),
(3496, 'Xã Phìn Hồ', 108),
(3499, 'Xã Hồng Thu', 108),
(3502, 'Xã Nậm Ban', 112),
(3503, 'Xã Trung Chải', 112),
(3505, 'Xã Phăng Sô Lin', 108),
(3508, 'Xã Ma Quai', 108),
(3509, 'Xã Lùng Thàng', 108),
(3511, 'Xã Tả Phìn', 108),
(3514, 'Xã Sà Dề Phìn', 108),
(3517, 'Xã Nậm Tăm', 108),
(3520, 'Xã Tả Ngảo', 108),
(3523, 'Xã Pu Sam Cáp', 108),
(3526, 'Xã Nậm Cha', 108),
(3527, 'Xã Pa Khoá', 108),
(3529, 'Xã Làng Mô', 108),
(3532, 'Xã Noong Hẻo', 108),
(3535, 'Xã Nậm Mạ', 108),
(3538, 'Xã Căn Co', 108),
(3541, 'Xã Tủa Sín Chải', 108),
(3544, 'Xã Nậm Cuổi', 108),
(3547, 'Xã Nậm Hăn', 108),
(3549, 'Thị trấn Phong Thổ', 109),
(3550, 'Xã Sì Lờ Lầu', 109),
(3553, 'Xã Mồ Sì San', 109),
(3556, 'Xã Ma Li Chải', 109),
(3559, 'Xã Pa Vây Sử', 109),
(3562, 'Xã Vàng Ma Chải', 109),
(3565, 'Xã Tông Qua Lìn', 109),
(3568, 'Xã Mù Sang', 109),
(3571, 'Xã Dào San', 109),
(3574, 'Xã Ma Ly Pho', 109),
(3577, 'Xã Bản Lang', 109),
(3580, 'Xã Hoang Thèn', 109),
(3583, 'Xã Khổng Lào', 109),
(3586, 'Xã Nậm Xe', 109),
(3589, 'Xã Mường So', 109),
(3592, 'Xã Sin Suối Hồ', 109),
(3595, 'Thị trấn Than Uyên', 110),
(3598, 'Thị trấn Tân Uyên', 111),
(3601, 'Xã Mường Khoa', 111),
(3602, 'Xã Phúc Khoa', 111),
(3604, 'Xã Thân Thuộc', 111),
(3605, 'Xã Trung Đồng', 111),
(3607, 'Xã Hố Mít', 111),
(3610, 'Xã Nậm Cần', 111),
(3613, 'Xã Nậm Sỏ', 111),
(3616, 'Xã Pắc Ta', 111),
(3618, 'Xã Phúc Than', 110),
(3619, 'Xã Mường Than', 110),
(3622, 'Xã Tà Mít', 111),
(3625, 'Xã Mường Mít', 110),
(3628, 'Xã Pha Mu', 110),
(3631, 'Xã Mường Cang', 110),
(3632, 'Xã Hua Nà', 110),
(3634, 'Xã Tà Hừa', 110),
(3637, 'Xã Mường Kim', 110),
(3638, 'Xã Tà Mung', 110),
(3640, 'Xã Tà Gia', 110),
(3643, 'Xã Khoen On', 110),
(3646, 'Phường Chiềng Lề', 116),
(3649, 'Phường Tô Hiệu', 116),
(3652, 'Phường Quyết Thắng', 116),
(3655, 'Phường Quyết Tâm', 116),
(3658, 'Xã Chiềng Cọ', 116),
(3661, 'Xã Chiềng Đen', 116),
(3664, 'Xã Chiềng Xôm', 116),
(3667, 'Phường Chiềng An', 116),
(3670, 'Phường Chiềng Cơi', 116),
(3673, 'Xã Chiềng Ngần', 116),
(3676, 'Xã Hua La', 116),
(3679, 'Phường Chiềng Sinh', 116),
(3682, 'Xã Mường Chiên', 118),
(3685, 'Xã Cà Nàng', 118),
(3688, 'Xã Chiềng Khay', 118),
(3694, 'Xã Mường Giôn', 118),
(3697, 'Xã Pá Ma Pha Khinh', 118),
(3700, 'Xã Chiềng Ơn', 118),
(3703, 'Xã Mường Giàng', 118),
(3706, 'Xã Chiềng Bằng', 118),
(3709, 'Xã Mường Sại', 118),
(3712, 'Xã Nậm ét', 118),
(3718, 'Xã Chiềng Khoang', 118),
(3721, 'Thị trấn Thuận Châu', 119),
(3724, 'Xã Phỏng Lái', 119),
(3727, 'Xã Mường é', 119),
(3730, 'Xã Chiềng Pha', 119),
(3733, 'Xã Chiềng La', 119),
(3736, 'Xã Chiềng Ngàm', 119),
(3739, 'Xã Liệp Tè', 119),
(3742, 'Xã é Tòng', 119),
(3745, 'Xã Phỏng Lập', 119),
(3748, 'Xã Chiềng Sơ', 119),
(3751, 'Xã Chiềng Ly', 119),
(3754, 'Xã Nong Lay', 119),
(3757, 'Xã Mường Khiêng', 119),
(3760, 'Xã Mường Bám', 119),
(3763, 'Xã Long Hẹ', 119),
(3766, 'Xã Chiềng Bôm', 119),
(3769, 'Xã Thôn Mòn', 119),
(3772, 'Xã Tòng Lệnh', 119),
(3775, 'Xã Tòng Cọ', 119),
(3778, 'Xã Bó Mười', 119),
(3781, 'Xã Co Mạ', 119),
(3784, 'Xã Púng Tra', 119),
(3787, 'Xã Chiềng Pấc', 119),
(3790, 'Xã Nậm Lầu', 119),
(3793, 'Xã Bon Phặng', 119),
(3796, 'Xã Co Tòng', 119),
(3799, 'Xã Muội Nọi', 119),
(3802, 'Xã Pá Lông', 119),
(3805, 'Xã Bản Lầm', 119),
(3808, 'Thị trấn Ít Ong', 120),
(3811, 'Xã Nậm Giôn', 120),
(3814, 'Xã Chiềng Lao', 120),
(3817, 'Xã Hua Trai', 120),
(3820, 'Xã Ngọc Chiến', 120),
(3823, 'Xã Mường Trai', 120),
(3826, 'Xã Nậm Păm', 120),
(3829, 'Xã Chiềng Muôn', 120),
(3832, 'Xã Chiềng Ân', 120),
(3835, 'Xã Pi Toong', 120),
(3838, 'Xã Chiềng Công', 120),
(3841, 'Xã Tạ Bú', 120),
(3844, 'Xã Chiềng San', 120),
(3847, 'Xã Mường Bú', 120),
(3850, 'Xã Chiềng Hoa', 120),
(3853, 'Xã Mường Chùm', 120),
(3856, 'Thị trấn Bắc Yên', 121),
(3859, 'Xã Phiêng Ban', 121),
(3862, 'Xã Hang Chú', 121),
(3865, 'Xã Xín Vàng', 121),
(3868, 'Xã Tà Xùa', 121),
(3869, 'Xã Háng Đồng', 121),
(3871, 'Xã Bắc Ngà', 121),
(3874, 'Xã Làng Chếu', 121),
(3877, 'Xã Chim Vàn', 121),
(3880, 'Xã Mường Khoa', 121),
(3883, 'Xã Song Pe', 121),
(3886, 'Xã Hồng Ngài', 121),
(3889, 'Xã Tạ Khoa', 121),
(3890, 'Xã Hua Nhàn', 121),
(3892, 'Xã Phiêng Kôn', 121),
(3895, 'Xã Chiềng Sại', 121),
(3898, 'Thị trấn Phù Yên', 122),
(3901, 'Xã Suối Tọ', 122),
(3904, 'Xã Mường Thải', 122),
(3907, 'Xã Mường Cơi', 122),
(3910, 'Xã Quang Huy', 122),
(3913, 'Xã Huy Bắc', 122),
(3916, 'Xã Huy Thượng', 122),
(3919, 'Xã Tân Lang', 122),
(3922, 'Xã Gia Phù', 122),
(3925, 'Xã Tường Phù', 122),
(3928, 'Xã Huy Hạ', 122),
(3931, 'Xã Huy Tân', 122),
(3934, 'Xã Mường Lang', 122),
(3937, 'Xã Suối Bau', 122),
(3940, 'Xã Huy Tường', 122),
(3943, 'Xã Mường Do', 122),
(3946, 'Xã Sập Xa', 122),
(3949, 'Xã Tường Thượng', 122),
(3952, 'Xã Tường Tiến', 122),
(3955, 'Xã Tường Phong', 122),
(3958, 'Xã Tường Hạ', 122),
(3961, 'Xã Kim Bon', 122),
(3964, 'Xã Mường Bang', 122),
(3967, 'Xã Đá Đỏ', 122),
(3970, 'Xã Tân Phong', 122),
(3973, 'Xã Nam Phong', 122),
(3976, 'Xã Bắc Phong', 122),
(3979, 'Thị trấn Mộc Châu', 123),
(3982, 'Thị trấn NT Mộc Châu', 123),
(3985, 'Xã Chiềng Sơn', 123),
(3988, 'Xã Tân Hợp', 123),
(3991, 'Xã Qui Hướng', 123),
(3994, 'Xã Suối Bàng', 128),
(3997, 'Xã Tân Lập', 123),
(4000, 'Xã Nà Mường', 123),
(4003, 'Xã Tà Lai', 123),
(4006, 'Xã Song Khủa', 128),
(4009, 'Xã Liên Hoà', 128),
(4012, 'Xã Chiềng Hắc', 123),
(4015, 'Xã Hua Păng', 123),
(4018, 'Xã Tô Múa', 128),
(4021, 'Xã Mường Tè', 128),
(4024, 'Xã Chiềng Khừa', 123),
(4027, 'Xã Mường Sang', 123),
(4030, 'Xã Đông Sang', 123),
(4033, 'Xã Phiêng Luông', 123),
(4036, 'Xã Chiềng Khoa', 128),
(4039, 'Xã Mường Men', 128),
(4042, 'Xã Quang Minh', 128),
(4045, 'Xã Lóng Sập', 123),
(4048, 'Xã Vân Hồ', 128),
(4051, 'Xã Lóng Luông', 128),
(4054, 'Xã Chiềng Yên', 128),
(4056, 'Xã Chiềng Xuân', 128),
(4057, 'Xã Xuân Nha', 128),
(4058, 'Xã Tân Xuân', 128),
(4060, 'Thị trấn Yên Châu', 124),
(4063, 'Xã Chiềng Đông', 124),
(4066, 'Xã Sập Vạt', 124),
(4069, 'Xã Chiềng Sàng', 124),
(4072, 'Xã Chiềng Pằn', 124),
(4075, 'Xã Viêng Lán', 124),
(4078, 'Xã Chiềng Hặc', 124),
(4081, 'Xã Mường Lựm', 124),
(4084, 'Xã Chiềng On', 124),
(4087, 'Xã Yên Sơn', 124),
(4090, 'Xã Chiềng Khoi', 124),
(4093, 'Xã Tú Nang', 124),
(4096, 'Xã Lóng Phiêng', 124),
(4099, 'Xã Phiêng Khoài', 124),
(4102, 'Xã Chiềng Tương', 124),
(4105, 'Thị trấn Hát Lót', 125),
(4108, 'Xã Chiềng Sung', 125),
(4111, 'Xã Mường Bằng', 125),
(4114, 'Xã Chiềng Chăn', 125),
(4117, 'Xã Mương Tranh', 125),
(4120, 'Xã Chiềng Ban', 125),
(4123, 'Xã Chiềng Mung', 125),
(4126, 'Xã Mường Bon', 125),
(4129, 'Xã Chiềng Chung', 125),
(4132, 'Xã Chiềng Mai', 125),
(4135, 'Xã Hát Lót', 125),
(4136, 'Xã Nà Pó', 125),
(4138, 'Xã Cò  Nòi', 125),
(4141, 'Xã Chiềng Nơi', 125),
(4144, 'Xã Phiêng Cằm', 125),
(4147, 'Xã Chiềng Dong', 125),
(4150, 'Xã Chiềng Kheo', 125),
(4153, 'Xã Chiềng Ve', 125),
(4156, 'Xã Chiềng Lương', 125),
(4159, 'Xã Phiêng Pằn', 125),
(4162, 'Xã Nà Ơt', 125),
(4165, 'Xã Tà Hộc', 125),
(4168, 'Thị trấn Sông Mã', 126),
(4171, 'Xã Bó Sinh', 126),
(4174, 'Xã Pú Pẩu', 126),
(4177, 'Xã Chiềng Phung', 126),
(4180, 'Xã Chiềng En', 126),
(4183, 'Xã Mường Lầm', 126),
(4186, 'Xã Nậm Ty', 126),
(4189, 'Xã Đứa Mòn', 126),
(4192, 'Xã Yên Hưng', 126),
(4195, 'Xã Chiềng Sơ', 126),
(4198, 'Xã Nà Ngựu', 126),
(4201, 'Xã Nậm Mằn', 126),
(4204, 'Xã Chiềng Khoong', 126),
(4207, 'Xã Chiềng Cang', 126),
(4210, 'Xã Huổi Một', 126),
(4213, 'Xã Mường Sai', 126),
(4216, 'Xã Mường Cai', 126),
(4219, 'Xã Mường Hung', 126),
(4222, 'Xã Chiềng Khương', 126),
(4225, 'Xã Sam Kha', 127),
(4228, 'Xã Púng Bánh', 127),
(4231, 'Xã Xốp Cộp', 127),
(4234, 'Xã Dồm Cang', 127),
(4237, 'Xã Nậm Lạnh', 127),
(4240, 'Xã Mường Lèo', 127),
(4243, 'Xã Mường Và', 127),
(4246, 'Xã Mường Lạn', 127),
(4249, 'Phường Yên Thịnh', 132),
(4252, 'Phường Yên Ninh', 132),
(4255, 'Phường Minh Tân', 132),
(4258, 'Phường Nguyễn Thái Học', 132),
(4261, 'Phường Đồng Tâm', 132),
(4264, 'Phường Nguyễn Phúc', 132),
(4267, 'Phường Hồng Hà', 132),
(4270, 'Xã Minh Bảo', 132),
(4273, 'Phường Nam Cường', 132),
(4276, 'Xã Tuy Lộc', 132),
(4279, 'Xã Tân Thịnh', 132),
(4282, 'Phường Pú Trạng', 133),
(4285, 'Phường Trung Tâm', 133),
(4288, 'Phường Tân An', 133),
(4291, 'Phường Cầu Thia', 133),
(4294, 'Xã Nghĩa Lợi', 133),
(4297, 'Xã Nghĩa Phúc', 133),
(4300, 'Xã Nghĩa An', 133),
(4303, 'Thị trấn Yên Thế', 135),
(4306, 'Xã Tân Phượng', 135),
(4309, 'Xã Lâm Thượng', 135),
(4312, 'Xã Khánh Thiện', 135),
(4315, 'Xã Minh Chuẩn', 135),
(4318, 'Xã Mai Sơn', 135),
(4321, 'Xã Khai Trung', 135),
(4324, 'Xã Mường Lai', 135),
(4327, 'Xã An Lạc', 135),
(4330, 'Xã Minh Xuân', 135),
(4333, 'Xã Tô Mậu', 135),
(4336, 'Xã Tân Lĩnh', 135),
(4339, 'Xã Yên Thắng', 135),
(4342, 'Xã Khánh Hoà', 135),
(4345, 'Xã Vĩnh Lạc', 135),
(4348, 'Xã Liễu Đô', 135),
(4351, 'Xã Động Quan', 135),
(4354, 'Xã Tân Lập', 135),
(4357, 'Xã Minh Tiến', 135),
(4360, 'Xã Trúc Lâu', 135),
(4363, 'Xã Phúc Lợi', 135),
(4366, 'Xã Phan Thanh', 135),
(4369, 'Xã An Phú', 135),
(4372, 'Xã Trung Tâm', 135),
(4375, 'Thị trấn Mậu A', 136),
(4378, 'Xã Lang Thíp', 136),
(4381, 'Xã Lâm Giang', 136),
(4384, 'Xã Châu Quế Thượng', 136),
(4387, 'Xã Châu Quế Hạ', 136),
(4390, 'Xã An Bình', 136),
(4393, 'Xã Quang Minh', 136),
(4396, 'Xã Đông An', 136),
(4399, 'Xã Đông Cuông', 136),
(4402, 'Xã Phong Dụ Hạ', 136),
(4405, 'Xã Mậu Đông', 136),
(4408, 'Xã Ngòi A', 136),
(4411, 'Xã Xuân Tầm', 136),
(4414, 'Xã Tân Hợp', 136),
(4417, 'Xã An Thịnh', 136),
(4420, 'Xã Yên Thái', 136),
(4423, 'Xã Phong Dụ Thượng', 136),
(4426, 'Xã Yên Hợp', 136),
(4429, 'Xã Đại Sơn', 136),
(4432, 'Xã Yên Hưng', 136),
(4435, 'Xã Đại Phác', 136),
(4438, 'Xã Yên Phú', 136),
(4441, 'Xã Xuân Ái', 136),
(4444, 'Xã Hoàng Thắng', 136),
(4447, 'Xã Viễn Sơn', 136),
(4450, 'Xã Mỏ Vàng', 136),
(4453, 'Xã Nà Hẩu', 136),
(4456, 'Thị trấn Mù Căng Chải', 137),
(4459, 'Xã Hồ Bốn', 137),
(4462, 'Xã Nậm Có', 137),
(4465, 'Xã Khao Mang', 137),
(4468, 'Xã Mồ Dề', 137),
(4471, 'Xã Chế Cu Nha', 137),
(4474, 'Xã Lao Chải', 137),
(4477, 'Xã Kim Nọi', 137),
(4480, 'Xã Cao Phạ', 137),
(4483, 'Xã La Pán Tẩn', 137),
(4486, 'Xã Dế Su Phình', 137),
(4489, 'Xã Chế Tạo', 137),
(4492, 'Xã Púng Luông', 137),
(4495, 'Xã Nậm Khắt', 137),
(4498, 'Thị trấn Cổ Phúc', 138),
(4501, 'Xã Tân Đồng', 138),
(4504, 'Xã Báo Đáp', 138),
(4507, 'Xã Đào Thịnh', 138),
(4510, 'Xã Việt Thành', 138),
(4513, 'Xã Hòa Cuông', 138),
(4516, 'Xã Minh Quán', 138),
(4519, 'Xã Quy Mông', 138),
(4522, 'Xã Cường Thịnh', 138),
(4525, 'Xã Kiên Thành', 138),
(4528, 'Xã Nga Quán', 138),
(4531, 'Xã Y Can', 138),
(4534, 'Xã Minh Tiến', 138),
(4537, 'Xã Lương Thịnh', 138),
(4540, 'Xã Âu Lâu', 132),
(4543, 'Xã Giới Phiên', 132),
(4546, 'Phường Hợp Minh', 132),
(4549, 'Xã Văn Tiến', 132),
(4552, 'Xã Phúc Lộc', 132),
(4555, 'Xã Văn Lãng', 141),
(4558, 'Xã Văn Phú', 132),
(4561, 'Xã Bảo Hưng', 138),
(4564, 'Xã Việt Cường', 138),
(4567, 'Xã Minh Quân', 138),
(4570, 'Xã Hồng Ca', 138),
(4573, 'Xã Hưng Thịnh', 138),
(4576, 'Xã Hưng Khánh', 138),
(4579, 'Xã Việt Hồng', 138),
(4582, 'Xã Vân Hội', 138),
(4585, 'Thị trấn Trạm Tấu', 139),
(4588, 'Xã Túc Đán', 139),
(4591, 'Xã Pá Lau', 139),
(4594, 'Xã Xà Hồ', 139),
(4597, 'Xã Phình Hồ', 139),
(4600, 'Xã Trạm Tấu', 139),
(4603, 'Xã Tà Si Láng', 139),
(4606, 'Xã Pá Hu', 139),
(4609, 'Xã Làng Nhì', 139),
(4612, 'Xã Bản Công', 139),
(4615, 'Xã Bản Mù', 139),
(4618, 'Xã Hát Lìu', 139),
(4621, 'Thị trấn NT Liên Sơn', 140),
(4624, 'Thị trấn NT Nghĩa Lộ', 140),
(4627, 'Thị trấn NT Trần Phú', 140),
(4630, 'Xã Tú Lệ', 140),
(4633, 'Xã Nậm Búng', 140),
(4636, 'Xã Gia Hội', 140),
(4639, 'Xã Sùng Đô', 140),
(4642, 'Xã Nậm Mười', 140),
(4645, 'Xã An Lương', 140),
(4648, 'Xã Nậm Lành', 140),
(4651, 'Xã Sơn Lương', 140),
(4654, 'Xã Suối Quyền', 140),
(4657, 'Xã Suối Giàng', 140),
(4660, 'Xã Sơn A', 140),
(4663, 'Xã Phù Nham', 140),
(4666, 'Xã Nghĩa Sơn', 140),
(4669, 'Xã Suối Bu', 140),
(4672, 'Xã Sơn Thịnh', 140),
(4675, 'Xã Thanh Lương', 140),
(4678, 'Xã Hạnh Sơn', 140),
(4681, 'Xã Phúc Sơn', 140),
(4684, 'Xã Thạch Lương', 140),
(4687, 'Xã Đại Lịch', 140),
(4690, 'Xã Đồng Khê', 140),
(4693, 'Xã Cát Thịnh', 140),
(4696, 'Xã Tân Thịnh', 140),
(4699, 'Xã Chấn Thịnh', 140),
(4702, 'Xã Bình Thuận', 140),
(4705, 'Xã Thượng Bằng La', 140),
(4708, 'Xã Minh An', 140),
(4711, 'Xã Nghĩa Tâm', 140),
(4714, 'Thị trấn Yên Bình', 141),
(4717, 'Thị trấn Thác Bà', 141),
(4720, 'Xã Xuân Long', 141),
(4723, 'Xã Tích Cốc', 141),
(4726, 'Xã Cảm Nhân', 141),
(4729, 'Xã Ngọc Chấn', 141),
(4732, 'Xã Tân Nguyên', 141),
(4735, 'Xã Phúc Ninh', 141),
(4738, 'Xã Bảo Ái', 141),
(4741, 'Xã Mỹ Gia', 141),
(4744, 'Xã Xuân Lai', 141),
(4747, 'Xã Mông Sơn', 141),
(4750, 'Xã Cảm Ân', 141),
(4753, 'Xã Yên Thành', 141),
(4756, 'Xã Tân Hương', 141),
(4759, 'Xã Phúc An', 141),
(4762, 'Xã Bạch Hà', 141),
(4765, 'Xã Vũ Linh', 141),
(4768, 'Xã Đại Đồng', 141),
(4771, 'Xã Vĩnh Kiên', 141),
(4774, 'Xã Yên Bình', 141),
(4777, 'Xã Thịnh Hưng', 141),
(4780, 'Xã Hán Đà', 141),
(4783, 'Xã Phú Thịnh', 141),
(4786, 'Xã Đại Minh', 141),
(4789, 'Phường Thái Bình', 148),
(4792, 'Phường Tân Hòa', 148),
(4795, 'Phường Thịnh Lang', 148),
(4798, 'Phường Hữu Nghị', 148),
(4801, 'Phường Tân Thịnh', 148),
(4804, 'Phường Đồng Tiến', 148),
(4807, 'Phường Phương Lâm', 148),
(4810, 'Phường Chăm Mát', 148),
(4813, 'Xã Yên Mông', 148),
(4816, 'Xã Sủ Ngòi', 148),
(4819, 'Xã Dân Chủ', 148),
(4822, 'Xã Thái Thịnh', 148),
(4825, 'Xã Hòa Bình', 148),
(4828, 'Xã Thống Nhất', 148),
(4831, 'Thị trấn Đà Bắc', 150),
(4834, 'Xã Đồng Nghê', 150),
(4837, 'Xã Suối Nánh', 150),
(4840, 'Xã Giáp Đắt', 150),
(4843, 'Xã Mường Tuổng', 150),
(4846, 'Xã Mường Chiềng', 150),
(4849, 'Xã Tân Pheo', 150),
(4852, 'Xã Đồng Chum', 150),
(4855, 'Xã Tân Minh', 150),
(4858, 'Xã Đoàn Kết', 150),
(4861, 'Xã Đồng Ruộng', 150),
(4864, 'Xã Hào Lý', 150),
(4867, 'Xã Tu Lý', 150),
(4870, 'Xã Trung Thành', 150),
(4873, 'Xã Yên Hòa', 150),
(4876, 'Xã Cao Sơn', 150),
(4879, 'Xã Toàn Sơn', 150),
(4882, 'Xã Tân Dân', 156),
(4885, 'Xã Hiền Lương', 150),
(4888, 'Xã Tiền Phong', 150),
(4891, 'Xã Vầy Nưa', 150),
(4894, 'Thị trấn Kỳ Sơn', 151),
(4897, 'Xã Hợp Thịnh', 151),
(4900, 'Xã Phú Minh', 151),
(4903, 'Xã Hợp Thành', 151),
(4906, 'Xã Phúc Tiến', 151),
(4909, 'Xã Dân Hòa', 151),
(4912, 'Xã Mông Hóa', 151),
(4915, 'Xã Dân Hạ', 151),
(4918, 'Xã Trung Minh', 148),
(4921, 'Xã Độc Lập', 151),
(4924, 'Thị trấn Lương Sơn', 152),
(4927, 'Xã Yên Trung', 276),
(4930, 'Xã Yên Bình', 276),
(4933, 'Xã Yên Quang', 151),
(4936, 'Xã Tiến Xuân', 276),
(4939, 'Xã Đông Xuân', 275),
(4942, 'Xã Lâm Sơn', 152),
(4945, 'Xã Hòa Sơn', 152),
(4948, 'Xã Trường Sơn', 152),
(4951, 'Xã Tân Vinh', 152),
(4954, 'Xã Nhuận Trạch', 152),
(4957, 'Xã Cao Răm', 152),
(4960, 'Xã Cư Yên', 152),
(4963, 'Xã Hợp Hòa', 152),
(4966, 'Xã Liên Sơn', 152),
(4969, 'Xã Thành Lập', 152),
(4972, 'Xã Tiến Sơn', 152),
(4975, 'Xã Trung Sơn', 152),
(4978, 'Thị trấn Bo', 153),
(4981, 'Thị trấn Thanh Hà', 159),
(4984, 'Xã Đú Sáng', 153),
(4987, 'Xã  Bắc Sơn', 153),
(4990, 'Xã Bình Sơn', 153),
(4993, 'Xã Hùng Tiến', 153),
(4996, 'Xã Tân Thành', 152),
(4999, 'Xã Tú Sơn', 153),
(5002, 'Xã Nật Sơn', 153),
(5005, 'Xã Vĩnh Tiến', 153),
(5008, 'Xã Cao Dương', 152),
(5011, 'Xã Sơn Thủy', 153),
(5014, 'Xã Đông Bắc', 153),
(5017, 'Xã Thượng Bì', 153),
(5020, 'Xã Lập Chiệng', 153),
(5023, 'Xã Hợp Châu', 152),
(5026, 'Xã Vĩnh Đồng', 153),
(5029, 'Xã Hạ Bì', 153),
(5032, 'Xã Trung Bì', 153),
(5035, 'Xã Kim Sơn', 153),
(5038, 'Xã Hợp Đồng', 153),
(5041, 'Xã Long Sơn', 152),
(5044, 'Xã Thượng Tiến', 153),
(5047, 'Xã Cao Thắng', 152),
(5050, 'Xã Kim Tiến', 153),
(5053, 'Xã Kim Bình', 153),
(5056, 'Xã Hợp Kim', 153),
(5059, 'Xã Thanh Lương', 152),
(5062, 'Xã Hợp Thanh', 152),
(5065, 'Xã Kim Bôi', 153),
(5068, 'Xã Nam Thượng', 153),
(5071, 'Xã Kim Truy', 153),
(5074, 'Xã Thanh Nông', 159),
(5077, 'Xã Cuối Hạ', 153),
(5080, 'Xã Sào Báy', 153),
(5083, 'Xã Mi Hòa', 153),
(5086, 'Xã Nuông Dăm', 153),
(5089, 'Thị trấn Cao Phong', 154),
(5092, 'Xã Bình Thanh', 154),
(5095, 'Xã Thung Nai', 154),
(5098, 'Xã Bắc Phong', 154),
(5101, 'Xã Thu Phong', 154),
(5104, 'Xã Đông Phong', 154),
(5107, 'Xã Xuân Phong', 154),
(5110, 'Xã Tây Phong', 154),
(5113, 'Xã Tân Phong', 154),
(5116, 'Xã Dũng Phong', 154),
(5119, 'Xã Nam Phong', 154),
(5122, 'Xã Yên Lập', 154),
(5125, 'Xã Yên Thượng', 154),
(5128, 'Thị trấn Mường Khến', 155),
(5131, 'Xã Ngòi Hoa', 155),
(5134, 'Xã Trung Hòa', 155),
(5137, 'Xã Phú Vinh', 155),
(5140, 'Xã Phú Cường', 155),
(5143, 'Xã Mỹ Hòa', 155),
(5146, 'Xã Quy Hậu', 155),
(5149, 'Xã Phong Phú', 155),
(5152, 'Xã Quyết Chiến', 155),
(5155, 'Xã Mãn Đức', 155),
(5158, 'Xã Địch Giáo', 155),
(5161, 'Xã Tuân Lộ', 155),
(5164, 'Xã Tử Nê', 155),
(5167, 'Xã Thanh Hối', 155),
(5170, 'Xã Ngọc Mỹ', 155),
(5173, 'Xã Đông Lai', 155),
(5176, 'Xã Lũng Vân', 155),
(5179, 'Xã Bắc Sơn', 155),
(5182, 'Xã Quy Mỹ', 155),
(5185, 'Xã Do Nhân', 155),
(5188, 'Xã Nam Sơn', 155),
(5191, 'Xã Lỗ Sơn', 155),
(5194, 'Xã Ngổ Luông', 155),
(5197, 'Xã Gia Mô', 155),
(5200, 'Thị trấn Mai Châu', 156),
(5203, 'Xã Tân Mai', 156),
(5206, 'Xã Phúc Sạn', 156),
(5209, 'Xã Pà Cò', 156),
(5212, 'Xã Hang Kia', 156),
(5215, 'Xã Ba Khan', 156),
(5218, 'Xã Tân Sơn', 156),
(5221, 'Xã Đồng Bảng', 156),
(5224, 'Xã Cun Pheo', 156),
(5227, 'Xã Bao La', 156),
(5230, 'Xã Piềng Vế', 156),
(5233, 'Xã Tòng Đậu', 156),
(5236, 'Xã Nà Mèo', 156),
(5239, 'Xã Thung Khe', 156),
(5242, 'Xã Nà Phòn', 156),
(5245, 'Xã Săm Khóe', 156),
(5248, 'Xã Chiềng Châu', 156),
(5251, 'Xã Mai Hạ', 156),
(5254, 'Xã Nong Luông', 156),
(5257, 'Xã Mai Hịch', 156),
(5260, 'Xã Pù Pin', 156),
(5263, 'Xã Vạn Mai', 156),
(5266, 'Thị trấn Vụ Bản', 157),
(5269, 'Xã Quý Hòa', 157),
(5272, 'Xã Miền Đồi', 157),
(5275, 'Xã Mỹ Thành', 157),
(5278, 'Xã Tuân Đạo', 157),
(5281, 'Xã Văn Nghĩa', 157),
(5284, 'Xã Văn Sơn', 157),
(5287, 'Xã Tân Lập', 157),
(5290, 'Xã Nhân Nghĩa', 157),
(5293, 'Xã Thượng Cốc', 157),
(5296, 'Xã Phú Lương', 157),
(5299, 'Xã Phúc Tuy', 157),
(5302, 'Xã Xuất Hóa', 157),
(5305, 'Xã Yên Phú', 157),
(5308, 'Xã Bình Hẻm', 157),
(5311, 'Xã Chí Thiện', 157),
(5314, 'Xã Bình Cảng', 157),
(5317, 'Xã Bình Chân', 157),
(5320, 'Xã Định Cư', 157),
(5323, 'Xã Chí Đạo', 157),
(5326, 'Xã Liên Vũ', 157),
(5329, 'Xã Ngọc Sơn', 157),
(5332, 'Xã Hương Nhượng', 157),
(5335, 'Xã Vũ Lâm', 157),
(5338, 'Xã Tự Do', 157),
(5341, 'Xã Yên Nghiệp', 157),
(5344, 'Xã Tân Mỹ', 157),
(5347, 'Xã Ân Nghĩa', 157),
(5350, 'Xã Ngọc Lâu', 157),
(5353, 'Thị trấn Hàng Trạm', 158),
(5356, 'Xã Lạc Sỹ', 158),
(5359, 'Xã Lạc Hưng', 158),
(5362, 'Xã Lạc Lương', 158),
(5365, 'Xã Bảo Hiệu', 158),
(5368, 'Xã Đa Phúc', 158),
(5371, 'Xã Hữu Lợi', 158),
(5374, 'Xã Lạc Thịnh', 158),
(5377, 'Xã Yên Lạc', 158),
(5380, 'Xã Đoàn Kết', 158),
(5383, 'Xã Phú Lai', 158),
(5386, 'Xã Yên Trị', 158),
(5389, 'Xã Ngọc Lương', 158),
(5392, 'Thị trấn Chi Nê', 159),
(5395, 'Xã Phú Lão', 159),
(5398, 'Xã Phú Thành', 159),
(5401, 'Xã Cố Nghĩa', 159),
(5404, 'Xã Hưng Thi', 159),
(5407, 'Xã Lạc Long', 159),
(5410, 'Xã Liên Hòa', 159),
(5413, 'Xã Khoan Dụ', 159),
(5416, 'Xã Đồng Môn', 159),
(5419, 'Xã Đồng Tâm', 159),
(5422, 'Xã Yên Bồng', 159);
INSERT INTO `ward` (`ward_id`, `name`, `district_id`) VALUES
(5425, 'Xã An Lạc', 159),
(5428, 'Xã An Bình', 159),
(5431, 'Phường Quán Triều', 164),
(5434, 'Phường Quang Vinh', 164),
(5437, 'Phường Túc Duyên', 164),
(5440, 'Phường Hoàng Văn Thụ', 164),
(5443, 'Phường Trưng Vương', 164),
(5446, 'Phường Quang Trung', 164),
(5449, 'Phường Phan Đình Phùng', 164),
(5452, 'Phường Tân Thịnh', 164),
(5455, 'Phường Thịnh Đán', 164),
(5458, 'Phường Đồng Quang', 164),
(5461, 'Phường Gia Sàng', 164),
(5464, 'Phường Tân Lập', 164),
(5467, 'Phường Cam Giá', 164),
(5470, 'Phường Phú Xá', 164),
(5473, 'Phường Hương Sơn', 164),
(5476, 'Phường Trung Thành', 164),
(5479, 'Phường Tân Thành', 164),
(5482, 'Phường Tân Long', 164),
(5485, 'Xã Phúc Hà', 164),
(5488, 'Xã Phúc Xuân', 164),
(5491, 'Xã Quyết Thắng', 164),
(5494, 'Xã Phúc Trìu', 164),
(5497, 'Xã Thịnh Đức', 164),
(5500, 'Phường Tích Lương', 164),
(5503, 'Xã Tân Cương', 164),
(5506, 'Phường Lương Sơn', 165),
(5509, 'Phường Lương Châu', 165),
(5512, 'Phường Mỏ Chè', 165),
(5515, 'Phường Cải Đan', 165),
(5518, 'Phường Thắng Lợi', 165),
(5521, 'Phường Phố Cò', 165),
(5524, 'Xã Vinh Sơn', 165),
(5527, 'Xã Tân Quang', 165),
(5528, 'Phường Bách Quang', 165),
(5530, 'Xã Bình Sơn', 165),
(5533, 'Xã Bá Xuyên', 165),
(5536, 'Thị trấn Chợ Chu', 167),
(5539, 'Xã Linh Thông', 167),
(5542, 'Xã Lam Vỹ', 167),
(5545, 'Xã Quy Kỳ', 167),
(5548, 'Xã Tân Thịnh', 167),
(5551, 'Xã Kim Phượng', 167),
(5554, 'Xã Bảo Linh', 167),
(5557, 'Xã Kim Sơn', 167),
(5560, 'Xã Phúc Chu', 167),
(5563, 'Xã Tân Dương', 167),
(5566, 'Xã Phượng Tiến', 167),
(5569, 'Xã Bảo Cường', 167),
(5572, 'Xã Đồng Thịnh', 167),
(5575, 'Xã Định Biên', 167),
(5578, 'Xã Thanh Định', 167),
(5581, 'Xã Trung Hội', 167),
(5584, 'Xã Trung Lương', 167),
(5587, 'Xã Bình Yên', 167),
(5590, 'Xã Điềm Mặc', 167),
(5593, 'Xã Phú Tiến', 167),
(5596, 'Xã Bộc Nhiêu', 167),
(5599, 'Xã Sơn Phú', 167),
(5602, 'Xã Phú Đình', 167),
(5605, 'Xã Bình Thành', 167),
(5608, 'Thị trấn Giang Tiên', 168),
(5611, 'Thị trấn Đu', 168),
(5614, 'Xã Yên Ninh', 168),
(5617, 'Xã Yên Trạch', 168),
(5620, 'Xã Yên Đổ', 168),
(5623, 'Xã Yên Lạc', 168),
(5626, 'Xã Ôn Lương', 168),
(5629, 'Xã Động Đạt', 168),
(5632, 'Xã Phủ Lý', 168),
(5635, 'Xã Phú Đô', 168),
(5638, 'Xã Hợp Thành', 168),
(5641, 'Xã Tức Tranh', 168),
(5644, 'Xã Phấn Mễ', 168),
(5647, 'Xã Vô Tranh', 168),
(5650, 'Xã Cổ Lũng', 168),
(5653, 'Xã Sơn Cẩm', 168),
(5656, 'Thị trấn Sông Cầu', 169),
(5659, 'Thị trấn Chùa Hang', 169),
(5662, 'Thị trấn Trại Cau', 169),
(5665, 'Xã Văn Lăng', 169),
(5668, 'Xã Tân Long', 169),
(5671, 'Xã Hòa Bình', 169),
(5674, 'Xã Quang Sơn', 169),
(5677, 'Xã Minh Lập', 169),
(5680, 'Xã Văn Hán', 169),
(5683, 'Xã Hóa Trung', 169),
(5686, 'Xã Khe Mo', 169),
(5689, 'Xã Cây Thị', 169),
(5692, 'Xã Hóa Thượng', 169),
(5695, 'Xã Cao Ngạn', 164),
(5698, 'Xã Hợp Tiến', 169),
(5701, 'Xã Linh Sơn', 169),
(5704, 'Xã Tân Lợi', 169),
(5707, 'Xã Nam Hòa', 169),
(5710, 'Xã Đồng Bẩm', 164),
(5713, 'Xã Huống Thượng', 169),
(5716, 'Thị trấn Đình Cả', 170),
(5719, 'Xã Sảng Mộc', 170),
(5722, 'Xã Nghinh Tường', 170),
(5725, 'Xã Thần Xa', 170),
(5728, 'Xã Vũ Chấn', 170),
(5731, 'Xã Thượng Nung', 170),
(5734, 'Xã Phú Thượng', 170),
(5737, 'Xã Cúc Đường', 170),
(5740, 'Xã La Hiên', 170),
(5743, 'Xã Lâu Thượng', 170),
(5746, 'Xã Tràng Xá', 170),
(5749, 'Xã Phương Giao', 170),
(5752, 'Xã Liên Minh', 170),
(5755, 'Xã Dân Tiến', 170),
(5758, 'Xã Bình Long', 170),
(5761, 'Thị trấn Hùng Sơn', 171),
(5764, 'Thị trấn Quân Chu', 171),
(5767, 'Xã Phúc Lương', 171),
(5770, 'Xã Minh Tiến', 171),
(5773, 'Xã Yên Lãng', 171),
(5776, 'Xã Đức Lương', 171),
(5779, 'Xã Phú Cường', 171),
(5782, 'Xã Na Mao', 171),
(5785, 'Xã Phú Lạc', 171),
(5788, 'Xã Tân Linh', 171),
(5791, 'Xã Phú Thịnh', 171),
(5794, 'Xã Phục Linh', 171),
(5797, 'Xã Phú Xuyên', 171),
(5800, 'Xã Bản Ngoại', 171),
(5803, 'Xã Tiên Hội', 171),
(5809, 'Xã Cù Vân', 171),
(5812, 'Xã Hà Thượng', 171),
(5815, 'Xã La Bằng', 171),
(5818, 'Xã Hoàng Nông', 171),
(5821, 'Xã Khôi Kỳ', 171),
(5824, 'Xã An Khánh', 171),
(5827, 'Xã Tân Thái', 171),
(5830, 'Xã Bình Thuận', 171),
(5833, 'Xã Lục Ba', 171),
(5836, 'Xã Mỹ Yên', 171),
(5839, 'Xã Vạn Thọ', 171),
(5842, 'Xã Văn Yên', 171),
(5845, 'Xã Ký Phú', 171),
(5848, 'Xã Cát Nê', 171),
(5851, 'Xã Quân Chu', 171),
(5854, 'Phường Bãi Bông', 172),
(5857, 'Phường Bắc Sơn', 172),
(5860, 'Phường Ba Hàng', 172),
(5863, 'Xã Phúc Tân', 172),
(5866, 'Xã Phúc Thuận', 172),
(5869, 'Xã Hồng Tiến', 172),
(5872, 'Xã Minh Đức', 172),
(5875, 'Xã Đắc Sơn', 172),
(5878, 'Phường Đồng Tiến', 172),
(5881, 'Xã Thành Công', 172),
(5884, 'Xã Tiên Phong', 172),
(5887, 'Xã Vạn Phái', 172),
(5890, 'Xã Nam Tiến', 172),
(5893, 'Xã Tân Hương', 172),
(5896, 'Xã Đông Cao', 172),
(5899, 'Xã Trung Thành', 172),
(5902, 'Xã Tân Phú', 172),
(5905, 'Xã Thuận Thành', 172),
(5908, 'Thị trấn Hương Sơn', 173),
(5911, 'Xã Bàn Đạt', 173),
(5914, 'Xã Đồng Liên', 173),
(5917, 'Xã Tân Khánh', 173),
(5920, 'Xã Tân Kim', 173),
(5923, 'Xã Tân Thành', 173),
(5926, 'Xã Đào Xá', 173),
(5929, 'Xã Bảo Lý', 173),
(5932, 'Xã Thượng Đình', 173),
(5935, 'Xã Tân Hòa', 173),
(5938, 'Xã Nhã Lộng', 173),
(5941, 'Xã Điềm Thụy', 173),
(5944, 'Xã Xuân Phương', 173),
(5947, 'Xã Tân Đức', 173),
(5950, 'Xã Úc Kỳ', 173),
(5953, 'Xã Lương Phú', 173),
(5956, 'Xã Nga My', 173),
(5959, 'Xã Kha Sơn', 173),
(5962, 'Xã Thanh Ninh', 173),
(5965, 'Xã Dương Thành', 173),
(5968, 'Xã Hà Châu', 173),
(5971, 'Phường Hoàng Văn Thụ', 178),
(5974, 'Phường Tam Thanh', 178),
(5977, 'Phường Vĩnh Trại', 178),
(5980, 'Phường Đông Kinh', 178),
(5983, 'Phường Chi Lăng', 178),
(5986, 'Xã Hoàng Đồng', 178),
(5989, 'Xã Quảng Lạc', 178),
(5992, 'Xã Mai Pha', 178),
(5995, 'Thị trấn Thất Khê', 180),
(5998, 'Xã Khánh Long', 180),
(6001, 'Xã Đoàn Kết', 180),
(6004, 'Xã Quốc Khánh', 180),
(6007, 'Xã Vĩnh Tiến', 180),
(6010, 'Xã Cao Minh', 180),
(6013, 'Xã Chí Minh', 180),
(6016, 'Xã Tri Phương', 180),
(6019, 'Xã Tân Tiến', 180),
(6022, 'Xã Tân Yên', 180),
(6025, 'Xã Đội Cấn', 180),
(6028, 'Xã Tân Minh', 180),
(6031, 'Xã Kim Đồng', 180),
(6034, 'Xã Chi Lăng', 180),
(6037, 'Xã Trung Thành', 180),
(6040, 'Xã Đại Đồng', 180),
(6043, 'Xã Đào Viên', 180),
(6046, 'Xã Đề Thám', 180),
(6049, 'Xã Kháng Chiến', 180),
(6052, 'Xã Bắc Ái', 180),
(6055, 'Xã Hùng Sơn', 180),
(6058, 'Xã Quốc Việt', 180),
(6061, 'Xã Hùng Việt', 180),
(6064, 'Thị trấn Bình Gia', 181),
(6067, 'Xã Hưng Đạo', 181),
(6070, 'Xã Vĩnh Yên', 181),
(6073, 'Xã Hoa Thám', 181),
(6076, 'Xã Quý Hòa', 181),
(6079, 'Xã Hồng Phong', 181),
(6082, 'Xã Yên Lỗ', 181),
(6085, 'Xã Thiện Hòa', 181),
(6088, 'Xã Quang Trung', 181),
(6091, 'Xã Thiện Thuật', 181),
(6094, 'Xã Minh Khai', 181),
(6097, 'Xã Thiện Long', 181),
(6100, 'Xã Hoàng Văn Thụ', 181),
(6103, 'Xã Hòa Bình', 181),
(6106, 'Xã Mông Ân', 181),
(6109, 'Xã Tân Hòa', 181),
(6112, 'Xã Tô Hiệu', 181),
(6115, 'Xã Hồng Thái', 181),
(6118, 'Xã Bình La', 181),
(6121, 'Xã Tân Văn', 181),
(6124, 'Thị trấn Na Sầm', 182),
(6127, 'Xã Trùng Khánh', 182),
(6130, 'Xã Tân Việt', 182),
(6133, 'Xã Bắc La', 182),
(6136, 'Xã Thụy Hùng', 182),
(6139, 'Xã Trùng Quán', 182),
(6142, 'Xã Tân Tác', 182),
(6145, 'Xã An Hùng', 182),
(6148, 'Xã Thanh Long', 182),
(6151, 'Xã Hội Hoan', 182),
(6154, 'Xã Tân Lang', 182),
(6157, 'Xã Hoàng Việt', 182),
(6160, 'Xã Gia Miễn', 182),
(6163, 'Xã Thành Hòa', 182),
(6166, 'Xã Tân Thanh', 182),
(6169, 'Xã Nam La', 182),
(6172, 'Xã Tân Mỹ', 182),
(6175, 'Xã Hồng Thái', 182),
(6178, 'Xã  Hoàng Văn Thụ', 182),
(6181, 'Xã Nhạc Kỳ', 182),
(6184, 'Thị trấn Đồng Đăng', 183),
(6187, 'Thị trấn Cao Lộc', 183),
(6190, 'Xã Bảo Lâm', 183),
(6193, 'Xã Thanh Lòa', 183),
(6196, 'Xã Cao Lâu', 183),
(6199, 'Xã Thạch Đạn', 183),
(6202, 'Xã Xuất Lễ', 183),
(6205, 'Xã Hồng Phong', 183),
(6208, 'Xã Thụy Hùng', 183),
(6211, 'Xã Lộc Yên', 183),
(6214, 'Xã Phú Xá', 183),
(6217, 'Xã Bình Trung', 183),
(6220, 'Xã Hải Yến', 183),
(6223, 'Xã Hòa Cư', 183),
(6226, 'Xã Hợp Thành', 183),
(6229, 'Xã Song Giáp', 183),
(6232, 'Xã Công Sơn', 183),
(6235, 'Xã Gia Cát', 183),
(6238, 'Xã Mẫu Sơn', 183),
(6241, 'Xã Xuân Long', 183),
(6244, 'Xã Tân Liên', 183),
(6247, 'Xã Yên Trạch', 183),
(6250, 'Xã Tân Thành', 183),
(6253, 'Thị trấn Văn Quan', 184),
(6256, 'Xã Trấn Ninh', 184),
(6259, 'Xã Phú Mỹ', 184),
(6262, 'Xã Việt Yên', 184),
(6265, 'Xã Song Giang', 184),
(6268, 'Xã Vân Mộng', 184),
(6271, 'Xã Vĩnh Lại', 184),
(6274, 'Xã Hòa Bình', 184),
(6277, 'Xã Tú Xuyên', 184),
(6280, 'Xã Văn An', 184),
(6283, 'Xã Đại An', 184),
(6286, 'Xã Khánh Khê', 184),
(6289, 'Xã Chu Túc', 184),
(6292, 'Xã Lương Năng', 184),
(6295, 'Xã Đồng Giáp', 184),
(6298, 'Xã Xuân Mai', 184),
(6301, 'Xã Tràng Các', 184),
(6304, 'Xã Tràng Sơn', 184),
(6307, 'Xã Tân Đoàn', 184),
(6310, 'Xã Bình Phúc', 184),
(6313, 'Xã Tri Lễ', 184),
(6316, 'Xã Tràng Phái', 184),
(6319, 'Xã Yên Phúc', 184),
(6322, 'Xã Hữu Lễ', 184),
(6325, 'Thị trấn Bắc Sơn', 185),
(6328, 'Xã Long Đống', 185),
(6331, 'Xã Vạn Thủy', 185),
(6334, 'Xã Quỳnh Sơn', 185),
(6337, 'Xã Đồng ý', 185),
(6340, 'Xã Tân Tri', 185),
(6343, 'Xã Bắc Sơn', 185),
(6346, 'Xã Hữu Vĩnh', 185),
(6349, 'Xã Hưng Vũ', 185),
(6352, 'Xã Tân Lập', 185),
(6355, 'Xã Vũ Sơn', 185),
(6358, 'Xã Chiêu Vũ', 185),
(6361, 'Xã Tân Hương', 185),
(6364, 'Xã Chiến Thắng', 185),
(6367, 'Xã Vũ Lăng', 185),
(6370, 'Xã Trấn Yên', 185),
(6373, 'Xã Vũ Lễ', 185),
(6376, 'Xã Nhất Hòa', 185),
(6379, 'Xã Tân Thành', 185),
(6382, 'Xã Nhất Tiến', 185),
(6385, 'Thị trấn Hữu Lũng', 186),
(6388, 'Xã Hữu Liên', 186),
(6391, 'Xã Yên Bình', 186),
(6394, 'Xã Quyết Thắng', 186),
(6397, 'Xã Hòa Bình', 186),
(6400, 'Xã Yên Thịnh', 186),
(6403, 'Xã Yên Sơn', 186),
(6406, 'Xã Thiện Kỵ', 186),
(6409, 'Xã Tân Lập', 186),
(6412, 'Xã Yên Vượng', 186),
(6415, 'Xã Minh Tiến', 186),
(6418, 'Xã Nhật Tiến', 186),
(6421, 'Xã Thanh Sơn', 186),
(6424, 'Xã Đồng Tân', 186),
(6427, 'Xã Cai Kinh', 186),
(6430, 'Xã Hòa Lạc', 186),
(6433, 'Xã Vân Nham', 186),
(6436, 'Xã Đồng Tiến', 186),
(6439, 'Xã Đô Lương', 186),
(6442, 'Xã Tân Thành', 186),
(6445, 'Xã Hòa Sơn', 186),
(6448, 'Xã Minh Sơn', 186),
(6451, 'Xã Hồ Sơn', 186),
(6454, 'Xã Sơn Hà', 186),
(6457, 'Xã Minh Hòa', 186),
(6460, 'Xã Hòa Thắng', 186),
(6463, 'Thị trấn Đồng Mỏ', 187),
(6466, 'Thị trấn Chi Lăng', 187),
(6469, 'Xã Vân An', 187),
(6472, 'Xã Vân Thủy', 187),
(6475, 'Xã Gia Lộc', 187),
(6478, 'Xã Bắc Thủy', 187),
(6481, 'Xã Chiến Thắng', 187),
(6484, 'Xã Mai Sao', 187),
(6487, 'Xã Bằng Hữu', 187),
(6490, 'Xã Thượng Cường', 187),
(6493, 'Xã Bằng Mạc', 187),
(6496, 'Xã Nhân Lý', 187),
(6499, 'Xã Lâm Sơn', 187),
(6502, 'Xã Liên Sơn', 187),
(6505, 'Xã Vạn Linh', 187),
(6508, 'Xã Hòa Bình', 187),
(6511, 'Xã Quang Lang', 187),
(6514, 'Xã Hữu Kiên', 187),
(6517, 'Xã Quan Sơn', 187),
(6520, 'Xã Y Tịch', 187),
(6523, 'Xã Chi Lăng', 187),
(6526, 'Thị trấn Na Dương', 188),
(6529, 'Thị trấn Lộc Bình', 188),
(6532, 'Xã Mẫu Sơn', 188),
(6535, 'Xã Bằng Khánh', 188),
(6538, 'Xã Xuân Lễ', 188),
(6541, 'Xã Yên Khoái', 188),
(6544, 'Xã Xuân Mãn', 188),
(6547, 'Xã Tú Mịch', 188),
(6550, 'Xã Hữu Khánh', 188),
(6553, 'Xã Đồng Bục', 188),
(6556, 'Xã Vân Mộng', 188),
(6559, 'Xã Tam Gia', 188),
(6562, 'Xã Tú Đoạn', 188),
(6565, 'Xã Khuất Xá', 188),
(6568, 'Xã Như Khuê', 188),
(6571, 'Xã Lục Thôn', 188),
(6574, 'Xã Tĩnh Bắc', 188),
(6577, 'Xã Xuân Tình', 188),
(6580, 'Xã Hiệp Hạ', 188),
(6583, 'Xã Nhượng Bạn', 188),
(6586, 'Xã Quan Bản', 188),
(6589, 'Xã Sàn Viên', 188),
(6592, 'Xã Đông Quan', 188),
(6595, 'Xã Minh Phát', 188),
(6598, 'Xã Hữu Lân', 188),
(6601, 'Xã Lợi Bác', 188),
(6604, 'Xã Nam Quan', 188),
(6607, 'Xã Xuân Dương', 188),
(6610, 'Xã Ái Quốc', 188),
(6613, 'Thị trấn Đình Lập', 189),
(6616, 'Thị trấn NT Thái Bình', 189),
(6619, 'Xã Bắc Xa', 189),
(6622, 'Xã Bính Xá', 189),
(6625, 'Xã Kiên Mộc', 189),
(6628, 'Xã Đình Lập', 189),
(6631, 'Xã Thái Bình', 189),
(6634, 'Xã Cường Lợi', 189),
(6637, 'Xã Châu Sơn', 189),
(6640, 'Xã Lâm Ca', 189),
(6643, 'Xã Đồng Thắng', 189),
(6646, 'Xã Bắc Lãng', 189),
(6649, 'Phường Hà Khánh', 193),
(6652, 'Phường Hà Phong', 193),
(6655, 'Phường Hà Khẩu', 193),
(6658, 'Phường Cao Xanh', 193),
(6661, 'Phường Giếng Đáy', 193),
(6664, 'Phường Hà Tu', 193),
(6667, 'Phường Hà Trung', 193),
(6670, 'Phường Hà Lầm', 193),
(6673, 'Phường Bãi Cháy', 193),
(6676, 'Phường Cao Thắng', 193),
(6679, 'Phường Hùng Thắng', 193),
(6682, 'Phường Yết Kiêu', 193),
(6685, 'Phường Trần Hưng Đạo', 193),
(6688, 'Phường Hồng Hải', 193),
(6691, 'Phường Hồng Gai', 193),
(6694, 'Phường Bạch Đằng', 193),
(6697, 'Phường Hồng Hà', 193),
(6700, 'Phường Tuần Châu', 193),
(6703, 'Phường Việt Hưng', 193),
(6706, 'Phường Đại Yên', 193),
(6709, 'Phường Ka Long', 194),
(6712, 'Phường Trần Phú', 194),
(6715, 'Phường Ninh Dương', 194),
(6718, 'Phường Hoà Lạc', 194),
(6721, 'Phường Trà Cổ', 194),
(6724, 'Xã Hải Sơn', 194),
(6727, 'Xã Bắc Sơn', 194),
(6730, 'Xã Hải Đông', 194),
(6733, 'Xã Hải Tiến', 194),
(6736, 'Phường Hải Yên', 194),
(6739, 'Xã Quảng Nghĩa', 194),
(6742, 'Phường Hải Hoà', 194),
(6745, 'Xã Hải Xuân', 194),
(6748, 'Xã Vạn Ninh', 194),
(6751, 'Phường Bình Ngọc', 194),
(6754, 'Xã Vĩnh Trung', 194),
(6757, 'Xã Vĩnh Thực', 194),
(6760, 'Phường Mông Dương', 195),
(6763, 'Phường Cửa Ông', 195),
(6766, 'Phường Cẩm Sơn', 195),
(6769, 'Phường Cẩm Đông', 195),
(6772, 'Phường Cẩm Phú', 195),
(6775, 'Phường Cẩm Tây', 195),
(6778, 'Phường Quang Hanh', 195),
(6781, 'Phường Cẩm Thịnh', 195),
(6784, 'Phường Cẩm Thủy', 195),
(6787, 'Phường Cẩm Thạch', 195),
(6790, 'Phường Cẩm Thành', 195),
(6793, 'Phường Cẩm Trung', 195),
(6796, 'Phường Cẩm Bình', 195),
(6799, 'Xã Cộng Hòa', 195),
(6802, 'Xã Cẩm Hải', 195),
(6805, 'Xã Dương Huy', 195),
(6808, 'Phường Vàng Danh', 196),
(6811, 'Phường Thanh Sơn', 196),
(6814, 'Phường Bắc Sơn', 196),
(6817, 'Phường Quang Trung', 196),
(6820, 'Phường Trưng Vương', 196),
(6823, 'Phường Nam Khê', 196),
(6826, 'Phường Yên Thanh', 196),
(6829, 'Xã Thượng Yên Công', 196),
(6832, 'Phường Phương Đông', 196),
(6835, 'Phường Phương Nam', 196),
(6838, 'Thị trấn Bình Liêu', 198),
(6841, 'Xã Hoành Mô', 198),
(6844, 'Xã Đồng Tâm', 198),
(6847, 'Xã Đồng Văn', 198),
(6850, 'Xã Tình Húc', 198),
(6853, 'Xã Vô Ngại', 198),
(6856, 'Xã Lục Hồn', 198),
(6859, 'Xã Húc Động', 198),
(6862, 'Thị trấn Tiên Yên', 199),
(6865, 'Xã Hà Lâu', 199),
(6868, 'Xã Đại Dực', 199),
(6869, 'Xã Đại Thành', 199),
(6871, 'Xã Phong Dụ', 199),
(6874, 'Xã Điền Xá', 199),
(6877, 'Xã Đông Ngũ', 199),
(6880, 'Xã Yên Than', 199),
(6883, 'Xã Đông Hải', 199),
(6886, 'Xã Hải Lạng', 199),
(6889, 'Xã Tiên Lãng', 199),
(6892, 'Xã Đồng Rui', 199),
(6895, 'Thị trấn Đầm Hà', 200),
(6898, 'Xã Quảng Lâm', 200),
(6901, 'Xã Quảng An', 200),
(6904, 'Xã Tân Bình', 200),
(6907, 'Xã Quảng Lợi', 200),
(6910, 'Xã Dực Yên', 200),
(6913, 'Xã Quảng Tân', 200),
(6916, 'Xã Đầm Hà', 200),
(6917, 'Xã Tân Lập', 200),
(6919, 'Xã Đại Bình', 200),
(6922, 'Thị trấn Quảng Hà', 201),
(6925, 'Xã Quảng Đức', 201),
(6928, 'Xã Quảng Sơn', 201),
(6931, 'Xã Quảng Thành', 201),
(6934, 'Xã Quảng Thắng', 201),
(6937, 'Xã Quảng Thịnh', 201),
(6940, 'Xã Quảng Minh', 201),
(6943, 'Xã Quảng Chính', 201),
(6946, 'Xã Quảng Long', 201),
(6949, 'Xã Đường Hoa', 201),
(6952, 'Xã Quảng Phong', 201),
(6955, 'Xã Quảng Trung', 201),
(6958, 'Xã Phú Hải', 201),
(6961, 'Xã Quảng Điền', 201),
(6964, 'Xã Tiến Tới', 201),
(6967, 'Xã Cái Chiên', 201),
(6970, 'Thị trấn Ba Chẽ', 202),
(6973, 'Xã Thanh Sơn', 202),
(6976, 'Xã Thanh Lâm', 202),
(6979, 'Xã Đạp Thanh', 202),
(6982, 'Xã Nam Sơn', 202),
(6985, 'Xã Lương Mông', 202),
(6988, 'Xã Đồn Đạc', 202),
(6991, 'Xã Minh Cầm', 202),
(6994, 'Thị trấn Cái Rồng', 203),
(6997, 'Xã Đài Xuyên', 203),
(7000, 'Xã Bình Dân', 203),
(7003, 'Xã Vạn Yên', 203),
(7006, 'Xã Minh Châu', 203),
(7009, 'Xã Đoàn Kết', 203),
(7012, 'Xã Hạ Long', 203),
(7015, 'Xã Đông Xá', 203),
(7018, 'Xã Bản Sen', 203),
(7021, 'Xã Thắng Lợi', 203),
(7024, 'Xã Quan Lạn', 203),
(7027, 'Xã Ngọc Vừng', 203),
(7030, 'Thị trấn Trới', 204),
(7033, 'Xã Kỳ Thượng', 204),
(7036, 'Xã Đồng Sơn', 204),
(7039, 'Xã Tân Dân', 204),
(7042, 'Xã Đồng Lâm', 204),
(7045, 'Xã Hòa Bình', 204),
(7048, 'Xã Vũ Oai', 204),
(7051, 'Xã Dân Chủ', 204),
(7054, 'Xã Quảng La', 204),
(7057, 'Xã Bằng Cả', 204),
(7060, 'Xã Thống Nhất', 204),
(7063, 'Xã Sơn Dương', 204),
(7066, 'Xã Lê Lợi', 204),
(7069, 'Phường Mạo Khê', 205),
(7072, 'Phường Đông Triều', 205),
(7075, 'Xã An Sinh', 205),
(7078, 'Xã Tràng Lương', 205),
(7081, 'Xã Bình Khê', 205),
(7084, 'Xã Việt Dân', 205),
(7087, 'Xã Tân Việt', 205),
(7090, 'Xã Bình Dương', 205),
(7093, 'Phường Đức Chính', 205),
(7096, 'Xã Tràng An', 205),
(7099, 'Xã Nguyễn Huệ', 205),
(7102, 'Xã Thủy An', 205),
(7105, 'Phường Xuân Sơn', 205),
(7108, 'Xã Hồng Thái Tây', 205),
(7111, 'Xã Hồng Thái Đông', 205),
(7114, 'Xã Hoàng Quế', 205),
(7117, 'Xã Yên Thọ', 205),
(7120, 'Xã Hồng Phong', 205),
(7123, 'Phường Kim Sơn', 205),
(7126, 'Phường Hưng Đạo', 205),
(7129, 'Xã Yên Đức', 205),
(7132, 'Phường Quảng Yên', 206),
(7135, 'Phường Đông Mai', 206),
(7138, 'Phường Minh Thành', 206),
(7141, 'Xã Điền Công', 196),
(7144, 'Xã Sông Khoai', 206),
(7147, 'Xã Hiệp Hòa', 206),
(7150, 'Phường Cộng Hòa', 206),
(7153, 'Xã Tiền An', 206),
(7156, 'Xã Hoàng Tân', 206),
(7159, 'Phường Tân An', 206),
(7162, 'Phường Yên Giang', 206),
(7165, 'Phường Nam Hoà', 206),
(7168, 'Phường Hà An', 206),
(7171, 'Xã Cẩm La', 206),
(7174, 'Phường Phong Hải', 206),
(7177, 'Phường Yên Hải', 206),
(7180, 'Xã Liên Hòa', 206),
(7183, 'Phường Phong Cốc', 206),
(7186, 'Xã Liên Vị', 206),
(7189, 'Xã Tiền Phong', 206),
(7192, 'Thị trấn Cô Tô', 207),
(7195, 'Xã Đồng Tiến', 207),
(7198, 'Xã Thanh Lân', 207),
(7201, 'Phường Thọ Xương', 213),
(7204, 'Phường Trần Nguyên Hãn', 213),
(7207, 'Phường Ngô Quyền', 213),
(7210, 'Phường Hoàng Văn Thụ', 213),
(7213, 'Phường Trần Phú', 213),
(7216, 'Phường Mỹ Độ', 213),
(7219, 'Phường Lê Lợi', 213),
(7222, 'Xã Song Mai', 213),
(7225, 'Phường Xương Giang', 213),
(7228, 'Phường Đa Mai', 213),
(7231, 'Phường Dĩnh Kế', 213),
(7234, 'Thị trấn Cầu Gồ', 215),
(7237, 'Thị trấn Bố Hạ', 215),
(7243, 'Xã Đồng Tiến', 215),
(7246, 'Xã Canh Nậu', 215),
(7249, 'Xã Xuân Lương', 215),
(7252, 'Xã Tam Tiến', 215),
(7255, 'Xã Đồng Vương', 215),
(7258, 'Xã Đồng Hưu', 215),
(7260, 'Xã Đồng Tâm', 215),
(7261, 'Xã Tam Hiệp', 215),
(7264, 'Xã Tiến Thắng', 215),
(7267, 'Xã Hồng Kỳ', 215),
(7270, 'Xã Đồng Lạc', 215),
(7273, 'Xã Đông Sơn', 215),
(7276, 'Xã Tân Hiệp', 215),
(7279, 'Xã Hương Vĩ', 215),
(7282, 'Xã Đồng Kỳ', 215),
(7285, 'Xã An Thượng', 215),
(7288, 'Xã Phồn Xương', 215),
(7291, 'Xã Tân Sỏi', 215),
(7294, 'Xã Bố Hạ', 215),
(7297, 'Thị trấn Cao Thượng', 216),
(7300, 'Thị trấn Nhã Nam', 216),
(7303, 'Xã Lan Giới', 216),
(7306, 'Xã Nhã Nam', 216),
(7309, 'Xã Tân Trung', 216),
(7312, 'Xã Đại Hóa', 216),
(7315, 'Xã Quang Tiến', 216),
(7318, 'Xã Phúc Sơn', 216),
(7321, 'Xã An Dương', 216),
(7324, 'Xã Phúc Hòa', 216),
(7327, 'Xã Liên Sơn', 216),
(7330, 'Xã Hợp Đức', 216),
(7333, 'Xã Lam Cốt', 216),
(7336, 'Xã Cao Xá', 216),
(7339, 'Xã Cao Thượng', 216),
(7342, 'Xã Việt Ngọc', 216),
(7345, 'Xã Song Vân', 216),
(7348, 'Xã Ngọc Châu', 216),
(7351, 'Xã Ngọc Vân', 216),
(7354, 'Xã Việt Lập', 216),
(7357, 'Xã Liên Chung', 216),
(7360, 'Xã Ngọc Thiện', 216),
(7363, 'Xã Ngọc Lý', 216),
(7366, 'Xã Quế Nham', 216),
(7369, 'Thị trấn Kép', 217),
(7375, 'Thị trấn Vôi', 217),
(7378, 'Xã Nghĩa Hòa', 217),
(7381, 'Xã Nghĩa Hưng', 217),
(7384, 'Xã Quang Thịnh', 217),
(7387, 'Xã Hương Sơn', 217),
(7390, 'Xã Đào Mỹ', 217),
(7393, 'Xã Tiên Lục', 217),
(7396, 'Xã An Hà', 217),
(7399, 'Xã Tân Thịnh', 217),
(7402, 'Xã Mỹ Hà', 217),
(7405, 'Xã Hương Lạc', 217),
(7408, 'Xã Dương Đức', 217),
(7411, 'Xã Tân Thanh', 217),
(7414, 'Xã Yên Mỹ', 217),
(7417, 'Xã Tân Hưng', 217),
(7420, 'Xã Mỹ Thái', 217),
(7423, 'Xã Phi Mô', 217),
(7426, 'Xã Xương Lâm', 217),
(7429, 'Xã Xuân Hương', 217),
(7432, 'Xã Tân Dĩnh', 217),
(7435, 'Xã Đại Lâm', 217),
(7438, 'Xã Thái Đào', 217),
(7441, 'Xã Dĩnh Trì', 213),
(7444, 'Thị trấn Đồi Ngô', 218),
(7447, 'Thị trấn Lục Nam', 218),
(7450, 'Xã Đông Hưng', 218),
(7453, 'Xã Đông Phú', 218),
(7456, 'Xã Tam Dị', 218),
(7459, 'Xã Bảo Sơn', 218),
(7462, 'Xã Bảo Đài', 218),
(7465, 'Xã Thanh Lâm', 218),
(7468, 'Xã Tiên Nha', 218),
(7471, 'Xã Trường Giang', 218),
(7474, 'Xã Tiên Hưng', 218),
(7477, 'Xã Phương Sơn', 218),
(7480, 'Xã Chu Điện', 218),
(7483, 'Xã Cương Sơn', 218),
(7486, 'Xã Nghĩa Phương', 218),
(7489, 'Xã Vô Tranh', 218),
(7492, 'Xã Bình Sơn', 218),
(7495, 'Xã Lan Mẫu', 218),
(7498, 'Xã Yên Sơn', 218),
(7501, 'Xã Khám Lạng', 218),
(7504, 'Xã Huyền Sơn', 218),
(7507, 'Xã Trường Sơn', 218),
(7510, 'Xã Lục Sơn', 218),
(7513, 'Xã Bắc Lũng', 218),
(7516, 'Xã Vũ Xá', 218),
(7519, 'Xã Cẩm Lý', 218),
(7522, 'Xã Đan Hội', 218),
(7525, 'Thị trấn Chũ', 219),
(7528, 'Xã Cấm Sơn', 219),
(7531, 'Xã Tân Sơn', 219),
(7534, 'Xã Phong Minh', 219),
(7537, 'Xã Phong Vân', 219),
(7540, 'Xã Xa Lý', 219),
(7543, 'Xã Hộ Đáp', 219),
(7546, 'Xã Sơn Hải', 219),
(7549, 'Xã Thanh Hải', 219),
(7552, 'Xã Kiên Lao', 219),
(7555, 'Xã Biên Sơn', 219),
(7558, 'Xã Kiên Thành', 219),
(7561, 'Xã Hồng Giang', 219),
(7564, 'Xã Kim Sơn', 219),
(7567, 'Xã Tân Hoa', 219),
(7570, 'Xã Giáp Sơn', 219),
(7573, 'Xã Biển Động', 219),
(7576, 'Xã Quý Sơn', 219),
(7579, 'Xã Trù Hựu', 219),
(7582, 'Xã Phì Điền', 219),
(7585, 'Xã Nghĩa Hồ', 219),
(7588, 'Xã Tân Quang', 219),
(7591, 'Xã Đồng Cốc', 219),
(7594, 'Xã Tân Lập', 219),
(7597, 'Xã Phú Nhuận', 219),
(7600, 'Xã Mỹ An', 219),
(7603, 'Xã Nam Dương', 219),
(7606, 'Xã Tân Mộc', 219),
(7609, 'Xã Đèo Gia', 219),
(7612, 'Xã Phượng Sơn', 219),
(7615, 'Thị trấn An Châu', 220),
(7616, 'Thị trấn Thanh Sơn', 220),
(7618, 'Xã Thạch Sơn', 220),
(7621, 'Xã Vân Sơn', 220),
(7624, 'Xã Hữu Sản', 220),
(7627, 'Xã Quế Sơn', 220),
(7630, 'Xã Phúc Thắng', 220),
(7633, 'Xã Chiên Sơn', 220),
(7636, 'Xã Giáo Liêm', 220),
(7639, 'Xã Vĩnh Khương', 220),
(7642, 'Xã Cẩm Đàn', 220),
(7645, 'Xã An Lạc', 220),
(7648, 'Xã An Lập', 220),
(7651, 'Xã Yên Định', 220),
(7654, 'Xã Lệ Viễn', 220),
(7657, 'Xã An Châu', 220),
(7660, 'Xã An Bá', 220),
(7663, 'Xã Tuấn Đạo', 220),
(7666, 'Xã Dương Hưu', 220),
(7669, 'Xã Bồng Am', 220),
(7672, 'Xã Long Sơn', 220),
(7675, 'Xã Tuấn Mậu', 220),
(7678, 'Xã Thanh Luận', 220),
(7681, 'Thị trấn Neo', 221),
(7682, 'Thị trấn Tân Dân', 221),
(7684, 'Xã Lão Hộ', 221),
(7687, 'Xã Tân Mỹ', 213),
(7690, 'Xã Hương Gián', 221),
(7693, 'Xã Tân An', 221),
(7696, 'Xã Đồng Sơn', 213),
(7699, 'Xã Tân Tiến', 213),
(7702, 'Xã Quỳnh Sơn', 221),
(7705, 'Xã Song Khê', 213),
(7708, 'Xã Nội Hoàng', 221),
(7711, 'Xã Tiền Phong', 221),
(7714, 'Xã Xuân Phú', 221),
(7717, 'Xã Tân Liễu', 221),
(7720, 'Xã Trí Yên', 221),
(7723, 'Xã Lãng Sơn', 221),
(7726, 'Xã Yên Lư', 221),
(7729, 'Xã Tiến Dũng', 221),
(7732, 'Xã Nham Sơn', 221),
(7735, 'Xã Đức Giang', 221),
(7738, 'Xã Cảnh Thụy', 221),
(7741, 'Xã Tư Mại', 221),
(7744, 'Xã Thắng Cương', 221),
(7747, 'Xã Đồng Việt', 221),
(7750, 'Xã Đồng Phúc', 221),
(7753, 'Thị trấn  Bích Động', 222),
(7756, 'Thị trấn Nếnh', 222),
(7759, 'Xã Thượng Lan', 222),
(7762, 'Xã Việt Tiến', 222),
(7765, 'Xã Nghĩa Trung', 222),
(7768, 'Xã Minh Đức', 222),
(7771, 'Xã Hương Mai', 222),
(7774, 'Xã Tự Lạn', 222),
(7777, 'Xã Bích Sơn', 222),
(7780, 'Xã Trung Sơn', 222),
(7783, 'Xã Hồng Thái', 222),
(7786, 'Xã Tiên Sơn', 222),
(7789, 'Xã Tăng Tiến', 222),
(7792, 'Xã Quảng Minh', 222),
(7795, 'Xã Hoàng Ninh', 222),
(7798, 'Xã Ninh Sơn', 222),
(7801, 'Xã Vân Trung', 222),
(7804, 'Xã Vân Hà', 222),
(7807, 'Xã Quang Châu', 222),
(7810, 'Thị trấn Thắng', 223),
(7813, 'Xã Đồng Tân', 223),
(7816, 'Xã Thanh Vân', 223),
(7819, 'Xã Hoàng Lương', 223),
(7822, 'Xã Hoàng Vân', 223),
(7825, 'Xã Hoàng Thanh', 223),
(7828, 'Xã Hoàng An', 223),
(7831, 'Xã Ngọc Sơn', 223),
(7834, 'Xã Thái Sơn', 223),
(7837, 'Xã Hòa Sơn', 223),
(7840, 'Xã Đức Thắng', 223),
(7843, 'Xã Quang Minh', 223),
(7846, 'Xã Lương Phong', 223),
(7849, 'Xã Hùng Sơn', 223),
(7852, 'Xã Đại Thành', 223),
(7855, 'Xã Thường Thắng', 223),
(7858, 'Xã Hợp Thịnh', 223),
(7861, 'Xã Danh Thắng', 223),
(7864, 'Xã Mai Trung', 223),
(7867, 'Xã Đoan Bái', 223),
(7870, 'Xã Bắc Lý', 223),
(7873, 'Xã Xuân Cẩm', 223),
(7876, 'Xã Hương Lâm', 223),
(7879, 'Xã Đông Lỗ', 223),
(7882, 'Xã Châu Minh', 223),
(7885, 'Xã Mai Đình', 223),
(7888, 'Phường Dữu Lâu', 227),
(7891, 'Phường Vân Cơ', 227),
(7894, 'Phường Nông Trang', 227),
(7897, 'Phường Tân Dân', 227),
(7900, 'Phường Gia Cẩm', 227),
(7903, 'Phường Tiên Cát', 227),
(7906, 'Phường Thọ Sơn', 227),
(7909, 'Phường Thanh Miếu', 227),
(7912, 'Phường Bạch Hạc', 227),
(7915, 'Phường Bến Gót', 227),
(7918, 'Phường Vân Phú', 227),
(7921, 'Xã Phượng Lâu', 227),
(7924, 'Xã Thụy Vân', 227),
(7927, 'Phường Minh Phương', 227),
(7930, 'Xã Trưng Vương', 227),
(7933, 'Phường Minh Nông', 227),
(7936, 'Xã Sông Lô', 227),
(7939, 'Phường Trường Thịnh', 228),
(7942, 'Phường Hùng Vương', 228),
(7945, 'Phường Phong Châu', 228),
(7948, 'Phường Âu Cơ', 228),
(7951, 'Xã Hà Lộc', 228),
(7954, 'Xã Phú Hộ', 228),
(7957, 'Xã Văn Lung', 228),
(7960, 'Xã Thanh Minh', 228),
(7963, 'Xã Hà Thạch', 228),
(7966, 'Phường Thanh Vinh', 228),
(7969, 'Thị trấn Đoan Hùng', 230),
(7972, 'Xã Đông Khê', 230),
(7975, 'Xã Nghinh Xuyên', 230),
(7978, 'Xã Hùng Quan', 230),
(7981, 'Xã Bằng Luân', 230),
(7984, 'Xã Vân Du', 230),
(7987, 'Xã Phương Trung', 230),
(7990, 'Xã Quế Lâm', 230),
(7993, 'Xã Minh Lương', 230),
(7996, 'Xã Bằng Doãn', 230),
(7999, 'Xã Chí Đám', 230),
(8002, 'Xã Phong Phú', 230),
(8005, 'Xã Phúc Lai', 230),
(8008, 'Xã Ngọc Quan', 230),
(8011, 'Xã Hữu Đô', 230),
(8014, 'Xã Đại Nghĩa', 230),
(8017, 'Xã Sóc Đăng', 230),
(8020, 'Xã Phú Thứ', 230),
(8023, 'Xã Tây Cốc', 230),
(8026, 'Xã Yên Kiện', 230),
(8029, 'Xã Hùng Long', 230),
(8032, 'Xã Vụ Quang', 230),
(8035, 'Xã Vân Đồn', 230),
(8038, 'Xã Tiêu Sơn', 230),
(8041, 'Xã Minh Tiến', 230),
(8044, 'Xã Minh Phú', 230),
(8047, 'Xã Chân Mộng', 230),
(8050, 'Xã Ca Đình', 230),
(8053, 'Thị trấn Hạ Hoà', 231),
(8056, 'Xã Đại Phạm', 231),
(8059, 'Xã Hậu Bổng', 231),
(8062, 'Xã Đan Hà', 231),
(8065, 'Xã Hà Lương', 231),
(8068, 'Xã Lệnh Khanh', 231),
(8071, 'Xã Phụ Khánh', 231),
(8074, 'Xã Liên Phương', 231),
(8077, 'Xã Đan Thượng', 231),
(8080, 'Xã Hiền Lương', 231),
(8083, 'Xã Động Lâm', 231),
(8086, 'Xã Lâm Lợi', 231),
(8089, 'Xã Phương Viên', 231),
(8092, 'Xã Gia Điền', 231),
(8095, 'Xã Ấm Hạ', 231),
(8098, 'Xã Quân Khê', 231),
(8101, 'Xã Y Sơn', 231),
(8104, 'Xã Hương Xạ', 231),
(8107, 'Xã Cáo Điền', 231),
(8110, 'Xã Xuân Áng', 231),
(8113, 'Xã Yên Kỳ', 231),
(8116, 'Xã Chuế Lưu', 231),
(8119, 'Xã Minh Hạc', 231),
(8122, 'Xã Lang Sơn', 231),
(8125, 'Xã Bằng Giã', 231),
(8128, 'Xã Yên Luật', 231),
(8131, 'Xã Vô Tranh', 231),
(8134, 'Xã Văn Lang', 231),
(8137, 'Xã Chính Công', 231),
(8140, 'Xã Minh Côi', 231),
(8143, 'Xã Vĩnh Chân', 231),
(8146, 'Xã Mai Tùng', 231),
(8149, 'Xã Vụ Cầu', 231),
(8152, 'Thị trấn Thanh Ba', 232),
(8155, 'Xã Thanh Vân', 232),
(8156, 'Xã Vân Lĩnh', 232),
(8158, 'Xã Đông Lĩnh', 232),
(8161, 'Xã Đại An', 232),
(8164, 'Xã Hanh Cù', 232),
(8167, 'Xã Thái Ninh', 232),
(8170, 'Xã Đồng Xuân', 232),
(8173, 'Xã Năng Yên', 232),
(8176, 'Xã Yển Khê', 232),
(8179, 'Xã Ninh Dân', 232),
(8182, 'Xã Quảng Nạp', 232),
(8185, 'Xã Vũ Yển', 232),
(8188, 'Xã Yên Nội', 232),
(8191, 'Xã Phương Lĩnh', 232),
(8194, 'Xã Võ Lao', 232),
(8197, 'Xã Khải Xuân', 232),
(8200, 'Xã Mạn Lạn', 232),
(8203, 'Xã Thanh Xá', 232),
(8206, 'Xã Chí Tiên', 232),
(8209, 'Xã Đông Thành', 232),
(8212, 'Xã Hoàng Cương', 232),
(8215, 'Xã Sơn Cương', 232),
(8218, 'Xã Thanh Hà', 232),
(8221, 'Xã Đỗ Sơn', 232),
(8224, 'Xã Đỗ Xuyên', 232),
(8227, 'Xã Lương Lỗ', 232),
(8230, 'Thị trấn Phong Châu', 233),
(8233, 'Xã Phú Mỹ', 233),
(8234, 'Xã Lệ Mỹ', 233),
(8236, 'Xã Liên Hoa', 233),
(8239, 'Xã Trạm Thản', 233),
(8242, 'Xã Trị Quận', 233),
(8245, 'Xã Trung Giáp', 233),
(8248, 'Xã Tiên Phú', 233),
(8251, 'Xã Hạ Giáp', 233),
(8254, 'Xã Bảo Thanh', 233),
(8257, 'Xã Phú Lộc', 233),
(8260, 'Xã Gia Thanh', 233),
(8263, 'Xã Tiên Du', 233),
(8266, 'Xã Phú Nham', 233),
(8269, 'Xã Bình Bộ', 233),
(8272, 'Xã An Đạo', 233),
(8275, 'Xã Tử Đà', 233),
(8278, 'Xã Phù Ninh', 233),
(8281, 'Xã Kim Đức', 227),
(8284, 'Xã Vĩnh Phú', 233),
(8287, 'Xã Hùng Lô', 227),
(8290, 'Thị trấn Yên Lập', 234),
(8293, 'Xã Mỹ Lung', 234),
(8296, 'Xã Mỹ Lương', 234),
(8299, 'Xã Lương Sơn', 234),
(8302, 'Xã Xuân An', 234),
(8305, 'Xã Xuân Viên', 234),
(8308, 'Xã Xuân Thủy', 234),
(8311, 'Xã Trung Sơn', 234),
(8314, 'Xã Hưng Long', 234),
(8317, 'Xã Nga Hoàng', 234),
(8320, 'Xã Đồng Lạc', 234),
(8323, 'Xã Thượng Long', 234),
(8326, 'Xã Đồng Thịnh', 234),
(8329, 'Xã Phúc Khánh', 234),
(8332, 'Xã Minh Hòa', 234),
(8335, 'Xã Ngọc Lập', 234),
(8338, 'Xã Ngọc Đồng', 234),
(8341, 'Thị trấn Sông Thao', 235),
(8344, 'Xã Tiên Lương', 235),
(8347, 'Xã Tuy Lộc', 235),
(8350, 'Xã Ngô Xá', 235),
(8353, 'Xã Phương Xá', 235),
(8356, 'Xã Phượng Vĩ', 235),
(8359, 'Xã Đồng Cam', 235),
(8362, 'Xã Thụy Liễu', 235),
(8365, 'Xã Phùng Xá', 235),
(8368, 'Xã Sơn Nga', 235),
(8371, 'Xã Sai Nga', 235),
(8374, 'Xã Tùng Khê', 235),
(8377, 'Xã Tam Sơn', 235),
(8380, 'Xã Văn Bán', 235),
(8383, 'Xã Cấp Dẫn', 235),
(8386, 'Xã Thanh Nga', 235),
(8389, 'Xã Xương Thịnh', 235),
(8392, 'Xã Phú Khê', 235),
(8395, 'Xã Sơn Tình', 235),
(8398, 'Xã Yên Tập', 235),
(8401, 'Xã Hương Lung', 235),
(8404, 'Xã Tạ Xá', 235),
(8407, 'Xã Phú Lạc', 235),
(8410, 'Xã Tình Cương', 235),
(8413, 'Xã Chương Xá', 235),
(8416, 'Xã Hiền Đa', 235),
(8419, 'Xã Văn Khúc', 235),
(8422, 'Xã Yên Dưỡng', 235),
(8425, 'Xã Cát Trù', 235),
(8428, 'Xã Điêu Lương', 235),
(8431, 'Xã Đồng Lương', 235),
(8434, 'Thị trấn Hưng Hoá', 236),
(8437, 'Xã Vực Trường', 236),
(8440, 'Xã Hiền Quan', 236),
(8443, 'Xã Hương Nha', 236),
(8446, 'Xã Thanh Uyên', 236),
(8449, 'Xã Xuân Quang', 236),
(8452, 'Xã Tứ Mỹ', 236),
(8455, 'Xã Văn Lương', 236),
(8458, 'Xã Hùng Đô', 236),
(8461, 'Xã Phương Thịnh', 236),
(8464, 'Xã Tam Cường', 236),
(8467, 'Xã Cổ Tiết', 236),
(8470, 'Xã Quang Húc', 236),
(8473, 'Xã Hương Nộn', 236),
(8476, 'Xã Tề Lễ', 236),
(8479, 'Xã Thọ Văn', 236),
(8482, 'Xã Dị Nậu', 236),
(8485, 'Xã Hồng Đà', 236),
(8488, 'Xã Dậu Dương', 236),
(8491, 'Xã Thượng Nông', 236),
(8494, 'Thị trấn Lâm Thao', 237),
(8497, 'Xã Tiên Kiên', 237),
(8498, 'Thị trấn Hùng Sơn', 237),
(8500, 'Xã Xuân Lũng', 237),
(8503, 'Xã Hy Cương', 227),
(8506, 'Xã Chu Hóa', 227),
(8509, 'Xã Xuân Huy', 237),
(8512, 'Xã Thạch Sơn', 237),
(8515, 'Xã Thanh Đình', 227),
(8518, 'Xã Sơn Vi', 237),
(8521, 'Xã Hợp Hải', 237),
(8524, 'Xã Sơn Dương', 237),
(8527, 'Xã Cao Xá', 237),
(8530, 'Xã Kinh Kệ', 237),
(8533, 'Xã Vĩnh Lại', 237),
(8536, 'Xã Tứ Xã', 237),
(8539, 'Xã Bản Nguyên', 237),
(8542, 'Thị trấn Thanh Sơn', 238),
(8545, 'Xã Thu Cúc', 240),
(8548, 'Xã Thạch Kiệt', 240),
(8551, 'Xã Thu Ngạc', 240),
(8554, 'Xã Kiệt Sơn', 240),
(8557, 'Xã Đồng Sơn', 240),
(8560, 'Xã Lai Đồng', 240),
(8563, 'Xã Sơn Hùng', 238),
(8566, 'Xã Tân Phú', 240),
(8569, 'Xã Mỹ Thuận', 240),
(8572, 'Xã Địch Quả', 238),
(8575, 'Xã Giáp Lai', 238),
(8578, 'Xã Tân Sơn', 240),
(8581, 'Xã Thục Luyện', 238),
(8584, 'Xã Võ Miếu', 238),
(8587, 'Xã Thạch Khoán', 238),
(8590, 'Xã Xuân Đài', 240),
(8593, 'Xã Minh Đài', 240),
(8596, 'Xã Văn Luông', 240),
(8599, 'Xã Xuân Sơn', 240),
(8602, 'Xã Cự Thắng', 238),
(8605, 'Xã Tất Thắng', 238),
(8608, 'Xã Long Cốc', 240),
(8611, 'Xã Văn Miếu', 238),
(8614, 'Xã Cự Đồng', 238),
(8617, 'Xã Kim Thượng', 240),
(8620, 'Xã Tam Thanh', 240),
(8623, 'Xã Thắng Sơn', 238),
(8626, 'Xã Vinh Tiền', 240),
(8629, 'Xã Tân Minh', 238),
(8632, 'Xã Hương Cần', 238),
(8635, 'Xã Khả Cửu', 238),
(8638, 'Xã Đông Cửu', 238),
(8641, 'Xã Tân Lập', 238),
(8644, 'Xã Yên Lãng', 238),
(8647, 'Xã Yên Lương', 238),
(8650, 'Xã Thượng Cửu', 238),
(8653, 'Xã Lương Nha', 238),
(8656, 'Xã Yên Sơn', 238),
(8659, 'Xã Tinh Nhuệ', 238),
(8662, 'Xã Đào Xá', 239),
(8665, 'Xã Thạch Đồng', 239),
(8668, 'Xã Xuân Lộc', 239),
(8671, 'Xã Tân Phương', 239),
(8674, 'Thị trấn Thanh Thủy', 239),
(8677, 'Xã Sơn Thủy', 239),
(8680, 'Xã Bảo Yên', 239),
(8683, 'Xã Đoan Hạ', 239),
(8686, 'Xã Đồng Luận', 239),
(8689, 'Xã Hoàng Xá', 239),
(8692, 'Xã Trung Thịnh', 239),
(8695, 'Xã Trung Nghĩa', 239),
(8698, 'Xã Phượng Mao', 239),
(8701, 'Xã Yến Mao', 239),
(8704, 'Xã Tu Vũ', 239),
(8707, 'Phường Tích Sơn', 243),
(8710, 'Phường Liên Bảo', 243),
(8713, 'Phường Hội Hợp', 243),
(8716, 'Phường Đống Đa', 243),
(8719, 'Phường Ngô Quyền', 243),
(8722, 'Phường Đồng Tâm', 243),
(8725, 'Xã Định Trung', 243),
(8728, 'Phường Khai Quang', 243),
(8731, 'Xã Thanh Trù', 243),
(8734, 'Phường Trưng Trắc', 244),
(8737, 'Phường Hùng Vương', 244),
(8740, 'Phường Trưng Nhị', 244),
(8743, 'Phường Phúc Thắng', 244),
(8746, 'Phường Xuân Hoà', 244),
(8747, 'Phường Đồng Xuân', 244),
(8749, 'Xã Ngọc Thanh', 244),
(8752, 'Xã Cao Minh', 244),
(8755, 'Xã Nam Viêm', 244),
(8758, 'Xã Tiền Châu', 244),
(8761, 'Thị trấn Lập Thạch', 246),
(8764, 'Xã Quang Sơn', 246),
(8767, 'Xã Ngọc Mỹ', 246),
(8770, 'Xã Hợp Lý', 246),
(8773, 'Xã Lãng Công', 253),
(8776, 'Xã Quang Yên', 253),
(8779, 'Xã Bạch Lưu', 253),
(8782, 'Xã Hải Lựu', 253),
(8785, 'Xã Bắc Bình', 246),
(8788, 'Xã Thái Hòa', 246),
(8789, 'Thị trấn Hoa Sơn', 246),
(8791, 'Xã Liễn Sơn', 246),
(8794, 'Xã Xuân Hòa', 246),
(8797, 'Xã Vân Trục', 246),
(8800, 'Xã Đồng Quế', 253),
(8803, 'Xã Nhân Đạo', 253),
(8806, 'Xã Đôn Nhân', 253),
(8809, 'Xã Phương Khoan', 253),
(8812, 'Xã Liên Hòa', 246),
(8815, 'Xã Tử Du', 246),
(8818, 'Xã Tân Lập', 253),
(8821, 'Xã Nhạo Sơn', 253),
(8824, 'Thị trấn Tam Sơn', 253),
(8827, 'Xã Như Thụy', 253),
(8830, 'Xã Yên Thạch', 253),
(8833, 'Xã Bàn Giản', 246),
(8836, 'Xã Xuân Lôi', 246),
(8839, 'Xã Đồng Ích', 246),
(8842, 'Xã Tiên Lữ', 246),
(8845, 'Xã Văn Quán', 246),
(8848, 'Xã Đồng Thịnh', 253),
(8851, 'Xã Tứ Yên', 253),
(8854, 'Xã Đức Bác', 253),
(8857, 'Xã Đình Chu', 246),
(8860, 'Xã Cao Phong', 253),
(8863, 'Xã Triệu Đề', 246),
(8866, 'Xã Sơn Đông', 246),
(8869, 'Thị trấn Hợp Hòa', 247),
(8872, 'Xã Hoàng Hoa', 247),
(8875, 'Xã Đồng Tĩnh', 247),
(8878, 'Xã Kim Long', 247),
(8881, 'Xã Hướng Đạo', 247),
(8884, 'Xã Đạo Tú', 247),
(8887, 'Xã An Hòa', 247),
(8890, 'Xã Thanh Vân', 247),
(8893, 'Xã Duy Phiên', 247),
(8896, 'Xã Hoàng Đan', 247),
(8899, 'Xã Hoàng Lâu', 247),
(8902, 'Xã Vân Hội', 247),
(8905, 'Xã Hợp Thịnh', 247),
(8908, 'Thị trấn Tam Đảo', 248),
(8911, 'Xã Hợp Châu', 248),
(8914, 'Xã Đạo Trù', 248),
(8917, 'Xã Yên Dương', 248),
(8920, 'Xã Bồ Lý', 248),
(8923, 'Xã Đại Đình', 248),
(8926, 'Xã Tam Quan', 248),
(8929, 'Xã Hồ Sơn', 248),
(8932, 'Xã Minh Quang', 248),
(8935, 'Thị trấn Hương Canh', 249),
(8936, 'Thị trấn Gia Khánh', 249),
(8938, 'Xã Trung Mỹ', 249),
(8944, 'Xã Bá Hiến', 249),
(8947, 'Xã Thiện Kế', 249),
(8950, 'Xã Hương Sơn', 249),
(8953, 'Xã Tam Hợp', 249),
(8956, 'Xã Quất Lưu', 249),
(8959, 'Xã Sơn Lôi', 249),
(8962, 'Xã Đạo Đức', 249),
(8965, 'Xã Tân Phong', 249),
(8968, 'Thị trấn Thanh Lãng', 249),
(8971, 'Xã Phú Xuân', 249),
(8973, 'Thị trấn Chi Đông', 250),
(8974, 'Xã Đại Thịnh', 250),
(8977, 'Xã Kim Hoa', 250),
(8980, 'Xã Thạch Đà', 250),
(8983, 'Xã Tiến Thắng', 250),
(8986, 'Xã Tự Lập', 250),
(8989, 'Thị trấn Quang Minh', 250),
(8992, 'Xã Thanh Lâm', 250),
(8995, 'Xã Tam Đồng', 250),
(8998, 'Xã Liên Mạc', 250),
(9001, 'Xã Vạn Yên', 250),
(9004, 'Xã Chu Phan', 250),
(9007, 'Xã Tiến Thịnh', 250),
(9010, 'Xã Mê Linh', 250),
(9013, 'Xã Văn Khê', 250),
(9016, 'Xã Hoàng Kim', 250),
(9019, 'Xã Tiền Phong', 250),
(9022, 'Xã Tráng Việt', 250),
(9025, 'Thị trấn Yên Lạc', 251),
(9028, 'Xã Đồng Cương', 251),
(9031, 'Xã Đồng Văn', 251),
(9034, 'Xã Bình Định', 251),
(9037, 'Xã Trung Nguyên', 251),
(9040, 'Xã Tề Lỗ', 251),
(9043, 'Xã Tam Hồng', 251),
(9046, 'Xã Yên Đồng', 251),
(9049, 'Xã Văn Tiến', 251),
(9052, 'Xã Nguyệt Đức', 251),
(9055, 'Xã Yên Phương', 251),
(9058, 'Xã Hồng Phương', 251),
(9061, 'Xã Trung Kiên', 251),
(9064, 'Xã Liên Châu', 251),
(9067, 'Xã Đại Tự', 251),
(9070, 'Xã Hồng Châu', 251),
(9073, 'Xã Trung Hà', 251),
(9076, 'Thị trấn Vĩnh Tường', 252),
(9079, 'Xã Kim Xá', 252),
(9082, 'Xã Yên Bình', 252),
(9085, 'Xã Chấn Hưng', 252),
(9088, 'Xã Nghĩa Hưng', 252),
(9091, 'Xã Yên Lập', 252),
(9094, 'Xã Việt Xuân', 252),
(9097, 'Xã Bồ Sao', 252),
(9100, 'Xã Đại Đồng', 252),
(9103, 'Xã Tân Tiến', 252),
(9106, 'Xã Lũng Hoà', 252),
(9109, 'Xã Cao Đại', 252),
(9112, 'Thị Trấn Thổ Tang', 252),
(9115, 'Xã Vĩnh Sơn', 252),
(9118, 'Xã Bình Dương', 252),
(9121, 'Xã Tân Cương', 252),
(9124, 'Xã Phú Thịnh', 252),
(9127, 'Xã Thượng Trưng', 252),
(9130, 'Xã Vũ Di', 252),
(9133, 'Xã Lý Nhân', 252),
(9136, 'Xã Tuân Chính', 252),
(9139, 'Xã Vân Xuân', 252),
(9142, 'Xã Tam Phúc', 252),
(9145, 'Thị trấn Tứ Trưng', 252),
(9148, 'Xã Ngũ Kiên', 252),
(9151, 'Xã An Tường', 252),
(9154, 'Xã Vĩnh Thịnh', 252),
(9157, 'Xã Phú Đa', 252),
(9160, 'Xã Vĩnh Ninh', 252),
(9163, 'Phường Vũ Ninh', 256),
(9166, 'Phường Đáp Cầu', 256),
(9169, 'Phường Thị Cầu', 256),
(9172, 'Phường Kinh Bắc', 256),
(9175, 'Phường Vệ An', 256),
(9178, 'Phường Tiền An', 256),
(9181, 'Phường Đại Phúc', 256),
(9184, 'Phường Ninh Xá', 256),
(9187, 'Phường Suối Hoa', 256),
(9190, 'Phường Võ Cường', 256),
(9193, 'Thị trấn Chờ', 258),
(9196, 'Xã Dũng Liệt', 258),
(9199, 'Xã Tam Đa', 258),
(9202, 'Xã Tam Giang', 258),
(9205, 'Xã Yên Trung', 258),
(9208, 'Xã Thụy Hòa', 258),
(9211, 'Xã Hòa Tiến', 258),
(9214, 'Xã Hòa Long', 256),
(9217, 'Xã Đông Tiến', 258),
(9220, 'Xã Yên Phụ', 258),
(9223, 'Xã Trung Nghĩa', 258),
(9226, 'Phường Vạn An', 256),
(9229, 'Xã Đông Phong', 258),
(9232, 'Xã Long Châu', 258),
(9235, 'Phường Khúc Xuyên', 256),
(9238, 'Xã Văn Môn', 258),
(9241, 'Xã Đông Thọ', 258),
(9244, 'Phường Phong Khê', 256),
(9247, 'Thị trấn Phố Mới', 259),
(9250, 'Xã Việt Thống', 259),
(9253, 'Xã Đại Xuân', 259),
(9256, 'Xã Kim Chân', 256),
(9259, 'Xã Nhân Hòa', 259),
(9262, 'Xã Bằng An', 259),
(9265, 'Xã Phương Liễu', 259),
(9268, 'Xã Quế Tân', 259),
(9271, 'Phường Vân Dương', 256),
(9274, 'Xã Phù Lương', 259),
(9277, 'Xã Phù Lãng', 259),
(9280, 'Xã Phượng Mao', 259),
(9283, 'Xã Việt Hùng', 259),
(9286, 'Xã Nam Sơn', 256),
(9289, 'Xã Ngọc Xá', 259),
(9292, 'Xã Châu Phong', 259),
(9295, 'Xã Bồng Lai', 259),
(9298, 'Xã Cách Bi', 259),
(9301, 'Xã Đào Viên', 259),
(9304, 'Xã Yên Giả', 259),
(9307, 'Xã Mộ Đạo', 259),
(9310, 'Xã Đức Long', 259),
(9313, 'Xã Chi Lăng', 259),
(9316, 'Xã Hán Quảng', 259),
(9319, 'Thị trấn Lim', 260),
(9322, 'Xã Phú Lâm', 260),
(9325, 'Phường Khắc Niệm', 256),
(9328, 'Xã Nội Duệ', 260),
(9331, 'Phường Hạp Lĩnh', 256),
(9334, 'Xã Liên Bão', 260),
(9337, 'Xã Hiên Vân', 260),
(9340, 'Xã Hoàn Sơn', 260),
(9343, 'Xã Lạc Vệ', 260),
(9346, 'Xã Việt Đoàn', 260),
(9349, 'Xã Phật Tích', 260),
(9352, 'Xã Tân Chi', 260),
(9355, 'Xã Đại Đồng', 260),
(9358, 'Xã Tri Phương', 260),
(9361, 'Xã Minh Đạo', 260),
(9364, 'Xã Cảnh Hưng', 260),
(9367, 'Phường Đông Ngàn', 261),
(9370, 'Xã Tam Sơn', 261),
(9373, 'Xã Hương Mạc', 261),
(9376, 'Xã Tương Giang', 261),
(9379, 'Xã Phù Khê', 261),
(9382, 'Phường Đồng Kỵ', 261),
(9383, 'Phường Trang Hạ', 261),
(9385, 'Phường Đồng Nguyên', 261),
(9388, 'Phường Châu Khê', 261),
(9391, 'Phường Tân Hồng', 261),
(9394, 'Phường Đình Bảng', 261),
(9397, 'Xã Phù Chẩn', 261),
(9400, 'Thị trấn Hồ', 262),
(9403, 'Xã Hoài Thượng', 262),
(9406, 'Xã Đại Đồng Thành', 262),
(9409, 'Xã Mão Điền', 262),
(9412, 'Xã Song Hồ', 262),
(9415, 'Xã Đình Tổ', 262),
(9418, 'Xã An Bình', 262),
(9421, 'Xã Trí Quả', 262),
(9424, 'Xã Gia Đông', 262),
(9427, 'Xã Thanh Khương', 262),
(9430, 'Xã Trạm Lộ', 262),
(9433, 'Xã Xuân Lâm', 262),
(9436, 'Xã Hà Mãn', 262),
(9439, 'Xã Ngũ Thái', 262),
(9442, 'Xã Nguyệt Đức', 262),
(9445, 'Xã Ninh Xá', 262),
(9448, 'Xã Nghĩa Đạo', 262),
(9451, 'Xã Song Liễu', 262),
(9454, 'Thị trấn Gia Bình', 263),
(9457, 'Xã Vạn Ninh', 263),
(9460, 'Xã Thái Bảo', 263),
(9463, 'Xã Giang Sơn', 263),
(9466, 'Xã Cao Đức', 263),
(9469, 'Xã Đại Lai', 263),
(9472, 'Xã Song Giang', 263),
(9475, 'Xã Bình Dương', 263),
(9478, 'Xã Lãng Ngâm', 263),
(9481, 'Xã Nhân Thắng', 263),
(9484, 'Xã Xuân Lai', 263),
(9487, 'Xã Đông Cứu', 263),
(9490, 'Xã Đại Bái', 263),
(9493, 'Xã Quỳnh Phú', 263),
(9496, 'Thị trấn Thứa', 264),
(9499, 'Xã An Thịnh', 264),
(9502, 'Xã Trung Kênh', 264),
(9505, 'Xã Phú Hòa', 264),
(9508, 'Xã Mỹ Hương', 264),
(9511, 'Xã Tân Lãng', 264),
(9514, 'Xã Quảng Phú', 264),
(9517, 'Xã Trừng Xá', 264),
(9520, 'Xã Lai Hạ', 264),
(9523, 'Xã Trung Chính', 264),
(9526, 'Xã Minh Tân', 264),
(9529, 'Xã Bình Định', 264),
(9532, 'Xã Phú Lương', 264),
(9535, 'Xã Lâm Thao', 264),
(9538, 'Phường Nguyễn Trãi', 268),
(9541, 'Phường Mộ Lao', 268),
(9542, 'Phường Văn Quán', 268),
(9544, 'Phường Vạn Phúc', 268),
(9547, 'Phường Yết Kiêu', 268),
(9550, 'Phường Quang Trung', 268),
(9551, 'Phường La Khê', 268),
(9552, 'Phường Phú La', 268),
(9553, 'Phường Phúc La', 268),
(9556, 'Phường Hà Cầu', 268),
(9562, 'Phường Yên Nghĩa', 268),
(9565, 'Phường Kiến Hưng', 268),
(9568, 'Phường Phú Lãm', 268),
(9571, 'Phường Phú Lương', 268),
(9574, 'Phường Lê Lợi', 269),
(9577, 'Phường Phú Thịnh', 269),
(9580, 'Phường Ngô Quyền', 269),
(9583, 'Phường Quang Trung', 269),
(9586, 'Phường Sơn Lộc', 269),
(9589, 'Phường Xuân Khanh', 269),
(9592, 'Xã Đường Lâm', 269),
(9595, 'Phường Viên Sơn', 269),
(9598, 'Xã Xuân Sơn', 269),
(9601, 'Phường Trung Hưng', 269),
(9604, 'Xã Thanh Mỹ', 269),
(9607, 'Phường Trung Sơn Trầm', 269),
(9610, 'Xã Kim Sơn', 269),
(9613, 'Xã Sơn Đông', 269),
(9616, 'Xã Cổ Đông', 269),
(9619, 'Thị trấn Tây Đằng', 271),
(9622, 'Xã Tân Đức', 227),
(9625, 'Xã Phú Cường', 271),
(9628, 'Xã Cổ Đô', 271),
(9631, 'Xã Tản Hồng', 271),
(9634, 'Xã Vạn Thắng', 271),
(9637, 'Xã Châu Sơn', 271),
(9640, 'Xã Phong Vân', 271),
(9643, 'Xã Phú Đông', 271),
(9646, 'Xã Phú Phương', 271),
(9649, 'Xã Phú Châu', 271),
(9652, 'Xã Thái Hòa', 271),
(9655, 'Xã Đồng Thái', 271),
(9658, 'Xã Phú Sơn', 271),
(9661, 'Xã Minh Châu', 271),
(9664, 'Xã Vật Lại', 271),
(9667, 'Xã Chu Minh', 271),
(9670, 'Xã Tòng Bạt', 271),
(9673, 'Xã Cẩm Lĩnh', 271),
(9676, 'Xã Sơn Đà', 271),
(9679, 'Xã Đông Quang', 271),
(9682, 'Xã Tiên Phong', 271),
(9685, 'Xã Thụy An', 271),
(9688, 'Xã Cam Thượng', 271),
(9691, 'Xã Thuần Mỹ', 271),
(9694, 'Xã Tản Lĩnh', 271),
(9697, 'Xã Ba Trại', 271),
(9700, 'Xã Minh Quang', 271),
(9703, 'Xã Ba Vì', 271),
(9706, 'Xã Vân Hòa', 271),
(9709, 'Xã Yên Bài', 271),
(9712, 'Xã Khánh Thượng', 271),
(9715, 'Thị trấn Phúc Thọ', 272),
(9718, 'Xã Vân Hà', 272),
(9721, 'Xã Vân Phúc', 272),
(9724, 'Xã Vân Nam', 272),
(9727, 'Xã Xuân Phú', 272),
(9730, 'Xã Phương Độ', 272),
(9733, 'Xã Sen Chiểu', 272),
(9736, 'Xã Cẩm Đình', 272),
(9739, 'Xã Võng Xuyên', 272),
(9742, 'Xã Thọ Lộc', 272),
(9745, 'Xã Long Xuyên', 272),
(9748, 'Xã Thượng Cốc', 272),
(9751, 'Xã Hát Môn', 272),
(9754, 'Xã Tích Giang', 272),
(9757, 'Xã Thanh Đa', 272),
(9760, 'Xã Trạch Mỹ Lộc', 272),
(9763, 'Xã Phúc Hòa', 272),
(9766, 'Xã Ngọc Tảo', 272),
(9769, 'Xã Phụng Thượng', 272),
(9772, 'Xã Tam Thuấn', 272),
(9775, 'Xã Tam Hiệp', 272),
(9778, 'Xã Hiệp Thuận', 272),
(9781, 'Xã Liên Hiệp', 272),
(9784, 'Thị trấn Phùng', 273),
(9787, 'Xã Trung Châu', 273),
(9790, 'Xã Thọ An', 273),
(9793, 'Xã Thọ Xuân', 273),
(9796, 'Xã Hồng Hà', 273),
(9799, 'Xã Liên Hồng', 273),
(9802, 'Xã Liên Hà', 273),
(9805, 'Xã Hạ Mỗ', 273),
(9808, 'Xã Liên Trung', 273),
(9811, 'Xã Phương Đình', 273),
(9814, 'Xã Thượng Mỗ', 273),
(9817, 'Xã Tân Hội', 273),
(9820, 'Xã Tân Lập', 273),
(9823, 'Xã Đan Phượng', 273),
(9826, 'Xã Đồng Tháp', 273),
(9829, 'Xã Song Phượng', 273),
(9832, 'Thị trấn Trạm Trôi', 274),
(9835, 'Xã Đức Thượng', 274),
(9838, 'Xã Minh Khai', 274),
(9841, 'Xã Dương Liễu', 274),
(9844, 'Xã Di Trạch', 274),
(9847, 'Xã Đức Giang', 274),
(9850, 'Xã Cát Quế', 274),
(9853, 'Xã Kim Chung', 274),
(9856, 'Xã Yên Sở', 274),
(9859, 'Xã Sơn Đồng', 274),
(9862, 'Xã Vân Canh', 274),
(9865, 'Xã Đắc Sở', 274),
(9868, 'Xã Lại Yên', 274),
(9871, 'Xã Tiền Yên', 274),
(9874, 'Xã Song Phương', 274),
(9877, 'Xã An Khánh', 274),
(9880, 'Xã An Thượng', 274),
(9883, 'Xã Vân Côn', 274),
(9886, 'Phường Dương Nội', 268),
(9889, 'Xã La Phù', 274),
(9892, 'Xã Đông La', 274),
(9895, 'Thị trấn Quốc Oai', 275),
(9898, 'Xã Sài Sơn', 275),
(9901, 'Xã Phượng Cách', 275),
(9904, 'Xã Yên Sơn', 275),
(9907, 'Xã Ngọc Liệp', 275),
(9910, 'Xã Ngọc Mỹ', 275),
(9913, 'Xã Liệp Tuyết', 275),
(9916, 'Xã Thạch Thán', 275),
(9919, 'Xã Đồng Quang', 275),
(9922, 'Xã Phú Cát', 275),
(9925, 'Xã Tuyết Nghĩa', 275),
(9928, 'Xã Nghĩa Hương', 275),
(9931, 'Xã Cộng Hòa', 275),
(9934, 'Xã Tân Phú', 275),
(9937, 'Xã Đại Thành', 275),
(9940, 'Xã Phú Mãn', 275),
(9943, 'Xã Cấn Hữu', 275),
(9946, 'Xã Tân Hòa', 275),
(9949, 'Xã Hòa Thạch', 275),
(9952, 'Xã Đông Yên', 275),
(9955, 'Thị trấn Liên Quan', 276),
(9958, 'Xã Đại Đồng', 276),
(9961, 'Xã Cẩm Yên', 276),
(9964, 'Xã Lại Thượng', 276),
(9967, 'Xã Phú Kim', 276),
(9970, 'Xã Hương Ngải', 276),
(9973, 'Xã Canh Nậu', 276),
(9976, 'Xã Kim Quan', 276),
(9979, 'Xã Dị Nậu', 276),
(9982, 'Xã Bình Yên', 276),
(9985, 'Xã Chàng Sơn', 276),
(9988, 'Xã Thạch Hoà', 276),
(9991, 'Xã Cần Kiệm', 276),
(9994, 'Xã Hữu Bằng', 276),
(9997, 'Xã Phùng Xá', 276),
(10000, 'Xã Tân Xã', 276),
(10003, 'Xã Thạch Xá', 276),
(10006, 'Xã Bình Phú', 276),
(10009, 'Xã Hạ Bằng', 276),
(10012, 'Xã Đồng Trúc', 276),
(10015, 'Thị trấn Chúc Sơn', 277),
(10018, 'Thị trấn Xuân Mai', 277),
(10021, 'Xã Phụng Châu', 277),
(10024, 'Xã Tiên Phương', 277),
(10027, 'Xã Đông Sơn', 277),
(10030, 'Xã Đông Phương Yên', 277),
(10033, 'Xã Phú Nghĩa', 277),
(10039, 'Xã Trường Yên', 277),
(10042, 'Xã Ngọc Hòa', 277),
(10045, 'Xã Thủy Xuân Tiên', 277),
(10048, 'Xã Thanh Bình', 277),
(10051, 'Xã Trung Hòa', 277),
(10054, 'Xã Đại Yên', 277),
(10057, 'Xã Thụy Hương', 277),
(10060, 'Xã Tốt Động', 277),
(10063, 'Xã Lam Điền', 277),
(10066, 'Xã Tân Tiến', 277),
(10069, 'Xã Nam Phương Tiến', 277),
(10072, 'Xã Hợp Đồng', 277),
(10075, 'Xã Hoàng Văn Thụ', 277),
(10078, 'Xã Hoàng Diệu', 277),
(10081, 'Xã Hữu Văn', 277),
(10084, 'Xã Quảng Bị', 277),
(10087, 'Xã Mỹ Lương', 277),
(10090, 'Xã Thượng Vực', 277),
(10093, 'Xã Hồng Phong', 277),
(10096, 'Xã Đồng Phú', 277),
(10099, 'Xã Trần Phú', 277),
(10102, 'Xã Văn Võ', 277),
(10105, 'Xã Đồng Lạc', 277),
(10108, 'Xã Hòa Chính', 277),
(10111, 'Xã Phú Nam An', 277),
(10114, 'Thị trấn Kim Bài', 278),
(10117, 'Phường Đồng Mai', 268),
(10120, 'Xã Cự Khê', 278),
(10123, 'Phường Biên Giang', 268),
(10126, 'Xã Bích Hòa', 278),
(10129, 'Xã Mỹ Hưng', 278),
(10132, 'Xã Cao Viên', 278),
(10135, 'Xã Bình Minh', 278),
(10138, 'Xã Tam Hưng', 278),
(10141, 'Xã Thanh Cao', 278),
(10144, 'Xã Thanh Thùy', 278),
(10147, 'Xã Thanh Mai', 278),
(10150, 'Xã Thanh Văn', 278),
(10153, 'Xã Đỗ Động', 278),
(10156, 'Xã Kim An', 278),
(10159, 'Xã Kim Thư', 278),
(10162, 'Xã Phương Trung', 278),
(10165, 'Xã Tân Ước', 278),
(10168, 'Xã Dân Hòa', 278),
(10171, 'Xã Liên Châu', 278),
(10174, 'Xã Cao Dương', 278),
(10177, 'Xã Xuân Dương', 278),
(10180, 'Xã Hồng Dương', 278),
(10183, 'Thị trấn Thường Tín', 279),
(10186, 'Xã Ninh Sở', 279),
(10189, 'Xã Nhị Khê', 279),
(10192, 'Xã Duyên Thái', 279),
(10195, 'Xã Khánh Hà', 279),
(10198, 'Xã Hòa Bình', 279),
(10201, 'Xã Văn Bình', 279),
(10204, 'Xã Hiền Giang', 279),
(10207, 'Xã Hồng Vân', 279),
(10210, 'Xã Vân Tảo', 279),
(10213, 'Xã Liên Phương', 279),
(10216, 'Xã Văn Phú', 279),
(10219, 'Xã Tự Nhiên', 279),
(10222, 'Xã Tiền Phong', 279),
(10225, 'Xã Hà Hồi', 279),
(10228, 'Xã Thư Phú', 279),
(10231, 'Xã Nguyễn Trãi', 279),
(10234, 'Xã Quất Động', 279),
(10237, 'Xã Chương Dương', 279),
(10240, 'Xã Tân Minh', 279),
(10243, 'Xã Lê Lợi', 279),
(10246, 'Xã Thắng Lợi', 279),
(10249, 'Xã Dũng Tiến', 279),
(10252, 'Xã Thống Nhất', 279),
(10255, 'Xã Nghiêm Xuyên', 279),
(10258, 'Xã Tô Hiệu', 279),
(10261, 'Xã Văn Tự', 279),
(10264, 'Xã Vạn Điểm', 279),
(10267, 'Xã Minh Cường', 279),
(10270, 'Thị trấn Phú Minh', 280),
(10273, 'Thị trấn Phú Xuyên', 280),
(10276, 'Xã Hồng Minh', 280),
(10279, 'Xã Phượng Dực', 280),
(10282, 'Xã Văn Nhân', 280),
(10285, 'Xã Thụy Phú', 280),
(10288, 'Xã Tri Trung', 280),
(10291, 'Xã Đại Thắng', 280),
(10294, 'Xã Phú Túc', 280),
(10297, 'Xã Văn Hoàng', 280),
(10300, 'Xã Hồng Thái', 280),
(10303, 'Xã Hoàng Long', 280),
(10306, 'Xã Quang Trung', 280),
(10309, 'Xã Nam Phong', 280),
(10312, 'Xã Nam Triều', 280),
(10315, 'Xã Tân Dân', 280),
(10318, 'Xã Sơn Hà', 280),
(10321, 'Xã Chuyên Mỹ', 280),
(10324, 'Xã Khai Thái', 280),
(10327, 'Xã Phúc Tiến', 280),
(10330, 'Xã Vân Từ', 280),
(10333, 'Xã Tri Thủy', 280),
(10336, 'Xã Đại Xuyên', 280),
(10339, 'Xã Phú Yên', 280),
(10342, 'Xã Bạch Hạ', 280),
(10345, 'Xã Quang Lãng', 280),
(10348, 'Xã Châu Can', 280),
(10351, 'Xã Minh Tân', 280),
(10354, 'Thị trấn Vân Đình', 281),
(10357, 'Xã Viên An', 281),
(10360, 'Xã Viên Nội', 281),
(10363, 'Xã Hoa Sơn', 281),
(10366, 'Xã Quảng Phú Cầu', 281),
(10369, 'Xã Trường Thịnh', 281),
(10372, 'Xã Cao Thành', 281),
(10375, 'Xã Liên Bạt', 281),
(10378, 'Xã Sơn Công', 281),
(10381, 'Xã Đồng Tiến', 281),
(10384, 'Xã Phương Tú', 281),
(10387, 'Xã Trung Tú', 281),
(10390, 'Xã Đồng Tân', 281),
(10393, 'Xã Tảo Dương Văn', 281),
(10396, 'Xã Vạn Thái', 281),
(10399, 'Xã Minh Đức', 281),
(10402, 'Xã Hòa Lâm', 281),
(10405, 'Xã Hòa Xá', 281),
(10408, 'Xã Trầm Lộng', 281),
(10411, 'Xã Kim Đường', 281),
(10414, 'Xã Hòa Nam', 281),
(10417, 'Xã Hòa Phú', 281),
(10420, 'Xã Đội Bình', 281),
(10423, 'Xã Đại Hùng', 281),
(10426, 'Xã Đông Lỗ', 281),
(10429, 'Xã Phù Lưu', 281),
(10432, 'Xã Đại Cường', 281),
(10435, 'Xã Lưu Hoàng', 281),
(10438, 'Xã Hồng Quang', 281),
(10441, 'Thị trấn Đại Nghĩa', 282),
(10444, 'Xã Đồng Tâm', 282),
(10447, 'Xã Thượng Lâm', 282),
(10450, 'Xã Tuy Lai', 282),
(10453, 'Xã Phúc Lâm', 282),
(10456, 'Xã Mỹ Thành', 282),
(10459, 'Xã Bột Xuyên', 282),
(10462, 'Xã An Mỹ', 282),
(10465, 'Xã Hồng Sơn', 282),
(10468, 'Xã Lê Thanh', 282),
(10471, 'Xã Xuy Xá', 282),
(10474, 'Xã Phùng Xá', 282),
(10477, 'Xã Phù Lưu Tế', 282),
(10480, 'Xã Đại Hưng', 282),
(10483, 'Xã Vạn Kim', 282),
(10486, 'Xã Đốc Tín', 282),
(10489, 'Xã Hương Sơn', 282),
(10492, 'Xã Hùng Tiến', 282),
(10495, 'Xã An Tiến', 282),
(10498, 'Xã Hợp Tiến', 282),
(10501, 'Xã Hợp Thanh', 282),
(10504, 'Xã An Phú', 282),
(10507, 'Phường Cẩm Thượng', 288),
(10510, 'Phường Bình Hàn', 288),
(10513, 'Phường Ngọc Châu', 288),
(10514, 'Phường Nhị Châu', 288),
(10516, 'Phường Quang Trung', 288),
(10519, 'Phường Nguyễn Trãi', 288),
(10522, 'Phường Phạm Ngũ Lão', 288),
(10525, 'Phường Trần Hưng Đạo', 288),
(10528, 'Phường Trần Phú', 288),
(10531, 'Phường Thanh Bình', 288),
(10532, 'Phường Tân Bình', 288),
(10534, 'Phường Lê Thanh Nghị', 288),
(10537, 'Phường Hải Tân', 288),
(10540, 'Phường Tứ Minh', 288),
(10543, 'Phường Việt Hoà', 288),
(10546, 'Phường Phả Lại', 290),
(10549, 'Phường Sao Đỏ', 290),
(10552, 'Phường Bến Tắm', 290),
(10555, 'Xã Hoàng Hoa Thám', 290),
(10558, 'Xã Bắc An', 290),
(10561, 'Xã Hưng Đạo', 290),
(10564, 'Xã Lê Lợi', 290),
(10567, 'Xã Hoàng Tiến', 290),
(10570, 'Phường Cộng Hoà', 290),
(10573, 'Phường Hoàng Tân', 290),
(10576, 'Xã Cổ Thành', 290),
(10579, 'Phường Văn An', 290),
(10582, 'Phường Chí Minh', 290),
(10585, 'Xã Văn Đức', 290),
(10588, 'Phường Thái Học', 290),
(10591, 'Xã Nhân Huệ', 290),
(10594, 'Xã An Lạc', 290),
(10597, 'Xã Kênh Giang', 290),
(10600, 'Xã Đồng Lạc', 290),
(10603, 'Xã Tân Dân', 290),
(10606, 'Thị trấn Nam Sách', 291),
(10609, 'Xã Nam Hưng', 291),
(10612, 'Xã Nam Tân', 291),
(10615, 'Xã Hợp Tiến', 291),
(10618, 'Xã Hiệp Cát', 291),
(10621, 'Xã Thanh Quang', 291),
(10624, 'Xã Quốc Tuấn', 291),
(10627, 'Xã Nam Chính', 291),
(10630, 'Xã An Bình', 291),
(10633, 'Xã Nam Trung', 291),
(10636, 'Xã An Sơn', 291),
(10639, 'Xã Cộng Hòa', 291),
(10642, 'Xã Thái Tân', 291),
(10645, 'Xã An Lâm', 291),
(10648, 'Xã Phú Điền', 291),
(10651, 'Xã Nam Hồng', 291),
(10654, 'Xã Hồng Phong', 291),
(10657, 'Xã Đồng Lạc', 291),
(10660, 'Phường Ái Quốc', 288),
(10663, 'Xã An Châu', 288),
(10666, 'Xã Minh Tân', 291),
(10669, 'Xã Thượng Đạt', 288),
(10672, 'Xã Nam Đồng', 288),
(10675, 'Thị trấn Kinh Môn', 292),
(10678, 'Xã Bạch Đằng', 292),
(10681, 'Xã Thất Hùng', 292),
(10684, 'Xã Lê Ninh', 292),
(10687, 'Xã Hoành Sơn', 292),
(10690, 'Xã Phúc Thành B', 292),
(10693, 'Xã Thái Sơn', 292),
(10696, 'Xã Duy Tân', 292),
(10699, 'Xã Tân Dân', 292),
(10702, 'Thị trấn Minh Tân', 292),
(10705, 'Xã Quang Trung', 292),
(10708, 'Xã Hiệp Hòa', 292),
(10711, 'Xã Phạm Mệnh', 292),
(10714, 'Thị trấn Phú Thứ', 292),
(10717, 'Xã Thăng Long', 292),
(10720, 'Xã Lạc Long', 292),
(10723, 'Xã An Sinh', 292),
(10726, 'Xã Hiệp Sơn', 292),
(10729, 'Xã Thượng Quận', 292),
(10732, 'Xã An Phụ', 292),
(10735, 'Xã Hiệp An', 292),
(10738, 'Xã Long Xuyên', 292),
(10741, 'Xã Thái Thịnh', 292),
(10744, 'Xã Hiến Thành', 292),
(10747, 'Xã Minh Hòa', 292),
(10750, 'Thị trấn Phú Thái', 293),
(10753, 'Xã Lai Vu', 293),
(10756, 'Xã Cộng Hòa', 293),
(10759, 'Xã Thượng Vũ', 293),
(10762, 'Xã Cổ Dũng', 293),
(10765, 'Xã Việt Hưng', 293),
(10768, 'Xã Tuấn Hưng', 293),
(10771, 'Xã Kim Xuyên', 293),
(10774, 'Xã Phúc Thành A', 293),
(10777, 'Xã Ngũ Phúc', 293),
(10780, 'Xã Kim Anh', 293),
(10783, 'Xã Kim Lương', 293),
(10786, 'Xã Kim Tân', 293),
(10789, 'Xã Kim Khê', 293),
(10792, 'Xã Kim Đính', 293),
(10795, 'Xã Cẩm La', 293),
(10798, 'Xã Bình Dân', 293),
(10801, 'Xã Tam Kỳ', 293),
(10804, 'Xã Đồng Gia', 293),
(10807, 'Xã Liên Hòa', 293),
(10810, 'Xã Đại Đức', 293),
(10813, 'Thị trấn Thanh Hà', 294),
(10816, 'Xã Hồng Lạc', 294),
(10819, 'Xã Việt Hồng', 294),
(10822, 'Xã Quyết Thắng', 294),
(10825, 'Xã Tân Việt', 294),
(10828, 'Xã Cẩm Chế', 294),
(10831, 'Xã Thanh An', 294),
(10834, 'Xã Thanh Lang', 294),
(10837, 'Xã Tiền Tiến', 294),
(10840, 'Xã Tân An', 294),
(10843, 'Xã Liên Mạc', 294),
(10846, 'Xã Thanh Hải', 294),
(10849, 'Xã Thanh Khê', 294),
(10852, 'Xã Thanh Xá', 294),
(10855, 'Xã Thanh Xuân', 294),
(10858, 'Xã An Lương', 294),
(10861, 'Xã Thanh Thủy', 294),
(10864, 'Xã Phượng Hoàng', 294),
(10867, 'Xã Thanh Sơn', 294),
(10870, 'Xã Hợp Đức', 294),
(10873, 'Xã Trường Thành', 294),
(10876, 'Xã Thanh Bính', 294),
(10879, 'Xã Thanh Hồng', 294),
(10882, 'Xã Thanh Cường', 294),
(10885, 'Xã Vĩnh Lập', 294);
INSERT INTO `ward` (`ward_id`, `name`, `district_id`) VALUES
(10888, 'Thị trấn Cẩm Giàng', 295),
(10891, 'Thị trấn Lai Cách', 295),
(10894, 'Xã Cẩm Hưng', 295),
(10897, 'Xã Cẩm Hoàng', 295),
(10900, 'Xã Cẩm Văn', 295),
(10903, 'Xã Ngọc Liên', 295),
(10906, 'Xã Thạch Lỗi', 295),
(10909, 'Xã Cẩm Vũ', 295),
(10912, 'Xã Đức Chính', 295),
(10915, 'Xã Cẩm Sơn', 295),
(10918, 'Xã Cẩm Định', 295),
(10921, 'Xã Kim Giang', 295),
(10924, 'Xã Lương Điền', 295),
(10927, 'Xã Cao An', 295),
(10930, 'Xã Tân Trường', 295),
(10933, 'Xã Cẩm Phúc', 295),
(10936, 'Xã Cẩm Điền', 295),
(10939, 'Xã Cẩm Đông', 295),
(10942, 'Xã Cẩm Đoài', 295),
(10945, 'Thị trấn Kẻ Sặt', 296),
(10948, 'Xã Hưng Thịnh', 296),
(10951, 'Xã Vĩnh Tuy', 296),
(10954, 'Xã Hùng Thắng', 296),
(10957, 'Xã Tráng Liệt', 296),
(10960, 'Xã Vĩnh Hồng', 296),
(10963, 'Xã Long Xuyên', 296),
(10966, 'Xã Tân Việt', 296),
(10969, 'Xã Thúc Kháng', 296),
(10972, 'Xã Tân Hồng', 296),
(10975, 'Xã Bình Minh', 296),
(10978, 'Xã Hồng Khê', 296),
(10981, 'Xã Thái Học', 296),
(10984, 'Xã Cổ Bi', 296),
(10987, 'Xã Nhân Quyền', 296),
(10990, 'Xã Thái Dương', 296),
(10993, 'Xã Thái Hòa', 296),
(10996, 'Xã Bình Xuyên', 296),
(10999, 'Thị trấn Gia Lộc', 297),
(11002, 'Phường Thạch Khôi', 288),
(11005, 'Xã Liên Hồng', 297),
(11008, 'Xã Thống Nhất', 297),
(11011, 'Xã Tân Hưng', 288),
(11014, 'Xã Trùng Khánh', 297),
(11017, 'Xã Gia Xuyên', 297),
(11020, 'Xã Yết Kiêu', 297),
(11023, 'Xã Gia Hòa', 297),
(11026, 'Xã Phương Hưng', 297),
(11029, 'Xã Gia Tân', 297),
(11032, 'Xã Tân Tiến', 297),
(11035, 'Xã Gia Khánh', 297),
(11038, 'Xã Gia Lương', 297),
(11041, 'Xã Lê Lợi', 297),
(11044, 'Xã Toàn Thắng', 297),
(11047, 'Xã Hoàng Diệu', 297),
(11050, 'Xã Hồng Hưng', 297),
(11053, 'Xã Phạm Trấn', 297),
(11056, 'Xã Đoàn Thượng', 297),
(11059, 'Xã Thống Kênh', 297),
(11062, 'Xã Quang Minh', 297),
(11065, 'Xã Đồng Quang', 297),
(11068, 'Xã Nhật Tân', 297),
(11071, 'Xã Đức Xương', 297),
(11074, 'Thị trấn Tứ Kỳ', 298),
(11077, 'Xã Ngọc Sơn', 298),
(11080, 'Xã Kỳ Sơn', 298),
(11083, 'Xã Đại Đồng', 298),
(11086, 'Xã Hưng Đạo', 298),
(11089, 'Xã Ngọc Kỳ', 298),
(11092, 'Xã Bình Lăng', 298),
(11095, 'Xã Tứ Xuyên', 298),
(11098, 'Xã Tái Sơn', 298),
(11101, 'Xã Quang Phục', 298),
(11104, 'Xã Đông Kỳ', 298),
(11107, 'Xã Tây Kỳ', 298),
(11110, 'Xã Dân Chủ', 298),
(11113, 'Xã Tân Kỳ', 298),
(11116, 'Xã Quang Khải', 298),
(11119, 'Xã Đại Hợp', 298),
(11122, 'Xã Quảng Nghiệp', 298),
(11125, 'Xã An Thanh', 298),
(11128, 'Xã Minh Đức', 298),
(11131, 'Xã Văn Tố', 298),
(11134, 'Xã Quang Trung', 298),
(11137, 'Xã Phượng Kỳ', 298),
(11140, 'Xã Cộng Lạc', 298),
(11143, 'Xã Tiên Động', 298),
(11146, 'Xã Nguyên Giáp', 298),
(11149, 'Xã Hà Kỳ', 298),
(11152, 'Xã Hà Thanh', 298),
(11155, 'Thị trấn Ninh Giang', 299),
(11158, 'Xã Quyết Thắng', 299),
(11161, 'Xã Ứng Hoè', 299),
(11164, 'Xã Nghĩa An', 299),
(11167, 'Xã Hồng Đức', 299),
(11170, 'Xã Ninh Hòa', 299),
(11173, 'Xã An Đức', 299),
(11176, 'Xã Vạn Phúc', 299),
(11179, 'Xã Tân Hương', 299),
(11182, 'Xã Ninh Thành', 299),
(11185, 'Xã Vĩnh Hòa', 299),
(11188, 'Xã Đông Xuyên', 299),
(11191, 'Xã Hoàng Hanh', 299),
(11194, 'Xã Quang Hưng', 299),
(11197, 'Xã Tân Phong', 299),
(11200, 'Xã Ninh Hải', 299),
(11203, 'Xã Đồng Tâm', 299),
(11206, 'Xã Tân Quang', 299),
(11209, 'Xã Kiến Quốc', 299),
(11212, 'Xã Hồng Thái', 299),
(11215, 'Xã Hồng Dụ', 299),
(11218, 'Xã Văn Hội', 299),
(11221, 'Xã Hưng Thái', 299),
(11224, 'Xã Hồng Phong', 299),
(11227, 'Xã Hiệp Lực', 299),
(11230, 'Xã Hồng Phúc', 299),
(11233, 'Xã Hưng Long', 299),
(11236, 'Xã Văn Giang', 299),
(11239, 'Thị trấn Thanh Miện', 300),
(11242, 'Xã Thanh Tùng', 300),
(11245, 'Xã Phạm Kha', 300),
(11248, 'Xã Ngô Quyền', 300),
(11251, 'Xã Đoàn Tùng', 300),
(11254, 'Xã Hồng Quang', 300),
(11257, 'Xã Tân Trào', 300),
(11260, 'Xã Lam Sơn', 300),
(11263, 'Xã Đoàn Kết', 300),
(11266, 'Xã Lê Hồng', 300),
(11269, 'Xã Tứ Cường', 300),
(11272, 'Xã Hùng Sơn', 300),
(11275, 'Xã Ngũ Hùng', 300),
(11278, 'Xã Cao Thắng', 300),
(11281, 'Xã Chi Lăng Bắc', 300),
(11284, 'Xã Chi Lăng Nam', 300),
(11287, 'Xã Thanh Giang', 300),
(11290, 'Xã Diên Hồng', 300),
(11293, 'Xã Tiền Phong', 300),
(11296, 'Phường Quán Toan', 303),
(11299, 'Phường Hùng Vương', 303),
(11302, 'Phường Sở Dầu', 303),
(11305, 'Phường Thượng Lý', 303),
(11308, 'Phường Hạ Lý', 303),
(11311, 'Phường Minh Khai', 303),
(11314, 'Phường Trại Chuối', 303),
(11317, 'Phường Quang Trung', 303),
(11320, 'Phường Hoàng Văn Thụ', 303),
(11323, 'Phường Phan Bội Châu', 303),
(11326, 'Phường Phạm Hồng Thái', 303),
(11329, 'Phường Máy Chai', 304),
(11332, 'Phường Máy Tơ', 304),
(11335, 'Phường Vạn Mỹ', 304),
(11338, 'Phường Cầu Tre', 304),
(11341, 'Phường Lạc Viên', 304),
(11344, 'Phường Lương Khánh Thiện', 304),
(11347, 'Phường Gia Viên', 304),
(11350, 'Phường Đông Khê', 304),
(11353, 'Phường Cầu Đất', 304),
(11356, 'Phường Lê Lợi', 304),
(11359, 'Phường Đằng Giang', 304),
(11362, 'Phường Lạch Tray', 304),
(11365, 'Phường Đổng Quốc Bình', 304),
(11368, 'Phường Cát Dài', 305),
(11371, 'Phường An Biên', 305),
(11374, 'Phường Lam Sơn', 305),
(11377, 'Phường An Dương', 305),
(11380, 'Phường Trần Nguyên Hãn', 305),
(11383, 'Phường Hồ Nam', 305),
(11386, 'Phường Trại Cau', 305),
(11389, 'Phường Dư Hàng', 305),
(11392, 'Phường Hàng Kênh', 305),
(11395, 'Phường Đông Hải', 305),
(11398, 'Phường Niệm Nghĩa', 305),
(11401, 'Phường Nghĩa Xá', 305),
(11404, 'Phường Dư Hàng Kênh', 305),
(11405, 'Phường Kênh Dương', 305),
(11407, 'Phường Vĩnh Niệm', 305),
(11410, 'Phường Đông Hải 1', 306),
(11411, 'Phường Đông Hải 2', 306),
(11413, 'Phường Đằng Lâm', 306),
(11414, 'Phường Thành Tô', 306),
(11416, 'Phường Đằng Hải', 306),
(11419, 'Phường Nam Hải', 306),
(11422, 'Phường Cát Bi', 306),
(11425, 'Phường Tràng Cát', 306),
(11428, 'Phường Quán Trữ', 307),
(11429, 'Phường Lãm Hà', 307),
(11431, 'Phường Đồng Hoà', 307),
(11434, 'Phường Bắc Sơn', 307),
(11437, 'Phường Nam Sơn', 307),
(11440, 'Phường Ngọc Sơn', 307),
(11443, 'Phường Trần Thành Ngọ', 307),
(11446, 'Phường Văn Đẩu', 307),
(11449, 'Phường Phù Liễn', 307),
(11452, 'Phường Tràng Minh', 307),
(11455, 'Phường Ngọc Xuyên', 308),
(11458, 'Phường Ngọc Hải', 308),
(11461, 'Phường Vạn Hương', 308),
(11464, 'Phường Vạn Sơn', 308),
(11465, 'Phường Minh Đức', 308),
(11467, 'Phường Bàng La', 308),
(11470, 'Thị trấn Núi Đèo', 311),
(11473, 'Thị trấn Minh Đức', 311),
(11476, 'Xã Lại Xuân', 311),
(11479, 'Xã An Sơn', 311),
(11482, 'Xã Kỳ Sơn', 311),
(11485, 'Xã Liên Khê', 311),
(11488, 'Xã Lưu Kiếm', 311),
(11491, 'Xã Lưu Kỳ', 311),
(11494, 'Xã Gia Minh', 311),
(11497, 'Xã Gia Đức', 311),
(11500, 'Xã Minh Tân', 311),
(11503, 'Xã Phù Ninh', 311),
(11506, 'Xã Quảng Thanh', 311),
(11509, 'Xã Chính Mỹ', 311),
(11512, 'Xã Kênh Giang', 311),
(11515, 'Xã Hợp Thành', 311),
(11518, 'Xã Cao Nhân', 311),
(11521, 'Xã Mỹ Đồng', 311),
(11524, 'Xã Đông Sơn', 311),
(11527, 'Xã Hoà Bình', 311),
(11530, 'Xã Trung Hà', 311),
(11533, 'Xã An Lư', 311),
(11536, 'Xã Thuỷ Triều', 311),
(11539, 'Xã Ngũ Lão', 311),
(11542, 'Xã Phục Lễ', 311),
(11545, 'Xã Tam Hưng', 311),
(11548, 'Xã Phả Lễ', 311),
(11551, 'Xã Lập Lễ', 311),
(11554, 'Xã Kiền Bái', 311),
(11557, 'Xã Thiên Hương', 311),
(11560, 'Xã Thuỷ Sơn', 311),
(11563, 'Xã Thuỷ Đường', 311),
(11566, 'Xã Hoàng Động', 311),
(11569, 'Xã Lâm Động', 311),
(11572, 'Xã Hoa Động', 311),
(11575, 'Xã Tân Dương', 311),
(11578, 'Xã Dương Quan', 311),
(11581, 'Thị trấn An Dương', 312),
(11584, 'Xã Lê Thiện', 312),
(11587, 'Xã Đại Bản', 312),
(11590, 'Xã An Hoà', 312),
(11593, 'Xã Hồng Phong', 312),
(11596, 'Xã Tân Tiến', 312),
(11599, 'Xã An Hưng', 312),
(11602, 'Xã An Hồng', 312),
(11605, 'Xã Bắc Sơn', 312),
(11608, 'Xã Nam Sơn', 312),
(11611, 'Xã Lê Lợi', 312),
(11614, 'Xã Đặng Cương', 312),
(11617, 'Xã Đồng Thái', 312),
(11620, 'Xã Quốc Tuấn', 312),
(11623, 'Xã An Đồng', 312),
(11626, 'Xã Hồng Thái', 312),
(11629, 'Thị trấn An Lão', 313),
(11632, 'Xã Bát Trang', 313),
(11635, 'Xã Trường Thọ', 313),
(11638, 'Xã Trường Thành', 313),
(11641, 'Xã An Tiến', 313),
(11644, 'Xã Quang Hưng', 313),
(11647, 'Xã Quang Trung', 313),
(11650, 'Xã Quốc Tuấn', 313),
(11653, 'Xã An Thắng', 313),
(11656, 'Thị trấn Trường Sơn', 313),
(11659, 'Xã Tân Dân', 313),
(11662, 'Xã Thái Sơn', 313),
(11665, 'Xã Tân Viên', 313),
(11668, 'Xã Mỹ Đức', 313),
(11671, 'Xã Chiến Thắng', 313),
(11674, 'Xã An Thọ', 313),
(11677, 'Xã An Thái', 313),
(11680, 'Thị trấn Núi Đối', 314),
(11683, 'Phường Đa Phúc', 309),
(11686, 'Phường Hưng Đạo', 309),
(11689, 'Phường Anh Dũng', 309),
(11692, 'Phường Hải Thành', 309),
(11695, 'Xã Đông Phương', 314),
(11698, 'Xã Thuận Thiên', 314),
(11701, 'Xã Hữu Bằng', 314),
(11704, 'Xã Đại Đồng', 314),
(11707, 'Phường Hoà Nghĩa', 309),
(11710, 'Xã Ngũ Phúc', 314),
(11713, 'Xã Kiến Quốc', 314),
(11716, 'Xã Du Lễ', 314),
(11719, 'Xã Thuỵ Hương', 314),
(11722, 'Xã Thanh Sơn', 314),
(11725, 'Xã Minh Tân', 314),
(11728, 'Xã Đại Hà', 314),
(11731, 'Xã Ngũ Đoan', 314),
(11734, 'Xã Tân Phong', 314),
(11737, 'Phường Hợp Đức', 308),
(11740, 'Phường Tân Thành', 309),
(11743, 'Xã Tân Trào', 314),
(11746, 'Xã Đoàn Xá', 314),
(11749, 'Xã Tú Sơn', 314),
(11752, 'Xã Đại Hợp', 314),
(11755, 'Thị trấn Tiên Lãng', 315),
(11758, 'Xã Đại Thắng', 315),
(11761, 'Xã Tiên Cường', 315),
(11764, 'Xã Tự Cường', 315),
(11767, 'Xã Tiên Tiến', 315),
(11770, 'Xã Quyết Tiến', 315),
(11773, 'Xã Khởi Nghĩa', 315),
(11776, 'Xã Tiên Thanh', 315),
(11779, 'Xã Cấp Tiến', 315),
(11782, 'Xã Kiến Thiết', 315),
(11785, 'Xã Đoàn Lập', 315),
(11788, 'Xã Bạch Đằng', 315),
(11791, 'Xã Quang Phục', 315),
(11794, 'Xã Toàn Thắng', 315),
(11797, 'Xã Tiên Thắng', 315),
(11800, 'Xã Tiên Minh', 315),
(11803, 'Xã Bắc Hưng', 315),
(11806, 'Xã Nam Hưng', 315),
(11809, 'Xã Hùng Thắng', 315),
(11812, 'Xã Tây Hưng', 315),
(11815, 'Xã Đông Hưng', 315),
(11818, 'Xã Tiên Hưng', 315),
(11821, 'Xã Vinh Quang', 315),
(11824, 'Thị trấn Vĩnh Bảo', 316),
(11827, 'Xã Dũng Tiến', 316),
(11830, 'Xã Giang Biên', 316),
(11833, 'Xã Thắng Thuỷ', 316),
(11836, 'Xã Trung Lập', 316),
(11839, 'Xã Việt Tiến', 316),
(11842, 'Xã Vĩnh An', 316),
(11845, 'Xã Vĩnh Long', 316),
(11848, 'Xã Hiệp Hoà', 316),
(11851, 'Xã Hùng Tiến', 316),
(11854, 'Xã An Hoà', 316),
(11857, 'Xã Tân Hưng', 316),
(11860, 'Xã Tân Liên', 316),
(11863, 'Xã Nhân Hoà', 316),
(11866, 'Xã Tam Đa', 316),
(11869, 'Xã Hưng Nhân', 316),
(11872, 'Xã Vinh Quang', 316),
(11875, 'Xã Đồng Minh', 316),
(11878, 'Xã Thanh Lương', 316),
(11881, 'Xã Liên Am', 316),
(11884, 'Xã Lý Học', 316),
(11887, 'Xã Tam Cường', 316),
(11890, 'Xã Hoà Bình', 316),
(11893, 'Xã Tiền Phong', 316),
(11896, 'Xã Vĩnh Phong', 316),
(11899, 'Xã Cộng Hiền', 316),
(11902, 'Xã Cao Minh', 316),
(11905, 'Xã Cổ Am', 316),
(11908, 'Xã Vĩnh Tiến', 316),
(11911, 'Xã Trấn Dương', 316),
(11914, 'Thị trấn Cát Bà', 317),
(11917, 'Thị trấn Cát Hải', 317),
(11920, 'Xã Nghĩa Lộ', 317),
(11923, 'Xã Đồng Bài', 317),
(11926, 'Xã Hoàng Châu', 317),
(11929, 'Xã Văn Phong', 317),
(11932, 'Xã Phù Long', 317),
(11935, 'Xã Gia Luận', 317),
(11938, 'Xã Hiền Hào', 317),
(11941, 'Xã Trân Châu', 317),
(11944, 'Xã Việt Hải', 317),
(11947, 'Xã Xuân Đám', 317),
(11950, 'Phường Lam Sơn', 323),
(11953, 'Phường Hiến Nam', 323),
(11956, 'Phường An Tảo', 323),
(11959, 'Phường Lê Lợi', 323),
(11962, 'Phường Minh Khai', 323),
(11965, 'Phường Quang Trung', 323),
(11968, 'Phường Hồng Châu', 323),
(11971, 'Xã Trung Nghĩa', 323),
(11974, 'Xã Liên Phương', 323),
(11977, 'Xã Hồng Nam', 323),
(11980, 'Xã Quảng Châu', 323),
(11983, 'Xã Bảo Khê', 323),
(11986, 'Thị trấn Như Quỳnh', 325),
(11989, 'Xã Lạc Đạo', 325),
(11992, 'Xã Chỉ Đạo', 325),
(11995, 'Xã Đại Đồng', 325),
(11998, 'Xã Việt Hưng', 325),
(12001, 'Xã Tân Quang', 325),
(12004, 'Xã Đình Dù', 325),
(12007, 'Xã Minh Hải', 325),
(12010, 'Xã Lương Tài', 325),
(12013, 'Xã Trưng Trắc', 325),
(12016, 'Xã Lạc Hồng', 325),
(12019, 'Thị trấn Văn Giang', 326),
(12022, 'Xã Xuân Quan', 326),
(12025, 'Xã Cửu Cao', 326),
(12028, 'Xã Phụng Công', 326),
(12031, 'Xã Nghĩa Trụ', 326),
(12034, 'Xã Long Hưng', 326),
(12037, 'Xã Vĩnh Khúc', 326),
(12040, 'Xã Liên Nghĩa', 326),
(12043, 'Xã Tân Tiến', 326),
(12046, 'Xã Thắng Lợi', 326),
(12049, 'Xã Mễ Sở', 326),
(12052, 'Thị trấn Yên Mỹ', 327),
(12055, 'Xã Giai Phạm', 327),
(12058, 'Xã Nghĩa Hiệp', 327),
(12061, 'Xã Đồng Than', 327),
(12064, 'Xã Ngọc Long', 327),
(12067, 'Xã Liêu Xá', 327),
(12070, 'Xã Hoàn Long', 327),
(12073, 'Xã Tân Lập', 327),
(12076, 'Xã Thanh Long', 327),
(12079, 'Xã Yên Phú', 327),
(12082, 'Xã Việt Cường', 327),
(12085, 'Xã Trung Hòa', 327),
(12088, 'Xã Yên Hòa', 327),
(12091, 'Xã Minh Châu', 327),
(12094, 'Xã Trung Hưng', 327),
(12097, 'Xã Lý Thường Kiệt', 327),
(12100, 'Xã Tân Việt', 327),
(12103, 'Thị trấn Bần Yên Nhân', 328),
(12106, 'Xã Phan Đình Phùng', 328),
(12109, 'Xã Cẩm Xá', 328),
(12112, 'Xã Dương Quang', 328),
(12115, 'Xã Hòa Phong', 328),
(12118, 'Xã Nhân Hòa', 328),
(12121, 'Xã Dị Sử', 328),
(12124, 'Xã Bạch Sam', 328),
(12127, 'Xã Minh Đức', 328),
(12130, 'Xã Phùng Chí Kiên', 328),
(12133, 'Xã Xuân Dục', 328),
(12136, 'Xã Ngọc Lâm', 328),
(12139, 'Xã Hưng Long', 328),
(12142, 'Thị trấn Ân Thi', 329),
(12145, 'Xã Phù Ủng', 329),
(12148, 'Xã Bắc Sơn', 329),
(12151, 'Xã Bãi Sậy', 329),
(12154, 'Xã Đào Dương', 329),
(12157, 'Xã Tân Phúc', 329),
(12160, 'Xã Vân Du', 329),
(12163, 'Xã Quang Vinh', 329),
(12166, 'Xã Xuân Trúc', 329),
(12169, 'Xã Hoàng Hoa Thám', 329),
(12172, 'Xã Quảng Lãng', 329),
(12175, 'Xã Văn Nhuệ', 329),
(12178, 'Xã Đặng Lễ', 329),
(12181, 'Xã Cẩm Ninh', 329),
(12184, 'Xã Nguyễn Trãi', 329),
(12187, 'Xã Đa Lộc', 329),
(12190, 'Xã Hồ Tùng Mậu', 329),
(12193, 'Xã Tiền Phong', 329),
(12196, 'Xã Hồng Vân', 329),
(12199, 'Xã Hồng Quang', 329),
(12202, 'Xã Hạ Lễ', 329),
(12205, 'Thị trấn Khoái Châu', 330),
(12208, 'Xã Đông Tảo', 330),
(12211, 'Xã Bình Minh', 330),
(12214, 'Xã Dạ Trạch', 330),
(12217, 'Xã Hàm Tử', 330),
(12220, 'Xã Ông Đình', 330),
(12223, 'Xã Tân Dân', 330),
(12226, 'Xã Tứ Dân', 330),
(12229, 'Xã An Vĩ', 330),
(12232, 'Xã Đông Kết', 330),
(12235, 'Xã Bình Kiều', 330),
(12238, 'Xã Dân Tiến', 330),
(12241, 'Xã Đồng Tiến', 330),
(12244, 'Xã Hồng Tiến', 330),
(12247, 'Xã Tân Châu', 330),
(12250, 'Xã Liên Khê', 330),
(12253, 'Xã Phùng Hưng', 330),
(12256, 'Xã Việt Hòa', 330),
(12259, 'Xã Đông Ninh', 330),
(12262, 'Xã Đại Tập', 330),
(12265, 'Xã Chí Tân', 330),
(12268, 'Xã Đại Hưng', 330),
(12271, 'Xã Thuần Hưng', 330),
(12274, 'Xã Thành Công', 330),
(12277, 'Xã Nhuế Dương', 330),
(12280, 'Thị trấn Lương Bằng', 331),
(12283, 'Xã Nghĩa Dân', 331),
(12286, 'Xã Toàn Thắng', 331),
(12289, 'Xã Vĩnh Xá', 331),
(12292, 'Xã Phạm Ngũ Lão', 331),
(12295, 'Xã Thọ Vinh', 331),
(12298, 'Xã Đồng Thanh', 331),
(12301, 'Xã Song Mai', 331),
(12304, 'Xã Chính Nghĩa', 331),
(12307, 'Xã Nhân La', 331),
(12310, 'Xã Phú Thịnh', 331),
(12313, 'Xã Mai Động', 331),
(12316, 'Xã Đức Hợp', 331),
(12319, 'Xã Hùng An', 331),
(12322, 'Xã Ngọc Thanh', 331),
(12325, 'Xã Vũ Xá', 331),
(12328, 'Xã Hiệp Cường', 331),
(12331, 'Xã Phú Cường', 323),
(12334, 'Xã Hùng Cường', 323),
(12337, 'Thị trấn Vương', 332),
(12340, 'Xã Hưng Đạo', 332),
(12343, 'Xã Ngô Quyền', 332),
(12346, 'Xã Nhật Tân', 332),
(12349, 'Xã Dị Chế', 332),
(12352, 'Xã Lệ Xá', 332),
(12355, 'Xã An Viên', 332),
(12358, 'Xã Đức Thắng', 332),
(12361, 'Xã Trung Dũng', 332),
(12364, 'Xã Hải Triều', 332),
(12367, 'Xã Thủ Sỹ', 332),
(12370, 'Xã Thiện Phiến', 332),
(12373, 'Xã Thụy Lôi', 332),
(12376, 'Xã Cương Chính', 332),
(12379, 'Xã Minh Phương', 332),
(12382, 'Xã Phương Chiểu', 323),
(12385, 'Xã Tân Hưng', 323),
(12388, 'Xã Hoàng Hanh', 323),
(12391, 'Thị trấn Trần Cao', 333),
(12394, 'Xã Minh Tân', 333),
(12397, 'Xã Phan Sào Nam', 333),
(12400, 'Xã Quang Hưng', 333),
(12403, 'Xã Minh Hoàng', 333),
(12406, 'Xã Đoàn Đào', 333),
(12409, 'Xã Tống Phan', 333),
(12412, 'Xã Đình Cao', 333),
(12415, 'Xã Nhật Quang', 333),
(12418, 'Xã Tiền Tiến', 333),
(12421, 'Xã Tam Đa', 333),
(12424, 'Xã Minh Tiến', 333),
(12427, 'Xã Nguyên Hòa', 333),
(12430, 'Xã Tống Trân', 333),
(12433, 'Phường Lê Hồng Phong', 336),
(12436, 'Phường Bồ Xuyên', 336),
(12439, 'Phường Đề Thám', 336),
(12442, 'Phường Kỳ Bá', 336),
(12445, 'Phường Quang Trung', 336),
(12448, 'Phường Phú Khánh', 336),
(12451, 'Phường Tiền Phong', 336),
(12452, 'Phường Trần Hưng Đạo', 336),
(12454, 'Phường Trần Lãm', 336),
(12457, 'Xã Đông Hòa', 336),
(12460, 'Phường Hoàng Diệu', 336),
(12463, 'Xã Phú Xuân', 336),
(12466, 'Xã Vũ Phúc', 336),
(12469, 'Xã Vũ Chính', 336),
(12472, 'Thị trấn Quỳnh Côi', 338),
(12475, 'Xã An Khê', 338),
(12478, 'Xã An Đồng', 338),
(12481, 'Xã Quỳnh Hoa', 338),
(12484, 'Xã Quỳnh Lâm', 338),
(12487, 'Xã Quỳnh Thọ', 338),
(12490, 'Xã An Hiệp', 338),
(12493, 'Xã Quỳnh Hoàng', 338),
(12496, 'Xã Quỳnh Giao', 338),
(12499, 'Xã An Thái', 338),
(12502, 'Xã An Cầu', 338),
(12505, 'Xã Quỳnh Hồng', 338),
(12508, 'Xã Quỳnh Khê', 338),
(12511, 'Xã Quỳnh Minh', 338),
(12514, 'Xã An Ninh', 338),
(12517, 'Xã Quỳnh Ngọc', 338),
(12520, 'Xã Quỳnh Hải', 338),
(12523, 'Thị trấn An Bài', 338),
(12526, 'Xã An Ấp', 338),
(12529, 'Xã Quỳnh Hội', 338),
(12532, 'Xã Quỳnh Sơn', 338),
(12535, 'Xã Quỳnh Mỹ', 338),
(12538, 'Xã An Quí', 338),
(12541, 'Xã An Thanh', 338),
(12544, 'Xã Quỳnh Châu', 338),
(12547, 'Xã An Vũ', 338),
(12550, 'Xã An Lễ', 338),
(12553, 'Xã Quỳnh Hưng', 338),
(12556, 'Xã Quỳnh Bảo', 338),
(12559, 'Xã An Mỹ', 338),
(12562, 'Xã Quỳnh Nguyên', 338),
(12565, 'Xã An Vinh', 338),
(12568, 'Xã Quỳnh Xá', 338),
(12571, 'Xã An Dục', 338),
(12574, 'Xã Đông Hải', 338),
(12577, 'Xã Quỳnh Trang', 338),
(12580, 'Xã An Tràng', 338),
(12583, 'Xã Đồng Tiến', 338),
(12586, 'Thị trấn Hưng Hà', 339),
(12589, 'Xã Điệp Nông', 339),
(12592, 'Xã Tân Lễ', 339),
(12595, 'Xã Cộng Hòa', 339),
(12598, 'Xã Dân Chủ', 339),
(12601, 'Xã Canh Tân', 339),
(12604, 'Xã Hòa Tiến', 339),
(12607, 'Xã Hùng Dũng', 339),
(12610, 'Xã Tân Tiến', 339),
(12613, 'Thị trấn Hưng Nhân', 339),
(12616, 'Xã Đoan Hùng', 339),
(12619, 'Xã Duyên Hải', 339),
(12622, 'Xã Tân Hòa', 339),
(12625, 'Xã Văn Cẩm', 339),
(12628, 'Xã Bắc Sơn', 339),
(12631, 'Xã Đông Đô', 339),
(12634, 'Xã Phúc Khánh', 339),
(12637, 'Xã Liên Hiệp', 339),
(12640, 'Xã Tây Đô', 339),
(12643, 'Xã Thống Nhất', 339),
(12646, 'Xã Tiến Đức', 339),
(12649, 'Xã Thái Hưng', 339),
(12652, 'Xã Thái Phương', 339),
(12655, 'Xã Hòa Bình', 339),
(12656, 'Xã Chi Lăng', 339),
(12658, 'Xã Minh Khai', 339),
(12661, 'Xã Hồng An', 339),
(12664, 'Xã Kim Chung', 339),
(12667, 'Xã Hồng Lĩnh', 339),
(12670, 'Xã Minh Tân', 339),
(12673, 'Xã Văn Lang', 339),
(12676, 'Xã Độc Lập', 339),
(12679, 'Xã Chí Hòa', 339),
(12682, 'Xã Minh Hòa', 339),
(12685, 'Xã Hồng Minh', 339),
(12688, 'Thị trấn Đông Hưng', 340),
(12691, 'Xã Đô Lương', 340),
(12694, 'Xã Đông Phương', 340),
(12697, 'Xã Liên Giang', 340),
(12700, 'Xã An Châu', 340),
(12703, 'Xã Đông Sơn', 340),
(12706, 'Xã Đông Cường', 340),
(12709, 'Xã Phú Lương', 340),
(12712, 'Xã Mê Linh', 340),
(12715, 'Xã Lô Giang', 340),
(12718, 'Xã Đông La', 340),
(12721, 'Xã Minh Tân', 340),
(12724, 'Xã Đông Xá', 340),
(12727, 'Xã Chương Dương', 340),
(12730, 'Xã Nguyên Xá', 340),
(12733, 'Xã Phong Châu', 340),
(12736, 'Xã Hợp Tiến', 340),
(12739, 'Xã Hồng Việt', 340),
(12742, 'Xã Đông Hà', 340),
(12745, 'Xã Đông Giang', 340),
(12748, 'Xã Đông Kinh', 340),
(12751, 'Xã Đông Hợp', 340),
(12754, 'Xã Thăng Long', 340),
(12757, 'Xã Đông Các', 340),
(12760, 'Xã Phú Châu', 340),
(12763, 'Xã Hoa Lư', 340),
(12766, 'Xã Minh Châu', 340),
(12769, 'Xã Đông Tân', 340),
(12772, 'Xã Đông Vinh', 340),
(12775, 'Xã Đông Động', 340),
(12778, 'Xã Hồng Châu', 340),
(12781, 'Xã Bạch Đằng', 340),
(12784, 'Xã Trọng Quan', 340),
(12787, 'Xã Hoa Nam', 340),
(12790, 'Xã Hồng Giang', 340),
(12793, 'Xã Đông Phong', 340),
(12796, 'Xã Đông Quang', 340),
(12799, 'Xã Đông Xuân', 340),
(12802, 'Xã Đông Á', 340),
(12805, 'Xã Đông Lĩnh', 340),
(12808, 'Xã Đông Hoàng', 340),
(12811, 'Xã Đông Dương', 340),
(12814, 'Xã Đông Huy', 340),
(12817, 'Xã Đông Mỹ', 336),
(12820, 'Xã Đông Thọ', 336),
(12823, 'Xã Đồng Phú', 340),
(12826, 'Thị trấn Diêm Điền', 341),
(12829, 'Xã Thụy Tân', 341),
(12832, 'Xã Thụy Trường', 341),
(12835, 'Xã Hồng Quỳnh', 341),
(12838, 'Xã Thụy Dũng', 341),
(12841, 'Xã Thụy Hồng', 341),
(12844, 'Xã Thụy Quỳnh', 341),
(12847, 'Xã Thụy An', 341),
(12850, 'Xã Thụy Ninh', 341),
(12853, 'Xã Thụy Hưng', 341),
(12856, 'Xã Thụy Việt', 341),
(12859, 'Xã Thụy Văn', 341),
(12862, 'Xã Thụy Xuân', 341),
(12865, 'Xã Thụy Dương', 341),
(12868, 'Xã Thụy Trình', 341),
(12871, 'Xã Thụy Bình', 341),
(12874, 'Xã Thụy Chính', 341),
(12877, 'Xã Thụy Dân', 341),
(12880, 'Xã Thụy Hải', 341),
(12883, 'Xã Thụy Phúc', 341),
(12886, 'Xã Thụy Lương', 341),
(12889, 'Xã Thụy Liên', 341),
(12892, 'Xã Thụy Duyên', 341),
(12895, 'Xã Thụy Hà', 341),
(12898, 'Xã Thụy Thanh', 341),
(12901, 'Xã Thụy Sơn', 341),
(12904, 'Xã Thụy Phong', 341),
(12907, 'Xã Thái Thượng', 341),
(12910, 'Xã Thái Nguyên', 341),
(12913, 'Xã Thái Thủy', 341),
(12916, 'Xã Thái Dương', 341),
(12919, 'Xã Thái Giang', 341),
(12922, 'Xã Thái Hòa', 341),
(12925, 'Xã Thái Sơn', 341),
(12928, 'Xã Thái Hồng', 341),
(12931, 'Xã Thái An', 341),
(12934, 'Xã Thái Phúc', 341),
(12937, 'Xã Thái Hưng', 341),
(12940, 'Xã Thái Đô', 341),
(12943, 'Xã Thái Xuyên', 341),
(12946, 'Xã Thái Hà', 341),
(12949, 'Xã  Mỹ Lộc', 341),
(12952, 'Xã Thái Tân', 341),
(12955, 'Xã Thái Thuần', 341),
(12958, 'Xã Thái Học', 341),
(12961, 'Xã Thái Thịnh', 341),
(12964, 'Xã Thái Thành', 341),
(12967, 'Xã Thái Thọ', 341),
(12970, 'Thị trấn Tiền Hải', 342),
(12973, 'Xã Đông Hải', 342),
(12976, 'Xã Đông Trà', 342),
(12979, 'Xã Đông Long', 342),
(12982, 'Xã Đông Quí', 342),
(12985, 'Xã Vũ Lăng', 342),
(12988, 'Xã Đông Xuyên', 342),
(12991, 'Xã Tây Lương', 342),
(12994, 'Xã Tây Ninh', 342),
(12997, 'Xã Đông Trung', 342),
(13000, 'Xã Đông Hoàng', 342),
(13003, 'Xã Đông Minh', 342),
(13006, 'Xã Tây An', 342),
(13009, 'Xã Đông Phong', 342),
(13012, 'Xã An Ninh', 342),
(13015, 'Xã Tây Sơn', 342),
(13018, 'Xã Đông Cơ', 342),
(13021, 'Xã Tây Giang', 342),
(13024, 'Xã Đông Lâm', 342),
(13027, 'Xã Phương Công', 342),
(13030, 'Xã Tây Phong', 342),
(13033, 'Xã Tây Tiến', 342),
(13036, 'Xã Nam Cường', 342),
(13039, 'Xã Vân Trường', 342),
(13042, 'Xã Nam Thắng', 342),
(13045, 'Xã Nam Chính', 342),
(13048, 'Xã Bắc Hải', 342),
(13051, 'Xã Nam Thịnh', 342),
(13054, 'Xã Nam Hà', 342),
(13057, 'Xã Nam Thanh', 342),
(13060, 'Xã Nam Trung', 342),
(13063, 'Xã Nam Hồng', 342),
(13066, 'Xã Nam Hưng', 342),
(13069, 'Xã Nam Hải', 342),
(13072, 'Xã Nam Phú', 342),
(13075, 'Thị trấn Thanh Nê', 343),
(13078, 'Xã Trà Giang', 343),
(13081, 'Xã Quốc Tuấn', 343),
(13084, 'Xã Vũ Đông', 336),
(13087, 'Xã An Bình', 343),
(13090, 'Xã Vũ Tây', 343),
(13093, 'Xã Hồng Thái', 343),
(13096, 'Xã Bình Nguyên', 343),
(13099, 'Xã Vũ Sơn', 343),
(13102, 'Xã Lê Lợi', 343),
(13105, 'Xã Quyết Tiến', 343),
(13108, 'Xã Vũ Lạc', 336),
(13111, 'Xã Vũ Lễ', 343),
(13114, 'Xã Thanh Tân', 343),
(13117, 'Xã Thượng Hiền', 343),
(13120, 'Xã Nam Cao', 343),
(13123, 'Xã Đình Phùng', 343),
(13126, 'Xã Vũ Ninh', 343),
(13129, 'Xã Vũ An', 343),
(13132, 'Xã Quang Lịch', 343),
(13135, 'Xã Hòa Bình', 343),
(13138, 'Xã Bình Minh', 343),
(13141, 'Xã Vũ Quí', 343),
(13144, 'Xã Quang Bình', 343),
(13147, 'Xã An Bồi', 343),
(13150, 'Xã Vũ Trung', 343),
(13153, 'Xã Vũ Thắng', 343),
(13156, 'Xã Vũ Công', 343),
(13159, 'Xã Vũ Hòa', 343),
(13162, 'Xã Quang Minh', 343),
(13165, 'Xã Quang Trung', 343),
(13168, 'Xã Minh Hưng', 343),
(13171, 'Xã Quang Hưng', 343),
(13174, 'Xã Vũ Bình', 343),
(13177, 'Xã Minh Tân', 343),
(13180, 'Xã Nam Bình', 343),
(13183, 'Xã Bình Thanh', 343),
(13186, 'Xã Bình Định', 343),
(13189, 'Xã Hồng Tiến', 343),
(13192, 'Thị trấn Vũ Thư', 344),
(13195, 'Xã Hồng Lý', 344),
(13198, 'Xã Đồng Thanh', 344),
(13201, 'Xã Xuân Hòa', 344),
(13204, 'Xã Hiệp Hòa', 344),
(13207, 'Xã Phúc Thành', 344),
(13210, 'Xã Tân Phong', 344),
(13213, 'Xã Song Lãng', 344),
(13216, 'Xã Tân Hòa', 344),
(13219, 'Xã Việt Hùng', 344),
(13222, 'Xã Minh Lãng', 344),
(13225, 'Xã Tân Bình', 336),
(13228, 'Xã Minh Khai', 344),
(13231, 'Xã Dũng Nghĩa', 344),
(13234, 'Xã Minh Quang', 344),
(13237, 'Xã Tam Quang', 344),
(13240, 'Xã Tân Lập', 344),
(13243, 'Xã Bách Thuận', 344),
(13246, 'Xã Tự Tân', 344),
(13249, 'Xã Song An', 344),
(13252, 'Xã Trung An', 344),
(13255, 'Xã Vũ Hội', 344),
(13258, 'Xã Hòa Bình', 344),
(13261, 'Xã Nguyên Xá', 344),
(13264, 'Xã Việt Thuận', 344),
(13267, 'Xã Vũ Vinh', 344),
(13270, 'Xã Vũ Đoài', 344),
(13273, 'Xã Vũ Tiến', 344),
(13276, 'Xã Vũ Vân', 344),
(13279, 'Xã Duy Nhất', 344),
(13282, 'Xã Hồng Phong', 344),
(13285, 'Phường Quang Trung', 347),
(13288, 'Phường Lương Khánh Thiện', 347),
(13291, 'Phường Lê Hồng Phong', 347),
(13294, 'Phường Minh Khai', 347),
(13297, 'Phường Hai Bà Trưng', 347),
(13300, 'Phường Trần Hưng Đạo', 347),
(13303, 'Phường Lam Hà', 347),
(13306, 'Xã Phù Vân', 347),
(13309, 'Phường Liêm Chính', 347),
(13312, 'Xã Liêm Chung', 347),
(13315, 'Phường Thanh Châu', 347),
(13318, 'Phường Châu Sơn', 347),
(13321, 'Thị trấn Đồng Văn', 349),
(13324, 'Thị trấn Hòa Mạc', 349),
(13327, 'Xã Mộc Bắc', 349),
(13330, 'Xã Châu Giang', 349),
(13333, 'Xã Bạch Thượng', 349),
(13336, 'Xã Duy Minh', 349),
(13339, 'Xã Mộc Nam', 349),
(13342, 'Xã Duy Hải', 349),
(13345, 'Xã Chuyên Ngoại', 349),
(13348, 'Xã Yên Bắc', 349),
(13351, 'Xã Trác Văn', 349),
(13354, 'Xã Tiên Nội', 349),
(13357, 'Xã Hoàng Đông', 349),
(13360, 'Xã Yên Nam', 349),
(13363, 'Xã Tiên Ngoại', 349),
(13366, 'Xã Tiên Tân', 347),
(13369, 'Xã Đọi Sơn', 349),
(13372, 'Xã Tiên Hiệp', 347),
(13375, 'Xã Châu Sơn', 349),
(13378, 'Xã Tiền Phong', 349),
(13381, 'Xã Tiên Hải', 347),
(13384, 'Thị trấn Quế', 350),
(13387, 'Xã Nguyễn Úy', 350),
(13390, 'Xã Đại Cương', 350),
(13393, 'Xã Lê Hồ', 350),
(13396, 'Xã Tượng Lĩnh', 350),
(13399, 'Xã Nhật Tựu', 350),
(13402, 'Xã Nhật Tân', 350),
(13405, 'Xã Đồng Hóa', 350),
(13408, 'Xã Hoàng Tây', 350),
(13411, 'Xã Tân Sơn', 350),
(13414, 'Xã Thụy Lôi', 350),
(13417, 'Xã Văn Xá', 350),
(13420, 'Xã Khả Phong', 350),
(13423, 'Xã Ngọc Sơn', 350),
(13426, 'Xã Kim Bình', 347),
(13429, 'Thị trấn Ba Sao', 350),
(13432, 'Xã Liên Sơn', 350),
(13435, 'Xã Thi Sơn', 350),
(13438, 'Xã Thanh Sơn', 350),
(13441, 'Thị trấn Kiện Khê', 351),
(13444, 'Xã Liêm Tuyền', 347),
(13447, 'Xã Liêm Tiết', 347),
(13450, 'Xã Liêm Phong', 351),
(13453, 'Xã Thanh Hà', 351),
(13456, 'Xã Liêm Cần', 351),
(13459, 'Phường Thanh Tuyền', 347),
(13462, 'Xã Thanh Bình', 351),
(13465, 'Xã Liêm Thuận', 351),
(13468, 'Xã Thanh Thủy', 351),
(13471, 'Xã Thanh Phong', 351),
(13474, 'Xã Thanh Lưu', 351),
(13477, 'Xã Thanh Tân', 351),
(13480, 'Xã Liêm Túc', 351),
(13483, 'Xã Liêm Sơn', 351),
(13486, 'Xã Thanh Hương', 351),
(13489, 'Xã Thanh Nghị', 351),
(13492, 'Xã Thanh Tâm', 351),
(13495, 'Xã Thanh Nguyên', 351),
(13498, 'Xã Thanh Hải', 351),
(13501, 'Thị trấn Bình Mỹ', 352),
(13504, 'Xã Bình Nghĩa', 352),
(13507, 'Xã Đinh Xá', 347),
(13510, 'Xã Tràng An', 352),
(13513, 'Xã Trịnh Xá', 347),
(13516, 'Xã Đồng Du', 352),
(13519, 'Xã Ngọc Lũ', 352),
(13522, 'Xã Hưng Công', 352),
(13525, 'Xã Đồn Xá', 352),
(13528, 'Xã An Ninh', 352),
(13531, 'Xã Bồ Đề', 352),
(13534, 'Xã Bối Cầu', 352),
(13537, 'Xã An Mỹ', 352),
(13540, 'Xã An Nội', 352),
(13543, 'Xã Vũ Bản', 352),
(13546, 'Xã Trung Lương', 352),
(13549, 'Xã Mỹ Thọ', 352),
(13552, 'Xã An Đổ', 352),
(13555, 'Xã La Sơn', 352),
(13558, 'Xã Tiêu Động', 352),
(13561, 'Xã An Lão', 352),
(13564, 'Thị trấn Vĩnh Trụ', 353),
(13567, 'Xã Hợp Lý', 353),
(13570, 'Xã Nguyên Lý', 353),
(13573, 'Xã Chính Lý', 353),
(13576, 'Xã Chân Lý', 353),
(13579, 'Xã Đạo Lý', 353),
(13582, 'Xã Công Lý', 353),
(13585, 'Xã Văn Lý', 353),
(13588, 'Xã Bắc Lý', 353),
(13591, 'Xã Đức Lý', 353),
(13594, 'Xã Nhân Đạo', 353),
(13597, 'Xã Đồng Lý', 353),
(13600, 'Xã Nhân Thịnh', 353),
(13603, 'Xã Nhân Hưng', 353),
(13606, 'Xã Nhân Khang', 353),
(13609, 'Xã Nhân Mỹ', 353),
(13612, 'Xã Nhân Nghĩa', 353),
(13615, 'Xã Nhân Chính', 353),
(13618, 'Xã Nhân Bình', 353),
(13621, 'Xã Phú Phúc', 353),
(13624, 'Xã Xuân Khê', 353),
(13627, 'Xã Tiến Thắng', 353),
(13630, 'Xã Hòa Hậu', 353),
(13633, 'Phường Hạ Long', 356),
(13636, 'Phường Trần Tế Xương', 356),
(13639, 'Phường Vị Hoàng', 356),
(13642, 'Phường Vị Xuyên', 356),
(13645, 'Phường Quang Trung', 356),
(13648, 'Phường Cửa Bắc', 356),
(13651, 'Phường Nguyễn Du', 356),
(13654, 'Phường Bà Triệu', 356),
(13657, 'Phường Trường Thi', 356),
(13660, 'Phường Phan Đình Phùng', 356),
(13663, 'Phường Ngô Quyền', 356),
(13666, 'Phường Trần Hưng Đạo', 356),
(13669, 'Phường Trần Đăng Ninh', 356),
(13672, 'Phường Năng Tĩnh', 356),
(13675, 'Phường Văn Miếu', 356),
(13678, 'Phường Trần Quang Khải', 356),
(13681, 'Phường Thống Nhất', 356),
(13684, 'Phường Lộc Hạ', 356),
(13687, 'Phường Lộc Vượng', 356),
(13690, 'Phường Cửa Nam', 356),
(13693, 'Xã Lộc Hòa', 356),
(13696, 'Xã Nam Phong', 356),
(13699, 'Xã Mỹ Xá', 356),
(13702, 'Xã Lộc An', 356),
(13705, 'Xã Nam Vân', 356),
(13708, 'Thị trấn Mỹ Lộc', 358),
(13711, 'Xã Mỹ Hà', 358),
(13714, 'Xã Mỹ Tiến', 358),
(13717, 'Xã Mỹ Thắng', 358),
(13720, 'Xã Mỹ Trung', 358),
(13723, 'Xã Mỹ Tân', 358),
(13726, 'Xã Mỹ Phúc', 358),
(13729, 'Xã Mỹ Hưng', 358),
(13732, 'Xã Mỹ Thuận', 358),
(13735, 'Xã Mỹ Thịnh', 358),
(13738, 'Xã Mỹ Thành', 358),
(13741, 'Thị trấn Gôi', 359),
(13744, 'Xã Minh Thuận', 359),
(13747, 'Xã Hiển Khánh', 359),
(13750, 'Xã Tân Khánh', 359),
(13753, 'Xã Hợp Hưng', 359),
(13756, 'Xã Đại An', 359),
(13759, 'Xã Tân Thành', 359),
(13762, 'Xã Cộng Hòa', 359),
(13765, 'Xã Trung Thành', 359),
(13768, 'Xã Quang Trung', 359),
(13771, 'Xã Minh Tân', 359),
(13774, 'Xã Liên Bảo', 359),
(13777, 'Xã Thành Lợi', 359),
(13780, 'Xã Kim Thái', 359),
(13783, 'Xã Liên Minh', 359),
(13786, 'Xã Đại Thắng', 359),
(13789, 'Xã Tam Thanh', 359),
(13792, 'Xã Vĩnh Hào', 359),
(13795, 'Thị trấn Lâm', 360),
(13798, 'Xã Yên Trung', 360),
(13801, 'Xã Yên Thành', 360),
(13804, 'Xã Yên Tân', 360),
(13807, 'Xã Yên Lợi', 360),
(13810, 'Xã Yên Thọ', 360),
(13813, 'Xã Yên Nghĩa', 360),
(13816, 'Xã Yên Minh', 360),
(13819, 'Xã Yên Phương', 360),
(13822, 'Xã Yên Chính', 360),
(13825, 'Xã Yên Bình', 360),
(13828, 'Xã Yên Phú', 360),
(13831, 'Xã Yên Mỹ', 360),
(13834, 'Xã Yên Dương', 360),
(13837, 'Xã Yên Xá', 360),
(13840, 'Xã Yên Hưng', 360),
(13843, 'Xã Yên Khánh', 360),
(13846, 'Xã Yên Phong', 360),
(13849, 'Xã Yên Ninh', 360),
(13852, 'Xã Yên Lương', 360),
(13855, 'Xã Yên Hồng', 360),
(13858, 'Xã Yên Quang', 360),
(13861, 'Xã Yên Tiến', 360),
(13864, 'Xã Yên Thắng', 360),
(13867, 'Xã Yên Phúc', 360),
(13870, 'Xã Yên Cường', 360),
(13873, 'Xã Yên Lộc', 360),
(13876, 'Xã Yên Bằng', 360),
(13879, 'Xã Yên Đồng', 360),
(13882, 'Xã Yên Khang', 360),
(13885, 'Xã Yên Nhân', 360),
(13888, 'Xã Yên Trị', 360),
(13891, 'Thị trấn Liễu Đề', 361),
(13894, 'Thị trấn Rạng Đông', 361),
(13897, 'Xã Nghĩa Đồng', 361),
(13900, 'Xã Nghĩa Thịnh', 361),
(13903, 'Xã Nghĩa Minh', 361),
(13906, 'Xã Nghĩa Thái', 361),
(13909, 'Xã Hoàng Nam', 361),
(13912, 'Xã Nghĩa Châu', 361),
(13915, 'Xã Nghĩa Trung', 361),
(13918, 'Xã Nghĩa Sơn', 361),
(13921, 'Xã Nghĩa Lạc', 361),
(13924, 'Xã Nghĩa Hồng', 361),
(13927, 'Xã Nghĩa Phong', 361),
(13930, 'Xã Nghĩa Phú', 361),
(13933, 'Xã Nghĩa Bình', 361),
(13936, 'Thị trấn Quỹ Nhất', 361),
(13939, 'Xã Nghĩa Tân', 361),
(13942, 'Xã Nghĩa Hùng', 361),
(13945, 'Xã Nghĩa Lâm', 361),
(13948, 'Xã Nghĩa Thành', 361),
(13951, 'Xã Nghĩa Thắng', 361),
(13954, 'Xã Nghĩa Lợi', 361),
(13957, 'Xã Nghĩa Hải', 361),
(13960, 'Xã Nghĩa Phúc', 361),
(13963, 'Xã Nam Điền', 361),
(13966, 'Thị trấn Nam Giang', 362),
(13969, 'Xã Nam Mỹ', 362),
(13972, 'Xã Điền Xá', 362),
(13975, 'Xã Nghĩa An', 362),
(13978, 'Xã Nam Thắng', 362),
(13981, 'Xã Nam Toàn', 362),
(13984, 'Xã Hồng Quang', 362),
(13987, 'Xã Tân Thịnh', 362),
(13990, 'Xã Nam Cường', 362),
(13993, 'Xã Nam Hồng', 362),
(13996, 'Xã Nam Hùng', 362),
(13999, 'Xã Nam Hoa', 362),
(14002, 'Xã Nam Dương', 362),
(14005, 'Xã Nam Thanh', 362),
(14008, 'Xã Nam Lợi', 362),
(14011, 'Xã Bình Minh', 362),
(14014, 'Xã Đồng Sơn', 362),
(14017, 'Xã Nam Tiến', 362),
(14020, 'Xã Nam Hải', 362),
(14023, 'Xã Nam Thái', 362),
(14026, 'Thị trấn Cổ Lễ', 363),
(14029, 'Xã Phương Định', 363),
(14032, 'Xã Trực Chính', 363),
(14035, 'Xã Trung Đông', 363),
(14038, 'Xã Liêm Hải', 363),
(14041, 'Xã Trực Tuấn', 363),
(14044, 'Xã Việt Hùng', 363),
(14047, 'Xã Trực Đạo', 363),
(14050, 'Xã Trực Hưng', 363),
(14053, 'Xã Trực Nội', 363),
(14056, 'Thị trấn Cát Thành', 363),
(14059, 'Xã Trực Thanh', 363),
(14062, 'Xã Trực Khang', 363),
(14065, 'Xã Trực Thuận', 363),
(14068, 'Xã Trực Mỹ', 363),
(14071, 'Xã Trực Đại', 363),
(14074, 'Xã Trực Cường', 363),
(14077, 'Xã Trực Phú', 363),
(14080, 'Xã Trực Thái', 363),
(14083, 'Xã Trực Hùng', 363),
(14086, 'Xã Trực Thắng', 363),
(14089, 'Thị trấn Xuân Trường', 364),
(14092, 'Xã Xuân Châu', 364),
(14095, 'Xã Xuân Hồng', 364),
(14098, 'Xã Xuân Thành', 364),
(14101, 'Xã Xuân Thượng', 364),
(14104, 'Xã Xuân Phong', 364),
(14107, 'Xã Xuân Đài', 364),
(14110, 'Xã Xuân Tân', 364),
(14113, 'Xã Xuân Thủy', 364),
(14116, 'Xã Xuân Ngọc', 364),
(14119, 'Xã Xuân Bắc', 364),
(14122, 'Xã Xuân Phương', 364),
(14125, 'Xã Thọ Nghiệp', 364),
(14128, 'Xã Xuân Phú', 364),
(14131, 'Xã Xuân Trung', 364),
(14134, 'Xã Xuân Vinh', 364),
(14137, 'Xã Xuân Kiên', 364),
(14140, 'Xã Xuân Tiến', 364),
(14143, 'Xã Xuân Ninh', 364),
(14146, 'Xã Xuân Hòa', 364),
(14149, 'Thị trấn Ngô Đồng', 365),
(14152, 'Thị trấn Quất Lâm', 365),
(14155, 'Xã Giao Hương', 365),
(14158, 'Xã Hồng Thuận', 365),
(14161, 'Xã Giao Thiện', 365),
(14164, 'Xã Giao Thanh', 365),
(14167, 'Xã Hoành Sơn', 365),
(14170, 'Xã Bình Hòa', 365),
(14173, 'Xã Giao Tiến', 365),
(14176, 'Xã Giao Hà', 365),
(14179, 'Xã Giao Nhân', 365),
(14182, 'Xã Giao An', 365),
(14185, 'Xã Giao Lạc', 365),
(14188, 'Xã Giao Châu', 365),
(14191, 'Xã Giao Tân', 365),
(14194, 'Xã Giao Yến', 365),
(14197, 'Xã Giao Xuân', 365),
(14200, 'Xã Giao Thịnh', 365),
(14203, 'Xã Giao Hải', 365),
(14206, 'Xã Bạch Long', 365),
(14209, 'Xã Giao Long', 365),
(14212, 'Xã Giao Phong', 365),
(14215, 'Thị trấn Yên Định', 366),
(14218, 'Thị trấn Cồn', 366),
(14221, 'Thị trấn Thịnh Long', 366),
(14224, 'Xã Hải Nam', 366),
(14227, 'Xã Hải Trung', 366),
(14230, 'Xã Hải Vân', 366),
(14233, 'Xã Hải Minh', 366),
(14236, 'Xã Hải Anh', 366),
(14239, 'Xã Hải Hưng', 366),
(14242, 'Xã Hải Bắc', 366),
(14245, 'Xã Hải Phúc', 366),
(14248, 'Xã Hải Thanh', 366),
(14251, 'Xã Hải Hà', 366),
(14254, 'Xã Hải Long', 366),
(14257, 'Xã Hải Phương', 366),
(14260, 'Xã Hải Đường', 366),
(14263, 'Xã Hải Lộc', 366),
(14266, 'Xã Hải Quang', 366),
(14269, 'Xã Hải Đông', 366),
(14272, 'Xã Hải Sơn', 366),
(14275, 'Xã Hải Tân', 366),
(14278, 'Xã Hải Toàn', 366),
(14281, 'Xã Hải Phong', 366),
(14284, 'Xã Hải An', 366),
(14287, 'Xã Hải Tây', 366),
(14290, 'Xã Hải Lý', 366),
(14293, 'Xã Hải Phú', 366),
(14296, 'Xã Hải Giang', 366),
(14299, 'Xã Hải Cường', 366),
(14302, 'Xã Hải Ninh', 366),
(14305, 'Xã Hải Chính', 366),
(14308, 'Xã Hải Xuân', 366),
(14311, 'Xã Hải Châu', 366),
(14314, 'Xã Hải Triều', 366),
(14317, 'Xã Hải Hòa', 366),
(14320, 'Phường Đông Thành', 369),
(14323, 'Phường Tân Thành', 369),
(14326, 'Phường Thanh Bình', 369),
(14329, 'Phường Vân Giang', 369),
(14332, 'Phường Bích Đào', 369),
(14335, 'Phường Phúc Thành', 369),
(14338, 'Phường Nam Bình', 369),
(14341, 'Phường Nam Thành', 369),
(14344, 'Phường Ninh Khánh', 369),
(14347, 'Xã Ninh Nhất', 369),
(14350, 'Xã Ninh Tiến', 369),
(14353, 'Xã Ninh Phúc', 369),
(14356, 'Phường Ninh Sơn', 369),
(14359, 'Phường Ninh Phong', 369),
(14362, 'Phường Bắc Sơn', 370),
(14365, 'Phường Trung Sơn', 370),
(14368, 'Phường Nam Sơn', 370),
(14369, 'Phường Tây Sơn', 370),
(14371, 'Xã Yên Sơn', 370),
(14374, 'Phường Yên Bình', 370),
(14375, 'Phường Tân Bình', 370),
(14377, 'Xã Quang Sơn', 370),
(14380, 'Xã Đông Sơn', 370),
(14383, 'Thị trấn Nho Quan', 372),
(14386, 'Xã Xích Thổ', 372),
(14389, 'Xã Gia Lâm', 372),
(14392, 'Xã Gia Sơn', 372),
(14395, 'Xã Thạch Bình', 372),
(14398, 'Xã Gia Thủy', 372),
(14401, 'Xã Gia Tường', 372),
(14404, 'Xã Cúc Phương', 372),
(14407, 'Xã Phú Sơn', 372),
(14410, 'Xã Đức Long', 372),
(14413, 'Xã Lạc Vân', 372),
(14416, 'Xã Đồng Phong', 372),
(14419, 'Xã Yên Quang', 372),
(14422, 'Xã Lạng Phong', 372),
(14425, 'Xã Thượng Hòa', 372),
(14428, 'Xã Văn Phong', 372),
(14431, 'Xã Văn Phương', 372),
(14434, 'Xã Thanh Lạc', 372),
(14437, 'Xã Sơn Lai', 372),
(14440, 'Xã Sơn Thành', 372),
(14443, 'Xã Văn Phú', 372),
(14446, 'Xã Phú Lộc', 372),
(14449, 'Xã Kỳ Phú', 372),
(14452, 'Xã Quỳnh Lưu', 372),
(14455, 'Xã Sơn Hà', 372),
(14458, 'Xã Phú Long', 372),
(14461, 'Xã Quảng Lạc', 372),
(14464, 'Thị trấn Me', 373),
(14467, 'Xã Gia Hòa', 373),
(14470, 'Xã Gia Hưng', 373),
(14473, 'Xã Liên Sơn', 373),
(14476, 'Xã Gia Thanh', 373),
(14479, 'Xã Gia Vân', 373),
(14482, 'Xã Gia Phú', 373),
(14485, 'Xã Gia Xuân', 373),
(14488, 'Xã Gia Lập', 373),
(14491, 'Xã Gia Vượng', 373),
(14494, 'Xã Gia Trấn', 373),
(14497, 'Xã Gia Thịnh', 373),
(14500, 'Xã Gia Phương', 373),
(14503, 'Xã Gia Tân', 373),
(14506, 'Xã Gia Thắng', 373),
(14509, 'Xã Gia Trung', 373),
(14512, 'Xã Gia Minh', 373),
(14515, 'Xã Gia Lạc', 373),
(14518, 'Xã Gia Tiến', 373),
(14521, 'Xã Gia Sinh', 373),
(14524, 'Xã Gia Phong', 373),
(14527, 'Thị trấn Thiên Tôn', 374),
(14530, 'Xã Ninh Giang', 374),
(14533, 'Xã Trường Yên', 374),
(14536, 'Xã Ninh Khang', 374),
(14539, 'Xã Ninh Mỹ', 374),
(14542, 'Xã Ninh Hòa', 374),
(14545, 'Xã Ninh Xuân', 374),
(14548, 'Xã Ninh Hải', 374),
(14551, 'Xã Ninh Thắng', 374),
(14554, 'Xã Ninh Vân', 374),
(14557, 'Xã Ninh An', 374),
(14560, 'Thị trấn Yên Ninh', 375),
(14563, 'Xã Khánh Tiên', 375),
(14566, 'Xã Khánh Phú', 375),
(14569, 'Xã Khánh Hòa', 375),
(14572, 'Xã Khánh Lợi', 375),
(14575, 'Xã Khánh An', 375),
(14578, 'Xã Khánh Cường', 375),
(14581, 'Xã Khánh Cư', 375),
(14584, 'Xã Khánh Thiện', 375),
(14587, 'Xã Khánh Hải', 375),
(14590, 'Xã Khánh Trung', 375),
(14593, 'Xã Khánh Mậu', 375),
(14596, 'Xã Khánh Vân', 375),
(14599, 'Xã Khánh Hội', 375),
(14602, 'Xã Khánh Công', 375),
(14608, 'Xã Khánh Thành', 375),
(14611, 'Xã Khánh Nhạc', 375),
(14614, 'Xã Khánh Thủy', 375),
(14617, 'Xã Khánh Hồng', 375),
(14620, 'Thị trấn Phát Diệm', 376),
(14623, 'Thị trấn Bình Minh', 376),
(14626, 'Xã Xuân Thiện', 376),
(14629, 'Xã Hồi Ninh', 376),
(14632, 'Xã Chính Tâm', 376),
(14635, 'Xã Kim Định', 376),
(14638, 'Xã Ân Hòa', 376),
(14641, 'Xã Hùng Tiến', 376),
(14644, 'Xã Yên Mật', 376),
(14647, 'Xã Quang Thiện', 376),
(14650, 'Xã Như Hòa', 376),
(14653, 'Xã Chất Bình', 376),
(14656, 'Xã Đồng Hướng', 376),
(14659, 'Xã Kim Chính', 376),
(14662, 'Xã Thượng Kiệm', 376),
(14665, 'Xã Lưu Phương', 376),
(14668, 'Xã Tân Thành', 376),
(14671, 'Xã Yên Lộc', 376),
(14674, 'Xã Lai Thành', 376),
(14677, 'Xã Định Hóa', 376),
(14680, 'Xã Văn Hải', 376),
(14683, 'Xã Kim Tân', 376),
(14686, 'Xã Kim Mỹ', 376),
(14689, 'Xã Cồn Thoi', 376),
(14692, 'Xã Kim Hải', 376),
(14695, 'Xã Kim Trung', 376),
(14698, 'Xã Kim Đông', 376),
(14701, 'Thị trấn Yên Thịnh', 377),
(14704, 'Xã Khánh Thượng', 377),
(14707, 'Xã Khánh Dương', 377),
(14710, 'Xã Mai Sơn', 377),
(14713, 'Xã Khánh Thịnh', 377),
(14719, 'Xã Yên Phong', 377),
(14722, 'Xã Yên Hòa', 377),
(14725, 'Xã Yên Thắng', 377),
(14728, 'Xã Yên Từ', 377),
(14731, 'Xã Yên Hưng', 377),
(14734, 'Xã Yên Thành', 377),
(14737, 'Xã Yên Nhân', 377),
(14740, 'Xã Yên Mỹ', 377),
(14743, 'Xã Yên Mạc', 377),
(14746, 'Xã Yên Đồng', 377),
(14749, 'Xã Yên Thái', 377),
(14752, 'Xã Yên Lâm', 377),
(14755, 'Phường Hàm Rồng', 380),
(14758, 'Phường Đông Thọ', 380),
(14761, 'Phường Nam Ngạn', 380),
(14764, 'Phường Trường Thi', 380),
(14767, 'Phường Điện Biên', 380),
(14770, 'Phường Phú Sơn', 380),
(14773, 'Phường Lam Sơn', 380),
(14776, 'Phường Ba Đình', 380),
(14779, 'Phường Ngọc Trạo', 380),
(14782, 'Phường Đông Vệ', 380),
(14785, 'Phường Đông Sơn', 380),
(14788, 'Phường Tân Sơn', 380),
(14791, 'Phường Đông Cương', 380),
(14794, 'Phường Đông Hương', 380),
(14797, 'Phường Đông Hải', 380),
(14800, 'Phường Quảng Hưng', 380),
(14803, 'Phường Quảng Thắng', 380),
(14806, 'Phường Quảng Thành', 380),
(14809, 'Phường Bắc Sơn', 381),
(14812, 'Phường Ba Đình', 381),
(14815, 'Phường Lam Sơn', 381),
(14818, 'Phường Ngọc Trạo', 381),
(14821, 'Phường Đông Sơn', 381),
(14823, 'Phường Phú Sơn', 381),
(14824, 'Xã Quang Trung', 381),
(14827, 'Xã Hà Lan', 381),
(14830, 'Phường Trung Sơn', 382),
(14833, 'Phường Bắc Sơn', 382),
(14836, 'Phường Trường Sơn', 382),
(14839, 'Xã Quảng Cư', 382),
(14842, 'Phường Quảng Tiến', 382),
(14845, 'Thị trấn Mường Lát', 384),
(14848, 'Xã Tam Chung', 384),
(14851, 'Xã Tén Tằn', 384),
(14854, 'Xã Mường Lý', 384),
(14857, 'Xã Trung Lý', 384),
(14860, 'Xã Quang Chiểu', 384),
(14863, 'Xã Pù Nhi', 384),
(14864, 'Xã Nhi Sơn', 384),
(14866, 'Xã Mường Chanh', 384),
(14869, 'Thị trấn Quan Hóa', 385),
(14872, 'Xã Thành Sơn', 385),
(14875, 'Xã Trung Sơn', 385),
(14878, 'Xã Phú Thanh', 385),
(14881, 'Xã Trung Thành', 385),
(14884, 'Xã Phú Lệ', 385),
(14887, 'Xã Phú Sơn', 385),
(14890, 'Xã Phú Xuân', 385),
(14893, 'Xã Thanh Xuân', 385),
(14896, 'Xã Hiền Chung', 385),
(14899, 'Xã Hiền Kiệt', 385),
(14902, 'Xã Nam Tiến', 385),
(14905, 'Xã Hồi Xuân', 385),
(14908, 'Xã Thiên Phủ', 385),
(14911, 'Xã Phú Nghiêm', 385),
(14914, 'Xã Nam Xuân', 385),
(14917, 'Xã Nam Động', 385),
(14920, 'Xã Xuân Phú', 385),
(14923, 'Thị trấn Cành Nàng', 386),
(14926, 'Xã Điền Thượng', 386),
(14929, 'Xã Điền Hạ', 386),
(14932, 'Xã Điền Quang', 386),
(14935, 'Xã Điền Trung', 386),
(14938, 'Xã Thành Sơn', 386),
(14941, 'Xã Lương Ngoại', 386),
(14944, 'Xã Ái Thượng', 386),
(14947, 'Xã Lương Nội', 386),
(14950, 'Xã Điền Lư', 386),
(14953, 'Xã Lương Trung', 386),
(14956, 'Xã Lũng Niêm', 386),
(14959, 'Xã Lũng Cao', 386),
(14962, 'Xã Hạ Trung', 386),
(14965, 'Xã Cổ Lũng', 386),
(14968, 'Xã Thành Lâm', 386),
(14971, 'Xã Ban Công', 386),
(14974, 'Xã Kỳ Tân', 386),
(14977, 'Xã Văn Nho', 386),
(14980, 'Xã Thiết Ống', 386),
(14983, 'Xã Lâm Sa', 386),
(14986, 'Xã Thiết Kế', 386),
(14989, 'Xã Tân Lập', 386),
(14992, 'Thị trấn Quan Sơn', 387),
(14995, 'Xã Trung Xuân', 387),
(14998, 'Xã Trung Thượng', 387),
(14999, 'Xã Trung Tiến', 387),
(15001, 'Xã Trung Hạ', 387),
(15004, 'Xã Sơn Hà', 387),
(15007, 'Xã Tam Thanh', 387),
(15010, 'Xã Sơn Thủy', 387),
(15013, 'Xã Na Mèo', 387),
(15016, 'Xã Sơn Lư', 387),
(15019, 'Xã Tam Lư', 387),
(15022, 'Xã Sơn Điện', 387),
(15025, 'Xã Mường Mìn', 387),
(15028, 'Thị trấn Lang Chánh', 388),
(15031, 'Xã Yên Khương', 388),
(15034, 'Xã Yên Thắng', 388),
(15037, 'Xã Trí Nang', 388),
(15040, 'Xã Giao An', 388),
(15043, 'Xã Giao Thiện', 388),
(15046, 'Xã Tân Phúc', 388),
(15049, 'Xã Tam Văn', 388),
(15052, 'Xã Lâm Phú', 388),
(15055, 'Xã Quang Hiến', 388),
(15058, 'Xã Đồng Lương', 388),
(15061, 'Thị Trấn Ngọc Lặc', 389),
(15064, 'Xã Lam Sơn', 389),
(15067, 'Xã Mỹ Tân', 389),
(15070, 'Xã Thúy Sơn', 389),
(15073, 'Xã Thạch Lập', 389),
(15076, 'Xã Vân Âm', 389),
(15079, 'Xã Cao Ngọc', 389),
(15082, 'Xã Ngọc Khê', 389),
(15085, 'Xã Quang Trung', 389),
(15088, 'Xã Đồng Thịnh', 389),
(15091, 'Xã Ngọc Liên', 389),
(15094, 'Xã Ngọc Sơn', 389),
(15097, 'Xã Lộc Thịnh', 389),
(15100, 'Xã Cao Thịnh', 389),
(15103, 'Xã Ngọc Trung', 389),
(15106, 'Xã Phùng Giáo', 389),
(15109, 'Xã Phùng Minh', 389),
(15112, 'Xã Phúc Thịnh', 389),
(15115, 'Xã Nguyệt Ấn', 389),
(15118, 'Xã Kiên Thọ', 389),
(15121, 'Xã Minh Tiến', 389),
(15124, 'Xã Minh Sơn', 389),
(15127, 'Thị trấn Cẩm Thủy', 390),
(15130, 'Xã Phúc Do', 390),
(15133, 'Xã Cẩm Thành', 390),
(15136, 'Xã Cẩm Quý', 390),
(15139, 'Xã Cẩm Lương', 390),
(15142, 'Xã Cẩm Thạch', 390),
(15145, 'Xã Cẩm Liên', 390),
(15148, 'Xã Cẩm Giang', 390),
(15151, 'Xã Cẩm Bình', 390),
(15154, 'Xã Cẩm Tú', 390),
(15157, 'Xã Cẩm Sơn', 390),
(15160, 'Xã Cẩm Châu', 390),
(15163, 'Xã Cẩm Tâm', 390),
(15166, 'Xã Cẩm Phong', 390),
(15169, 'Xã Cẩm Ngọc', 390),
(15172, 'Xã Cẩm Long', 390),
(15175, 'Xã Cẩm Yên', 390),
(15178, 'Xã Cẩm Tân', 390),
(15181, 'Xã Cẩm Phú', 390),
(15184, 'Xã Cẩm Vân', 390),
(15187, 'Thị trấn Kim Tân', 391),
(15190, 'Thị trấn Vân Du', 391),
(15193, 'Xã Thạch Tân', 391),
(15196, 'Xã Thạch Lâm', 391),
(15199, 'Xã Thạch Quảng', 391),
(15202, 'Xã Thạch Tượng', 391),
(15205, 'Xã Thạch Cẩm', 391),
(15208, 'Xã Thạch Sơn', 391),
(15211, 'Xã Thạch Bình', 391),
(15214, 'Xã Thạch Định', 391),
(15217, 'Xã Thạch Đồng', 391),
(15220, 'Xã Thạch Long', 391),
(15223, 'Xã Thành Mỹ', 391),
(15226, 'Xã Thành Yên', 391),
(15229, 'Xã Thành Vinh', 391),
(15232, 'Xã Thành Minh', 391),
(15235, 'Xã Thành Công', 391),
(15238, 'Xã Thành Tân', 391),
(15241, 'Xã Thành Trực', 391),
(15244, 'Xã Thành Vân', 391),
(15247, 'Xã Thành Tâm', 391),
(15250, 'Xã Thành An', 391),
(15253, 'Xã Thành Thọ', 391),
(15256, 'Xã Thành Tiến', 391),
(15259, 'Xã Thành Long', 391),
(15262, 'Xã Thành Kim', 391),
(15265, 'Xã Thành Hưng', 391),
(15268, 'Xã Ngọc Trạo', 391),
(15271, 'Thị trấn Hà Trung', 392),
(15274, 'Xã Hà Long', 392),
(15277, 'Xã Hà Vinh', 392),
(15280, 'Xã Hà Bắc', 392),
(15283, 'Xã Hà Vân', 392),
(15286, 'Xã Hà Yên', 392),
(15289, 'Xã Hà Thanh', 392),
(15292, 'Xã Hà Giang', 392),
(15295, 'Xã Hà Dương', 392),
(15298, 'Xã Hà Phú', 392),
(15301, 'Xã Hà Phong', 392),
(15304, 'Xã Hà Ngọc', 392),
(15307, 'Xã Hà Ninh', 392),
(15310, 'Xã Hà Lâm', 392),
(15313, 'Xã Hà Sơn', 392),
(15316, 'Xã Hà Lĩnh', 392),
(15319, 'Xã Hà Đông', 392),
(15322, 'Xã Hà Tân', 392),
(15325, 'Xã Hà Tiến', 392),
(15328, 'Xã Hà Bình', 392),
(15331, 'Xã Hà Lai', 392),
(15334, 'Xã Hà Châu', 392),
(15337, 'Xã Hà Toại', 392),
(15340, 'Xã Hà Thái', 392),
(15343, 'Xã Hà Hải', 392),
(15346, 'Thị trấn Vĩnh Lộc', 393),
(15349, 'Xã Vĩnh Thành', 393),
(15352, 'Xã Vĩnh Quang', 393),
(15355, 'Xã Vĩnh Yên', 393),
(15358, 'Xã Vĩnh Tiến', 393),
(15361, 'Xã Vĩnh Long', 393),
(15364, 'Xã Vĩnh Phúc', 393),
(15367, 'Xã Vĩnh Hưng', 393),
(15370, 'Xã Vĩnh Minh', 393),
(15373, 'Xã Vĩnh Khang', 393),
(15376, 'Xã Vĩnh Hòa', 393),
(15379, 'Xã Vĩnh Hùng', 393),
(15382, 'Xã Vĩnh Tân', 393),
(15385, 'Xã Vĩnh Ninh', 393),
(15388, 'Xã Vĩnh Thịnh', 393),
(15391, 'Xã Vĩnh An', 393),
(15394, 'Thị trấn Quán Lào', 394),
(15397, 'Thị trấn Thống Nhất', 394),
(15400, 'Xã Yên Phú', 394),
(15403, 'Xã Yên Lâm', 394),
(15406, 'Xã Yên Tâm', 394),
(15409, 'Xã Yên Giang', 394),
(15412, 'Xã Quí Lộc', 394),
(15415, 'Xã Yên Thọ', 394),
(15418, 'Xã Yên Trung', 394),
(15421, 'Xã Yên Trường', 394),
(15424, 'Xã Yên Bái', 394),
(15427, 'Xã Yên Phong', 394),
(15430, 'Xã Yên Thái', 394),
(15433, 'Xã Yên Hùng', 394),
(15436, 'Xã Yên Thịnh', 394),
(15439, 'Xã Yên Ninh', 394),
(15442, 'Xã Yên Lạc', 394),
(15445, 'Xã Định Tăng', 394),
(15448, 'Xã Định Hòa', 394),
(15451, 'Xã Định Thành', 394),
(15454, 'Xã Định Công', 394),
(15457, 'Xã Định Tân', 394),
(15460, 'Xã Định Tiến', 394),
(15463, 'Xã Định Long', 394),
(15466, 'Xã Định Liên', 394),
(15469, 'Xã Định Tường', 394),
(15472, 'Xã Định Hưng', 394),
(15475, 'Xã Định Hải', 394),
(15478, 'Xã Định Bình', 394),
(15481, 'Thị trấn Thọ Xuân', 395),
(15484, 'Thị trấn Lam Sơn', 395),
(15487, 'Thị trấn Sao Vàng', 395),
(15490, 'Xã Xuân Khánh', 395),
(15493, 'Xã Thọ Nguyên', 395),
(15496, 'Xã Xuân Thành', 395),
(15499, 'Xã Hạnh Phúc', 395),
(15502, 'Xã Bắc Lương', 395),
(15505, 'Xã Nam Giang', 395),
(15508, 'Xã Xuân Phong', 395),
(15511, 'Xã Thọ Lộc', 395),
(15514, 'Xã Xuân Trường', 395),
(15517, 'Xã Xuân Hòa', 395),
(15520, 'Xã Thọ Hải', 395),
(15523, 'Xã Tây Hồ', 395),
(15526, 'Xã Xuân Giang', 395),
(15529, 'Xã Xuân Quang', 395),
(15532, 'Xã Xuân Sơn', 395),
(15535, 'Xã Xuân Hưng', 395),
(15538, 'Xã Thọ Diên', 395),
(15541, 'Xã Thọ Lâm', 395),
(15544, 'Xã Thọ Xương', 395),
(15547, 'Xã Xuân Bái', 395),
(15550, 'Xã Xuân Phú', 395),
(15553, 'Xã Xuân Thắng', 395),
(15556, 'Xã Xuân Lam', 395),
(15559, 'Xã Xuân Thiên', 395),
(15562, 'Xã Thọ Minh', 395),
(15565, 'Xã Xuân Châu', 395),
(15568, 'Xã Thọ Lập', 395),
(15571, 'Xã Quảng Phú', 395),
(15574, 'Xã Xuân Tín', 395),
(15577, 'Xã Phú Yên', 395),
(15580, 'Xã Xuân Yên', 395),
(15583, 'Xã Xuân Lai', 395),
(15586, 'Xã Xuân Lập', 395),
(15589, 'Xã Thọ Thắng', 395),
(15592, 'Xã Xuân Minh', 395),
(15595, 'Xã Xuân Tân', 395),
(15598, 'Xã Xuân Vinh', 395),
(15601, 'Xã Thọ Trường', 395),
(15604, 'Thị trấn Thường Xuân', 396),
(15607, 'Xã Bát Mọt', 396),
(15610, 'Xã Yên Nhân', 396),
(15619, 'Xã Xuân Lẹ', 396),
(15622, 'Xã Vạn Xuân', 396),
(15628, 'Xã Lương Sơn', 396),
(15631, 'Xã Xuân Cao', 396),
(15634, 'Xã Luận Thành', 396),
(15637, 'Xã Luận Khê', 396),
(15640, 'Xã Xuân Thắng', 396),
(15643, 'Xã Xuân Lộc', 396),
(15646, 'Xã Xuân Cẩm', 396),
(15649, 'Xã Xuân Dương', 396),
(15652, 'Xã Thọ Thanh', 396),
(15655, 'Xã Ngọc Phụng', 396),
(15658, 'Xã Xuân Chinh', 396),
(15661, 'Xã Tân Thành', 396),
(15664, 'Thị trấn Triệu Sơn', 397),
(15667, 'Xã Thọ Sơn', 397),
(15670, 'Xã Thọ Bình', 397),
(15673, 'Xã Thọ Tiến', 397),
(15676, 'Xã Hợp Lý', 397),
(15679, 'Xã Hợp Tiến', 397),
(15682, 'Xã Hợp Thành', 397),
(15685, 'Xã Triệu Thành', 397),
(15688, 'Xã Hợp Thắng', 397),
(15691, 'Xã Minh Sơn', 397),
(15694, 'Xã Minh Dân', 397),
(15697, 'Xã Minh Châu', 397),
(15700, 'Xã Dân Lực', 397),
(15703, 'Xã Dân Lý', 397),
(15706, 'Xã Dân Quyền', 397),
(15709, 'Xã An Nông', 397),
(15712, 'Xã Văn Sơn', 397),
(15715, 'Xã Thái Hòa', 397),
(15718, 'Xã Tân Ninh', 397),
(15721, 'Xã Đồng Lợi', 397),
(15724, 'Xã Đồng Tiến', 397),
(15727, 'Xã Đồng Thắng', 397),
(15730, 'Xã Tiến Nông', 397),
(15733, 'Xã Khuyến Nông', 397),
(15736, 'Xã Xuân Thịnh', 397),
(15739, 'Xã Xuân Lộc', 397),
(15742, 'Xã Thọ Dân', 397),
(15745, 'Xã Xuân Thọ', 397),
(15748, 'Xã Thọ Tân', 397),
(15751, 'Xã Thọ Ngọc', 397),
(15754, 'Xã Thọ Cường', 397),
(15757, 'Xã Thọ Phú', 397),
(15760, 'Xã Thọ Vực', 397),
(15763, 'Xã Thọ Thế', 397),
(15766, 'Xã Nông Trường', 397),
(15769, 'Xã Bình Sơn', 397),
(15772, 'Thị trấn Vạn Hà', 398),
(15775, 'Xã Thiệu Ngọc', 398),
(15778, 'Xã Thiệu Vũ', 398),
(15781, 'Xã Thiệu Phúc', 398),
(15784, 'Xã Thiệu Tiến', 398),
(15787, 'Xã Thiệu Công', 398),
(15790, 'Xã Thiệu Phú', 398),
(15793, 'Xã Thiệu Long', 398),
(15796, 'Xã Thiệu Giang', 398),
(15799, 'Xã Thiệu Duy', 398),
(15802, 'Xã Thiệu Nguyên', 398),
(15805, 'Xã Thiệu Hợp', 398),
(15808, 'Xã Thiệu Thịnh', 398),
(15811, 'Xã Thiệu Quang', 398),
(15814, 'Xã Thiệu Thành', 398),
(15817, 'Xã Thiệu Toán', 398),
(15820, 'Xã Thiệu Chính', 398),
(15823, 'Xã Thiệu Hòa', 398),
(15826, 'Xã Thiệu Minh', 398),
(15829, 'Xã Thiệu Tâm', 398),
(15832, 'Xã Thiệu Viên', 398),
(15835, 'Xã Thiệu Lý', 398),
(15838, 'Xã Thiệu Vận', 398),
(15841, 'Xã Thiệu Trung', 398),
(15844, 'Xã Thiệu Đô', 398),
(15847, 'Xã Thiệu Châu', 398),
(15850, 'Xã Thiệu Vân', 380),
(15853, 'Xã Thiệu Giao', 398),
(15856, 'Xã Thiệu Khánh', 380),
(15859, 'Xã Thiệu Dương', 380),
(15862, 'Xã Thiệu Tân', 398),
(15865, 'Thị trấn Hoằng Hóa', 399),
(15868, 'Phường Tào Xuyên', 380),
(15871, 'Xã Hoằng Giang', 399),
(15874, 'Xã Hoằng Xuân', 399),
(15877, 'Xã Hoằng Khánh', 399),
(15880, 'Xã Hoằng Phượng', 399),
(15883, 'Xã Hoằng Phú', 399),
(15886, 'Xã Hoằng Quỳ', 399),
(15889, 'Xã Hoằng Kim', 399),
(15892, 'Xã Hoằng Trung', 399),
(15895, 'Xã Hoằng Trinh', 399),
(15898, 'Xã Hoằng Sơn', 399),
(15901, 'Xã Hoằng Lương', 399),
(15904, 'Xã Hoằng Xuyên', 399),
(15907, 'Xã Hoằng Cát', 399),
(15910, 'Xã Hoằng Khê', 399),
(15913, 'Xã Hoằng Lý', 380),
(15916, 'Xã Hoằng Quý', 399),
(15919, 'Xã Hoằng Hợp', 399),
(15922, 'Xã Hoằng Long', 380),
(15925, 'Xã Hoằng Quang', 380),
(15928, 'Xã Hoằng Minh', 399),
(15931, 'Xã Hoằng Phúc', 399),
(15934, 'Xã Hoằng Đức', 399),
(15937, 'Xã Hoằng Hà', 399),
(15940, 'Xã Hoằng Đạt', 399),
(15943, 'Xã Hoằng Vinh', 399),
(15946, 'Xã Hoằng Đạo', 399),
(15949, 'Xã Hoằng Thắng', 399),
(15952, 'Xã Hoằng Đồng', 399),
(15955, 'Xã Hoằng Thái', 399),
(15958, 'Xã Hoằng Thịnh', 399),
(15961, 'Xã Hoằng Thành', 399),
(15964, 'Xã Hoằng Lộc', 399),
(15967, 'Xã Hoằng Trạch', 399),
(15970, 'Xã Hoằng Đại', 380),
(15973, 'Xã Hoằng Phong', 399),
(15976, 'Xã Hoằng Lưu', 399),
(15979, 'Xã Hoằng Châu', 399),
(15982, 'Xã Hoằng Tân', 399),
(15985, 'Xã Hoằng Yến', 399),
(15988, 'Xã Hoằng Tiến', 399),
(15991, 'Xã Hoằng Hải', 399),
(15994, 'Xã Hoằng Ngọc', 399),
(15997, 'Xã Hoằng Đông', 399),
(16000, 'Xã Hoằng Thanh', 399),
(16003, 'Xã Hoằng Phụ', 399),
(16006, 'Xã Hoằng Trường', 399),
(16009, 'Xã Hoằng Anh', 380),
(16012, 'Thị trấn Hậu Lộc', 400),
(16015, 'Xã Đồng Lộc', 400),
(16018, 'Xã Đại Lộc', 400),
(16021, 'Xã Triệu Lộc', 400),
(16024, 'Xã Châu Lộc', 400),
(16027, 'Xã Tiến Lộc', 400),
(16030, 'Xã Lộc Sơn', 400),
(16033, 'Xã Cầu Lộc', 400),
(16036, 'Xã Thành Lộc', 400),
(16039, 'Xã Tuy Lộc', 400),
(16042, 'Xã Phong Lộc', 400),
(16045, 'Xã Mỹ Lộc', 400),
(16048, 'Xã Văn Lộc', 400),
(16051, 'Xã Thuần Lộc', 400),
(16054, 'Xã Lộc Tân', 400),
(16057, 'Xã Xuân Lộc', 400),
(16060, 'Xã Thịnh Lộc', 400),
(16063, 'Xã Hoa Lộc', 400),
(16066, 'Xã Liên Lộc', 400),
(16069, 'Xã Quang Lộc', 400),
(16072, 'Xã Phú Lộc', 400),
(16075, 'Xã Hòa Lộc', 400),
(16078, 'Xã Minh Lộc', 400),
(16081, 'Xã Hưng Lộc', 400),
(16084, 'Xã Hải Lộc', 400),
(16087, 'Xã Đa Lộc', 400),
(16090, 'Xã Ngư Lộc', 400),
(16093, 'Thị trấn Nga Sơn', 401),
(16096, 'Xã Ba Đình', 401),
(16099, 'Xã Nga Vịnh', 401),
(16102, 'Xã Nga Văn', 401),
(16105, 'Xã Nga Thiện', 401),
(16108, 'Xã Nga Tiến', 401),
(16111, 'Xã Nga Lĩnh', 401),
(16114, 'Xã Nga Nhân', 401),
(16117, 'Xã Nga Trung', 401),
(16120, 'Xã Nga Bạch', 401),
(16123, 'Xã Nga Thanh', 401),
(16126, 'Xã Nga Hưng', 401),
(16129, 'Xã Nga Mỹ', 401),
(16132, 'Xã Nga Yên', 401),
(16135, 'Xã Nga Giáp', 401),
(16138, 'Xã Nga Hải', 401),
(16141, 'Xã Nga Thành', 401),
(16144, 'Xã Nga An', 401),
(16147, 'Xã Nga Phú', 401),
(16150, 'Xã Nga Điền', 401),
(16153, 'Xã Nga Tân', 401),
(16156, 'Xã Nga Thủy', 401),
(16159, 'Xã Nga Liên', 401),
(16162, 'Xã Nga Thái', 401),
(16165, 'Xã Nga Thạch', 401),
(16168, 'Xã Nga Thắng', 401),
(16171, 'Xã Nga Trường', 401),
(16174, 'Thị trấn Yên Cát', 402),
(16177, 'Xã Bãi Trành', 402),
(16180, 'Xã Xuân Hòa', 402);
INSERT INTO `ward` (`ward_id`, `name`, `district_id`) VALUES
(16183, 'Xã Xuân Bình', 402),
(16186, 'Xã Hóa Quỳ', 402),
(16189, 'Xã Xuân Quỳ', 402),
(16192, 'Xã Yên Lễ', 402),
(16195, 'Xã Cát Vân', 402),
(16198, 'Xã Cát Tân', 402),
(16201, 'Xã Tân Bình', 402),
(16204, 'Xã Bình Lương', 402),
(16207, 'Xã Thanh Quân', 402),
(16210, 'Xã Thanh Xuân', 402),
(16213, 'Xã Thanh Hòa', 402),
(16216, 'Xã Thanh Phong', 402),
(16219, 'Xã Thanh Lâm', 402),
(16222, 'Xã Thanh Sơn', 402),
(16225, 'Xã Thượng Ninh', 402),
(16228, 'Thị trấn Bến Sung', 403),
(16231, 'Xã Cán Khê', 403),
(16234, 'Xã Xuân Du', 403),
(16237, 'Xã Xuân Thọ', 403),
(16240, 'Xã Phượng Nghi', 403),
(16243, 'Xã Mậu Lâm', 403),
(16246, 'Xã Xuân Khang', 403),
(16249, 'Xã Phú Nhuận', 403),
(16252, 'Xã Hải Long', 403),
(16255, 'Xã Hải Vân', 403),
(16258, 'Xã Xuân Thái', 403),
(16261, 'Xã Xuân Phúc', 403),
(16264, 'Xã Yên Thọ', 403),
(16267, 'Xã Yên Lạc', 403),
(16270, 'Xã Phúc Đường', 403),
(16273, 'Xã Thanh Tân', 403),
(16276, 'Xã Thanh Kỳ', 403),
(16279, 'Thị trấn Nông Cống', 404),
(16282, 'Xã Tân Phúc', 404),
(16285, 'Xã Tân Thọ', 404),
(16288, 'Xã Hoàng Sơn', 404),
(16291, 'Xã Tân Khang', 404),
(16294, 'Xã Hoàng Giang', 404),
(16297, 'Xã Trung Chính', 404),
(16300, 'Xã Trung Ý', 404),
(16303, 'Xã Trung Thành', 404),
(16306, 'Xã Tế Tân', 404),
(16309, 'Xã Tế Thắng', 404),
(16315, 'Xã Tế Lợi', 404),
(16318, 'Xã Tế Nông', 404),
(16321, 'Xã Minh Nghĩa', 404),
(16324, 'Xã Minh Khôi', 404),
(16327, 'Xã Vạn Hòa', 404),
(16330, 'Xã Trường Trung', 404),
(16333, 'Xã Vạn Thắng', 404),
(16336, 'Xã Trường Giang', 404),
(16339, 'Xã Vạn Thiện', 404),
(16342, 'Xã Thăng Long', 404),
(16345, 'Xã Trường Minh', 404),
(16348, 'Xã Trường Sơn', 404),
(16351, 'Xã Thăng Bình', 404),
(16354, 'Xã Công Liêm', 404),
(16357, 'Xã Tượng Văn', 404),
(16360, 'Xã Thăng Thọ', 404),
(16363, 'Xã Tượng Lĩnh', 404),
(16366, 'Xã Tượng Sơn', 404),
(16369, 'Xã Công Chính', 404),
(16372, 'Xã Công Bình', 404),
(16375, 'Xã Yên Mỹ', 404),
(16378, 'Thị trấn Rừng Thông', 405),
(16379, 'Phường An Hoạch', 380),
(16381, 'Xã Đông Hoàng', 405),
(16384, 'Xã Đông Ninh', 405),
(16387, 'Xã Đông Khê', 405),
(16390, 'Xã Đông Hòa', 405),
(16393, 'Xã Đông Yên', 405),
(16396, 'Xã Đông Lĩnh', 380),
(16399, 'Xã Đông Minh', 405),
(16402, 'Xã Đông Thanh', 405),
(16405, 'Xã Đông Tiến', 405),
(16408, 'Xã Đông Anh', 405),
(16414, 'Xã Đông Thịnh', 405),
(16417, 'Xã Đông Văn', 405),
(16420, 'Xã Đông Phú', 405),
(16423, 'Xã Đông Nam', 405),
(16426, 'Xã Đông Quang', 405),
(16429, 'Xã Đông Vinh', 380),
(16432, 'Xã Đông Tân', 380),
(16435, 'Xã Đông Hưng', 380),
(16438, 'Thị trấn Quảng Xương', 406),
(16441, 'Xã Quảng Thịnh', 380),
(16444, 'Xã Quảng Tân', 406),
(16447, 'Xã Quảng Trạch', 406),
(16450, 'Xã Quảng Phong', 406),
(16453, 'Xã Quảng Đức', 406),
(16456, 'Xã Quảng Định', 406),
(16459, 'Xã Quảng Đông', 380),
(16462, 'Xã Quảng Nhân', 406),
(16465, 'Xã Quảng Ninh', 406),
(16468, 'Xã Quảng Bình', 406),
(16471, 'Xã Quảng Hợp', 406),
(16474, 'Xã Quảng Văn', 406),
(16477, 'Xã Quảng Long', 406),
(16480, 'Xã Quảng Yên', 406),
(16483, 'Xã Quảng Hòa', 406),
(16486, 'Xã Quảng Lĩnh', 406),
(16489, 'Xã Quảng Khê', 406),
(16492, 'Xã Quảng Trung', 406),
(16495, 'Xã Quảng Chính', 406),
(16498, 'Xã Quảng Ngọc', 406),
(16501, 'Xã Quảng Trường', 406),
(16504, 'Xã Quảng Phúc', 406),
(16507, 'Xã Quảng Cát', 380),
(16510, 'Xã Quảng Vọng', 406),
(16513, 'Xã Quảng Minh', 382),
(16516, 'Xã Quảng Hùng', 382),
(16519, 'Xã Quảng Giao', 406),
(16522, 'Xã Quảng Phú', 380),
(16525, 'Xã Quảng Tâm', 380),
(16528, 'Xã Quảng Thọ', 382),
(16531, 'Xã Quảng Châu', 382),
(16534, 'Xã Quảng Vinh', 382),
(16537, 'Xã Quảng Đại', 382),
(16540, 'Xã Quảng Hải', 406),
(16543, 'Xã Quảng Lưu', 406),
(16546, 'Xã Quảng Lộc', 406),
(16549, 'Xã Quảng Lợi', 406),
(16552, 'Xã Quảng Nham', 406),
(16555, 'Xã Quảng Thạch', 406),
(16558, 'Xã Quảng Thái', 406),
(16561, 'Thị trấn Tĩnh Gia', 407),
(16564, 'Xã Hải Châu', 407),
(16567, 'Xã Thanh Thủy', 407),
(16570, 'Xã Thanh Sơn', 407),
(16573, 'Xã Triêu Dương', 407),
(16576, 'Xã Hải Ninh', 407),
(16579, 'Xã Anh Sơn', 407),
(16582, 'Xã Ngọc Lĩnh', 407),
(16585, 'Xã Hải An', 407),
(16588, 'Xã Hùng Sơn', 407),
(16591, 'Xã Các Sơn', 407),
(16594, 'Xã Tân Dân', 407),
(16597, 'Xã Hải Lĩnh', 407),
(16600, 'Xã Định Hải', 407),
(16603, 'Xã Phú Sơn', 407),
(16606, 'Xã Ninh Hải', 407),
(16609, 'Xã Nguyên Bình', 407),
(16612, 'Xã Hải Nhân', 407),
(16615, 'Xã Hải Hòa', 407),
(16618, 'Xã Bình Minh', 407),
(16621, 'Xã Hải Thanh', 407),
(16624, 'Xã Phú Lâm', 407),
(16627, 'Xã Xuân Lâm', 407),
(16630, 'Xã Trúc Lâm', 407),
(16633, 'Xã Hải Bình', 407),
(16636, 'Xã Tân Trường', 407),
(16639, 'Xã Tùng Lâm', 407),
(16642, 'Xã Tĩnh Hải', 407),
(16645, 'Xã Mai Lâm', 407),
(16648, 'Xã Trường Lâm', 407),
(16651, 'Xã Hải Yến', 407),
(16654, 'Xã Hải Thượng', 407),
(16657, 'Xã Nghi Sơn', 407),
(16660, 'Xã Hải Hà', 407),
(16663, 'Phường Đông Vĩnh', 412),
(16666, 'Phường Hà Huy Tập', 412),
(16669, 'Phường Lê Lợi', 412),
(16670, 'Phường Quán Bàu', 412),
(16672, 'Phường Hưng Bình', 412),
(16673, 'Phường Hưng Phúc', 412),
(16675, 'Phường Hưng Dũng', 412),
(16678, 'Phường Cửa Nam', 412),
(16681, 'Phường Quang Trung', 412),
(16684, 'Phường Đội Cung', 412),
(16687, 'Phường Lê Mao', 412),
(16690, 'Phường Trường Thi', 412),
(16693, 'Phường Bến Thủy', 412),
(16696, 'Phường Hồng Sơn', 412),
(16699, 'Phường Trung Đô', 412),
(16702, 'Xã Nghi Phú', 412),
(16705, 'Xã Hưng Đông', 412),
(16708, 'Xã Hưng Lộc', 412),
(16711, 'Xã Hưng Hòa', 412),
(16714, 'Phường Vinh Tân', 412),
(16717, 'Phường Nghi Thuỷ', 413),
(16720, 'Phường Nghi Tân', 413),
(16723, 'Phường Thu Thuỷ', 413),
(16726, 'Phường Nghi Hòa', 413),
(16729, 'Phường Nghi Hải', 413),
(16732, 'Phường Nghi Hương', 413),
(16735, 'Phường Nghi Thu', 413),
(16738, 'Thị trấn Kim Sơn', 415),
(16741, 'Xã Thông Thụ', 415),
(16744, 'Xã Đồng Văn', 415),
(16747, 'Xã Hạnh Dịch', 415),
(16750, 'Xã Tiền Phong', 415),
(16753, 'Xã Nậm Giải', 415),
(16756, 'Xã Tri Lễ', 415),
(16759, 'Xã Châu Kim', 415),
(16762, 'Xã Mường Nọc', 415),
(16763, 'Xã Quế Sơn', 415),
(16765, 'Xã Châu Thôn', 415),
(16768, 'Xã Nậm Nhoóng', 415),
(16771, 'Xã Quang Phong', 415),
(16774, 'Xã Căm Muộn', 415),
(16777, 'Thị trấn Tân Lạc', 416),
(16780, 'Xã Châu Bính', 416),
(16783, 'Xã Châu Thuận', 416),
(16786, 'Xã Châu Hội', 416),
(16789, 'Xã Châu Nga', 416),
(16792, 'Xã Châu Tiến', 416),
(16795, 'Xã Châu Hạnh', 416),
(16798, 'Xã Châu Thắng', 416),
(16801, 'Xã Châu Phong', 416),
(16804, 'Xã Châu Bình', 416),
(16807, 'Xã Châu Hoàn', 416),
(16810, 'Xã Diên Lãm', 416),
(16813, 'Thị trấn Mường Xén', 417),
(16816, 'Xã Mỹ Lý', 417),
(16819, 'Xã Bắc Lý', 417),
(16822, 'Xã Keng Đu', 417),
(16825, 'Xã Đoọc Mạy', 417),
(16828, 'Xã Huồi Tụ', 417),
(16831, 'Xã Mường Lống', 417),
(16834, 'Xã Na Loi', 417),
(16837, 'Xã Nậm Cắn', 417),
(16840, 'Xã Bảo Nam', 417),
(16843, 'Xã Phà Đánh', 417),
(16846, 'Xã Bảo Thắng', 417),
(16849, 'Xã Hữu Lập', 417),
(16852, 'Xã Tà Cạ', 417),
(16855, 'Xã Chiêu Lưu', 417),
(16858, 'Xã Mường Típ', 417),
(16861, 'Xã Hữu Kiệm', 417),
(16864, 'Xã Tây Sơn', 417),
(16867, 'Xã Mường Ải', 417),
(16870, 'Xã Na Ngoi', 417),
(16873, 'Xã Nậm Càn', 417),
(16876, 'Thị trấn Hòa Bình', 418),
(16879, 'Xã Mai Sơn', 418),
(16882, 'Xã Nhôn Mai', 418),
(16885, 'Xã Hữu Khuông', 418),
(16900, 'Xã Yên Tĩnh', 418),
(16903, 'Xã Nga My', 418),
(16904, 'Xã Xiêng My', 418),
(16906, 'Xã Lưỡng Minh', 418),
(16909, 'Xã Yên Hòa', 418),
(16912, 'Xã Yên Na', 418),
(16915, 'Xã Lưu Kiền', 418),
(16918, 'Xã Thạch Giám', 418),
(16921, 'Xã Xá Lượng', 418),
(16924, 'Xã Tam Thái', 418),
(16927, 'Xã Tam Đình', 418),
(16930, 'Xã Yên Thắng', 418),
(16933, 'Xã Tam Quang', 418),
(16936, 'Xã Tam Hợp', 418),
(16939, 'Phường Hoà Hiếu', 414),
(16941, 'Thị trấn Nghĩa Đàn', 419),
(16942, 'Xã Nghĩa Mai', 419),
(16945, 'Xã Nghĩa Yên', 419),
(16948, 'Xã Nghĩa Lạc', 419),
(16951, 'Xã Nghĩa Lâm', 419),
(16954, 'Xã Nghĩa Sơn', 419),
(16957, 'Xã Nghĩa Lợi', 419),
(16960, 'Xã Nghĩa Bình', 419),
(16963, 'Xã Nghĩa Thọ', 419),
(16966, 'Xã Nghĩa Minh', 419),
(16969, 'Xã Nghĩa Phú', 419),
(16972, 'Xã Nghĩa Hưng', 419),
(16975, 'Xã Nghĩa Hồng', 419),
(16978, 'Xã Nghĩa Thịnh', 419),
(16981, 'Xã Nghĩa Trung', 419),
(16984, 'Xã Nghĩa Hội', 419),
(16987, 'Xã Nghĩa Tân', 419),
(16990, 'Xã Nghĩa Thắng', 419),
(16993, 'Phường Quang Phong', 414),
(16994, 'Phường Quang Tiến', 414),
(16996, 'Xã Nghĩa Hiếu', 419),
(16999, 'Xã Nghĩa Liên', 419),
(17002, 'Xã Nghĩa Hòa', 414),
(17003, 'Phường Long Sơn', 414),
(17005, 'Xã Nghĩa Tiến', 414),
(17008, 'Xã Nghĩa Mỹ', 414),
(17011, 'Xã Tây Hiếu', 414),
(17014, 'Xã Nghĩa Thuận', 414),
(17017, 'Xã Đông Hiếu', 414),
(17020, 'Xã Nghĩa Đức', 419),
(17023, 'Xã Nghĩa An', 419),
(17026, 'Xã Nghĩa Long', 419),
(17029, 'Xã Nghĩa Lộc', 419),
(17032, 'Xã Nghĩa Khánh', 419),
(17035, 'Thị trấn Quỳ Hợp', 420),
(17038, 'Xã Yên Hợp', 420),
(17041, 'Xã Châu Tiến', 420),
(17044, 'Xã Châu Hồng', 420),
(17047, 'Xã Đồng Hợp', 420),
(17050, 'Xã Châu Thành', 420),
(17053, 'Xã Liên Hợp', 420),
(17056, 'Xã Châu Lộc', 420),
(17059, 'Xã Tam Hợp', 420),
(17062, 'Xã Châu Cường', 420),
(17065, 'Xã Châu Quang', 420),
(17068, 'Xã Thọ Hợp', 420),
(17071, 'Xã Minh Hợp', 420),
(17074, 'Xã Nghĩa Xuân', 420),
(17077, 'Xã Châu Thái', 420),
(17080, 'Xã Châu Đình', 420),
(17083, 'Xã Văn Lợi', 420),
(17086, 'Xã Nam Sơn', 420),
(17089, 'Xã Châu Lý', 420),
(17092, 'Xã Hạ Sơn', 420),
(17095, 'Xã Bắc Sơn', 420),
(17098, 'Thị trấn Cầu Giát', 421),
(17101, 'Xã Quỳnh Thắng', 421),
(17104, 'Xã Quỳnh Vinh', 432),
(17107, 'Xã Quỳnh Lộc', 432),
(17110, 'Phường Quỳnh Thiện', 432),
(17113, 'Xã Quỳnh Lập', 432),
(17116, 'Xã Quỳnh Trang', 432),
(17119, 'Xã Quỳnh Tân', 421),
(17122, 'Xã Quỳnh Châu', 421),
(17125, 'Phường Mai Hùng', 432),
(17128, 'Phường Quỳnh Dị', 432),
(17131, 'Phường Quỳnh Xuân', 432),
(17134, 'Phường Quỳnh Phương', 432),
(17137, 'Xã Quỳnh Liên', 432),
(17140, 'Xã Tân Sơn', 421),
(17143, 'Xã Quỳnh Văn', 421),
(17146, 'Xã Ngọc Sơn', 421),
(17149, 'Xã Quỳnh Tam', 421),
(17152, 'Xã Quỳnh Hoa', 421),
(17155, 'Xã Quỳnh Thạch', 421),
(17158, 'Xã Quỳnh Bảng', 421),
(17161, 'Xã Quỳnh Mỹ', 421),
(17164, 'Xã Quỳnh Thanh', 421),
(17167, 'Xã Quỳnh Hậu', 421),
(17170, 'Xã Quỳnh Lâm', 421),
(17173, 'Xã Quỳnh Đôi', 421),
(17176, 'Xã Quỳnh Lương', 421),
(17179, 'Xã Quỳnh Hồng', 421),
(17182, 'Xã Quỳnh Yên', 421),
(17185, 'Xã Quỳnh Bá', 421),
(17188, 'Xã Quỳnh Minh', 421),
(17191, 'Xã Quỳnh Diện', 421),
(17194, 'Xã Quỳnh Hưng', 421),
(17197, 'Xã Quỳnh Giang', 421),
(17200, 'Xã Quỳnh Ngọc', 421),
(17203, 'Xã Quỳnh Nghĩa', 421),
(17206, 'Xã An Hòa', 421),
(17209, 'Xã Tiến Thủy', 421),
(17212, 'Xã Sơn Hải', 421),
(17215, 'Xã Quỳnh Thọ', 421),
(17218, 'Xã Quỳnh Thuận', 421),
(17221, 'Xã Quỳnh Long', 421),
(17224, 'Xã Tân Thắng', 421),
(17227, 'Thị trấn Con Cuông', 422),
(17230, 'Xã Bình Chuẩn', 422),
(17233, 'Xã Lạng Khê', 422),
(17236, 'Xã Cam Lâm', 422),
(17239, 'Xã Thạch Ngàn', 422),
(17242, 'Xã Đôn Phục', 422),
(17245, 'Xã Mậu Đức', 422),
(17248, 'Xã Châu Khê', 422),
(17251, 'Xã Chi Khê', 422),
(17254, 'Xã Bồng Khê', 422),
(17257, 'Xã Yên Khê', 422),
(17260, 'Xã Lục Dạ', 422),
(17263, 'Xã Môn Sơn', 422),
(17266, 'Thị trấn Tân Kỳ', 423),
(17269, 'Xã Tân Hợp', 423),
(17272, 'Xã Tân Phú', 423),
(17275, 'Xã Tân Xuân', 423),
(17278, 'Xã Giai Xuân', 423),
(17281, 'Xã Nghĩa Bình', 423),
(17284, 'Xã Nghĩa Đồng', 423),
(17287, 'Xã Đồng Văn', 423),
(17290, 'Xã Nghĩa Thái', 423),
(17293, 'Xã Nghĩa Hợp', 423),
(17296, 'Xã Nghĩa Hoàn', 423),
(17299, 'Xã Nghĩa Phúc', 423),
(17302, 'Xã Tiên Kỳ', 423),
(17305, 'Xã Tân An', 423),
(17308, 'Xã Nghĩa Dũng', 423),
(17311, 'Xã Tân Long', 423),
(17314, 'Xã Kỳ Sơn', 423),
(17317, 'Xã Hương Sơn', 423),
(17320, 'Xã Kỳ Tân', 423),
(17323, 'Xã Phú Sơn', 423),
(17325, 'Xã Tân Hương', 423),
(17326, 'Xã Nghĩa Hành', 423),
(17329, 'Thị trấn Anh Sơn', 424),
(17332, 'Xã Thọ Sơn', 424),
(17335, 'Xã Thành Sơn', 424),
(17338, 'Xã Bình Sơn', 424),
(17341, 'Xã Tam Sơn', 424),
(17344, 'Xã Đỉnh Sơn', 424),
(17347, 'Xã Hùng Sơn', 424),
(17350, 'Xã Cẩm Sơn', 424),
(17353, 'Xã Đức Sơn', 424),
(17356, 'Xã Tường Sơn', 424),
(17357, 'Xã Hoa Sơn', 424),
(17359, 'Xã Tào Sơn', 424),
(17362, 'Xã Vĩnh Sơn', 424),
(17365, 'Xã Lạng Sơn', 424),
(17368, 'Xã Hội Sơn', 424),
(17371, 'Xã Thạch Sơn', 424),
(17374, 'Xã Phúc Sơn', 424),
(17377, 'Xã Long Sơn', 424),
(17380, 'Xã Khai Sơn', 424),
(17383, 'Xã Lĩnh Sơn', 424),
(17386, 'Xã Cao Sơn', 424),
(17389, 'Thị trấn Diễn Châu', 425),
(17392, 'Xã Diễn Lâm', 425),
(17395, 'Xã Diễn Đoài', 425),
(17398, 'Xã Diễn Trường', 425),
(17401, 'Xã Diễn Yên', 425),
(17404, 'Xã Diễn Hoàng', 425),
(17407, 'Xã Diễn Hùng', 425),
(17410, 'Xã Diễn Mỹ', 425),
(17413, 'Xã Diễn Hồng', 425),
(17416, 'Xã Diễn Phong', 425),
(17419, 'Xã Diễn Hải', 425),
(17422, 'Xã Diễn Tháp', 425),
(17425, 'Xã Diễn Liên', 425),
(17428, 'Xã Diễn Vạn', 425),
(17431, 'Xã Diễn Kim', 425),
(17434, 'Xã Diễn Kỷ', 425),
(17437, 'Xã Diễn Xuân', 425),
(17440, 'Xã Diễn Thái', 425),
(17443, 'Xã Diễn Đồng', 425),
(17446, 'Xã Diễn Bích', 425),
(17449, 'Xã Diễn Hạnh', 425),
(17452, 'Xã Diễn Ngọc', 425),
(17455, 'Xã Diễn Quảng', 425),
(17458, 'Xã Diễn Nguyên', 425),
(17461, 'Xã Diễn Hoa', 425),
(17464, 'Xã Diễn Thành', 425),
(17467, 'Xã Diễn Phúc', 425),
(17470, 'Xã Diễn Minh', 425),
(17473, 'Xã Diễn Bình', 425),
(17476, 'Xã Diễn Cát', 425),
(17479, 'Xã Diễn Thịnh', 425),
(17482, 'Xã Diễn Tân', 425),
(17485, 'Xã Diễn Thắng', 425),
(17488, 'Xã Diễn Thọ', 425),
(17491, 'Xã Diễn Lợi', 425),
(17494, 'Xã Diễn Lộc', 425),
(17497, 'Xã Diễn Trung', 425),
(17500, 'Xã Diễn An', 425),
(17503, 'Xã Diễn Phú', 425),
(17506, 'Thị trấn Yên Thành', 426),
(17509, 'Xã Mã Thành', 426),
(17510, 'Xã Tiến Thành', 426),
(17512, 'Xã Lăng Thành', 426),
(17515, 'Xã Tân Thành', 426),
(17518, 'Xã Đức Thành', 426),
(17521, 'Xã Kim Thành', 426),
(17524, 'Xã Hậu Thành', 426),
(17525, 'Xã Hùng Thành', 426),
(17527, 'Xã Đô Thành', 426),
(17530, 'Xã Thọ Thành', 426),
(17533, 'Xã Quang Thành', 426),
(17536, 'Xã Tây Thành', 426),
(17539, 'Xã Phúc Thành', 426),
(17542, 'Xã Hồng Thành', 426),
(17545, 'Xã Đồng Thành', 426),
(17548, 'Xã Phú Thành', 426),
(17551, 'Xã Hoa Thành', 426),
(17554, 'Xã Tăng Thành', 426),
(17557, 'Xã Văn Thành', 426),
(17560, 'Xã Thịnh Thành', 426),
(17563, 'Xã Hợp Thành', 426),
(17566, 'Xã Xuân Thành', 426),
(17569, 'Xã Bắc Thành', 426),
(17572, 'Xã Nhân Thành', 426),
(17575, 'Xã Trung Thành', 426),
(17578, 'Xã Long Thành', 426),
(17581, 'Xã Minh Thành', 426),
(17584, 'Xã Nam Thành', 426),
(17587, 'Xã Vĩnh Thành', 426),
(17590, 'Xã Lý Thành', 426),
(17593, 'Xã Khánh Thành', 426),
(17596, 'Xã Viên Thành', 426),
(17599, 'Xã Đại Thành', 426),
(17602, 'Xã Liên Thành', 426),
(17605, 'Xã Bảo Thành', 426),
(17608, 'Xã Mỹ Thành', 426),
(17611, 'Xã Công Thành', 426),
(17614, 'Xã Sơn Thành', 426),
(17617, 'Thị trấn Đô Lương', 427),
(17619, 'Xã Giang Sơn Đông', 427),
(17620, 'Xã Giang Sơn Tây', 427),
(17623, 'Xã Lam Sơn', 427),
(17626, 'Xã Bồi Sơn', 427),
(17629, 'Xã Hồng Sơn', 427),
(17632, 'Xã Bài Sơn', 427),
(17635, 'Xã Ngọc Sơn', 427),
(17638, 'Xã Bắc Sơn', 427),
(17641, 'Xã Tràng Sơn', 427),
(17644, 'Xã Thượng Sơn', 427),
(17647, 'Xã Hòa Sơn', 427),
(17650, 'Xã Đặng Sơn', 427),
(17653, 'Xã Đông Sơn', 427),
(17656, 'Xã Nam Sơn', 427),
(17659, 'Xã Lưu Sơn', 427),
(17662, 'Xã Yên Sơn', 427),
(17665, 'Xã Văn Sơn', 427),
(17668, 'Xã Đà Sơn', 427),
(17671, 'Xã Lạc Sơn', 427),
(17674, 'Xã Tân Sơn', 427),
(17677, 'Xã Thái Sơn', 427),
(17680, 'Xã Quang Sơn', 427),
(17683, 'Xã Thịnh Sơn', 427),
(17686, 'Xã Trung Sơn', 427),
(17689, 'Xã Xuân Sơn', 427),
(17692, 'Xã Minh Sơn', 427),
(17695, 'Xã Thuận Sơn', 427),
(17698, 'Xã Nhân Sơn', 427),
(17701, 'Xã Hiến Sơn', 427),
(17704, 'Xã Mỹ Sơn', 427),
(17707, 'Xã Trù Sơn', 427),
(17710, 'Xã Đại Sơn', 427),
(17713, 'Thị trấn Thanh Chương', 428),
(17716, 'Xã Cát Văn', 428),
(17719, 'Xã Thanh Nho', 428),
(17722, 'Xã Hạnh Lâm', 428),
(17723, 'Xã Thanh Sơn', 428),
(17725, 'Xã Thanh Hòa', 428),
(17728, 'Xã Phong Thịnh', 428),
(17731, 'Xã Thanh Phong', 428),
(17734, 'Xã Thanh Mỹ', 428),
(17737, 'Xã Thanh Tiên', 428),
(17740, 'Xã Thanh Hưng', 428),
(17743, 'Xã Thanh Liên', 428),
(17746, 'Xã Thanh Tường', 428),
(17749, 'Xã Thanh Văn', 428),
(17752, 'Xã Thanh Đồng', 428),
(17755, 'Xã Thanh Ngọc', 428),
(17758, 'Xã Thanh Hương', 428),
(17759, 'Xã Ngọc Lâm', 428),
(17761, 'Xã Thanh Lĩnh', 428),
(17764, 'Xã Đồng Văn', 428),
(17767, 'Xã Ngọc Sơn', 428),
(17770, 'Xã Thanh Thịnh', 428),
(17773, 'Xã Thanh An', 428),
(17776, 'Xã Thanh Chi', 428),
(17779, 'Xã Xuân Tường', 428),
(17782, 'Xã Thanh Dương', 428),
(17785, 'Xã Thanh Lương', 428),
(17788, 'Xã Thanh Khê', 428),
(17791, 'Xã Võ Liệt', 428),
(17794, 'Xã Thanh Long', 428),
(17797, 'Xã Thanh Thủy', 428),
(17800, 'Xã Thanh Khai', 428),
(17803, 'Xã Thanh Yên', 428),
(17806, 'Xã Thanh Hà', 428),
(17809, 'Xã Thanh Giang', 428),
(17812, 'Xã Thanh Tùng', 428),
(17815, 'Xã Thanh Lâm', 428),
(17818, 'Xã Thanh Mai', 428),
(17821, 'Xã Thanh Xuân', 428),
(17824, 'Xã Thanh Đức', 428),
(17827, 'Thị trấn Quán Hành', 429),
(17830, 'Xã Nghi Văn', 429),
(17833, 'Xã Nghi Yên', 429),
(17836, 'Xã Nghi Tiến', 429),
(17839, 'Xã Nghi Hưng', 429),
(17842, 'Xã Nghi Đồng', 429),
(17845, 'Xã Nghi Thiết', 429),
(17848, 'Xã Nghi Lâm', 429),
(17851, 'Xã Nghi Quang', 429),
(17854, 'Xã Nghi Kiều', 429),
(17857, 'Xã Nghi Mỹ', 429),
(17860, 'Xã Nghi Phương', 429),
(17863, 'Xã Nghi Thuận', 429),
(17866, 'Xã Nghi Long', 429),
(17869, 'Xã Nghi Xá', 429),
(17872, 'Xã Nghi Hợp', 429),
(17875, 'Xã Nghi Hoa', 429),
(17878, 'Xã Nghi Khánh', 429),
(17881, 'Xã Nghi Thịnh', 429),
(17884, 'Xã Nghi Công Bắc', 429),
(17887, 'Xã Nghi Công Nam', 429),
(17890, 'Xã Nghi Thạch', 429),
(17893, 'Xã Nghi Trung', 429),
(17896, 'Xã Nghi Trường', 429),
(17899, 'Xã Nghi Diên', 429),
(17902, 'Xã Nghi Phong', 429),
(17905, 'Xã Nghi Xuân', 429),
(17908, 'Xã Nghi Liên', 412),
(17911, 'Xã Nghi Vạn', 429),
(17914, 'Xã Nghi Ân', 412),
(17917, 'Xã Phúc Thọ', 429),
(17920, 'Xã Nghi Kim', 412),
(17923, 'Xã Nghi Đức', 412),
(17926, 'Xã Nghi Thái', 429),
(17929, 'Thị trấn Nam Đàn', 430),
(17932, 'Xã Nam Hưng', 430),
(17935, 'Xã Nam Nghĩa', 430),
(17938, 'Xã Nam Thanh', 430),
(17941, 'Xã Nam Anh', 430),
(17944, 'Xã Nam Xuân', 430),
(17947, 'Xã Nam Thái', 430),
(17950, 'Xã Vân Diên', 430),
(17953, 'Xã Nam Lĩnh', 430),
(17956, 'Xã Nam Giang', 430),
(17959, 'Xã Xuân Hòa', 430),
(17962, 'Xã Hùng Tiến', 430),
(17965, 'Xã Nam Thượng', 430),
(17968, 'Xã Nam Tân', 430),
(17971, 'Xã Kim Liên', 430),
(17974, 'Xã Nam Lộc', 430),
(17977, 'Xã Hồng Long', 430),
(17980, 'Xã Xuân Lâm', 430),
(17983, 'Xã Nam Cát', 430),
(17986, 'Xã Khánh Sơn', 430),
(17989, 'Xã Nam Phúc', 430),
(17992, 'Xã Nam Cường', 430),
(17995, 'Xã Nam Trung', 430),
(17998, 'Xã Nam Kim', 430),
(18001, 'Thị trấn Hưng Nguyên', 431),
(18004, 'Xã Hưng Trung', 431),
(18007, 'Xã Hưng Yên', 431),
(18008, 'Xã Hưng Yên Bắc', 431),
(18010, 'Xã Hưng Tây', 431),
(18013, 'Xã Hưng Chính', 412),
(18016, 'Xã Hưng Đạo', 431),
(18019, 'Xã Hưng Mỹ', 431),
(18022, 'Xã Hưng Thịnh', 431),
(18025, 'Xã Hưng Lĩnh', 431),
(18028, 'Xã Hưng Thông', 431),
(18031, 'Xã Hưng Tân', 431),
(18034, 'Xã Hưng Lợi', 431),
(18037, 'Xã Hưng Thắng', 431),
(18040, 'Xã Hưng Phúc', 431),
(18043, 'Xã Hưng Long', 431),
(18046, 'Xã Hưng Tiến', 431),
(18049, 'Xã Hưng Xá', 431),
(18052, 'Xã Hưng Châu', 431),
(18055, 'Xã Hưng Xuân', 431),
(18058, 'Xã Hưng Nhân', 431),
(18061, 'Xã Hưng Phú', 431),
(18064, 'Xã Hưng Khánh', 431),
(18067, 'Xã Hưng Lam', 431),
(18070, 'Phường Trần Phú', 436),
(18073, 'Phường Nam Hà', 436),
(18076, 'Phường Bắc Hà', 436),
(18077, 'Phường Nguyễn Du', 436),
(18079, 'Phường Tân Giang', 436),
(18082, 'Phường Đại Nài', 436),
(18085, 'Phường Hà Huy Tập', 436),
(18088, 'Xã Thạch Trung', 436),
(18091, 'Phường Thạch Quý', 436),
(18094, 'Phường Thạch Linh', 436),
(18097, 'Phường Văn Yên', 436),
(18100, 'Xã Thạch Hạ', 436),
(18103, 'Xã Thạch Môn', 436),
(18106, 'Xã Thạch Đồng', 436),
(18109, 'Xã Thạch Hưng', 436),
(18112, 'Xã Thạch Bình', 436),
(18115, 'Phường Bắc Hồng', 437),
(18118, 'Phường Nam Hồng', 437),
(18121, 'Phường Trung Lương', 437),
(18124, 'Phường Đức Thuận', 437),
(18127, 'Phường Đậu Liêu', 437),
(18130, 'Xã Thuận Lộc', 437),
(18133, 'Thị trấn Phố Châu', 439),
(18136, 'Thị trấn  Tây Sơn', 439),
(18139, 'Xã Sơn Hồng', 439),
(18142, 'Xã Sơn Tiến', 439),
(18145, 'Xã Sơn Lâm', 439),
(18148, 'Xã Sơn Lễ', 439),
(18151, 'Xã Sơn Thịnh', 439),
(18154, 'Xã Sơn An', 439),
(18157, 'Xã Sơn Giang', 439),
(18160, 'Xã Sơn Lĩnh', 439),
(18163, 'Xã Sơn Hòa', 439),
(18166, 'Xã Sơn Tân', 439),
(18169, 'Xã Sơn Mỹ', 439),
(18172, 'Xã Sơn Tây', 439),
(18175, 'Xã Sơn Ninh', 439),
(18178, 'Xã Sơn Châu', 439),
(18181, 'Xã Sơn Hà', 439),
(18184, 'Xã Sơn Quang', 439),
(18187, 'Xã Sơn Trung', 439),
(18190, 'Xã Sơn Bằng', 439),
(18193, 'Xã Sơn Bình', 439),
(18196, 'Xã Sơn Kim 1', 439),
(18199, 'Xã Sơn Kim 2', 439),
(18202, 'Xã Sơn Trà', 439),
(18205, 'Xã Sơn Long', 439),
(18208, 'Xã Sơn Diệm', 439),
(18211, 'Xã Sơn Thủy', 439),
(18214, 'Xã Sơn Hàm', 439),
(18217, 'Xã Sơn Phú', 439),
(18220, 'Xã Sơn Phúc', 439),
(18223, 'Xã Sơn Trường', 439),
(18226, 'Xã Sơn Mai', 439),
(18229, 'Thị trấn Đức Thọ', 440),
(18232, 'Xã Đức Quang', 440),
(18235, 'Xã Đức Vĩnh', 440),
(18238, 'Xã Đức Châu', 440),
(18241, 'Xã Đức Tùng', 440),
(18244, 'Xã Trường Sơn', 440),
(18247, 'Xã Liên Minh', 440),
(18250, 'Xã Đức La', 440),
(18253, 'Xã Yên Hồ', 440),
(18256, 'Xã Đức Nhân', 440),
(18259, 'Xã Tùng Ảnh', 440),
(18262, 'Xã Bùi Xá', 440),
(18265, 'Xã Đức Thịnh', 440),
(18268, 'Xã Đức Yên', 440),
(18271, 'Xã Đức Thủy', 440),
(18274, 'Xã Thái Yên', 440),
(18277, 'Xã Trung Lễ', 440),
(18280, 'Xã Đức Hòa', 440),
(18283, 'Xã Đức Long', 440),
(18286, 'Xã Đức Lâm', 440),
(18289, 'Xã Đức Thanh', 440),
(18292, 'Xã Đức Dũng', 440),
(18295, 'Xã Đức Lập', 440),
(18298, 'Xã Đức An', 440),
(18301, 'Xã Đức Lạc', 440),
(18304, 'Xã Đức Đồng', 440),
(18307, 'Xã Đức Lạng', 440),
(18310, 'Xã Tân Hương', 440),
(18313, 'Thị trấn Vũ Quang', 441),
(18316, 'Xã Ân Phú', 441),
(18319, 'Xã Đức Giang', 441),
(18322, 'Xã Đức Lĩnh', 441),
(18325, 'Xã Sơn Thọ', 441),
(18328, 'Xã Đức Hương', 441),
(18331, 'Xã Đức Bồng', 441),
(18334, 'Xã Đức Liên', 441),
(18337, 'Xã Hương Điền', 441),
(18340, 'Xã Hương Minh', 441),
(18343, 'Xã Hương Thọ', 441),
(18346, 'Xã Hương Quang', 441),
(18349, 'Thị trấn Nghi Xuân', 442),
(18352, 'Thị trấn Xuân An', 442),
(18355, 'Xã Xuân Hội', 442),
(18358, 'Xã Xuân Trường', 442),
(18361, 'Xã Xuân Đan', 442),
(18364, 'Xã Xuân Phổ', 442),
(18367, 'Xã Xuân Hải', 442),
(18370, 'Xã Xuân Giang', 442),
(18373, 'Xã Tiên Điền', 442),
(18376, 'Xã Xuân Yên', 442),
(18379, 'Xã Xuân Mỹ', 442),
(18382, 'Xã Xuân Thành', 442),
(18385, 'Xã Xuân Viên', 442),
(18388, 'Xã Xuân Hồng', 442),
(18391, 'Xã Cỗ Đạm', 442),
(18394, 'Xã Xuân Liên', 442),
(18397, 'Xã Xuân Lĩnh', 442),
(18400, 'Xã Xuân Lam', 442),
(18403, 'Xã Cương Gián', 442),
(18406, 'Thị trấn Nghèn', 443),
(18409, 'Xã Tân Lộc', 448),
(18412, 'Xã Hồng Lộc', 448),
(18415, 'Xã Thiên Lộc', 443),
(18418, 'Xã Thuần Thiện', 443),
(18421, 'Xã Thịnh Lộc', 448),
(18424, 'Xã Kim Lộc', 443),
(18427, 'Xã Vượng Lộc', 443),
(18430, 'Xã An Lộc', 448),
(18433, 'Xã Thanh Lộc', 443),
(18436, 'Xã Song Lộc', 443),
(18439, 'Xã Thường Nga', 443),
(18442, 'Xã Trường Lộc', 443),
(18445, 'Xã Tùng Lộc', 443),
(18448, 'Xã Bình Lộc', 448),
(18451, 'Xã Yên Lộc', 443),
(18454, 'Xã Phú Lộc', 443),
(18457, 'Xã Ích Hậu', 448),
(18460, 'Xã Khánh Lộc', 443),
(18463, 'Xã Gia Hanh', 443),
(18466, 'Xã Vĩnh Lộc', 443),
(18469, 'Xã Tiến Lộc', 443),
(18472, 'Xã Trung Lộc', 443),
(18475, 'Xã Xuân Lộc', 443),
(18478, 'Xã Thượng Lộc', 443),
(18481, 'Xã Quang Lộc', 443),
(18484, 'Xã Đồng Lộc', 443),
(18487, 'Xã Mỹ Lộc', 443),
(18490, 'Xã Sơn Lộc', 443),
(18493, 'Xã Phù Lưu', 448),
(18496, 'Thị trấn Hương Khê', 444),
(18499, 'Xã Phương Mỹ', 444),
(18502, 'Xã Hà Linh', 444),
(18505, 'Xã Hương Thủy', 444),
(18508, 'Xã Hòa Hải', 444),
(18511, 'Xã Phương Điền', 444),
(18514, 'Xã Phúc Đồng', 444),
(18517, 'Xã Hương Giang', 444),
(18520, 'Xã Lộc Yên', 444),
(18523, 'Xã Hương Bình', 444),
(18526, 'Xã Hương Long', 444),
(18529, 'Xã Phú Gia', 444),
(18532, 'Xã Gia Phố', 444),
(18535, 'Xã Phú Phong', 444),
(18538, 'Xã Hương Đô', 444),
(18541, 'Xã Hương Vĩnh', 444),
(18544, 'Xã Hương Xuân', 444),
(18547, 'Xã Phúc Trạch', 444),
(18550, 'Xã Hương Trà', 444),
(18553, 'Xã Hương Trạch', 444),
(18556, 'Xã Hương Lâm', 444),
(18559, 'Xã Hương Liên', 444),
(18562, 'Thị trấn Thạch Hà', 445),
(18565, 'Xã Ngọc Sơn', 445),
(18568, 'Xã Thạch Bằng', 448),
(18571, 'Xã Thạch Hải', 445),
(18574, 'Xã Thạch Bàn', 445),
(18577, 'Xã Thạch Mỹ', 448),
(18580, 'Xã Thạch Kim', 448),
(18583, 'Xã Thạch Châu', 448),
(18586, 'Xã Thạch Kênh', 445),
(18589, 'Xã Thạch Sơn', 445),
(18592, 'Xã Thạch Liên', 445),
(18595, 'Xã Thạch Đỉnh', 445),
(18598, 'Xã Hộ Độ', 448),
(18601, 'Xã Phù Việt', 445),
(18604, 'Xã Thạch Khê', 445),
(18607, 'Xã Thạch Long', 445),
(18610, 'Xã Việt Xuyên', 445),
(18613, 'Xã Thạch Tiến', 445),
(18616, 'Xã Thạch Thanh', 445),
(18619, 'Xã Thạch Trị', 445),
(18622, 'Xã Thạch Lạc', 445),
(18625, 'Xã Thạch Ngọc', 445),
(18628, 'Xã Tượng Sơn', 445),
(18631, 'Xã Thạch Văn', 445),
(18634, 'Xã Thạch Vĩnh', 445),
(18637, 'Xã Thạch Thắng', 445),
(18640, 'Xã Thạch Lưu', 445),
(18643, 'Xã Thạch Đài', 445),
(18646, 'Xã Bắc Sơn', 445),
(18649, 'Xã Thạch Hội', 445),
(18652, 'Xã Thạch Tân', 445),
(18655, 'Xã Thạch Lâm', 445),
(18658, 'Xã Thạch Xuân', 445),
(18661, 'Xã Thạch Hương', 445),
(18664, 'Xã Nam Hương', 445),
(18667, 'Xã Thạch Điền', 445),
(18670, 'Xã Mai Phụ', 448),
(18673, 'Thị trấn Cẩm Xuyên', 446),
(18676, 'Thị trấn Thiên Cầm', 446),
(18679, 'Xã Cẩm Hòa', 446),
(18682, 'Xã Cẩm Dương', 446),
(18685, 'Xã Cẩm Bình', 446),
(18688, 'Xã Cẩm Yên', 446),
(18691, 'Xã Cẩm Vĩnh', 446),
(18694, 'Xã Cẩm Thành', 446),
(18697, 'Xã Cẩm Quang', 446),
(18700, 'Xã Cẩm Nam', 446),
(18703, 'Xã Cẩm Huy', 446),
(18706, 'Xã Cẩm Thạch', 446),
(18709, 'Xã Cẩm Nhượng', 446),
(18712, 'Xã Cẩm Thăng', 446),
(18715, 'Xã Cẩm Duệ', 446),
(18718, 'Xã Cẩm Phúc', 446),
(18721, 'Xã Cẩm Lĩnh', 446),
(18724, 'Xã Cẩm Quan', 446),
(18727, 'Xã Cẩm Hà', 446),
(18730, 'Xã Cẩm Lộc', 446),
(18733, 'Xã Cẩm Hưng', 446),
(18736, 'Xã Cẩm Thịnh', 446),
(18739, 'Xã Cẩm Mỹ', 446),
(18742, 'Xã Cẩm Trung', 446),
(18745, 'Xã Cẩm Sơn', 446),
(18748, 'Xã Cẩm Lạc', 446),
(18751, 'Xã Cẩm Minh', 446),
(18754, 'Phường Sông Trí', 449),
(18757, 'Xã Kỳ Xuân', 447),
(18760, 'Xã Kỳ Bắc', 447),
(18763, 'Xã Kỳ Phú', 447),
(18766, 'Xã Kỳ Phong', 447),
(18769, 'Xã Kỳ Tiến', 447),
(18772, 'Xã Kỳ Giang', 447),
(18775, 'Xã Kỳ Đồng', 447),
(18778, 'Xã Kỳ Khang', 447),
(18781, 'Xã Kỳ Ninh', 449),
(18784, 'Xã Kỳ Văn', 447),
(18787, 'Xã Kỳ Trung', 447),
(18790, 'Xã Kỳ Thọ', 447),
(18793, 'Xã Kỳ Tây', 447),
(18796, 'Xã Kỳ Lợi', 449),
(18799, 'Xã Kỳ Thượng', 447),
(18802, 'Xã Kỳ Hải', 447),
(18805, 'Xã Kỳ Thư', 447),
(18808, 'Xã Kỳ Hà', 449),
(18811, 'Xã Kỳ Châu', 447),
(18814, 'Xã Kỳ Tân', 447),
(18817, 'Xã Kỳ Hưng', 449),
(18820, 'Phường Kỳ Trinh', 449),
(18823, 'Phường Kỳ Thịnh', 449),
(18826, 'Xã Kỳ Hợp', 447),
(18829, 'Xã Kỳ Hoa', 449),
(18832, 'Phường Kỳ Phương', 449),
(18835, 'Phường Kỳ Long', 449),
(18838, 'Xã Kỳ Lâm', 447),
(18841, 'Phường Kỳ Liên', 449),
(18844, 'Xã Kỳ Sơn', 447),
(18847, 'Xã Kỳ Nam', 449),
(18850, 'Xã Kỳ Lạc', 447),
(18853, 'Phường Hải Thành', 450),
(18856, 'Phường Đồng Phú', 450),
(18859, 'Phường Bắc Lý', 450),
(18862, 'Phường Đồng Mỹ', 450),
(18865, 'Phường Nam Lý', 450),
(18868, 'Phường Hải Đình', 450),
(18871, 'Phường Đồng Sơn', 450),
(18874, 'Phường Phú Hải', 450),
(18877, 'Phường Bắc Nghĩa', 450),
(18880, 'Phường Đức Ninh Đông', 450),
(18883, 'Xã Quang Phú', 450),
(18886, 'Xã Lộc Ninh', 450),
(18889, 'Xã Bảo Ninh', 450),
(18892, 'Xã Nghĩa Ninh', 450),
(18895, 'Xã Thuận Đức', 450),
(18898, 'Xã Đức Ninh', 450),
(18901, 'Thị trấn Quy Đạt', 452),
(18904, 'Xã Dân Hóa', 452),
(18907, 'Xã Trọng Hóa', 452),
(18910, 'Xã Hóa Phúc', 452),
(18913, 'Xã Hồng Hóa', 452),
(18916, 'Xã Hóa Thanh', 452),
(18919, 'Xã Hóa Tiến', 452),
(18922, 'Xã Hóa Hợp', 452),
(18925, 'Xã Xuân Hóa', 452),
(18928, 'Xã Yên Hóa', 452),
(18931, 'Xã Minh Hóa', 452),
(18934, 'Xã Tân Hóa', 452),
(18937, 'Xã Hóa Sơn', 452),
(18940, 'Xã Quy Hóa', 452),
(18943, 'Xã Trung Hóa', 452),
(18946, 'Xã Thượng Hóa', 452),
(18949, 'Thị trấn Đồng Lê', 453),
(18952, 'Xã Hương Hóa', 453),
(18955, 'Xã Kim Hóa', 453),
(18958, 'Xã Thanh Hóa', 453),
(18961, 'Xã Thanh Thạch', 453),
(18964, 'Xã Thuận Hóa', 453),
(18967, 'Xã Lâm Hóa', 453),
(18970, 'Xã Lê Hóa', 453),
(18973, 'Xã Sơn Hóa', 453),
(18976, 'Xã Đồng Hóa', 453),
(18979, 'Xã Ngư Hóa', 453),
(18982, 'Xã Nam Hóa', 453),
(18985, 'Xã Thạch Hóa', 453),
(18988, 'Xã Đức Hóa', 453),
(18991, 'Xã Phong Hóa', 453),
(18994, 'Xã Mai Hóa', 453),
(18997, 'Xã Tiến Hóa', 453),
(19000, 'Xã Châu Hóa', 453),
(19003, 'Xã Cao Quảng', 453),
(19006, 'Xã Văn Hóa', 453),
(19009, 'Phường Ba Đồn', 458),
(19012, 'Xã Quảng Hợp', 454),
(19015, 'Xã Quảng Kim', 454),
(19018, 'Xã Quảng Đông', 454),
(19021, 'Xã Quảng Phú', 454),
(19024, 'Xã Quảng Châu', 454),
(19027, 'Xã Quảng Thạch', 454),
(19030, 'Xã Quảng Lưu', 454),
(19033, 'Xã Quảng Tùng', 454),
(19036, 'Xã Cảnh Dương', 454),
(19039, 'Xã Quảng Tiến', 454),
(19042, 'Xã Quảng Hưng', 454),
(19045, 'Xã Quảng Xuân', 454),
(19048, 'Xã Cảnh Hóa', 454),
(19051, 'Xã Quảng Liên', 454),
(19054, 'Xã Quảng Trường', 454),
(19057, 'Xã Quảng Phương', 454),
(19060, 'Phường Quảng Long', 458),
(19063, 'Xã Phù Hóa', 454),
(19066, 'Phường Quảng Thọ', 458),
(19069, 'Xã Quảng Tiên', 458),
(19072, 'Xã Quảng Thanh', 454),
(19075, 'Xã Quảng Trung', 458),
(19078, 'Phường Quảng Phong', 458),
(19081, 'Phường Quảng Thuận', 458),
(19084, 'Xã Quảng Tân', 458),
(19087, 'Xã Quảng Hải', 458),
(19090, 'Xã Quảng Sơn', 458),
(19093, 'Xã Quảng Lộc', 458),
(19096, 'Xã Quảng Thủy', 458),
(19099, 'Xã Quảng Văn', 458),
(19102, 'Phường Quảng Phúc', 458),
(19105, 'Xã Quảng Hòa', 458),
(19108, 'Xã Quảng Minh', 458),
(19111, 'Thị trấn Hoàn Lão', 455),
(19114, 'Thị trấn NT Việt Trung', 455),
(19117, 'Xã Xuân Trạch', 455),
(19120, 'Xã Mỹ Trạch', 455),
(19123, 'Xã Hạ Trạch', 455),
(19126, 'Xã Bắc Trạch', 455),
(19129, 'Xã Lâm Trạch', 455),
(19132, 'Xã Thanh Trạch', 455),
(19135, 'Xã Liên Trạch', 455),
(19138, 'Xã Phúc Trạch', 455),
(19141, 'Xã Cự Nẫm', 455),
(19144, 'Xã Hải Trạch', 455),
(19147, 'Xã Thượng Trạch', 455),
(19150, 'Xã Sơn Lộc', 455),
(19153, 'Xã Phú Trạch', 455),
(19156, 'Xã Hưng Trạch', 455),
(19159, 'Xã Đồng Trạch', 455),
(19162, 'Xã Đức Trạch', 455),
(19165, 'Xã Sơn Trạch', 455),
(19168, 'Xã Vạn Trạch', 455),
(19171, 'Xã Hoàn Trạch', 455),
(19174, 'Xã Phú Định', 455),
(19177, 'Xã Trung Trạch', 455),
(19180, 'Xã Tây Trạch', 455),
(19183, 'Xã Hòa Trạch', 455),
(19186, 'Xã Đại Trạch', 455),
(19189, 'Xã Nhân Trạch', 455),
(19192, 'Xã Tân Trạch', 455),
(19195, 'Xã Nam Trạch', 455),
(19198, 'Xã Lý Trạch', 455),
(19201, 'Thị trấn Quán Hàu', 456),
(19204, 'Xã Trường Sơn', 456),
(19207, 'Xã Lương Ninh', 456),
(19210, 'Xã Vĩnh Ninh', 456),
(19213, 'Xã Võ Ninh', 456),
(19216, 'Xã Hải Ninh', 456),
(19219, 'Xã Hàm Ninh', 456),
(19222, 'Xã Duy Ninh', 456),
(19225, 'Xã Gia Ninh', 456),
(19228, 'Xã Trường Xuân', 456),
(19231, 'Xã Hiền Ninh', 456),
(19234, 'Xã Tân Ninh', 456),
(19237, 'Xã Xuân Ninh', 456),
(19240, 'Xã An Ninh', 456),
(19243, 'Xã Vạn Ninh', 456),
(19246, 'Thị trấn NT Lệ Ninh', 457),
(19249, 'Thị trấn Kiến Giang', 457),
(19252, 'Xã Hồng Thủy', 457),
(19255, 'Xã Ngư Thủy Bắc', 457),
(19258, 'Xã Hoa Thủy', 457),
(19261, 'Xã Thanh Thủy', 457),
(19264, 'Xã An Thủy', 457),
(19267, 'Xã Phong Thủy', 457),
(19270, 'Xã Cam Thủy', 457),
(19273, 'Xã Ngân Thủy', 457),
(19276, 'Xã Sơn Thủy', 457),
(19279, 'Xã Lộc Thủy', 457),
(19282, 'Xã Ngư Thủy Trung', 457),
(19285, 'Xã Liên Thủy', 457),
(19288, 'Xã Hưng Thủy', 457),
(19291, 'Xã Dương Thủy', 457),
(19294, 'Xã Tân Thủy', 457),
(19297, 'Xã Phú Thủy', 457),
(19300, 'Xã Xuân Thủy', 457),
(19303, 'Xã Mỹ Thủy', 457),
(19306, 'Xã Ngư Thủy Nam', 457),
(19309, 'Xã Mai Thủy', 457),
(19312, 'Xã Sen Thủy', 457),
(19315, 'Xã Thái Thủy', 457),
(19318, 'Xã Kim Thủy', 457),
(19321, 'Xã Trường Thủy', 457),
(19324, 'Xã Văn Thủy', 457),
(19327, 'Xã Lâm Thủy', 457),
(19330, 'Phường Đông Giang', 461),
(19333, 'Phường 1', 461),
(19336, 'Phường Đông Lễ', 461),
(19339, 'Phường Đông Thanh', 461),
(19342, 'Phường 2', 461),
(19345, 'Phường 4', 461),
(19348, 'Phường 5', 461),
(19351, 'Phường Đông Lương', 461),
(19354, 'Phường 3', 461),
(19357, 'Phường 1', 462),
(19358, 'Phường An Đôn', 462),
(19360, 'Phường 2', 462),
(19361, 'Phường 3', 462),
(19363, 'Thị trấn Hồ Xá', 464),
(19366, 'Thị trấn Bến Quan', 464),
(19369, 'Xã Vĩnh Thái', 464),
(19372, 'Xã Vĩnh Tú', 464),
(19375, 'Xã Vĩnh Chấp', 464),
(19378, 'Xã Vĩnh Trung', 464),
(19381, 'Xã Vĩnh Kim', 464),
(19384, 'Xã Vĩnh Thạch', 464),
(19387, 'Xã Vĩnh Long', 464),
(19390, 'Xã Vĩnh Nam', 464),
(19393, 'Xã Vĩnh Khê', 464),
(19396, 'Xã Vĩnh Hòa', 464),
(19399, 'Xã Vĩnh Hiền', 464),
(19402, 'Xã Vĩnh Thủy', 464),
(19405, 'Xã Vĩnh Lâm', 464),
(19408, 'Xã Vĩnh Thành', 464),
(19411, 'Xã Vĩnh Tân', 464),
(19414, 'Thị trấn Cửa Tùng', 464),
(19417, 'Xã Vĩnh Hà', 464),
(19420, 'Xã Vĩnh Sơn', 464),
(19423, 'Xã Vĩnh Giang', 464),
(19426, 'Xã Vĩnh Ô', 464),
(19429, 'Thị trấn Khe Sanh', 465),
(19432, 'Thị trấn Lao Bảo', 465),
(19435, 'Xã Hướng Lập', 465),
(19438, 'Xã Hướng Việt', 465),
(19441, 'Xã Hướng Phùng', 465),
(19444, 'Xã Hướng Sơn', 465),
(19447, 'Xã Hướng Linh', 465),
(19450, 'Xã Tân Hợp', 465),
(19453, 'Xã Hướng Tân', 465),
(19456, 'Xã Tân Thành', 465),
(19459, 'Xã Tân Long', 465),
(19462, 'Xã Tân Lập', 465),
(19465, 'Xã Tân Liên', 465),
(19468, 'Xã Húc', 465),
(19471, 'Xã Thuận', 465),
(19474, 'Xã Hướng Lộc', 465),
(19477, 'Xã Ba Tầng', 465),
(19480, 'Xã Thanh', 465),
(19483, 'Xã  A Dơi', 465),
(19486, 'Xã A Xing', 465),
(19489, 'Xã A Túc', 465),
(19492, 'Xã Xy', 465),
(19495, 'Thị trấn Gio Linh', 466),
(19496, 'Thị trấn Cửa Việt', 466),
(19498, 'Xã Trung Giang', 466),
(19501, 'Xã Trung Hải', 466),
(19504, 'Xã Trung Sơn', 466),
(19507, 'Xã Gio Phong', 466),
(19510, 'Xã Gio Mỹ', 466),
(19513, 'Xã Vĩnh Trường', 466),
(19516, 'Xã Gio Bình', 466),
(19519, 'Xã Gio Hải', 466),
(19522, 'Xã Gio An', 466),
(19525, 'Xã Gio Châu', 466),
(19528, 'Xã Gio Thành', 466),
(19531, 'Xã Gio Việt', 466),
(19534, 'Xã Linh Thượng', 466),
(19537, 'Xã Gio Sơn', 466),
(19540, 'Xã Gio Hòa', 466),
(19543, 'Xã Gio Mai', 466),
(19546, 'Xã Hải Thái', 466),
(19549, 'Xã Linh Hải', 466),
(19552, 'Xã Gio Quang', 466),
(19555, 'Thị trấn Krông Klang', 467),
(19558, 'Xã Mò Ó', 467),
(19561, 'Xã Hướng Hiệp', 467),
(19564, 'Xã Đa Krông', 467),
(19567, 'Xã Triệu Nguyên', 467),
(19570, 'Xã Ba Lòng', 467),
(19573, 'Xã Hải Phúc', 467),
(19576, 'Xã Ba Nang', 467),
(19579, 'Xã Tà Long', 467),
(19582, 'Xã Húc Nghì', 467),
(19585, 'Xã A Vao', 467),
(19588, 'Xã Tà Rụt', 467),
(19591, 'Xã A Bung', 467),
(19594, 'Xã A Ngo', 467),
(19597, 'Thị trấn Cam Lộ', 468),
(19600, 'Xã Cam Tuyền', 468),
(19603, 'Xã Cam An', 468),
(19606, 'Xã Cam Thủy', 468),
(19609, 'Xã Cam Thanh', 468),
(19612, 'Xã Cam Thành', 468),
(19615, 'Xã Cam Hiếu', 468),
(19618, 'Xã Cam Chính', 468),
(19621, 'Xã Cam Nghĩa', 468),
(19624, 'Thị Trấn Ái Tử', 469),
(19627, 'Xã Triệu An', 469),
(19630, 'Xã Triệu Vân', 469),
(19633, 'Xã Triệu Phước', 469),
(19636, 'Xã Triệu Độ', 469),
(19639, 'Xã Triệu Trạch', 469),
(19642, 'Xã Triệu Thuận', 469),
(19645, 'Xã Triệu Đại', 469),
(19648, 'Xã Triệu Hòa', 469),
(19651, 'Xã Triệu Lăng', 469),
(19654, 'Xã Triệu Sơn', 469),
(19657, 'Xã Triệu Long', 469),
(19660, 'Xã Triệu Tài', 469),
(19663, 'Xã Triệu Đông', 469),
(19666, 'Xã Triệu Trung', 469),
(19669, 'Xã Triệu Ái', 469),
(19672, 'Xã Triệu Thượng', 469),
(19675, 'Xã Triệu Giang', 469),
(19678, 'Xã Triệu Thành', 469),
(19681, 'Thị trấn Hải Lăng', 470),
(19684, 'Xã Hải An', 470),
(19687, 'Xã Hải Ba', 470),
(19690, 'Xã Hải Xuân', 470),
(19693, 'Xã Hải Quy', 470),
(19696, 'Xã Hải Quế', 470),
(19699, 'Xã Hải Vĩnh', 470),
(19702, 'Xã Hải Phú', 470),
(19705, 'Xã Hải Lệ', 462),
(19708, 'Xã Hải Thượng', 470),
(19711, 'Xã Hải Dương', 470),
(19714, 'Xã Hải Thiện', 470),
(19717, 'Xã Hải Lâm', 470),
(19720, 'Xã Hải Thành', 470),
(19723, 'Xã Hải Hòa', 470),
(19726, 'Xã Hải Tân', 470),
(19729, 'Xã Hải Trường', 470),
(19732, 'Xã Hải Thọ', 470),
(19735, 'Xã Hải Sơn', 470),
(19738, 'Xã Hải Chánh', 470),
(19741, 'Xã Hải Khê', 470),
(19744, 'Phường Phú Thuận', 474),
(19747, 'Phường Phú Bình', 474),
(19750, 'Phường Tây Lộc', 474),
(19753, 'Phường Thuận Lộc', 474),
(19756, 'Phường Phú Hiệp', 474),
(19759, 'Phường Phú Hậu', 474),
(19762, 'Phường Thuận Hòa', 474),
(19765, 'Phường Thuận Thành', 474),
(19768, 'Phường Phú Hòa', 474),
(19771, 'Phường Phú Cát', 474),
(19774, 'Phường Kim Long', 474),
(19777, 'Phường Vĩ Dạ', 474),
(19780, 'Phường Phường Đúc', 474),
(19783, 'Phường Vĩnh Ninh', 474),
(19786, 'Phường Phú Hội', 474),
(19789, 'Phường Phú Nhuận', 474),
(19792, 'Phường Xuân Phú', 474),
(19795, 'Phường Trường An', 474),
(19798, 'Phường Phước Vĩnh', 474),
(19801, 'Phường An Cựu', 474),
(19803, 'Phường An Hòa', 474),
(19804, 'Phường Hương Sơ', 474),
(19807, 'Phường Thuỷ Biều', 474),
(19810, 'Phường Hương Long', 474),
(19813, 'Phường Thuỷ Xuân', 474),
(19815, 'Phường An Đông', 474),
(19816, 'Phường An Tây', 474),
(19819, 'Thị trấn Phong Điền', 476),
(19822, 'Xã Điền Hương', 476),
(19825, 'Xã Điền Môn', 476),
(19828, 'Xã Điền Lộc', 476),
(19831, 'Xã Phong Bình', 476),
(19834, 'Xã Điền Hòa', 476),
(19837, 'Xã Phong Chương', 476),
(19840, 'Xã Phong Hải', 476),
(19843, 'Xã Điền Hải', 476),
(19846, 'Xã Phong Hòa', 476),
(19849, 'Xã Phong Thu', 476),
(19852, 'Xã Phong Hiền', 476),
(19855, 'Xã Phong Mỹ', 476),
(19858, 'Xã Phong An', 476),
(19861, 'Xã Phong Xuân', 476),
(19864, 'Xã Phong Sơn', 476),
(19867, 'Thị trấn Sịa', 477),
(19870, 'Xã Quảng Thái', 477),
(19873, 'Xã Quảng Ngạn', 477),
(19876, 'Xã Quảng Lợi', 477),
(19879, 'Xã Quảng Công', 477),
(19882, 'Xã Quảng Phước', 477),
(19885, 'Xã Quảng Vinh', 477),
(19888, 'Xã Quảng An', 477),
(19891, 'Xã Quảng Thành', 477),
(19894, 'Xã Quảng Thọ', 477),
(19897, 'Xã Quảng Phú', 477),
(19900, 'Thị trấn Thuận An', 478),
(19903, 'Xã Phú Thuận', 478),
(19906, 'Xã Phú Dương', 478),
(19909, 'Xã Phú Mậu', 478),
(19912, 'Xã Phú An', 478),
(19915, 'Xã Phú Hải', 478),
(19918, 'Xã Phú Xuân', 478),
(19921, 'Xã Phú Diên', 478),
(19924, 'Xã Phú Thanh', 478),
(19927, 'Xã Phú Mỹ', 478),
(19930, 'Xã Phú Thượng', 478),
(19933, 'Xã Phú Hồ', 478),
(19936, 'Xã Vinh Xuân', 478),
(19939, 'Xã Phú Lương', 478),
(19942, 'Thị trấn Phú Đa', 478),
(19945, 'Xã Vinh Thanh', 478),
(19948, 'Xã Vinh An', 478),
(19951, 'Xã Vinh Phú', 478),
(19954, 'Xã Vinh Thái', 478),
(19957, 'Xã Vinh Hà', 478),
(19960, 'Phường Phú Bài', 479),
(19963, 'Xã Thủy Vân', 479),
(19966, 'Xã Thủy Thanh', 479),
(19969, 'Phường Thủy Dương', 479),
(19972, 'Phường Thủy Phương', 479),
(19975, 'Phường Thủy Châu', 479),
(19978, 'Phường Thủy Lương', 479),
(19981, 'Xã Thủy Bằng', 479),
(19984, 'Xã Thủy Tân', 479),
(19987, 'Xã Thủy Phù', 479),
(19990, 'Xã Phú Sơn', 479),
(19993, 'Xã Dương Hòa', 479),
(19996, 'Phường Tứ Hạ', 480),
(19999, 'Xã Hải Dương', 480),
(20002, 'Xã Hương Phong', 480),
(20005, 'Xã Hương Toàn', 480),
(20008, 'Phường Hương Vân', 480),
(20011, 'Phường Hương Văn', 480),
(20014, 'Xã Hương Vinh', 480),
(20017, 'Phường Hương Xuân', 480),
(20020, 'Phường Hương Chữ', 480),
(20023, 'Phường Hương An', 480),
(20026, 'Xã Hương Bình', 480),
(20029, 'Phường Hương Hồ', 480),
(20032, 'Xã Hương Thọ', 480),
(20035, 'Xã Bình Điền', 480),
(20038, 'Xã Hồng Tiến', 480),
(20041, 'Xã Bình Thành', 480),
(20044, 'Thị trấn A Lưới', 481),
(20047, 'Xã Hồng Vân', 481),
(20050, 'Xã Hồng Hạ', 481),
(20053, 'Xã Hồng Kim', 481),
(20056, 'Xã Hồng Trung', 481),
(20059, 'Xã Hương Nguyên', 481),
(20062, 'Xã Bắc Sơn', 481),
(20065, 'Xã Hồng Bắc', 481),
(20068, 'Xã A Ngo', 481),
(20071, 'Xã Sơn Thủy', 481),
(20074, 'Xã Phú Vinh', 481),
(20077, 'Xã Hồng Quảng', 481),
(20080, 'Xã Hương Phong', 481),
(20083, 'Xã Nhâm', 481),
(20086, 'Xã Hồng Thượng', 481),
(20089, 'Xã Hồng Thái', 481),
(20092, 'Xã Hương Lâm', 481),
(20095, 'Xã A Roằng', 481),
(20098, 'Xã Đông Sơn', 481),
(20101, 'Xã A Đớt', 481),
(20104, 'Xã Hồng Thủy', 481),
(20107, 'Thị trấn Phú Lộc', 482),
(20110, 'Thị trấn Lăng Cô', 482),
(20113, 'Xã Vinh Mỹ', 482),
(20116, 'Xã Vinh Hưng', 482),
(20119, 'Xã Vinh Hải', 482),
(20122, 'Xã Vinh Giang', 482),
(20125, 'Xã Vinh Hiền', 482),
(20128, 'Xã Lộc Bổn', 482),
(20131, 'Xã Lộc Sơn', 482),
(20134, 'Xã Lộc Bình', 482),
(20137, 'Xã Lộc Vĩnh', 482),
(20140, 'Xã Lộc An', 482),
(20143, 'Xã Lộc Điền', 482),
(20146, 'Xã Lộc Thủy', 482),
(20149, 'Xã Lộc Trì', 482),
(20152, 'Xã Lộc Tiến', 482),
(20155, 'Xã Lộc Hòa', 482),
(20158, 'Xã Xuân Lộc', 482),
(20161, 'Thị trấn Khe Tre', 483),
(20164, 'Xã Hương Phú', 483),
(20167, 'Xã Hương Sơn', 483),
(20170, 'Xã Hương Lộc', 483),
(20173, 'Xã Thượng Quảng', 483),
(20176, 'Xã Hương Hòa', 483),
(20179, 'Xã Hương Giang', 483),
(20182, 'Xã Hương Hữu', 483),
(20185, 'Xã Thượng Lộ', 483),
(20188, 'Xã Thượng Long', 483),
(20191, 'Xã Thượng Nhật', 483),
(20194, 'Phường Hòa Hiệp Bắc', 490),
(20195, 'Phường Hòa Hiệp Nam', 490),
(20197, 'Phường Hòa Khánh Bắc', 490),
(20198, 'Phường Hòa Khánh Nam', 490),
(20200, 'Phường Hòa Minh', 490),
(20203, 'Phường Tam Thuận', 491),
(20206, 'Phường Thanh Khê Tây', 491),
(20207, 'Phường Thanh Khê Đông', 491),
(20209, 'Phường Xuân Hà', 491),
(20212, 'Phường Tân Chính', 491),
(20215, 'Phường Chính Gián', 491),
(20218, 'Phường Vĩnh Trung', 491),
(20221, 'Phường Thạc Gián', 491),
(20224, 'Phường An Khê', 491),
(20225, 'Phường Hòa Khê', 491),
(20227, 'Phường Thanh Bình', 492),
(20230, 'Phường Thuận Phước', 492),
(20233, 'Phường Thạch Thang', 492),
(20236, 'Phường Hải Châu  I', 492),
(20239, 'Phường Hải Châu II', 492),
(20242, 'Phường Phước Ninh', 492),
(20245, 'Phường Hòa Thuận Tây', 492),
(20246, 'Phường Hòa Thuận Đông', 492),
(20248, 'Phường Nam Dương', 492),
(20251, 'Phường Bình Hiên', 492),
(20254, 'Phường Bình Thuận', 492),
(20257, 'Phường Hòa Cường Bắc', 492),
(20258, 'Phường Hòa Cường Nam', 492),
(20260, 'Phường Khuê Trung', 495),
(20263, 'Phường Thọ Quang', 493),
(20266, 'Phường Nại Hiên Đông', 493),
(20269, 'Phường Mân Thái', 493),
(20272, 'Phường An Hải Bắc', 493),
(20275, 'Phường Phước Mỹ', 493),
(20278, 'Phường An Hải Tây', 493),
(20281, 'Phường An Hải Đông', 493),
(20284, 'Phường Mỹ An', 494),
(20285, 'Phường Khuê Mỹ', 494),
(20287, 'Phường Hoà Quý', 494),
(20290, 'Phường Hoà Hải', 494),
(20293, 'Xã Hòa Bắc', 497),
(20296, 'Xã Hòa Liên', 497),
(20299, 'Xã Hòa Ninh', 497),
(20302, 'Xã Hòa Sơn', 497),
(20305, 'Phường Hòa Phát', 495),
(20306, 'Phường Hòa An', 495),
(20308, 'Xã Hòa Nhơn', 497),
(20311, 'Phường Hòa Thọ Tây', 495),
(20312, 'Phường Hòa Thọ Đông', 495),
(20314, 'Phường Hòa Xuân', 495),
(20317, 'Xã Hòa Phú', 497),
(20320, 'Xã Hòa Phong', 497),
(20323, 'Xã Hòa Châu', 497),
(20326, 'Xã Hòa Tiến', 497),
(20329, 'Xã Hòa Phước', 497),
(20332, 'Xã Hòa Khương', 497),
(20335, 'Phường Tân Thạnh', 502),
(20338, 'Phường Phước Hòa', 502),
(20341, 'Phường An Mỹ', 502),
(20344, 'Phường Hòa Hương', 502),
(20347, 'Phường An Xuân', 502),
(20350, 'Phường An Sơn', 502),
(20353, 'Phường Trường Xuân', 502),
(20356, 'Phường An Phú', 502),
(20359, 'Xã Tam Thanh', 502),
(20362, 'Xã Tam Thăng', 502),
(20364, 'Thị trấn Phú Thịnh', 518),
(20365, 'Xã Tam Thành', 518),
(20368, 'Xã Tam An', 518),
(20371, 'Xã Tam Phú', 502),
(20374, 'Xã Tam Đàn', 518),
(20375, 'Phường Hoà Thuận', 502),
(20377, 'Xã Tam Lộc', 518),
(20380, 'Xã Tam Phước', 518),
(20383, 'Xã Tam Vinh', 518),
(20386, 'Xã Tam Thái', 518),
(20387, 'Xã Tam Đại', 518),
(20389, 'Xã Tam Ngọc', 502),
(20392, 'Xã Tam Dân', 518),
(20395, 'Xã Tam Lãnh', 518),
(20398, 'Phường Minh An', 503),
(20401, 'Phường Tân An', 503),
(20404, 'Phường Cẩm Phô', 503),
(20407, 'Phường Thanh Hà', 503),
(20410, 'Phường Sơn Phong', 503),
(20413, 'Phường Cẩm Châu', 503),
(20416, 'Phường Cửa Đại', 503),
(20419, 'Phường Cẩm An', 503),
(20422, 'Xã Cẩm Hà', 503),
(20425, 'Xã Cẩm Kim', 503),
(20428, 'Phường Cẩm Nam', 503),
(20431, 'Xã Cẩm Thanh', 503),
(20434, 'Xã Tân Hiệp', 503),
(20437, 'Xã Ch\'ơm', 504),
(20440, 'Xã Ga Ri', 504),
(20443, 'Xã A Xan', 504),
(20446, 'Xã Tr\'Hy', 504),
(20449, 'Xã Lăng', 504),
(20452, 'Xã A Nông', 504),
(20455, 'Xã A Tiêng', 504),
(20458, 'Xã Bha Lê', 504),
(20461, 'Xã A Vương', 504),
(20464, 'Xã Dang', 504),
(20467, 'Thị trấn P Rao', 505),
(20470, 'Xã Tà Lu', 505),
(20473, 'Xã Sông Kôn', 505),
(20476, 'Xã Jơ Ngây', 505),
(20479, 'Xã A Ting', 505),
(20482, 'Xã  Tư', 505),
(20485, 'Xã Ba', 505),
(20488, 'Xã A Rooi', 505),
(20491, 'Xã Za Hung', 505),
(20494, 'Xã Mà Cooi', 505),
(20497, 'Xã Ka Dăng', 505),
(20500, 'Thị Trấn Ái Nghĩa', 506),
(20503, 'Xã Đại Sơn', 506),
(20506, 'Xã Đại Lãnh', 506),
(20509, 'Xã Đại Hưng', 506),
(20512, 'Xã Đại Hồng', 506),
(20515, 'Xã Đại Đồng', 506),
(20518, 'Xã Đại Quang', 506),
(20521, 'Xã Đại Nghĩa', 506),
(20524, 'Xã Đại Hiệp', 506),
(20527, 'Xã Đại Thạnh', 506),
(20530, 'Xã Đại Chánh', 506),
(20533, 'Xã Đại Tân', 506),
(20536, 'Xã Đại Phong', 506),
(20539, 'Xã Đại Minh', 506),
(20542, 'Xã Đại Thắng', 506),
(20545, 'Xã Đại Cường', 506),
(20547, 'Xã Đại An', 506),
(20548, 'Xã Đại Hòa', 506),
(20551, 'Phường Vĩnh Điện', 507),
(20554, 'Xã Điện Tiến', 507),
(20557, 'Xã Điện Hòa', 507),
(20560, 'Xã Điện Thắng Bắc', 507),
(20561, 'Xã Điện Thắng Trung', 507),
(20562, 'Xã Điện Thắng Nam', 507),
(20563, 'Phường Điện Ngọc', 507),
(20566, 'Xã Điện Hồng', 507),
(20569, 'Xã Điện Thọ', 507),
(20572, 'Xã Điện Phước', 507),
(20575, 'Phường Điện An', 507),
(20578, 'Phường Điện Nam Bắc', 507),
(20579, 'Phường Điện Nam Trung', 507),
(20580, 'Phường Điện Nam Đông', 507),
(20581, 'Phường Điện Dương', 507),
(20584, 'Xã Điện Quang', 507),
(20587, 'Xã Điện Trung', 507),
(20590, 'Xã Điện Phong', 507),
(20593, 'Xã Điện Minh', 507),
(20596, 'Xã Điện Phương', 507),
(20599, 'Thị trấn Nam Phước', 508),
(20602, 'Xã Duy Thu', 508),
(20605, 'Xã Duy Phú', 508),
(20608, 'Xã Duy Tân', 508),
(20611, 'Xã Duy Hòa', 508),
(20614, 'Xã Duy Châu', 508),
(20617, 'Xã Duy Trinh', 508),
(20620, 'Xã Duy Sơn', 508),
(20623, 'Xã Duy Trung', 508),
(20626, 'Xã Duy Phước', 508),
(20629, 'Xã Duy Thành', 508),
(20632, 'Xã Duy Vinh', 508),
(20635, 'Xã Duy Nghĩa', 508),
(20638, 'Xã Duy Hải', 508),
(20641, 'Thị trấn Đông Phú', 509),
(20644, 'Xã Quế Xuân 1', 509),
(20647, 'Xã Quế Xuân 2', 509),
(20650, 'Xã Quế Phú', 509),
(20651, 'Xã Hương An', 509),
(20653, 'Xã Quế Cường', 509),
(20656, 'Xã Quế Trung', 519),
(20659, 'Xã Quế Hiệp', 509),
(20662, 'Xã Quế Thuận', 509),
(20665, 'Xã Phú Thọ', 509),
(20668, 'Xã Quế Ninh', 519),
(20669, 'Xã Phước Ninh', 519),
(20671, 'Xã Quế Lộc', 519),
(20672, 'Xã Sơn Viên', 519),
(20674, 'Xã Quế Phước', 519),
(20677, 'Xã Quế Long', 509),
(20680, 'Xã Quế Châu', 509),
(20683, 'Xã Quế Phong', 509),
(20686, 'Xã Quế An', 509),
(20689, 'Xã Quế Minh', 509),
(20692, 'Xã Quế Lâm', 519),
(20695, 'Thị trấn Thạnh Mỹ', 510),
(20698, 'Xã Laêê', 510),
(20699, 'Xã Chơ Chun', 510),
(20701, 'Xã Zuôich', 510),
(20702, 'Xã Tà Pơơ', 510),
(20704, 'Xã La Dêê', 510),
(20705, 'Xã Đắc Tôi', 510),
(20707, 'Xã Chà Vàl', 510),
(20710, 'Xã Tà Bhinh', 510),
(20713, 'Xã Cà Dy', 510),
(20716, 'Xã Đắc Pre', 510),
(20719, 'Xã Đắc Pring', 510),
(20722, 'Thị trấn Khâm Đức', 511),
(20725, 'Xã Phước Xuân', 511),
(20728, 'Xã Phước Hiệp', 511),
(20729, 'Xã Phước Hoà', 511),
(20731, 'Xã Phước Đức', 511),
(20734, 'Xã Phước Năng', 511),
(20737, 'Xã Phước Mỹ', 511),
(20740, 'Xã Phước Chánh', 511),
(20743, 'Xã Phước Công', 511),
(20746, 'Xã Phước Kim', 511),
(20749, 'Xã Phước Lộc', 511),
(20752, 'Xã Phước Thành', 511),
(20755, 'Thị trấn Tân An', 512),
(20758, 'Xã Hiệp Hòa', 512),
(20761, 'Xã Hiệp Thuận', 512),
(20764, 'Xã Quế Thọ', 512),
(20767, 'Xã Bình Lâm', 512),
(20770, 'Xã Sông Trà', 512),
(20773, 'Xã Phước Trà', 512),
(20776, 'Xã Phước Gia', 512),
(20779, 'Xã Quế Bình', 512),
(20782, 'Xã Quế Lưu', 512),
(20785, 'Xã Thăng Phước', 512),
(20788, 'Xã Bình Sơn', 512),
(20791, 'Thị trấn Hà Lam', 513),
(20794, 'Xã Bình Dương', 513),
(20797, 'Xã Bình Giang', 513),
(20800, 'Xã Bình Nguyên', 513),
(20803, 'Xã Bình Phục', 513),
(20806, 'Xã Bình Triều', 513),
(20809, 'Xã Bình Đào', 513),
(20812, 'Xã Bình Minh', 513),
(20815, 'Xã Bình Lãnh', 513),
(20818, 'Xã Bình Trị', 513),
(20821, 'Xã Bình Định Bắc', 513),
(20822, 'Xã Bình Định Nam', 513),
(20824, 'Xã Bình Quý', 513),
(20827, 'Xã Bình Phú', 513),
(20830, 'Xã Bình Chánh', 513),
(20833, 'Xã Bình Tú', 513),
(20836, 'Xã Bình Sa', 513),
(20839, 'Xã Bình Hải', 513),
(20842, 'Xã Bình Quế', 513),
(20845, 'Xã Bình An', 513),
(20848, 'Xã Bình Trung', 513),
(20851, 'Xã Bình Nam', 513),
(20854, 'Thị trấn Tiên Kỳ', 514),
(20857, 'Xã Tiên Sơn', 514),
(20860, 'Xã Tiên Hà', 514),
(20863, 'Xã Tiên Cẩm', 514),
(20866, 'Xã Tiên Châu', 514),
(20869, 'Xã Tiên Lãnh', 514),
(20872, 'Xã Tiên Ngọc', 514),
(20875, 'Xã Tiên Hiệp', 514),
(20878, 'Xã Tiên Cảnh', 514),
(20881, 'Xã Tiên Mỹ', 514),
(20884, 'Xã Tiên Phong', 514),
(20887, 'Xã Tiên Thọ', 514),
(20890, 'Xã Tiên An', 514),
(20893, 'Xã Tiên Lộc', 514),
(20896, 'Xã Tiên Lập', 514),
(20899, 'Thị trấn Trà My', 515),
(20900, 'Xã Trà Sơn', 515),
(20902, 'Xã Trà Kót', 515),
(20905, 'Xã Trà Nú', 515),
(20908, 'Xã Trà Đông', 515),
(20911, 'Xã Trà Dương', 515),
(20914, 'Xã Trà Giang', 515),
(20917, 'Xã Trà Bui', 515),
(20920, 'Xã Trà Đốc', 515),
(20923, 'Xã Trà Tân', 515),
(20926, 'Xã Trà Giác', 515),
(20929, 'Xã Trà Giáp', 515),
(20932, 'Xã Trà Ka', 515),
(20935, 'Xã Trà Leng', 516),
(20938, 'Xã Trà Dơn', 516),
(20941, 'Xã Trà Tập', 516),
(20944, 'Xã Trà Mai', 516),
(20947, 'Xã Trà Cang', 516),
(20950, 'Xã Trà Linh', 516),
(20953, 'Xã Trà Nam', 516),
(20956, 'Xã Trà Don', 516),
(20959, 'Xã Trà Vân', 516),
(20962, 'Xã Trà Vinh', 516),
(20965, 'Thị trấn Núi Thành', 517),
(20968, 'Xã Tam Xuân I', 517),
(20971, 'Xã Tam Xuân II', 517),
(20974, 'Xã Tam Tiến', 517),
(20977, 'Xã Tam Sơn', 517),
(20980, 'Xã Tam Thạnh', 517),
(20983, 'Xã Tam Anh Bắc', 517),
(20984, 'Xã Tam Anh Nam', 517),
(20986, 'Xã Tam Hòa', 517),
(20989, 'Xã Tam Hiệp', 517),
(20992, 'Xã Tam Hải', 517),
(20995, 'Xã Tam Giang', 517),
(20998, 'Xã Tam Quang', 517),
(21001, 'Xã Tam Nghĩa', 517),
(21004, 'Xã Tam Mỹ Tây', 517),
(21005, 'Xã Tam Mỹ Đông', 517),
(21007, 'Xã Tam Trà', 517),
(21010, 'Phường Lê Hồng Phong', 522),
(21013, 'Phường Trần Phú', 522),
(21016, 'Phường Quảng Phú', 522),
(21019, 'Phường Nghĩa Chánh', 522),
(21022, 'Phường Trần Hưng Đạo', 522),
(21025, 'Phường Nguyễn Nghiêm', 522),
(21028, 'Phường Nghĩa Lộ', 522),
(21031, 'Phường Chánh Lộ', 522),
(21034, 'Xã Nghĩa Dũng', 522),
(21037, 'Xã Nghĩa Dõng', 522),
(21040, 'Thị Trấn Châu Ổ', 524),
(21043, 'Xã Bình Thuận', 524),
(21046, 'Xã Bình Thạnh', 524),
(21049, 'Xã Bình Đông', 524),
(21052, 'Xã Bình Chánh', 524),
(21055, 'Xã Bình Nguyên', 524),
(21058, 'Xã Bình Khương', 524),
(21061, 'Xã Bình Trị', 524),
(21064, 'Xã Bình An', 524),
(21067, 'Xã Bình Hải', 524),
(21070, 'Xã Bình Dương', 524),
(21073, 'Xã Bình Phước', 524),
(21076, 'Xã Bình Thới', 524),
(21079, 'Xã Bình Hòa', 524),
(21082, 'Xã Bình Trung', 524),
(21085, 'Xã Bình Minh', 524),
(21088, 'Xã Bình Long', 524),
(21091, 'Xã Bình Thanh Tây', 524),
(21094, 'Xã Bình Phú', 524),
(21097, 'Xã Bình Thanh Đông', 524),
(21100, 'Xã Bình Chương', 524),
(21103, 'Xã Bình Hiệp', 524),
(21106, 'Xã Bình Mỹ', 524),
(21109, 'Xã Bình Tân', 524),
(21112, 'Xã Bình Châu', 524),
(21115, 'Thị trấn Trà Xuân', 525),
(21118, 'Xã Trà Giang', 525),
(21121, 'Xã Trà Thủy', 525),
(21124, 'Xã Trà Hiệp', 525),
(21127, 'Xã Trà Bình', 525),
(21130, 'Xã Trà Phú', 525),
(21133, 'Xã Trà Lâm', 525),
(21136, 'Xã Trà Tân', 525),
(21139, 'Xã Trà Sơn', 525),
(21142, 'Xã Trà Bùi', 525),
(21145, 'Xã Trà Thanh', 526),
(21148, 'Xã Trà Khê', 526),
(21151, 'Xã Trà Quân', 526),
(21154, 'Xã Trà Phong', 526),
(21157, 'Xã Trà Lãnh', 526),
(21160, 'Xã Trà Nham', 526),
(21163, 'Xã Trà Xinh', 526),
(21166, 'Xã Trà Thọ', 526),
(21169, 'Xã Trà Trung', 526),
(21172, 'Phường Trương Quang Trọng', 522),
(21175, 'Xã Tịnh Thọ', 527),
(21178, 'Xã Tịnh Trà', 527),
(21181, 'Xã Tịnh Phong', 527),
(21184, 'Xã Tịnh Hiệp', 527),
(21187, 'Xã Tịnh Hòa', 522),
(21190, 'Xã Tịnh Kỳ', 522),
(21193, 'Xã Tịnh Bình', 527),
(21196, 'Xã Tịnh Đông', 527),
(21199, 'Xã Tịnh Thiện', 522),
(21202, 'Xã Tịnh Ấn Đông', 522),
(21205, 'Xã Tịnh Bắc', 527),
(21208, 'Xã Tịnh Châu', 522),
(21211, 'Xã Tịnh Khê', 522),
(21214, 'Xã Tịnh Long', 522),
(21217, 'Xã Tịnh Sơn', 527),
(21220, 'Xã Tịnh Hà', 527),
(21223, 'Xã Tịnh Ấn Tây', 522),
(21226, 'Xã Tịnh Giang', 527),
(21229, 'Xã Tịnh Minh', 527),
(21232, 'Xã Tịnh An', 522),
(21235, 'Thị trấn La Hà', 528),
(21238, 'Thị trấn Sông Vệ', 528),
(21241, 'Xã Nghĩa Lâm', 528),
(21244, 'Xã Nghĩa Thắng', 528),
(21247, 'Xã Nghĩa Thuận', 528),
(21250, 'Xã Nghĩa Kỳ', 528),
(21253, 'Xã Nghĩa Phú', 522),
(21256, 'Xã Nghĩa Hà', 522),
(21259, 'Xã Nghĩa Sơn', 528),
(21262, 'Xã Nghĩa An', 522),
(21265, 'Xã Nghĩa Thọ', 528),
(21268, 'Xã Nghĩa Hòa', 528),
(21271, 'Xã Nghĩa Điền', 528),
(21274, 'Xã Nghĩa Thương', 528),
(21277, 'Xã Nghĩa Trung', 528),
(21280, 'Xã Nghĩa Hiệp', 528),
(21283, 'Xã Nghĩa Phương', 528),
(21286, 'Xã Nghĩa Mỹ', 528),
(21289, 'Thị trấn Di Lăng', 529),
(21292, 'Xã Sơn Hạ', 529),
(21295, 'Xã Sơn Thành', 529),
(21298, 'Xã Sơn Nham', 529),
(21301, 'Xã Sơn Bao', 529),
(21304, 'Xã Sơn Linh', 529),
(21307, 'Xã Sơn Giang', 529),
(21310, 'Xã Sơn Trung', 529),
(21313, 'Xã Sơn Thượng', 529),
(21316, 'Xã Sơn Cao', 529),
(21319, 'Xã Sơn Hải', 529),
(21322, 'Xã Sơn Thủy', 529),
(21325, 'Xã Sơn Kỳ', 529),
(21328, 'Xã Sơn Ba', 529),
(21331, 'Xã Sơn Bua', 530),
(21334, 'Xã Sơn Mùa', 530),
(21335, 'Xã Sơn Liên', 530),
(21337, 'Xã Sơn Tân', 530),
(21338, 'Xã Sơn Màu', 530),
(21340, 'Xã Sơn Dung', 530),
(21341, 'Xã Sơn Long', 530),
(21343, 'Xã Sơn Tinh', 530);
INSERT INTO `ward` (`ward_id`, `name`, `district_id`) VALUES
(21346, 'Xã Sơn Lập', 530),
(21349, 'Xã Long Sơn', 531),
(21352, 'Xã Long Mai', 531),
(21355, 'Xã Thanh An', 531),
(21358, 'Xã Long Môn', 531),
(21361, 'Xã Long Hiệp', 531),
(21364, 'Thị trấn Chợ Chùa', 532),
(21367, 'Xã Hành Thuận', 532),
(21370, 'Xã Hành Dũng', 532),
(21373, 'Xã Hành Trung', 532),
(21376, 'Xã Hành Nhân', 532),
(21379, 'Xã Hành Đức', 532),
(21382, 'Xã Hành Minh', 532),
(21385, 'Xã Hành Phước', 532),
(21388, 'Xã Hành Thiện', 532),
(21391, 'Xã Hành Thịnh', 532),
(21394, 'Xã Hành Tín Tây', 532),
(21397, 'Xã Hành Tín  Đông', 532),
(21400, 'Thị trấn Mộ Đức', 533),
(21403, 'Xã Đức Lợi', 533),
(21406, 'Xã Đức Thắng', 533),
(21409, 'Xã Đức Nhuận', 533),
(21412, 'Xã Đức Chánh', 533),
(21415, 'Xã Đức Hiệp', 533),
(21418, 'Xã Đức Minh', 533),
(21421, 'Xã Đức Thạnh', 533),
(21424, 'Xã Đức Hòa', 533),
(21427, 'Xã Đức Tân', 533),
(21430, 'Xã Đức Phú', 533),
(21433, 'Xã Đức Phong', 533),
(21436, 'Xã Đức Lân', 533),
(21439, 'Thị trấn Đức Phổ', 534),
(21442, 'Xã Phổ An', 534),
(21445, 'Xã Phổ Phong', 534),
(21448, 'Xã Phổ Thuận', 534),
(21451, 'Xã Phổ Văn', 534),
(21454, 'Xã Phổ Quang', 534),
(21457, 'Xã Phổ Nhơn', 534),
(21460, 'Xã Phổ Ninh', 534),
(21463, 'Xã Phổ Minh', 534),
(21466, 'Xã Phổ Vinh', 534),
(21469, 'Xã Phổ Hòa', 534),
(21472, 'Xã Phổ Cường', 534),
(21475, 'Xã Phổ Khánh', 534),
(21478, 'Xã Phổ Thạnh', 534),
(21481, 'Xã Phổ Châu', 534),
(21484, 'Thị trấn Ba Tơ', 535),
(21487, 'Xã Ba Điền', 535),
(21490, 'Xã Ba Vinh', 535),
(21493, 'Xã Ba Thành', 535),
(21496, 'Xã Ba Động', 535),
(21499, 'Xã Ba Dinh', 535),
(21500, 'Xã Ba Giang', 535),
(21502, 'Xã Ba Liên', 535),
(21505, 'Xã Ba Ngạc', 535),
(21508, 'Xã Ba Khâm', 535),
(21511, 'Xã Ba Cung', 535),
(21514, 'Xã Ba Chùa', 535),
(21517, 'Xã Ba Tiêu', 535),
(21520, 'Xã Ba Trang', 535),
(21523, 'Xã Ba Tô', 535),
(21526, 'Xã Ba Bích', 535),
(21529, 'Xã Ba Vì', 535),
(21532, 'Xã Ba Lế', 535),
(21535, 'Xã Ba Nam', 535),
(21538, 'Xã Ba Xa', 535),
(21541, 'Xã An Vĩnh', 536),
(21544, 'Xã An Hải', 536),
(21547, 'Xã An Bình', 536),
(21550, 'Phường Nhơn Bình', 540),
(21553, 'Phường Nhơn Phú', 540),
(21556, 'Phường Đống Đa', 540),
(21559, 'Phường Trần Quang Diệu', 540),
(21562, 'Phường Hải Cảng', 540),
(21565, 'Phường Quang Trung', 540),
(21568, 'Phường Thị Nại', 540),
(21571, 'Phường Lê Hồng Phong', 540),
(21574, 'Phường Trần Hưng Đạo', 540),
(21577, 'Phường Ngô Mây', 540),
(21580, 'Phường Lý Thường Kiệt', 540),
(21583, 'Phường Lê Lợi', 540),
(21586, 'Phường Trần Phú', 540),
(21589, 'Phường Bùi Thị Xuân', 540),
(21592, 'Phường Nguyễn Văn Cừ', 540),
(21595, 'Phường Ghềnh Ráng', 540),
(21598, 'Xã Nhơn Lý', 540),
(21601, 'Xã Nhơn Hội', 540),
(21604, 'Xã Nhơn Hải', 540),
(21607, 'Xã Nhơn Châu', 540),
(21609, 'Thị trấn An Lão', 542),
(21610, 'Xã An Hưng', 542),
(21613, 'Xã An Trung', 542),
(21616, 'Xã An Dũng', 542),
(21619, 'Xã An Vinh', 542),
(21622, 'Xã An Toàn', 542),
(21625, 'Xã An Tân', 542),
(21628, 'Xã An Hòa', 542),
(21631, 'Xã An Quang', 542),
(21634, 'Xã An Nghĩa', 542),
(21637, 'Thị trấn  Tam Quan', 543),
(21640, 'Thị trấn Bồng Sơn', 543),
(21643, 'Xã Hoài Sơn', 543),
(21646, 'Xã Hoài Châu Bắc', 543),
(21649, 'Xã Hoài Châu', 543),
(21652, 'Xã Hoài Phú', 543),
(21655, 'Xã Tam Quan Bắc', 543),
(21658, 'Xã Tam Quan Nam', 543),
(21661, 'Xã Hoài Hảo', 543),
(21664, 'Xã Hoài Thanh Tây', 543),
(21667, 'Xã Hoài Thanh', 543),
(21670, 'Xã Hoài Hương', 543),
(21673, 'Xã Hoài Tân', 543),
(21676, 'Xã Hoài Hải', 543),
(21679, 'Xã Hoài Xuân', 543),
(21682, 'Xã Hoài Mỹ', 543),
(21685, 'Xã Hoài Đức', 543),
(21688, 'Thị trấn Tăng Bạt Hổ', 544),
(21690, 'Xã Ân Hảo Tây', 544),
(21691, 'Xã Ân Hảo Đông', 544),
(21694, 'Xã Ân Sơn', 544),
(21697, 'Xã Ân Mỹ', 544),
(21700, 'Xã Dak Mang', 544),
(21703, 'Xã Ân Tín', 544),
(21706, 'Xã Ân Thạnh', 544),
(21709, 'Xã Ân Phong', 544),
(21712, 'Xã Ân Đức', 544),
(21715, 'Xã Ân Hữu', 544),
(21718, 'Xã Bok Tới', 544),
(21721, 'Xã Ân Tường Tây', 544),
(21724, 'Xã Ân Tường Đông', 544),
(21727, 'Xã Ân Nghĩa', 544),
(21730, 'Thị trấn Phù Mỹ', 545),
(21733, 'Thị trấn Bình Dương', 545),
(21736, 'Xã Mỹ Đức', 545),
(21739, 'Xã Mỹ Châu', 545),
(21742, 'Xã Mỹ Thắng', 545),
(21745, 'Xã Mỹ Lộc', 545),
(21748, 'Xã Mỹ Lợi', 545),
(21751, 'Xã Mỹ An', 545),
(21754, 'Xã Mỹ Phong', 545),
(21757, 'Xã Mỹ Trinh', 545),
(21760, 'Xã Mỹ Thọ', 545),
(21763, 'Xã Mỹ Hòa', 545),
(21766, 'Xã Mỹ Thành', 545),
(21769, 'Xã Mỹ Chánh', 545),
(21772, 'Xã Mỹ Quang', 545),
(21775, 'Xã Mỹ Hiệp', 545),
(21778, 'Xã Mỹ Tài', 545),
(21781, 'Xã Mỹ Cát', 545),
(21784, 'Xã Mỹ Chánh Tây', 545),
(21786, 'Thị trấn Vĩnh Thạnh', 546),
(21787, 'Xã Vĩnh Sơn', 546),
(21790, 'Xã Vĩnh Kim', 546),
(21796, 'Xã Vĩnh Hiệp', 546),
(21799, 'Xã Vĩnh Hảo', 546),
(21801, 'Xã Vĩnh Hòa', 546),
(21802, 'Xã Vĩnh Thịnh', 546),
(21804, 'Xã Vĩnh Thuận', 546),
(21805, 'Xã Vĩnh Quang', 546),
(21808, 'Thị trấn Phú Phong', 547),
(21811, 'Xã Bình Tân', 547),
(21814, 'Xã Tây Thuận', 547),
(21817, 'Xã Bình Thuận', 547),
(21820, 'Xã Tây Giang', 547),
(21823, 'Xã Bình Thành', 547),
(21826, 'Xã Tây An', 547),
(21829, 'Xã Bình Hòa', 547),
(21832, 'Xã Tây Bình', 547),
(21835, 'Xã Bình Tường', 547),
(21838, 'Xã Tây Vinh', 547),
(21841, 'Xã Vĩnh An', 547),
(21844, 'Xã Tây Xuân', 547),
(21847, 'Xã Bình Nghi', 547),
(21850, 'Xã Tây Phú', 547),
(21853, 'Thị trấn Ngô Mây', 548),
(21856, 'Xã Cát Sơn', 548),
(21859, 'Xã Cát Minh', 548),
(21862, 'Xã Cát Khánh', 548),
(21865, 'Xã Cát Tài', 548),
(21868, 'Xã Cát Lâm', 548),
(21871, 'Xã Cát Hanh', 548),
(21874, 'Xã Cát Thành', 548),
(21877, 'Xã Cát Trinh', 548),
(21880, 'Xã Cát Hải', 548),
(21883, 'Xã Cát Hiệp', 548),
(21886, 'Xã Cát Nhơn', 548),
(21889, 'Xã Cát Hưng', 548),
(21892, 'Xã Cát Tường', 548),
(21895, 'Xã Cát Tân', 548),
(21898, 'Xã Cát Tiến', 548),
(21901, 'Xã Cát Thắng', 548),
(21904, 'Xã Cát Chánh', 548),
(21907, 'Phường Bình Định', 549),
(21910, 'Phường Đập Đá', 549),
(21913, 'Xã Nhơn Mỹ', 549),
(21916, 'Phường Nhơn Thành', 549),
(21919, 'Xã Nhơn Hạnh', 549),
(21922, 'Xã Nhơn Hậu', 549),
(21925, 'Xã Nhơn Phong', 549),
(21928, 'Xã Nhơn An', 549),
(21931, 'Xã Nhơn Phúc', 549),
(21934, 'Phường Nhơn Hưng', 549),
(21937, 'Xã Nhơn Khánh', 549),
(21940, 'Xã Nhơn Lộc', 549),
(21943, 'Phường Nhơn Hoà', 549),
(21946, 'Xã Nhơn Tân', 549),
(21949, 'Xã Nhơn Thọ', 549),
(21952, 'Thị trấn Tuy Phước', 550),
(21955, 'Thị trấn Diêu Trì', 550),
(21958, 'Xã Phước Thắng', 550),
(21961, 'Xã Phước Hưng', 550),
(21964, 'Xã Phước Quang', 550),
(21967, 'Xã Phước Hòa', 550),
(21970, 'Xã Phước Sơn', 550),
(21973, 'Xã Phước Hiệp', 550),
(21976, 'Xã Phước Lộc', 550),
(21979, 'Xã Phước Nghĩa', 550),
(21982, 'Xã Phước Thuận', 550),
(21985, 'Xã Phước An', 550),
(21988, 'Xã Phước Thành', 550),
(21991, 'Xã Phước Mỹ', 540),
(21994, 'Thị trấn Vân Canh', 551),
(21997, 'Xã Canh Liên', 551),
(22000, 'Xã Canh Hiệp', 551),
(22003, 'Xã Canh Vinh', 551),
(22006, 'Xã Canh Hiển', 551),
(22009, 'Xã Canh Thuận', 551),
(22012, 'Xã Canh Hòa', 551),
(22015, 'Phường 1', 555),
(22018, 'Phường 8', 555),
(22021, 'Phường 2', 555),
(22024, 'Phường 9', 555),
(22027, 'Phường 3', 555),
(22030, 'Phường 4', 555),
(22033, 'Phường 5', 555),
(22036, 'Phường 7', 555),
(22039, 'Phường 6', 555),
(22040, 'Phường Phú Thạnh', 555),
(22041, 'Phường Phú Đông', 555),
(22042, 'Xã Hòa Kiến', 555),
(22045, 'Xã Bình Kiến', 555),
(22048, 'Xã Bình Ngọc', 555),
(22051, 'Phường Xuân Phú', 557),
(22052, 'Xã Xuân Lâm', 557),
(22053, 'Phường Xuân Thành', 557),
(22054, 'Xã Xuân Hải', 557),
(22057, 'Xã Xuân Lộc', 557),
(22060, 'Xã Xuân Bình', 557),
(22063, 'Xã Xuân Hòa', 557),
(22066, 'Xã Xuân Cảnh', 557),
(22069, 'Xã Xuân Thịnh', 557),
(22072, 'Xã Xuân Phương', 557),
(22073, 'Phường Xuân Yên', 557),
(22075, 'Xã Xuân Thọ 1', 557),
(22076, 'Phường Xuân Đài', 557),
(22078, 'Xã Xuân Thọ 2', 557),
(22081, 'Thị trấn La Hai', 558),
(22084, 'Xã Đa Lộc', 558),
(22087, 'Xã Phú Mỡ', 558),
(22090, 'Xã Xuân Lãnh', 558),
(22093, 'Xã Xuân Long', 558),
(22096, 'Xã Xuân Quang 1', 558),
(22099, 'Xã Xuân Sơn Bắc', 558),
(22102, 'Xã Xuân Quang 2', 558),
(22105, 'Xã Xuân Sơn Nam', 558),
(22108, 'Xã Xuân Quang 3', 558),
(22111, 'Xã Xuân Phước', 558),
(22114, 'Thị trấn Chí Thạnh', 559),
(22117, 'Xã An Dân', 559),
(22120, 'Xã An Ninh Tây', 559),
(22123, 'Xã An Ninh Đông', 559),
(22126, 'Xã An Thạch', 559),
(22129, 'Xã An Định', 559),
(22132, 'Xã An Nghiệp', 559),
(22135, 'Xã An Hải', 559),
(22138, 'Xã An Cư', 559),
(22141, 'Xã An Xuân', 559),
(22144, 'Xã An Lĩnh', 559),
(22147, 'Xã An Hòa', 559),
(22150, 'Xã An Hiệp', 559),
(22153, 'Xã An Mỹ', 559),
(22156, 'Xã An Chấn', 559),
(22159, 'Xã An Thọ', 559),
(22162, 'Xã An Phú', 555),
(22165, 'Thị trấn Củng Sơn', 560),
(22168, 'Xã Phước Tân', 560),
(22171, 'Xã Sơn Hội', 560),
(22174, 'Xã Sơn Định', 560),
(22177, 'Xã Sơn Long', 560),
(22180, 'Xã Cà Lúi', 560),
(22183, 'Xã Sơn Phước', 560),
(22186, 'Xã Sơn Xuân', 560),
(22189, 'Xã Sơn Nguyên', 560),
(22192, 'Xã Eachà Rang', 560),
(22195, 'Xã Krông Pa', 560),
(22198, 'Xã Suối Bạc', 560),
(22201, 'Xã Sơn Hà', 560),
(22204, 'Xã Suối Trai', 560),
(22207, 'Thị trấn Hai Riêng', 561),
(22210, 'Xã Ea Lâm', 561),
(22213, 'Xã Đức Bình Tây', 561),
(22216, 'Xã Ea Bá', 561),
(22219, 'Xã Sơn Giang', 561),
(22222, 'Xã Đức Bình Đông', 561),
(22225, 'Xã EaBar', 561),
(22228, 'Xã EaBia', 561),
(22231, 'Xã EaTrol', 561),
(22234, 'Xã Sông Hinh', 561),
(22237, 'Xã Ealy', 561),
(22240, 'Phường Phú Lâm', 555),
(22243, 'Xã Hòa Thành', 564),
(22246, 'Xã Hòa Hiệp Bắc', 564),
(22249, 'Xã Sơn Thành Tây', 562),
(22250, 'Xã Sơn Thành Đông', 562),
(22252, 'Xã Hòa Bình 1', 562),
(22255, 'Thị trấn Phú Thứ', 562),
(22258, 'Thị trấn Hoà Vinh', 564),
(22261, 'Thị trấn Hoà Hiệp Trung', 564),
(22264, 'Xã Hòa Phong', 562),
(22267, 'Xã Hòa Tân Đông', 564),
(22270, 'Xã Hòa Phú', 562),
(22273, 'Xã Hòa Tân Tây', 562),
(22276, 'Xã Hòa Đồng', 562),
(22279, 'Xã Hòa Xuân Tây', 564),
(22282, 'Xã Hòa Hiệp Nam', 564),
(22285, 'Xã Hòa Mỹ Đông', 562),
(22288, 'Xã Hòa Mỹ Tây', 562),
(22291, 'Xã Hòa Xuân Đông', 564),
(22294, 'Xã Hòa Thịnh', 562),
(22297, 'Xã Hòa Tâm', 564),
(22300, 'Xã Hòa Xuân Nam', 564),
(22303, 'Xã Hòa Quang Bắc', 563),
(22306, 'Xã Hòa Quang Nam', 563),
(22309, 'Xã Hòa Hội', 563),
(22312, 'Xã Hòa Trị', 563),
(22315, 'Xã Hòa An', 563),
(22318, 'Xã Hòa Định Đông', 563),
(22319, 'Thị Trấn Phú Hoà', 563),
(22321, 'Xã Hòa Định Tây', 563),
(22324, 'Xã Hòa Thắng', 563),
(22327, 'Phường Vĩnh Hòa', 568),
(22330, 'Phường Vĩnh Hải', 568),
(22333, 'Phường Vĩnh Phước', 568),
(22336, 'Phường Ngọc Hiệp', 568),
(22339, 'Phường Vĩnh Thọ', 568),
(22342, 'Phường Xương Huân', 568),
(22345, 'Phường Vạn Thắng', 568),
(22348, 'Phường Vạn Thạnh', 568),
(22351, 'Phường Phương Sài', 568),
(22354, 'Phường Phương Sơn', 568),
(22357, 'Phường Phước Hải', 568),
(22360, 'Phường Phước Tân', 568),
(22363, 'Phường Lộc Thọ', 568),
(22366, 'Phường Phước Tiến', 568),
(22369, 'Phường Tân Lập', 568),
(22372, 'Phường Phước Hòa', 568),
(22375, 'Phường Vĩnh Nguyên', 568),
(22378, 'Phường Phước Long', 568),
(22381, 'Phường Vĩnh Trường', 568),
(22384, 'Xã Vĩnh Lương', 568),
(22387, 'Xã Vĩnh Phương', 568),
(22390, 'Xã Vĩnh Ngọc', 568),
(22393, 'Xã Vĩnh Thạnh', 568),
(22396, 'Xã Vĩnh Trung', 568),
(22399, 'Xã Vĩnh Hiệp', 568),
(22402, 'Xã Vĩnh Thái', 568),
(22405, 'Xã Phước Đồng', 568),
(22408, 'Phường Cam Nghĩa', 569),
(22411, 'Phường Cam Phúc Bắc', 569),
(22414, 'Phường Cam Phúc Nam', 569),
(22417, 'Phường Cam Lộc', 569),
(22420, 'Phường Cam Phú', 569),
(22423, 'Phường Ba Ngòi', 569),
(22426, 'Phường Cam Thuận', 569),
(22429, 'Phường Cam Lợi', 569),
(22432, 'Phường Cam Linh', 569),
(22435, 'Xã Cam Tân', 570),
(22438, 'Xã Cam Hòa', 570),
(22441, 'Xã Cam Hải Đông', 570),
(22444, 'Xã Cam Hải Tây', 570),
(22447, 'Xã Sơn Tân', 570),
(22450, 'Xã Cam Hiệp Bắc', 570),
(22453, 'Thị trấn Cam Đức', 570),
(22456, 'Xã Cam Hiệp Nam', 570),
(22459, 'Xã Cam Phước Tây', 570),
(22462, 'Xã Cam Thành Bắc', 570),
(22465, 'Xã Cam An Bắc', 570),
(22468, 'Xã Cam Thành Nam', 569),
(22471, 'Xã Cam An Nam', 570),
(22474, 'Xã Cam Phước Đông', 569),
(22477, 'Xã Cam Thịnh Tây', 569),
(22480, 'Xã Cam Thịnh Đông', 569),
(22483, 'Xã Cam Lập', 569),
(22486, 'Xã Cam Bình', 569),
(22489, 'Thị trấn Vạn Giã', 571),
(22492, 'Xã Đại Lãnh', 571),
(22495, 'Xã Vạn Phước', 571),
(22498, 'Xã Vạn Long', 571),
(22501, 'Xã Vạn Bình', 571),
(22504, 'Xã Vạn Thọ', 571),
(22507, 'Xã Vạn Khánh', 571),
(22510, 'Xã Vạn Phú', 571),
(22513, 'Xã Vạn Lương', 571),
(22516, 'Xã Vạn Thắng', 571),
(22519, 'Xã Vạn Thạnh', 571),
(22522, 'Xã Xuân Sơn', 571),
(22525, 'Xã Vạn Hưng', 571),
(22528, 'Phường Ninh Hiệp', 572),
(22531, 'Xã Ninh Sơn', 572),
(22534, 'Xã Ninh Tây', 572),
(22537, 'Xã Ninh Thượng', 572),
(22540, 'Xã Ninh An', 572),
(22543, 'Phường Ninh Hải', 572),
(22546, 'Xã Ninh Thọ', 572),
(22549, 'Xã Ninh Trung', 572),
(22552, 'Xã Ninh Sim', 572),
(22555, 'Xã Ninh Xuân', 572),
(22558, 'Xã Ninh Thân', 572),
(22561, 'Phường Ninh Diêm', 572),
(22564, 'Xã Ninh Đông', 572),
(22567, 'Phường Ninh Thủy', 572),
(22570, 'Phường Ninh Đa', 572),
(22573, 'Xã Ninh Phụng', 572),
(22576, 'Xã Ninh Bình', 572),
(22579, 'Xã Ninh Phước', 572),
(22582, 'Xã Ninh Phú', 572),
(22585, 'Xã Ninh Tân', 572),
(22588, 'Xã Ninh Quang', 572),
(22591, 'Phường Ninh Giang', 572),
(22594, 'Phường Ninh Hà', 572),
(22597, 'Xã Ninh Hưng', 572),
(22600, 'Xã Ninh Lộc', 572),
(22603, 'Xã Ninh Ích', 572),
(22606, 'Xã Ninh Vân', 572),
(22609, 'Thị trấn Khánh Vĩnh', 573),
(22612, 'Xã Khánh Hiệp', 573),
(22615, 'Xã Khánh Bình', 573),
(22618, 'Xã Khánh Trung', 573),
(22621, 'Xã Khánh Đông', 573),
(22624, 'Xã Khánh Thượng', 573),
(22627, 'Xã Khánh Nam', 573),
(22630, 'Xã Sông Cầu', 573),
(22633, 'Xã Giang Ly', 573),
(22636, 'Xã Cầu Bà', 573),
(22639, 'Xã Liên Sang', 573),
(22642, 'Xã Khánh Thành', 573),
(22645, 'Xã Khánh Phú', 573),
(22648, 'Xã Sơn Thái', 573),
(22651, 'Thị trấn Diên Khánh', 574),
(22654, 'Xã Diên Lâm', 574),
(22657, 'Xã Diên Điền', 574),
(22660, 'Xã Diên Xuân', 574),
(22663, 'Xã Diên Sơn', 574),
(22666, 'Xã Diên Đồng', 574),
(22669, 'Xã Diên Phú', 574),
(22672, 'Xã Diên Thọ', 574),
(22675, 'Xã Diên Phước', 574),
(22678, 'Xã Diên Lạc', 574),
(22681, 'Xã Diên Tân', 574),
(22684, 'Xã Diên Hòa', 574),
(22687, 'Xã Diên Thạnh', 574),
(22690, 'Xã Diên Toàn', 574),
(22693, 'Xã Diên An', 574),
(22696, 'Xã Diên Bình', 574),
(22699, 'Xã Diên Lộc', 574),
(22702, 'Xã Suối Hiệp', 574),
(22705, 'Xã Suối Tiên', 574),
(22708, 'Xã Suối Cát', 570),
(22711, 'Xã Suối Tân', 570),
(22714, 'Thị trấn Tô Hạp', 575),
(22717, 'Xã Thành Sơn', 575),
(22720, 'Xã Sơn Lâm', 575),
(22723, 'Xã Sơn Hiệp', 575),
(22726, 'Xã Sơn Bình', 575),
(22729, 'Xã Sơn Trung', 575),
(22732, 'Xã Ba Cụm Bắc', 575),
(22735, 'Xã Ba Cụm Nam', 575),
(22736, 'Thị trấn Trường Sa', 576),
(22737, 'Xã Song Tử Tây', 576),
(22738, 'Phường Đô Vinh', 582),
(22739, 'Xã Sinh Tồn', 576),
(22741, 'Phường Phước Mỹ', 582),
(22744, 'Phường Bảo An', 582),
(22747, 'Phường Phủ Hà', 582),
(22750, 'Phường Thanh Sơn', 582),
(22753, 'Phường Mỹ Hương', 582),
(22756, 'Phường Tấn Tài', 582),
(22759, 'Phường Kinh Dinh', 582),
(22762, 'Phường Đạo Long', 582),
(22765, 'Phường Đài Sơn', 582),
(22768, 'Phường Đông Hải', 582),
(22771, 'Phường Mỹ Đông', 582),
(22774, 'Xã Thành Hải', 582),
(22777, 'Phường Văn Hải', 582),
(22779, 'Phường Mỹ Bình', 582),
(22780, 'Phường Mỹ Hải', 582),
(22783, 'Xã Phước Bình', 584),
(22786, 'Xã Phước Hòa', 584),
(22789, 'Xã Phước Tân', 584),
(22792, 'Xã Phước Tiến', 584),
(22795, 'Xã Phước Thắng', 584),
(22798, 'Xã Phước Thành', 584),
(22801, 'Xã Phước Đại', 584),
(22804, 'Xã Phước Chính', 584),
(22807, 'Xã Phước Trung', 584),
(22810, 'Thị trấn Tân Sơn', 585),
(22813, 'Xã Lâm Sơn', 585),
(22816, 'Xã Lương Sơn', 585),
(22819, 'Xã Quảng Sơn', 585),
(22822, 'Xã Mỹ Sơn', 585),
(22825, 'Xã Hòa Sơn', 585),
(22828, 'Xã Ma Nới', 585),
(22831, 'Xã Nhơn Sơn', 585),
(22834, 'Thị trấn Khánh Hải', 586),
(22837, 'Xã Phước Chiến', 588),
(22840, 'Xã Công Hải', 588),
(22843, 'Xã Phước Kháng', 588),
(22846, 'Xã Vĩnh Hải', 586),
(22849, 'Xã Lợi Hải', 588),
(22852, 'Xã Phương Hải', 586),
(22853, 'Xã Bắc Sơn', 588),
(22855, 'Xã Tân Hải', 586),
(22856, 'Xã Bắc Phong', 588),
(22858, 'Xã Xuân Hải', 586),
(22861, 'Xã Hộ Hải', 586),
(22864, 'Xã Tri Hải', 586),
(22867, 'Xã Nhơn Hải', 586),
(22868, 'Xã Thanh Hải', 586),
(22870, 'Thị trấn Phước Dân', 587),
(22873, 'Xã Phước Sơn', 587),
(22876, 'Xã Phước Thái', 587),
(22879, 'Xã Phước Hậu', 587),
(22882, 'Xã Phước Thuận', 587),
(22885, 'Xã Phước Hà', 589),
(22888, 'Xã An Hải', 587),
(22891, 'Xã Phước Hữu', 587),
(22894, 'Xã Phước Hải', 587),
(22897, 'Xã Phước Nam', 589),
(22898, 'Xã Phước Ninh', 589),
(22900, 'Xã Nhị Hà', 589),
(22903, 'Xã Phước Dinh', 589),
(22906, 'Xã Phước Minh', 589),
(22909, 'Xã Phước Diêm', 589),
(22910, 'Xã Cà Ná', 589),
(22912, 'Xã Phước Vinh', 587),
(22915, 'Phường Mũi Né', 593),
(22918, 'Phường Hàm Tiến', 593),
(22921, 'Phường Phú Hài', 593),
(22924, 'Phường Phú Thủy', 593),
(22927, 'Phường Phú Tài', 593),
(22930, 'Phường Phú Trinh', 593),
(22933, 'Phường Xuân An', 593),
(22936, 'Phường Thanh Hải', 593),
(22939, 'Phường Bình Hưng', 593),
(22942, 'Phường Đức Nghĩa', 593),
(22945, 'Phường Lạc Đạo', 593),
(22948, 'Phường Đức Thắng', 593),
(22951, 'Phường Hưng Long', 593),
(22954, 'Phường Đức Long', 593),
(22957, 'Xã Thiện Nghiệp', 593),
(22960, 'Xã Phong Nẫm', 593),
(22963, 'Xã Tiến Lợi', 593),
(22966, 'Xã Tiến Thành', 593),
(22969, 'Thị trấn Liên Hương', 595),
(22972, 'Thị trấn Phan Rí Cửa', 595),
(22975, 'Xã Phan Dũng', 595),
(22978, 'Xã Phong Phú', 595),
(22981, 'Xã Vĩnh Hảo', 595),
(22984, 'Xã Vĩnh Tân', 595),
(22987, 'Xã Phú Lạc', 595),
(22990, 'Xã Phước Thể', 595),
(22993, 'Xã Hòa Minh', 595),
(22996, 'Xã Chí Công', 595),
(22999, 'Xã Bình Thạnh', 595),
(23002, 'Xã Hòa Phú', 595),
(23005, 'Thị trấn Chợ Lầu', 596),
(23008, 'Xã Phan Sơn', 596),
(23011, 'Xã Phan Lâm', 596),
(23014, 'Xã Bình An', 596),
(23017, 'Xã Phan Điền', 596),
(23020, 'Xã Hải Ninh', 596),
(23023, 'Xã Sông Lũy', 596),
(23026, 'Xã Phan Tiến', 596),
(23029, 'Xã Sông Bình', 596),
(23032, 'Thị trấn Lương Sơn', 596),
(23035, 'Xã Phan Hòa', 596),
(23038, 'Xã Phan Thanh', 596),
(23041, 'Xã Hồng Thái', 596),
(23044, 'Xã Phan Hiệp', 596),
(23047, 'Xã Bình Tân', 596),
(23050, 'Xã Phan Rí Thành', 596),
(23053, 'Xã Hòa Thắng', 596),
(23056, 'Xã Hồng Phong', 596),
(23059, 'Thị trấn Ma Lâm', 597),
(23062, 'Thị trấn Phú Long', 597),
(23065, 'Xã La Dạ', 597),
(23068, 'Xã Đông Tiến', 597),
(23071, 'Xã Thuận Hòa', 597),
(23074, 'Xã Đông Giang', 597),
(23077, 'Xã Hàm Phú', 597),
(23080, 'Xã Hồng Liêm', 597),
(23083, 'Xã Thuận Minh', 597),
(23086, 'Xã Hồng Sơn', 597),
(23089, 'Xã Hàm Trí', 597),
(23092, 'Xã Hàm Đức', 597),
(23095, 'Xã Hàm Liêm', 597),
(23098, 'Xã Hàm Chính', 597),
(23101, 'Xã Hàm Hiệp', 597),
(23104, 'Xã Hàm Thắng', 597),
(23107, 'Xã Đa Mi', 597),
(23110, 'Thị trấn Thuận Nam', 598),
(23113, 'Xã Mỹ Thạnh', 598),
(23116, 'Xã Hàm Cần', 598),
(23119, 'Xã Mương Mán', 598),
(23122, 'Xã Hàm Thạnh', 598),
(23125, 'Xã Hàm Kiệm', 598),
(23128, 'Xã Hàm Cường', 598),
(23131, 'Xã Hàm Mỹ', 598),
(23134, 'Xã Tân Lập', 598),
(23137, 'Xã Hàm Minh', 598),
(23140, 'Xã Thuận Quí', 598),
(23143, 'Xã Tân Thuận', 598),
(23146, 'Xã Tân Thành', 598),
(23149, 'Thị trấn Lạc Tánh', 599),
(23152, 'Xã Bắc Ruộng', 599),
(23155, 'Xã Măng Tố', 599),
(23158, 'Xã Nghị Đức', 599),
(23161, 'Xã La Ngâu', 599),
(23164, 'Xã Huy Khiêm', 599),
(23167, 'Xã Đức Tân', 599),
(23170, 'Xã Đức Phú', 599),
(23173, 'Xã Đồng Kho', 599),
(23176, 'Xã Gia An', 599),
(23179, 'Xã Đức Bình', 599),
(23182, 'Xã Gia Huynh', 599),
(23185, 'Xã Đức Thuận', 599),
(23188, 'Xã Suối Kiết', 599),
(23191, 'Thị trấn Võ Xu', 600),
(23194, 'Thị trấn Đức Tài', 600),
(23197, 'Xã Đa Kai', 600),
(23200, 'Xã Sùng Nhơn', 600),
(23203, 'Xã Mê Pu', 600),
(23206, 'Xã Nam Chính', 600),
(23209, 'Xã Đức Chính', 600),
(23212, 'Xã Đức Hạnh', 600),
(23215, 'Xã Đức Tín', 600),
(23218, 'Xã Vũ Hoà', 600),
(23221, 'Xã Tân Hà', 600),
(23224, 'Xã Đông Hà', 600),
(23227, 'Xã Trà Tân', 600),
(23230, 'Thị trấn Tân Minh', 601),
(23231, 'Phường Phước Hội', 594),
(23232, 'Phường Phước Lộc', 594),
(23234, 'Phường Tân Thiện', 594),
(23235, 'Phường Tân An', 594),
(23236, 'Thị trấn Tân Nghĩa', 601),
(23237, 'Phường Bình Tân', 594),
(23239, 'Xã Sông Phan', 601),
(23242, 'Xã Tân Phúc', 601),
(23245, 'Xã Tân Hải', 594),
(23246, 'Xã Tân Tiến', 594),
(23248, 'Xã Tân Bình', 594),
(23251, 'Xã Tân Đức', 601),
(23254, 'Xã Tân Thắng', 601),
(23255, 'Xã Thắng Hải', 601),
(23257, 'Xã Tân Hà', 601),
(23260, 'Xã Tân Xuân', 601),
(23266, 'Xã Sơn Mỹ', 601),
(23268, 'Xã Tân Phước', 594),
(23272, 'Xã Ngũ Phụng', 602),
(23275, 'Xã Long Hải', 602),
(23278, 'Xã Tam Thanh', 602),
(23281, 'Phường Quang Trung', 608),
(23284, 'Phường Duy Tân', 608),
(23287, 'Phường Quyết Thắng', 608),
(23290, 'Phường Trường Chinh', 608),
(23293, 'Phường Thắng Lợi', 608),
(23296, 'Phường Ngô Mây', 608),
(23299, 'Phường Thống Nhất', 608),
(23302, 'Phường Lê Lợi', 608),
(23305, 'Phường Nguyễn Trãi', 608),
(23308, 'Phường Trần Hưng Đạo', 608),
(23311, 'Xã Đắk Cấm', 608),
(23314, 'Xã Kroong', 608),
(23317, 'Xã Ngọk Bay', 608),
(23320, 'Xã Vinh Quang', 608),
(23323, 'Xã Đắk Blà', 608),
(23326, 'Xã Ia Chim', 608),
(23327, 'Xã Đăk Năng', 608),
(23329, 'Xã Đoàn Kết', 608),
(23332, 'Xã Chư Hreng', 608),
(23335, 'Xã Đắk Rơ Wa', 608),
(23338, 'Xã Hòa Bình', 608),
(23341, 'Thị trấn Đắk Glei', 610),
(23344, 'Xã Đắk Plô', 610),
(23347, 'Xã Đắk Man', 610),
(23350, 'Xã Đắk Nhoong', 610),
(23353, 'Xã Đắk Pék', 610),
(23356, 'Xã Đắk Choong', 610),
(23359, 'Xã Xốp', 610),
(23362, 'Xã Mường Hoong', 610),
(23365, 'Xã Ngọc Linh', 610),
(23368, 'Xã Đắk Long', 610),
(23371, 'Xã Đắk KRoong', 610),
(23374, 'Xã Đắk Môn', 610),
(23377, 'Thị trấn Plei Cần', 611),
(23380, 'Xã Đắk Ang', 611),
(23383, 'Xã Đắk Dục', 611),
(23386, 'Xã Đắk Nông', 611),
(23389, 'Xã Đắk Xú', 611),
(23392, 'Xã Đắk Kan', 611),
(23395, 'Xã Pờ Y', 611),
(23398, 'Xã Sa Loong', 611),
(23401, 'Thị trấn Đắk Tô', 612),
(23404, 'Xã Ngọk Lây', 617),
(23407, 'Xã Đắk Na', 617),
(23410, 'Xã Măng Ri', 617),
(23413, 'Xã Ngok Yêu', 617),
(23416, 'Xã Đắk Sao', 617),
(23417, 'Xã Đắk Rơ Ông', 617),
(23419, 'Xã Đắk Tơ Kan', 617),
(23422, 'Xã Tu Mơ Rông', 617),
(23425, 'Xã Đắk Hà', 617),
(23427, 'Xã Đắk Rơ Nga', 612),
(23428, 'Xã Ngọk Tụ', 612),
(23430, 'Xã Đắk Trăm', 612),
(23431, 'Xã Văn Lem', 612),
(23434, 'Xã Kon Đào', 612),
(23437, 'Xã Tân Cảnh', 612),
(23440, 'Xã Diên Bình', 612),
(23443, 'Xã Pô Kô', 612),
(23446, 'Xã Tê Xăng', 617),
(23449, 'Xã Văn Xuôi', 617),
(23452, 'Xã Đắk Nên', 613),
(23455, 'Xã Đắk Ring', 613),
(23458, 'Xã Măng Buk', 613),
(23461, 'Xã Đắk Tăng', 613),
(23464, 'Xã Ngok Tem', 613),
(23467, 'Xã Pờ Ê', 613),
(23470, 'Xã Măng Cành', 613),
(23473, 'Xã Đắk Long', 613),
(23476, 'Xã Hiếu', 613),
(23479, 'Thị trấn Đắk Rve', 614),
(23482, 'Xã Đắk Kôi', 614),
(23485, 'Xã Đắk Tơ Lung', 614),
(23488, 'Xã Đắk Ruồng', 614),
(23491, 'Xã Đắk Pne', 614),
(23494, 'Xã Đắk Tờ Re', 614),
(23497, 'Xã Tân Lập', 614),
(23500, 'Thị trấn Đắk Hà', 615),
(23503, 'Xã Đắk PXi', 615),
(23504, 'Xã Đăk Long', 615),
(23506, 'Xã Đắk HRing', 615),
(23509, 'Xã Đắk Ui', 615),
(23510, 'Xã Đăk Ngọk', 615),
(23512, 'Xã Đắk Mar', 615),
(23515, 'Xã Ngok Wang', 615),
(23518, 'Xã Ngok Réo', 615),
(23521, 'Xã Hà Mòn', 615),
(23524, 'Xã Đắk La', 615),
(23527, 'Thị trấn Sa Thầy', 616),
(23530, 'Xã Rơ Kơi', 616),
(23533, 'Xã Sa Nhơn', 616),
(23534, 'Xã Hơ Moong', 616),
(23535, 'Xã Ia Dal', 618),
(23536, 'Xã Mô Rai', 616),
(23537, 'Xã Ia Dom', 618),
(23538, 'Xã Ia Tơi', 618),
(23539, 'Xã Sa Sơn', 616),
(23542, 'Xã Sa Nghĩa', 616),
(23545, 'Xã Sa Bình', 616),
(23548, 'Xã Ya Xiêr', 616),
(23551, 'Xã Ya Tăng', 616),
(23554, 'Xã Ya ly', 616),
(23557, 'Phường Yên Đỗ', 622),
(23560, 'Phường Diên Hồng', 622),
(23563, 'Phường Ia Kring', 622),
(23566, 'Phường Hội Thương', 622),
(23569, 'Phường Hội Phú', 622),
(23570, 'Phường Phù Đổng', 622),
(23572, 'Phường Hoa Lư', 622),
(23575, 'Phường Tây Sơn', 622),
(23578, 'Phường Thống Nhất', 622),
(23579, 'Phường Đống Đa', 622),
(23581, 'Phường Trà Bá', 622),
(23582, 'Phường Thắng Lợi', 622),
(23584, 'Phường Yên Thế', 622),
(23586, 'Phường Chi Lăng', 622),
(23587, 'Xã Chư HDrông', 622),
(23590, 'Xã Biển Hồ', 622),
(23593, 'Xã Tân Sơn', 622),
(23596, 'Xã Trà Đa', 622),
(23599, 'Xã Chư Á', 622),
(23602, 'Xã An Phú', 622),
(23605, 'Xã Diên Phú', 622),
(23608, 'Xã Ia Kênh', 622),
(23611, 'Xã Gào', 622),
(23614, 'Phường An Bình', 623),
(23617, 'Phường Tây Sơn', 623),
(23620, 'Phường An Phú', 623),
(23623, 'Phường An Tân', 623),
(23626, 'Xã Tú An', 623),
(23627, 'Xã Xuân An', 623),
(23629, 'Xã Cửu An', 623),
(23630, 'Phường An Phước', 623),
(23632, 'Xã Song An', 623),
(23633, 'Phường Ngô Mây', 623),
(23635, 'Xã Thành An', 623),
(23638, 'Thị trấn KBang', 625),
(23641, 'Xã Kon Pne', 625),
(23644, 'Xã Đăk Roong', 625),
(23647, 'Xã Sơn Lang', 625),
(23650, 'Xã KRong', 625),
(23653, 'Xã Sơ Pai', 625),
(23656, 'Xã Lơ Ku', 625),
(23659, 'Xã Đông', 625),
(23660, 'Xã Đak SMar', 625),
(23662, 'Xã Nghĩa An', 625),
(23665, 'Xã Tơ Tung', 625),
(23668, 'Xã Kông Lơng Khơng', 625),
(23671, 'Xã Kông Pla', 625),
(23674, 'Xã Đăk HLơ', 625),
(23677, 'Thị trấn Đăk Đoa', 626),
(23680, 'Xã Hà Đông', 626),
(23683, 'Xã Đăk Sơmei', 626),
(23684, 'Xã Đăk Krong', 626),
(23686, 'Xã Hải Yang', 626),
(23689, 'Xã Kon Gang', 626),
(23692, 'Xã Hà Bầu', 626),
(23695, 'Xã Nam Yang', 626),
(23698, 'Xã K\' Dang', 626),
(23701, 'Xã H\' Neng', 626),
(23704, 'Xã Tân Bình', 626),
(23707, 'Xã Glar', 626),
(23710, 'Xã A Dơk', 626),
(23713, 'Xã Trang', 626),
(23714, 'Xã HNol', 626),
(23716, 'Xã Ia Pết', 626),
(23719, 'Xã Ia Băng', 626),
(23722, 'Thị trấn Phú Hòa', 627),
(23725, 'Xã Hà Tây', 627),
(23728, 'Xã Ia Khươl', 627),
(23731, 'Xã Ia Phí', 627),
(23734, 'Thị trấn Ia Ly', 627),
(23737, 'Xã Ia Mơ Nông', 627),
(23738, 'Xã Ia Kreng', 627),
(23740, 'Xã Đăk Tơ Ver', 627),
(23743, 'Xã Hòa Phú', 627),
(23746, 'Xã Chư Đăng Ya', 627),
(23749, 'Xã Ia Ka', 627),
(23752, 'Xã Ia Nhin', 627),
(23755, 'Xã Nghĩa Hòa', 627),
(23758, 'Xã Chư Jôr', 627),
(23761, 'Xã Nghĩa Hưng', 627),
(23764, 'Thị trấn Ia Kha', 628),
(23767, 'Xã Ia Sao', 628),
(23768, 'Xã Ia Yok', 628),
(23770, 'Xã Ia Hrung', 628),
(23771, 'Xã Ia Bă', 628),
(23773, 'Xã Ia Khai', 628),
(23776, 'Xã Ia KRai', 628),
(23778, 'Xã Ia Grăng', 628),
(23779, 'Xã Ia Tô', 628),
(23782, 'Xã Ia O', 628),
(23785, 'Xã Ia Dêr', 628),
(23788, 'Xã Ia Chia', 628),
(23791, 'Xã Ia Pếch', 628),
(23794, 'Thị trấn Kon Dơng', 629),
(23797, 'Xã Ayun', 629),
(23798, 'Xã Đak Jơ Ta', 629),
(23799, 'Xã Đak Ta Ley', 629),
(23800, 'Xã Hà Ra', 629),
(23803, 'Xã Đăk Yă', 629),
(23806, 'Xã Đăk Djrăng', 629),
(23809, 'Xã Lơ Pang', 629),
(23812, 'Xã Kon Thụp', 629),
(23815, 'Xã Đê Ar', 629),
(23818, 'Xã Kon Chiêng', 629),
(23821, 'Xã Đăk Trôi', 629),
(23824, 'Thị trấn Kông Chro', 630),
(23827, 'Xã Chư Krêy', 630),
(23830, 'Xã An Trung', 630),
(23833, 'Xã Kông Yang', 630),
(23836, 'Xã Đăk Tơ Pang', 630),
(23839, 'Xã SRó', 630),
(23840, 'Xã Đắk Kơ Ning', 630),
(23842, 'Xã Đăk Song', 630),
(23843, 'Xã Đăk Pling', 630),
(23845, 'Xã Yang Trung', 630),
(23846, 'Xã Đăk Pơ Pho', 630),
(23848, 'Xã Ya Ma', 630),
(23851, 'Xã Chơ Long', 630),
(23854, 'Xã Yang Nam', 630),
(23857, 'Thị trấn Chư Ty', 631),
(23860, 'Xã Ia Dơk', 631),
(23863, 'Xã Ia Krêl', 631),
(23866, 'Xã Ia Din', 631),
(23869, 'Xã Ia Kla', 631),
(23872, 'Xã Ia Dom', 631),
(23875, 'Xã Ia Lang', 631),
(23878, 'Xã Ia Kriêng', 631),
(23881, 'Xã Ia Pnôn', 631),
(23884, 'Xã Ia Nan', 631),
(23887, 'Thị trấn Chư Prông', 632),
(23888, 'Xã Ia Kly', 632),
(23890, 'Xã Bình Giáo', 632),
(23893, 'Xã Ia Drăng', 632),
(23896, 'Xã Thăng Hưng', 632),
(23899, 'Xã Bàu Cạn', 632),
(23902, 'Xã Ia Phìn', 632),
(23905, 'Xã Ia Băng', 632),
(23908, 'Xã Ia Tôr', 632),
(23911, 'Xã Ia Boòng', 632),
(23914, 'Xã Ia O', 632),
(23917, 'Xã Ia Púch', 632),
(23920, 'Xã Ia Me', 632),
(23923, 'Xã Ia Vê', 632),
(23924, 'Xã Ia Bang', 632),
(23926, 'Xã Ia Pia', 632),
(23929, 'Xã Ia Ga', 632),
(23932, 'Xã Ia Lâu', 632),
(23935, 'Xã Ia Piơr', 632),
(23938, 'Xã Ia Mơ', 632),
(23941, 'Thị trấn Chư Sê', 633),
(23942, 'Thị trấn Nhơn Hoà', 639),
(23944, 'Xã Ia Tiêm', 633),
(23945, 'Xã Chư Pơng', 633),
(23946, 'Xã Bar Măih', 633),
(23947, 'Xã Bờ Ngoong', 633),
(23950, 'Xã Ia Glai', 633),
(23953, 'Xã AL Bá', 633),
(23954, 'Xã Kông HTok', 633),
(23956, 'Xã AYun', 633),
(23959, 'Xã Ia HLốp', 633),
(23962, 'Xã Ia Blang', 633),
(23965, 'Xã Dun', 633),
(23966, 'Xã Ia Pal', 633),
(23968, 'Xã H Bông', 633),
(23971, 'Xã Ia Hrú', 639),
(23972, 'Xã Ia Rong', 639),
(23974, 'Xã Ia Dreng', 639),
(23977, 'Xã Ia Ko', 633),
(23978, 'Xã Ia Hla', 639),
(23980, 'Xã Chư Don', 639),
(23983, 'Xã Ia Phang', 639),
(23986, 'Xã Ia Le', 639),
(23987, 'Xã Ia BLứ', 639),
(23989, 'Xã Hà Tam', 634),
(23992, 'Xã An Thành', 634),
(23995, 'Thị trấn Đak Pơ', 634),
(23998, 'Xã Yang Bắc', 634),
(24001, 'Xã Cư An', 634),
(24004, 'Xã Tân An', 634),
(24007, 'Xã Phú An', 634),
(24010, 'Xã Ya Hội', 634),
(24013, 'Xã Pờ Tó', 635),
(24016, 'Xã Chư Răng', 635),
(24019, 'Xã Ia KDăm', 635),
(24022, 'Xã Kim Tân', 635),
(24025, 'Xã Chư Mố', 635),
(24028, 'Xã Ia Tul', 635),
(24031, 'Xã Ia Ma Rơn', 635),
(24034, 'Xã Ia Broăi', 635),
(24037, 'Xã Ia Trok', 635),
(24041, 'Phường Cheo Reo', 624),
(24042, 'Phường Hòa Bình', 624),
(24043, 'Thị trấn Phú Thiện', 638),
(24044, 'Phường Đoàn Kết', 624),
(24045, 'Phường Sông Bờ', 624),
(24046, 'Xã Chư A Thai', 638),
(24048, 'Xã Ayun Hạ', 638),
(24049, 'Xã Ia Ake', 638),
(24052, 'Xã Ia Sol', 638),
(24055, 'Xã Ia Piar', 638),
(24058, 'Xã Ia Peng', 638),
(24060, 'Xã Chrôh Pơnan', 638),
(24061, 'Xã Ia Hiao', 638),
(24064, 'Xã Ia RBol', 624),
(24065, 'Xã Chư Băh', 624),
(24067, 'Xã Ia Yeng', 638),
(24070, 'Xã Ia RTô', 624),
(24073, 'Xã Ia Sao', 624),
(24076, 'Thị trấn Phú Túc', 637),
(24079, 'Xã Ia RSai', 637),
(24082, 'Xã Ia RSươm', 637),
(24085, 'Xã Chư Gu', 637),
(24088, 'Xã Đất Bằng', 637),
(24091, 'Xã Ia Mláh', 637),
(24094, 'Xã Chư Drăng', 637),
(24097, 'Xã Phú Cần', 637),
(24100, 'Xã Ia HDreh', 637),
(24103, 'Xã Ia RMok', 637),
(24106, 'Xã Chư Ngọc', 637),
(24109, 'Xã Uar', 637),
(24112, 'Xã Chư Rcăm', 637),
(24115, 'Xã Krông Năng', 637),
(24118, 'Phường Tân Lập', 643),
(24121, 'Phường Tân Hòa', 643),
(24124, 'Phường Tân An', 643),
(24127, 'Phường Thống Nhất', 643),
(24130, 'Phường Thành Nhất', 643),
(24133, 'Phường Thắng Lợi', 643),
(24136, 'Phường Tân Lợi', 643),
(24139, 'Phường Thành Công', 643),
(24142, 'Phường Tân Thành', 643),
(24145, 'Phường Tân Tiến', 643),
(24148, 'Phường Tự An', 643),
(24151, 'Phường Ea Tam', 643),
(24154, 'Phường Khánh Xuân', 643),
(24157, 'Xã Hòa Thuận', 643),
(24160, 'Xã Cư ÊBur', 643),
(24163, 'Xã Ea Tu', 643),
(24166, 'Xã Hòa Thắng', 643),
(24169, 'Xã Ea Kao', 643),
(24172, 'Xã Hòa Phú', 643),
(24175, 'Xã Hòa Khánh', 643),
(24178, 'Xã Hòa Xuân', 643),
(24181, 'Thị trấn Ea Drăng', 645),
(24184, 'Xã Ea H\'leo', 645),
(24187, 'Xã Ea Sol', 645),
(24190, 'Xã Ea Ral', 645),
(24193, 'Xã Ea Wy', 645),
(24194, 'Xã Cư A Mung', 645),
(24196, 'Xã Cư Mốt', 645),
(24199, 'Xã Ea Hiao', 645),
(24202, 'Xã Ea Khal', 645),
(24205, 'Xã Dlê Yang', 645),
(24207, 'Xã Ea Tir', 645),
(24208, 'Xã Ea Nam', 645),
(24211, 'Thị trấn Ea Súp', 646),
(24214, 'Xã Ia Lốp', 646),
(24215, 'Xã Ia JLơi', 646),
(24217, 'Xã Ea Rốk', 646),
(24220, 'Xã Ya Tờ Mốt', 646),
(24221, 'Xã Ia RVê', 646),
(24223, 'Xã Ea Lê', 646),
(24226, 'Xã Cư KBang', 646),
(24229, 'Xã Ea Bung', 646),
(24232, 'Xã Cư M\'Lan', 646),
(24235, 'Xã Krông Na', 647),
(24238, 'Xã Ea Huar', 647),
(24241, 'Xã Ea Wer', 647),
(24244, 'Xã Tân Hoà', 647),
(24247, 'Xã Cuôr KNia', 647),
(24250, 'Xã Ea Bar', 647),
(24253, 'Xã Ea Nuôl', 647),
(24256, 'Thị trấn Ea Pốk', 648),
(24259, 'Thị trấn Quảng Phú', 648),
(24262, 'Xã Quảng Tiến', 648),
(24264, 'Xã Ea Kuêh', 648),
(24265, 'Xã Ea Kiết', 648),
(24268, 'Xã Ea Tar', 648),
(24271, 'Xã Cư Dliê M\'nông', 648),
(24274, 'Xã Ea H\'đinh', 648),
(24277, 'Xã Ea Tul', 648),
(24280, 'Xã Ea KPam', 648),
(24283, 'Xã Ea M\'DRóh', 648),
(24286, 'Xã Quảng Hiệp', 648),
(24289, 'Xã Cư M\'gar', 648),
(24292, 'Xã Ea D\'Rơng', 648),
(24295, 'Xã Ea M\'nang', 648),
(24298, 'Xã Cư Suê', 648),
(24301, 'Xã Cuor Đăng', 648),
(24305, 'Phường An Lạc', 644),
(24307, 'Xã Cư Né', 649),
(24308, 'Phường An Bình', 644),
(24310, 'Xã Chư KBô', 649),
(24311, 'Phường Thiện An', 644),
(24313, 'Xã Cư Pơng', 649),
(24314, 'Xã Ea Sin', 649),
(24316, 'Xã Pơng Drang', 649),
(24317, 'Xã Tân Lập', 649),
(24318, 'Phường Đạt Hiếu', 644),
(24319, 'Xã Ea Ngai', 649),
(24322, 'Phường Đoàn Kết', 644),
(24325, 'Xã Ea Blang', 644),
(24328, 'Xã Ea Drông', 644),
(24331, 'Phường Thống Nhất', 644),
(24332, 'Phường Bình Tân', 644),
(24334, 'Xã Ea Siên', 644),
(24337, 'Xã Bình Thuận', 644),
(24340, 'Xã Cư Bao', 644),
(24343, 'Thị trấn Krông Năng', 650),
(24346, 'Xã ĐLiê Ya', 650),
(24349, 'Xã Ea Tóh', 650),
(24352, 'Xã Ea Tam', 650),
(24355, 'Xã Phú Lộc', 650),
(24358, 'Xã Tam Giang', 650),
(24359, 'Xã Ea Puk', 650),
(24360, 'Xã Ea Dăh', 650),
(24361, 'Xã Ea Hồ', 650),
(24364, 'Xã Phú Xuân', 650),
(24367, 'Xã Cư Klông', 650),
(24370, 'Xã Ea Tân', 650),
(24373, 'Thị trấn Ea Kar', 651),
(24376, 'Thị trấn Ea Knốp', 651),
(24379, 'Xã Ea Sô', 651),
(24380, 'Xã Ea Sar', 651),
(24382, 'Xã Xuân Phú', 651),
(24385, 'Xã Cư Huê', 651),
(24388, 'Xã Ea Tih', 651),
(24391, 'Xã Ea Đar', 651),
(24394, 'Xã Ea Kmút', 651),
(24397, 'Xã Cư Ni', 651),
(24400, 'Xã Ea Păl', 651),
(24401, 'Xã Cư Prông', 651),
(24403, 'Xã Ea Ô', 651),
(24404, 'Xã Cư ELang', 651),
(24406, 'Xã Cư Bông', 651),
(24409, 'Xã Cư Jang', 651),
(24412, 'Thị trấn M\'Đrắk', 652),
(24415, 'Xã Cư Prao', 652),
(24418, 'Xã Ea Pil', 652),
(24421, 'Xã Ea Lai', 652),
(24424, 'Xã Ea H\'MLay', 652),
(24427, 'Xã Krông Jing', 652),
(24430, 'Xã Ea M\' Doal', 652),
(24433, 'Xã Ea Riêng', 652),
(24436, 'Xã Cư M\'ta', 652),
(24439, 'Xã Cư K Róa', 652),
(24442, 'Xã Krông Á', 652),
(24444, 'Xã Cư San', 652),
(24445, 'Xã Ea Trang', 652),
(24448, 'Thị trấn Krông Kmar', 653),
(24451, 'Xã Dang Kang', 653),
(24454, 'Xã Cư KTy', 653),
(24457, 'Xã Hòa Thành', 653),
(24460, 'Xã Hòa Tân', 653),
(24463, 'Xã Hòa Phong', 653),
(24466, 'Xã Hòa Lễ', 653),
(24469, 'Xã Yang Reh', 653),
(24472, 'Xã Ea Trul', 653),
(24475, 'Xã Khuê Ngọc Điền', 653),
(24478, 'Xã Cư Pui', 653),
(24481, 'Xã Hòa Sơn', 653),
(24484, 'Xã Cư Drăm', 653),
(24487, 'Xã Yang Mao', 653),
(24490, 'Thị trấn Phước An', 654),
(24493, 'Xã KRông Búk', 654),
(24496, 'Xã Ea Kly', 654),
(24499, 'Xã Ea Kênh', 654),
(24502, 'Xã Ea Phê', 654),
(24505, 'Xã Ea KNuec', 654),
(24508, 'Xã Ea Yông', 654),
(24511, 'Xã Hòa An', 654),
(24514, 'Xã Ea Kuăng', 654),
(24517, 'Xã Hòa Đông', 654),
(24520, 'Xã Ea Hiu', 654),
(24523, 'Xã Hòa Tiến', 654),
(24526, 'Xã Tân Tiến', 654),
(24529, 'Xã Vụ Bổn', 654),
(24532, 'Xã Ea Uy', 654),
(24535, 'Xã Ea Yiêng', 654),
(24538, 'Thị trấn Buôn Trấp', 655),
(24540, 'Xã Ea Ning', 657),
(24541, 'Xã Cư Ê Wi', 657),
(24544, 'Xã Ea Ktur', 657),
(24547, 'Xã Ea Tiêu', 657),
(24550, 'Xã Ea BHốk', 657),
(24553, 'Xã Ea Hu', 657),
(24556, 'Xã Dray Sáp', 655),
(24559, 'Xã Ea Na', 655),
(24561, 'Xã Dray Bhăng', 657),
(24562, 'Xã Hòa Hiệp', 657),
(24565, 'Xã Ea Bông', 655),
(24568, 'Xã Băng A Drênh', 655),
(24571, 'Xã Dur KMăl', 655),
(24574, 'Xã Bình Hòa', 655),
(24577, 'Xã Quảng Điền', 655),
(24580, 'Thị trấn Liên Sơn', 656),
(24583, 'Xã Yang Tao', 656),
(24586, 'Xã Bông Krang', 656),
(24589, 'Xã Đắk Liêng', 656),
(24592, 'Xã Buôn Triết', 656),
(24595, 'Xã Buôn Tría', 656),
(24598, 'Xã Đắk Phơi', 656),
(24601, 'Xã Đắk Nuê', 656),
(24604, 'Xã Krông Nô', 656),
(24607, 'Xã Nam Ka', 656),
(24610, 'Xã Ea R\'Bin', 656),
(24611, 'Phường Nghĩa Đức', 660),
(24612, 'Phường Nghĩa Thành', 660),
(24614, 'Phường Nghĩa Phú', 660),
(24615, 'Phường Nghĩa Tân', 660),
(24616, 'Xã Quảng Sơn', 661),
(24617, 'Phường Nghĩa Trung', 660),
(24618, 'Xã Đăk R\'Moan', 660),
(24619, 'Xã Quảng Thành', 660),
(24620, 'Xã Quảng Hoà', 661),
(24622, 'Xã Đắk Ha', 661),
(24625, 'Xã Đắk R\'Măng', 661),
(24628, 'Xã Đắk Nia', 660),
(24631, 'Xã Quảng Khê', 661),
(24634, 'Xã Đắk Plao', 661),
(24637, 'Xã Đắk Som', 661),
(24640, 'Thị trấn Ea T\'Ling', 662),
(24643, 'Xã Đắk Wil', 662),
(24646, 'Xã Ea Pô', 662),
(24649, 'Xã Nam Dong', 662),
(24652, 'Xã Đắk DRông', 662),
(24655, 'Xã Tâm Thắng', 662),
(24658, 'Xã Cư Knia', 662),
(24661, 'Xã Trúc Sơn', 662),
(24664, 'Thị trấn Đắk Mil', 663),
(24667, 'Xã  Đắk Lao', 663),
(24670, 'Xã Đắk R\'La', 663),
(24673, 'Xã Đắk Gằn', 663),
(24676, 'Xã Đức Mạnh', 663),
(24677, 'Xã Đắk N\'Drót', 663),
(24678, 'Xã Long Sơn', 663),
(24679, 'Xã Đắk Sắk', 663),
(24682, 'Xã Thuận An', 663),
(24685, 'Xã Đức Minh', 663),
(24688, 'Thị trấn Đắk Mâm', 664),
(24691, 'Xã Đắk Sôr', 664),
(24692, 'Xã Nam Xuân', 664),
(24694, 'Xã Buôn Choah', 664),
(24697, 'Xã Nam Đà', 664),
(24699, 'Xã Tân Thành', 664),
(24700, 'Xã Đắk Drô', 664),
(24703, 'Xã Nâm Nung', 664),
(24706, 'Xã Đức Xuyên', 664),
(24709, 'Xã Đắk Nang', 664),
(24712, 'Xã Quảng Phú', 664),
(24715, 'Xã Nâm N\'Đir', 664),
(24717, 'Thị trấn Đức An', 665),
(24718, 'Xã Đắk Môl', 665),
(24719, 'Xã Đắk Hòa', 665),
(24721, 'Xã Nam Bình', 665),
(24722, 'Xã Thuận Hà', 665),
(24724, 'Xã Thuận Hạnh', 665),
(24727, 'Xã Đắk N\'Dung', 665),
(24728, 'Xã Nâm N\'Jang', 665),
(24730, 'Xã Trường Xuân', 665),
(24733, 'Thị trấn Kiến Đức', 666),
(24736, 'Xã Quảng Trực', 667),
(24739, 'Xã Đắk Búk So', 667),
(24740, 'Xã Quảng Tâm', 667),
(24742, 'Xã Đắk R\'Tíh', 667),
(24745, 'Xã Quảng Tín', 666),
(24746, 'Xã Đắk Ngo', 667),
(24748, 'Xã Quảng Tân', 667),
(24750, 'Xã Đắk Wer', 666),
(24751, 'Xã Nhân Cơ', 666),
(24754, 'Xã Kiến Thành', 666),
(24756, 'Xã Nghĩa Thắng', 666),
(24757, 'Xã Đạo Nghĩa', 666),
(24760, 'Xã Đắk Sin', 666),
(24761, 'Xã Hưng Bình', 666),
(24763, 'Xã Đắk Ru', 666),
(24766, 'Xã Nhân Đạo', 666),
(24769, 'Phường 7', 672),
(24772, 'Phường 8', 672),
(24775, 'Phường 12', 672),
(24778, 'Phường 9', 672),
(24781, 'Phường 2', 672),
(24784, 'Phường 1', 672),
(24787, 'Phường 6', 672),
(24790, 'Phường 5', 672),
(24793, 'Phường 4', 672),
(24796, 'Phường 10', 672),
(24799, 'Phường 11', 672),
(24802, 'Phường 3', 672),
(24805, 'Xã Xuân Thọ', 672),
(24808, 'Xã Tà Nung', 672),
(24810, 'Xã Trạm Hành', 672),
(24811, 'Xã Xuân Trường', 672),
(24814, 'Phường Lộc Phát', 673),
(24817, 'Phường Lộc Tiến', 673),
(24820, 'Phường 2', 673),
(24823, 'Phường 1', 673),
(24826, 'Phường B\'lao', 673),
(24829, 'Phường Lộc Sơn', 673),
(24832, 'Xã Đạm Bri', 673),
(24835, 'Xã Lộc Thanh', 673),
(24838, 'Xã Lộc Nga', 673),
(24841, 'Xã Lộc Châu', 673),
(24844, 'Xã Đại Lào', 673),
(24846, 'Thị trấn Lạc Dương', 675),
(24847, 'Xã Đạ Chais', 675),
(24848, 'Xã Đạ Nhim', 675),
(24850, 'Xã Đưng KNớ', 675),
(24853, 'Xã Đạ Tông', 674),
(24856, 'Xã Đạ Long', 674),
(24859, 'Xã Đạ M\' Rong', 674),
(24862, 'Xã Lát', 675),
(24865, 'Xã Đạ Sar', 675),
(24868, 'Thị trấn Nam Ban', 676),
(24871, 'Thị trấn Đinh Văn', 676),
(24874, 'Xã Liêng Srônh', 674),
(24875, 'Xã Đạ Rsal', 674),
(24877, 'Xã Rô Men', 674),
(24880, 'Xã Phú Sơn', 676),
(24883, 'Xã Phi Tô', 676),
(24886, 'Xã Phi Liêng', 674),
(24889, 'Xã Đạ K\' Nàng', 674),
(24892, 'Xã Mê Linh', 676),
(24895, 'Xã Đạ Đờn', 676),
(24898, 'Xã Phúc Thọ', 676),
(24901, 'Xã Đông Thanh', 676),
(24904, 'Xã Gia Lâm', 676),
(24907, 'Xã Tân Thanh', 676),
(24910, 'Xã Tân Văn', 676),
(24913, 'Xã Hoài Đức', 676),
(24916, 'Xã Tân Hà', 676),
(24919, 'Xã Liên Hà', 676),
(24922, 'Xã Đan Phượng', 676),
(24925, 'Xã Nam Hà', 676),
(24928, 'Thị trấn D\'Ran', 677),
(24931, 'Thị trấn Thạnh Mỹ', 677),
(24934, 'Xã Lạc Xuân', 677),
(24937, 'Xã Đạ Ròn', 677),
(24940, 'Xã Lạc Lâm', 677),
(24943, 'Xã Ka Đô', 677),
(24946, 'Xã Quảng Lập', 677),
(24949, 'Xã Ka Đơn', 677),
(24952, 'Xã Tu Tra', 677),
(24955, 'Xã Pró', 677),
(24958, 'Thị trấn Liên Nghĩa', 678),
(24961, 'Xã Hiệp An', 678),
(24964, 'Xã Liên Hiệp', 678),
(24967, 'Xã Hiệp Thạnh', 678),
(24970, 'Xã Bình Thạnh', 678),
(24973, 'Xã N\'Thol Hạ', 678),
(24976, 'Xã Tân Hội', 678),
(24979, 'Xã Tân Thành', 678),
(24982, 'Xã Phú Hội', 678),
(24985, 'Xã Ninh Gia', 678),
(24988, 'Xã Tà Năng', 678),
(24989, 'Xã Đa Quyn', 678),
(24991, 'Xã Tà Hine', 678),
(24994, 'Xã Đà Loan', 678),
(24997, 'Xã Ninh Loan', 678),
(25000, 'Thị trấn Di Linh', 679),
(25003, 'Xã Đinh Trang Thượng', 679),
(25006, 'Xã Tân Thượng', 679),
(25007, 'Xã Tân Lâm', 679),
(25009, 'Xã Tân Châu', 679),
(25012, 'Xã Tân Nghĩa', 679),
(25015, 'Xã Gia Hiệp', 679),
(25018, 'Xã Đinh Lạc', 679),
(25021, 'Xã Tam Bố', 679),
(25024, 'Xã Đinh Trang Hòa', 679),
(25027, 'Xã Liên Đầm', 679),
(25030, 'Xã Gung Ré', 679),
(25033, 'Xã Bảo Thuận', 679),
(25036, 'Xã Hòa Ninh', 679),
(25039, 'Xã Hòa Trung', 679),
(25042, 'Xã Hòa Nam', 679),
(25045, 'Xã Hòa Bắc', 679),
(25048, 'Xã Sơn Điền', 679),
(25051, 'Xã Gia Bắc', 679),
(25054, 'Thị trấn Lộc Thắng', 680),
(25057, 'Xã Lộc Bảo', 680),
(25060, 'Xã Lộc Lâm', 680),
(25063, 'Xã Lộc Phú', 680),
(25066, 'Xã Lộc Bắc', 680),
(25069, 'Xã B\' Lá', 680),
(25072, 'Xã Lộc Ngãi', 680),
(25075, 'Xã Lộc Quảng', 680),
(25078, 'Xã Lộc Tân', 680),
(25081, 'Xã Lộc Đức', 680),
(25084, 'Xã Lộc An', 680),
(25087, 'Xã Tân Lạc', 680),
(25090, 'Xã Lộc Thành', 680),
(25093, 'Xã Lộc Nam', 680),
(25096, 'Thị trấn Đạ M\'ri', 681),
(25099, 'Thị trấn Ma Đa Guôi', 681),
(25102, 'Xã Đạ M\'ri', 681),
(25105, 'Xã Hà Lâm', 681),
(25108, 'Xã Đạ Tồn', 681),
(25111, 'Xã Đạ Oai', 681),
(25114, 'Xã Đạ Ploa', 681),
(25117, 'Xã Ma Đa Guôi', 681),
(25120, 'Xã Đoàn Kết', 681),
(25123, 'Xã Phước Lộc', 681),
(25126, 'Thị trấn Đạ Tẻh', 682),
(25129, 'Xã An Nhơn', 682),
(25132, 'Xã Quốc Oai', 682),
(25135, 'Xã Mỹ Đức', 682),
(25138, 'Xã Quảng Trị', 682),
(25141, 'Xã Đạ Lây', 682),
(25144, 'Xã Hương Lâm', 682),
(25147, 'Xã Triệu Hải', 682),
(25150, 'Xã Hà Đông', 682),
(25153, 'Xã Đạ Kho', 682),
(25156, 'Xã Đạ Pal', 682),
(25159, 'Thị trấn Cát Tiên', 683),
(25162, 'Xã Tiên Hoàng', 683),
(25165, 'Xã Phước Cát 2', 683),
(25168, 'Xã Gia Viễn', 683),
(25171, 'Xã Nam Ninh', 683),
(25174, 'Xã Mỹ Lâm', 683),
(25177, 'Xã Tư Nghĩa', 683),
(25180, 'Xã Phước Cát 1', 683),
(25183, 'Xã Đức Phổ', 683),
(25189, 'Xã Quảng Ngãi', 683),
(25192, 'Xã Đồng Nai Thượng', 683),
(25195, 'Phường Tân Phú', 689),
(25198, 'Phường Tân Đồng', 689),
(25201, 'Phường Tân Bình', 689),
(25204, 'Phường Tân Xuân', 689),
(25205, 'Phường Tân Thiện', 689),
(25207, 'Xã Tân Thành', 689),
(25210, 'Xã Tiến Thành', 689),
(25213, 'Xã Tiến Hưng', 689),
(25216, 'Phường Thác Mơ', 688),
(25217, 'Phường Long Thủy', 688),
(25219, 'Phường Phước Bình', 688),
(25220, 'Phường Long Phước', 688),
(25222, 'Xã Bù Gia Mập', 691),
(25225, 'Xã Đak Ơ', 691),
(25228, 'Xã Đức Hạnh', 691),
(25229, 'Xã Phú Văn', 691),
(25231, 'Xã Đa Kia', 691),
(25232, 'Xã Phước Minh', 691),
(25234, 'Xã Bình Thắng', 691),
(25237, 'Phường Sơn Giang', 688),
(25240, 'Xã Long Bình', 698),
(25243, 'Xã Bình Tân', 698),
(25244, 'Xã Bình Sơn', 698),
(25245, 'Xã Long Giang', 688),
(25246, 'Xã Long Hưng', 698),
(25249, 'Xã Phước Tín', 688),
(25250, 'Xã Phước Tân', 698),
(25252, 'Xã Bù Nho', 698),
(25255, 'Xã Long Hà', 698),
(25258, 'Xã Long Tân', 698),
(25261, 'Xã Phú Trung', 698),
(25264, 'Xã Phú Riềng', 698),
(25267, 'Xã Phú Nghĩa', 691),
(25270, 'Thị trấn Lộc Ninh', 692),
(25273, 'Xã Lộc Hòa', 692),
(25276, 'Xã Lộc An', 692),
(25279, 'Xã Lộc Tấn', 692),
(25280, 'Xã Lộc Thạnh', 692),
(25282, 'Xã Lộc Hiệp', 692),
(25285, 'Xã Lộc Thiện', 692),
(25288, 'Xã Lộc Thuận', 692),
(25291, 'Xã Lộc Quang', 692),
(25292, 'Xã Lộc Phú', 692),
(25294, 'Xã Lộc Thành', 692),
(25297, 'Xã Lộc Thái', 692),
(25300, 'Xã Lộc Điền', 692),
(25303, 'Xã Lộc Hưng', 692),
(25305, 'Xã Lộc Thịnh', 692),
(25306, 'Xã Lộc Khánh', 692),
(25308, 'Thị trấn Thanh Bình', 693),
(25309, 'Xã Hưng Phước', 693),
(25310, 'Xã Phước Thiện', 693),
(25312, 'Xã Thiện Hưng', 693),
(25315, 'Xã Thanh Hòa', 693),
(25318, 'Xã Tân Thành', 693),
(25320, 'Phường Hưng Chiến', 690),
(25321, 'Xã Tân Tiến', 693),
(25324, 'Phường An Lộc', 690),
(25325, 'Phường Phú Thịnh', 690),
(25326, 'Phường Phú Đức', 690),
(25327, 'Xã Thanh An', 694),
(25330, 'Xã An Khương', 694),
(25333, 'Xã Thanh Lương', 690),
(25336, 'Xã Thanh Phú', 690),
(25339, 'Xã An Phú', 694),
(25342, 'Xã Tân Lợi', 694),
(25345, 'Xã Tân Hưng', 694),
(25348, 'Xã Minh Đức', 694),
(25349, 'Xã Minh Tâm', 694),
(25351, 'Xã Phước An', 694),
(25354, 'Xã Thanh Bình', 694),
(25357, 'Xã Tân Khai', 694),
(25360, 'Xã Đồng Nơ', 694),
(25361, 'Xã Tân Hiệp', 694),
(25363, 'Thị trấn Tân Phú', 695),
(25366, 'Xã Thuận Lợi', 695),
(25369, 'Xã Đồng Tâm', 695),
(25372, 'Xã Tân Phước', 695),
(25375, 'Xã Tân Hưng', 695),
(25378, 'Xã Tân Lợi', 695),
(25381, 'Xã Tân Lập', 695),
(25384, 'Xã Tân Hòa', 695),
(25387, 'Xã Thuận Phú', 695),
(25390, 'Xã Đồng Tiến', 695),
(25393, 'Xã Tân Tiến', 695),
(25396, 'Thị trấn Đức Phong', 696),
(25398, 'Xã Đường 10', 696),
(25399, 'Xã Đak Nhau', 696),
(25400, 'Xã Phú Sơn', 696),
(25402, 'Xã Thọ Sơn', 696),
(25404, 'Xã Bình Minh', 696),
(25405, 'Xã Bom Bo', 696),
(25408, 'Xã Minh Hưng', 696),
(25411, 'Xã Đoàn Kết', 696),
(25414, 'Xã Đồng Nai', 696),
(25417, 'Xã Đức Liễu', 696),
(25420, 'Xã Thống Nhất', 696),
(25423, 'Xã Nghĩa Trung', 696),
(25424, 'Xã Nghĩa Bình', 696),
(25426, 'Xã Đăng Hà', 696),
(25429, 'Xã Phước Sơn', 696),
(25432, 'Thị trấn Chơn Thành', 697),
(25433, 'Xã Thành Tâm', 697),
(25435, 'Xã Minh Lập', 697),
(25438, 'Xã Tân Quan', 694),
(25439, 'Xã Quang Minh', 697),
(25441, 'Xã Minh Hưng', 697),
(25444, 'Xã Minh Long', 697),
(25447, 'Xã Minh Thành', 697),
(25450, 'Xã Nha Bích', 697),
(25453, 'Xã Minh Thắng', 697),
(25456, 'Phường 1', 703),
(25459, 'Phường 3', 703),
(25462, 'Phường 4', 703),
(25465, 'Phường Hiệp Ninh', 703),
(25468, 'Phường 2', 703),
(25471, 'Xã Thạnh Tân', 703),
(25474, 'Xã Tân Bình', 703),
(25477, 'Xã Bình Minh', 703),
(25480, 'Phường Ninh Sơn', 703),
(25483, 'Phường Ninh Thạnh', 703),
(25486, 'Thị trấn Tân Biên', 705),
(25489, 'Xã Tân Lập', 705),
(25492, 'Xã Thạnh Bắc', 705),
(25495, 'Xã Tân Bình', 705),
(25498, 'Xã Thạnh Bình', 705),
(25501, 'Xã Thạnh Tây', 705),
(25504, 'Xã Hòa Hiệp', 705),
(25507, 'Xã Tân Phong', 705),
(25510, 'Xã Mỏ Công', 705),
(25513, 'Xã Trà Vong', 705),
(25516, 'Thị trấn Tân Châu', 706),
(25519, 'Xã Tân Hà', 706),
(25522, 'Xã Tân Đông', 706),
(25525, 'Xã Tân Hội', 706),
(25528, 'Xã Tân Hòa', 706),
(25531, 'Xã Suối Ngô', 706),
(25534, 'Xã Suối Dây', 706),
(25537, 'Xã Tân Hiệp', 706),
(25540, 'Xã Thạnh Đông', 706),
(25543, 'Xã Tân Thành', 706),
(25546, 'Xã Tân Phú', 706),
(25549, 'Xã Tân Hưng', 706),
(25552, 'Thị trấn Dương Minh Châu', 707),
(25555, 'Xã Suối Đá', 707),
(25558, 'Xã Phan', 707),
(25561, 'Xã Phước Ninh', 707),
(25564, 'Xã Phước Minh', 707),
(25567, 'Xã Bàu Năng', 707),
(25570, 'Xã Chà Là', 707),
(25573, 'Xã Cầu Khởi', 707),
(25576, 'Xã Bến Củi', 707),
(25579, 'Xã Lộc Ninh', 707),
(25582, 'Xã Truông Mít', 707),
(25585, 'Thị trấn Châu Thành', 708),
(25588, 'Xã Hảo Đước', 708),
(25591, 'Xã Phước Vinh', 708),
(25594, 'Xã Đồng Khởi', 708),
(25597, 'Xã Thái Bình', 708),
(25600, 'Xã An Cơ', 708),
(25603, 'Xã Biên Giới', 708),
(25606, 'Xã Hòa Thạnh', 708),
(25609, 'Xã Trí Bình', 708),
(25612, 'Xã Hòa Hội', 708),
(25615, 'Xã An Bình', 708),
(25618, 'Xã Thanh Điền', 708),
(25621, 'Xã Thành Long', 708),
(25624, 'Xã Ninh Điền', 708),
(25627, 'Xã Long Vĩnh', 708),
(25630, 'Thị trấn Hòa Thành', 709),
(25633, 'Xã Hiệp Tân', 709),
(25636, 'Xã Long Thành Bắc', 709),
(25639, 'Xã Trường Hòa', 709),
(25642, 'Xã Trường Đông', 709),
(25645, 'Xã Long Thành Trung', 709),
(25648, 'Xã Trường Tây', 709),
(25651, 'Xã Long Thành Nam', 709),
(25654, 'Thị trấn Gò Dầu', 710),
(25657, 'Xã Thạnh Đức', 710),
(25660, 'Xã Cẩm Giang', 710),
(25663, 'Xã Hiệp Thạnh', 710),
(25666, 'Xã Bàu Đồn', 710),
(25669, 'Xã Phước Thạnh', 710),
(25672, 'Xã Phước Đông', 710),
(25675, 'Xã Phước Trạch', 710),
(25678, 'Xã Thanh Phước', 710),
(25681, 'Thị trấn Bến Cầu', 711),
(25684, 'Xã Long Chữ', 711),
(25687, 'Xã Long Phước', 711),
(25690, 'Xã Long Giang', 711),
(25693, 'Xã Tiên Thuận', 711),
(25696, 'Xã Long Khánh', 711),
(25699, 'Xã Lợi Thuận', 711),
(25702, 'Xã Long Thuận', 711),
(25705, 'Xã An Thạnh', 711),
(25708, 'Thị trấn Trảng Bàng', 712),
(25711, 'Xã Đôn Thuận', 712),
(25714, 'Xã Hưng Thuận', 712),
(25717, 'Xã Lộc Hưng', 712),
(25720, 'Xã Gia Lộc', 712),
(25723, 'Xã Gia Bình', 712),
(25726, 'Xã Phước Lưu', 712),
(25729, 'Xã Bình Thạnh', 712),
(25732, 'Xã An Tịnh', 712),
(25735, 'Xã An Hòa', 712),
(25738, 'Xã Phước Chỉ', 712),
(25741, 'Phường Hiệp Thành', 718),
(25744, 'Phường Phú Lợi', 718),
(25747, 'Phường Phú Cường', 718),
(25750, 'Phường Phú Hòa', 718),
(25753, 'Phường Phú Thọ', 718),
(25756, 'Phường Chánh Nghĩa', 718),
(25759, 'Phường Định Hoà', 718),
(25760, 'Phường Hoà Phú', 718),
(25762, 'Phường Phú Mỹ', 718),
(25763, 'Phường Phú Tân', 718),
(25765, 'Phường Tân An', 718),
(25768, 'Phường Hiệp An', 718),
(25771, 'Phường Tương Bình Hiệp', 718),
(25774, 'Phường Chánh Mỹ', 718),
(25777, 'Thị trấn Dầu Tiếng', 720),
(25780, 'Xã Minh Hoà', 720),
(25783, 'Xã Minh Thạnh', 720),
(25786, 'Xã Minh Tân', 720),
(25789, 'Xã Định An', 720),
(25792, 'Xã Long Hoà', 720),
(25795, 'Xã Định Thành', 720),
(25798, 'Xã Định Hiệp', 720),
(25801, 'Xã An Lập', 720),
(25804, 'Xã Long Tân', 720),
(25807, 'Xã Thanh An', 720),
(25810, 'Xã Thanh Tuyền', 720),
(25813, 'Phường Mỹ Phước', 721),
(25816, 'Xã Trừ Văn Thố', 719),
(25819, 'Xã Cây Trường II', 719),
(25822, 'Xã Lai Uyên', 719),
(25825, 'Xã Tân Hưng', 719),
(25828, 'Xã Long Nguyên', 719),
(25831, 'Xã Hưng Hòa', 719),
(25834, 'Xã Lai Hưng', 719),
(25837, 'Phường Chánh Phú Hòa', 721),
(25840, 'Xã An Điền', 721),
(25843, 'Xã An Tây', 721),
(25846, 'Phường Thới Hòa', 721),
(25849, 'Phường Hòa Lợi', 721),
(25852, 'Phường Tân Định', 721),
(25855, 'Xã Phú An', 721),
(25858, 'Thị trấn Phước Vĩnh', 722),
(25861, 'Xã An Linh', 722),
(25864, 'Xã Phước Sang', 722),
(25865, 'Xã An Thái', 722),
(25867, 'Xã An Long', 722),
(25870, 'Xã An Bình', 722),
(25873, 'Xã Tân Hiệp', 722),
(25876, 'Xã Tam Lập', 722),
(25879, 'Xã Tân Long', 722),
(25882, 'Xã Vĩnh Hoà', 722),
(25885, 'Xã Phước Hoà', 722),
(25888, 'Phường Uyên Hưng', 723),
(25891, 'Phường Tân Phước Khánh', 723),
(25894, 'Xã Tân Định', 726),
(25897, 'Xã Bình Mỹ', 726),
(25900, 'Xã Tân Bình', 726),
(25903, 'Xã Tân Lập', 726),
(25906, 'Xã Tân Thành', 726),
(25907, 'Xã Đất Cuốc', 726),
(25908, 'Xã Hiếu Liêm', 726),
(25909, 'Xã Lạc An', 726),
(25912, 'Xã Vĩnh Tân', 723),
(25915, 'Xã Hội Nghĩa', 723),
(25918, 'Xã Tân Mỹ', 726),
(25920, 'Phường Tân Hiệp', 723),
(25921, 'Phường Khánh Bình', 723),
(25924, 'Xã Phú Chánh', 723),
(25927, 'Xã Thường Tân', 726),
(25930, 'Xã Bạch Đằng', 723),
(25933, 'Xã Tân Vĩnh Hiệp', 723),
(25936, 'Phường Thạnh Phước', 723),
(25937, 'Xã Thạnh Hội', 723),
(25939, 'Phường Thái Hòa', 723),
(25942, 'Phường Dĩ An', 724),
(25945, 'Phường Tân Bình', 724),
(25948, 'Phường Tân Đông Hiệp', 724),
(25951, 'Phường Bình An', 724),
(25954, 'Phường Bình Thắng', 724),
(25957, 'Phường Đông Hòa', 724),
(25960, 'Phường An Bình', 724),
(25963, 'Phường An Thạnh', 725),
(25966, 'Phường Lái Thiêu', 725),
(25969, 'Phường Bình Chuẩn', 725),
(25972, 'Phường Thuận Giao', 725),
(25975, 'Phường An Phú', 725),
(25978, 'Phường Hưng Định', 725),
(25981, 'Xã An Sơn', 725),
(25984, 'Phường Bình Nhâm', 725),
(25987, 'Phường Bình Hòa', 725),
(25990, 'Phường Vĩnh Phú', 725),
(25993, 'Phường Trảng Dài', 731),
(25996, 'Phường Tân Phong', 731),
(25999, 'Phường Tân Biên', 731),
(26002, 'Phường Hố Nai', 731),
(26005, 'Phường Tân Hòa', 731),
(26008, 'Phường Tân Hiệp', 731),
(26011, 'Phường Bửu Long', 731),
(26014, 'Phường Tân Tiến', 731),
(26017, 'Phường Tam Hiệp', 731),
(26020, 'Phường Long Bình', 731),
(26023, 'Phường Quang Vinh', 731),
(26026, 'Phường Tân Mai', 731),
(26029, 'Phường Thống Nhất', 731),
(26032, 'Phường Trung Dũng', 731),
(26035, 'Phường Tam Hòa', 731),
(26038, 'Phường Hòa Bình', 731),
(26041, 'Phường Quyết Thắng', 731),
(26044, 'Phường Thanh Bình', 731),
(26047, 'Phường Bình Đa', 731),
(26050, 'Phường An Bình', 731),
(26053, 'Phường Bửu Hòa', 731),
(26056, 'Phường Long Bình Tân', 731),
(26059, 'Phường Tân Vạn', 731),
(26062, 'Xã Tân Hạnh', 731),
(26065, 'Xã Hiệp Hòa', 731),
(26068, 'Xã Hóa An', 731),
(26071, 'Phường Xuân Trung', 732),
(26074, 'Phường Xuân Thanh', 732),
(26077, 'Phường Xuân Bình', 732),
(26080, 'Phường Xuân An', 732),
(26083, 'Phường Xuân Hoà', 732),
(26086, 'Phường Phú Bình', 732),
(26089, 'Xã Bình Lộc', 732),
(26092, 'Xã Bảo Quang', 732),
(26095, 'Xã Suối Tre', 732),
(26098, 'Xã Bảo Vinh', 732),
(26101, 'Xã Xuân Lập', 732),
(26104, 'Xã Bàu Sen', 732),
(26107, 'Xã Bàu Trâm', 732),
(26110, 'Xã Xuân Tân', 732),
(26113, 'Xã Hàng Gòn', 732),
(26116, 'Thị trấn Tân Phú', 734),
(26119, 'Xã Dak Lua', 734),
(26122, 'Xã Nam Cát Tiên', 734),
(26125, 'Xã Phú An', 734),
(26128, 'Xã Núi Tượng', 734),
(26131, 'Xã Tà Lài', 734),
(26134, 'Xã Phú Lập', 734),
(26137, 'Xã Phú Sơn', 734),
(26140, 'Xã Phú Thịnh', 734),
(26143, 'Xã Thanh Sơn', 734),
(26146, 'Xã Phú Trung', 734),
(26149, 'Xã Phú Xuân', 734),
(26152, 'Xã Phú Lộc', 734),
(26155, 'Xã Phú Lâm', 734),
(26158, 'Xã Phú Bình', 734),
(26161, 'Xã Phú Thanh', 734),
(26164, 'Xã Trà Cổ', 734),
(26167, 'Xã Phú Điền', 734),
(26170, 'Thị trấn Vĩnh An', 735),
(26173, 'Xã Phú Lý', 735),
(26176, 'Xã Trị An', 735),
(26179, 'Xã Tân An', 735),
(26182, 'Xã Vĩnh Tân', 735),
(26185, 'Xã Bình Lợi', 735),
(26188, 'Xã Thạnh Phú', 735),
(26191, 'Xã Thiện Tân', 735),
(26194, 'Xã Tân Bình', 735),
(26197, 'Xã Bình Hòa', 735),
(26200, 'Xã Mã Đà', 735),
(26203, 'Xã Hiếu Liêm', 735),
(26206, 'Thị trấn Định Quán', 736),
(26209, 'Xã Thanh Sơn', 736),
(26212, 'Xã Phú Tân', 736),
(26215, 'Xã Phú Vinh', 736),
(26218, 'Xã Phú Lợi', 736),
(26221, 'Xã Phú Hòa', 736),
(26224, 'Xã Ngọc Định', 736),
(26227, 'Xã La Ngà', 736),
(26230, 'Xã Gia Canh', 736),
(26233, 'Xã Phú Ngọc', 736),
(26236, 'Xã Phú Cường', 736),
(26239, 'Xã Túc Trưng', 736),
(26242, 'Xã Phú Túc', 736),
(26245, 'Xã Suối Nho', 736),
(26248, 'Thị trấn Trảng Bom', 737),
(26251, 'Xã Thanh Bình', 737);
INSERT INTO `ward` (`ward_id`, `name`, `district_id`) VALUES
(26254, 'Xã Cây Gáo', 737),
(26257, 'Xã Bàu Hàm', 737),
(26260, 'Xã Sông Thao', 737),
(26263, 'Xã Sông Trầu', 737),
(26266, 'Xã Đông Hoà', 737),
(26269, 'Xã Bắc Sơn', 737),
(26272, 'Xã Hố Nai 3', 737),
(26275, 'Xã Tây Hoà', 737),
(26278, 'Xã Bình Minh', 737),
(26281, 'Xã Trung Hoà', 737),
(26284, 'Xã Đồi 61', 737),
(26287, 'Xã Hưng Thịnh', 737),
(26290, 'Xã Quảng Tiến', 737),
(26293, 'Xã Giang Điền', 737),
(26296, 'Xã An Viễn', 737),
(26299, 'Xã Gia Tân 1', 738),
(26302, 'Xã Gia Tân 2', 738),
(26305, 'Xã Gia Tân 3', 738),
(26308, 'Xã Gia Kiệm', 738),
(26311, 'Xã Quang Trung', 738),
(26314, 'Xã Bàu Hàm 2', 738),
(26317, 'Xã Hưng Lộc', 738),
(26320, 'Xã Lộ 25', 738),
(26323, 'Xã Xuân Thiện', 738),
(26326, 'Xã Xuân Thạnh', 738),
(26329, 'Xã Sông Nhạn', 739),
(26332, 'Xã Xuân Quế', 739),
(26335, 'Xã Nhân Nghĩa', 739),
(26338, 'Xã Xuân Đường', 739),
(26341, 'Xã Long Giao', 739),
(26344, 'Xã Xuân Mỹ', 739),
(26347, 'Xã Thừa Đức', 739),
(26350, 'Xã Bảo Bình', 739),
(26353, 'Xã Xuân Bảo', 739),
(26356, 'Xã Xuân Tây', 739),
(26359, 'Xã Xuân Đông', 739),
(26362, 'Xã Sông Ray', 739),
(26365, 'Xã Lâm San', 739),
(26368, 'Thị trấn Long Thành', 740),
(26371, 'Xã An Hoà', 731),
(26374, 'Xã Tam Phước', 731),
(26377, 'Xã Phước Tân', 731),
(26380, 'Xã Long Hưng', 731),
(26383, 'Xã An Phước', 740),
(26386, 'Xã Bình An', 740),
(26389, 'Xã Long Đức', 740),
(26392, 'Xã Lộc An', 740),
(26395, 'Xã Bình Sơn', 740),
(26398, 'Xã Tam An', 740),
(26401, 'Xã Cẩm Đường', 740),
(26404, 'Xã Long An', 740),
(26407, 'Xã Suối Trầu', 740),
(26410, 'Xã Bàu Cạn', 740),
(26413, 'Xã Long Phước', 740),
(26416, 'Xã Phước Bình', 740),
(26419, 'Xã Tân Hiệp', 740),
(26422, 'Xã Phước Thái', 740),
(26425, 'Thị trấn Gia Ray', 741),
(26428, 'Xã Xuân Bắc', 741),
(26431, 'Xã Suối Cao', 741),
(26434, 'Xã Xuân Thành', 741),
(26437, 'Xã Xuân Thọ', 741),
(26440, 'Xã Xuân Trường', 741),
(26443, 'Xã Xuân Hòa', 741),
(26446, 'Xã Xuân Hưng', 741),
(26449, 'Xã Xuân Tâm', 741),
(26452, 'Xã Suối Cát', 741),
(26455, 'Xã Xuân Hiệp', 741),
(26458, 'Xã Xuân Phú', 741),
(26461, 'Xã Xuân Định', 741),
(26464, 'Xã Bảo Hoà', 741),
(26467, 'Xã Lang Minh', 741),
(26470, 'Xã Phước Thiền', 742),
(26473, 'Xã Long Tân', 742),
(26476, 'Xã Đại Phước', 742),
(26479, 'Xã Hiệp Phước', 742),
(26482, 'Xã Phú Hữu', 742),
(26485, 'Xã Phú Hội', 742),
(26488, 'Xã Phú Thạnh', 742),
(26491, 'Xã Phú Đông', 742),
(26494, 'Xã Long Thọ', 742),
(26497, 'Xã Vĩnh Thanh', 742),
(26500, 'Xã Phước Khánh', 742),
(26503, 'Xã Phước An', 742),
(26506, 'Phường 1', 747),
(26508, 'Phường Thắng Tam', 747),
(26509, 'Phường 2', 747),
(26512, 'Phường 3', 747),
(26515, 'Phường 4', 747),
(26518, 'Phường 5', 747),
(26521, 'Phường Thắng Nhì', 747),
(26524, 'Phường 7', 747),
(26526, 'Phường Nguyễn An Ninh', 747),
(26527, 'Phường 8', 747),
(26530, 'Phường 9', 747),
(26533, 'Phường Thắng Nhất', 747),
(26535, 'Phường Rạch Dừa', 747),
(26536, 'Phường 10', 747),
(26539, 'Phường 11', 747),
(26542, 'Phường 12', 747),
(26545, 'Xã Long Sơn', 747),
(26548, 'Phường Phước Hưng', 748),
(26551, 'Phường Phước Hiệp', 748),
(26554, 'Phường Phước Nguyên', 748),
(26557, 'Phường Long Toàn', 748),
(26558, 'Phường Long Tâm', 748),
(26560, 'Phường Phước Trung', 748),
(26563, 'Phường Long Hương', 748),
(26566, 'Phường Kim Dinh', 748),
(26567, 'Xã Tân Hưng', 748),
(26569, 'Xã Long Phước', 748),
(26572, 'Xã Hoà Long', 748),
(26574, 'Xã Bàu Chinh', 750),
(26575, 'Thị trấn Ngãi Giao', 750),
(26578, 'Xã Bình Ba', 750),
(26581, 'Xã Suối Nghệ', 750),
(26584, 'Xã Xuân Sơn', 750),
(26587, 'Xã Sơn Bình', 750),
(26590, 'Xã Bình Giã', 750),
(26593, 'Xã Bình Trung', 750),
(26596, 'Xã Xà Bang', 750),
(26599, 'Xã Cù Bị', 750),
(26602, 'Xã Láng Lớn', 750),
(26605, 'Xã Quảng Thành', 750),
(26608, 'Xã Kim Long', 750),
(26611, 'Xã Suối Rao', 750),
(26614, 'Xã Đá Bạc', 750),
(26617, 'Xã Nghĩa Thành', 750),
(26620, 'Thị trấn Phước Bửu', 751),
(26623, 'Xã Phước Thuận', 751),
(26626, 'Xã Phước Tân', 751),
(26629, 'Xã Xuyên Mộc', 751),
(26632, 'Xã Bông Trang', 751),
(26635, 'Xã Tân Lâm', 751),
(26638, 'Xã Bàu Lâm', 751),
(26641, 'Xã Hòa Bình', 751),
(26644, 'Xã Hòa Hưng', 751),
(26647, 'Xã Hòa Hiệp', 751),
(26650, 'Xã Hòa Hội', 751),
(26653, 'Xã Bưng Riềng', 751),
(26656, 'Xã Bình Châu', 751),
(26659, 'Thị trấn Long Điền', 752),
(26662, 'Thị trấn Long Hải', 752),
(26665, 'Xã An Ngãi', 752),
(26668, 'Xã Tam Phước', 752),
(26671, 'Xã An Nhứt', 752),
(26674, 'Xã Phước Tỉnh', 752),
(26677, 'Xã Phước Hưng', 752),
(26680, 'Thị trấn Đất Đỏ', 753),
(26683, 'Xã Phước Long Thọ', 753),
(26686, 'Xã Phước Hội', 753),
(26689, 'Xã Long Mỹ', 753),
(26692, 'Thị trấn Phước Hải', 753),
(26695, 'Xã Long Tân', 753),
(26698, 'Xã Láng Dài', 753),
(26701, 'Xã Lộc An', 753),
(26704, 'Thị trấn Phú Mỹ', 754),
(26707, 'Xã Tân Hoà', 754),
(26710, 'Xã Tân Hải', 754),
(26713, 'Xã Phước Hoà', 754),
(26716, 'Xã Tân Phước', 754),
(26719, 'Xã Mỹ Xuân', 754),
(26722, 'Xã Sông Xoài', 754),
(26725, 'Xã Hắc Dịch', 754),
(26728, 'Xã Châu Pha', 754),
(26731, 'Xã Tóc Tiên', 754),
(26734, 'Phường Tân Định', 760),
(26737, 'Phường Đa Kao', 760),
(26740, 'Phường Bến Nghé', 760),
(26743, 'Phường Bến Thành', 760),
(26746, 'Phường Nguyễn Thái Bình', 760),
(26749, 'Phường Phạm Ngũ Lão', 760),
(26752, 'Phường Cầu Ông Lãnh', 760),
(26755, 'Phường Cô Giang', 760),
(26758, 'Phường Nguyễn Cư Trinh', 760),
(26761, 'Phường Cầu Kho', 760),
(26764, 'Phường Thạnh Xuân', 761),
(26767, 'Phường Thạnh Lộc', 761),
(26770, 'Phường Hiệp Thành', 761),
(26773, 'Phường Thới An', 761),
(26776, 'Phường Tân Chánh Hiệp', 761),
(26779, 'Phường An Phú Đông', 761),
(26782, 'Phường Tân Thới Hiệp', 761),
(26785, 'Phường Trung Mỹ Tây', 761),
(26787, 'Phường Tân Hưng Thuận', 761),
(26788, 'Phường Đông Hưng Thuận', 761),
(26791, 'Phường Tân Thới Nhất', 761),
(26794, 'Phường Linh Xuân', 762),
(26797, 'Phường Bình Chiểu', 762),
(26800, 'Phường Linh Trung', 762),
(26803, 'Phường Tam Bình', 762),
(26806, 'Phường Tam Phú', 762),
(26809, 'Phường Hiệp Bình Phước', 762),
(26812, 'Phường Hiệp Bình Chánh', 762),
(26815, 'Phường Linh Chiểu', 762),
(26818, 'Phường Linh Tây', 762),
(26821, 'Phường Linh Đông', 762),
(26824, 'Phường Bình Thọ', 762),
(26827, 'Phường Trường Thọ', 762),
(26830, 'Phường Long Bình', 763),
(26833, 'Phường Long Thạnh Mỹ', 763),
(26836, 'Phường Tân Phú', 763),
(26839, 'Phường Hiệp Phú', 763),
(26842, 'Phường Tăng Nhơn Phú A', 763),
(26845, 'Phường Tăng Nhơn Phú B', 763),
(26848, 'Phường Phước Long B', 763),
(26851, 'Phường Phước Long A', 763),
(26854, 'Phường Trường Thạnh', 763),
(26857, 'Phường Long Phước', 763),
(26860, 'Phường Long Trường', 763),
(26863, 'Phường Phước Bình', 763),
(26866, 'Phường Phú Hữu', 763),
(26869, 'Phường 15', 764),
(26872, 'Phường 13', 764),
(26875, 'Phường 17', 764),
(26876, 'Phường 6', 764),
(26878, 'Phường 16', 764),
(26881, 'Phường 12', 764),
(26882, 'Phường 14', 764),
(26884, 'Phường 10', 764),
(26887, 'Phường 05', 764),
(26890, 'Phường 07', 764),
(26893, 'Phường 04', 764),
(26896, 'Phường 01', 764),
(26897, 'Phường 9', 764),
(26898, 'Phường 8', 764),
(26899, 'Phường 11', 764),
(26902, 'Phường 03', 764),
(26905, 'Phường 13', 765),
(26908, 'Phường 11', 765),
(26911, 'Phường 27', 765),
(26914, 'Phường 26', 765),
(26917, 'Phường 12', 765),
(26920, 'Phường 25', 765),
(26923, 'Phường 05', 765),
(26926, 'Phường 07', 765),
(26929, 'Phường 24', 765),
(26932, 'Phường 06', 765),
(26935, 'Phường 14', 765),
(26938, 'Phường 15', 765),
(26941, 'Phường 02', 765),
(26944, 'Phường 01', 765),
(26947, 'Phường 03', 765),
(26950, 'Phường 17', 765),
(26953, 'Phường 21', 765),
(26956, 'Phường 22', 765),
(26959, 'Phường 19', 765),
(26962, 'Phường 28', 765),
(26965, 'Phường 02', 766),
(26968, 'Phường 04', 766),
(26971, 'Phường 12', 766),
(26974, 'Phường 13', 766),
(26977, 'Phường 01', 766),
(26980, 'Phường 03', 766),
(26983, 'Phường 11', 766),
(26986, 'Phường 07', 766),
(26989, 'Phường 05', 766),
(26992, 'Phường 10', 766),
(26995, 'Phường 06', 766),
(26998, 'Phường 08', 766),
(27001, 'Phường 09', 766),
(27004, 'Phường 14', 766),
(27007, 'Phường 15', 766),
(27010, 'Phường Tân Sơn Nhì', 767),
(27013, 'Phường Tây Thạnh', 767),
(27016, 'Phường Sơn Kỳ', 767),
(27019, 'Phường Tân Quý', 767),
(27022, 'Phường Tân Thành', 767),
(27025, 'Phường Phú Thọ Hòa', 767),
(27028, 'Phường Phú Thạnh', 767),
(27031, 'Phường Phú Trung', 767),
(27034, 'Phường Hòa Thạnh', 767),
(27037, 'Phường Hiệp Tân', 767),
(27040, 'Phường Tân Thới Hòa', 767),
(27043, 'Phường 04', 768),
(27046, 'Phường 05', 768),
(27049, 'Phường 09', 768),
(27052, 'Phường 07', 768),
(27055, 'Phường 03', 768),
(27058, 'Phường 01', 768),
(27061, 'Phường 02', 768),
(27064, 'Phường 08', 768),
(27067, 'Phường 15', 768),
(27070, 'Phường 10', 768),
(27073, 'Phường 11', 768),
(27076, 'Phường 17', 768),
(27079, 'Phường 14', 768),
(27082, 'Phường 12', 768),
(27085, 'Phường 13', 768),
(27088, 'Phường Thảo Điền', 769),
(27091, 'Phường An Phú', 769),
(27094, 'Phường Bình An', 769),
(27097, 'Phường Bình Trưng Đông', 769),
(27100, 'Phường Bình Trưng Tây', 769),
(27103, 'Phường Bình Khánh', 769),
(27106, 'Phường An Khánh', 769),
(27109, 'Phường Cát Lái', 769),
(27112, 'Phường Thạnh Mỹ Lợi', 769),
(27115, 'Phường An Lợi Đông', 769),
(27118, 'Phường Thủ Thiêm', 769),
(27121, 'Phường 08', 770),
(27124, 'Phường 07', 770),
(27127, 'Phường 14', 770),
(27130, 'Phường 12', 770),
(27133, 'Phường 11', 770),
(27136, 'Phường 13', 770),
(27139, 'Phường 06', 770),
(27142, 'Phường 09', 770),
(27145, 'Phường 10', 770),
(27148, 'Phường 04', 770),
(27151, 'Phường 05', 770),
(27154, 'Phường 03', 770),
(27157, 'Phường 02', 770),
(27160, 'Phường 01', 770),
(27163, 'Phường 15', 771),
(27166, 'Phường 13', 771),
(27169, 'Phường 14', 771),
(27172, 'Phường 12', 771),
(27175, 'Phường 11', 771),
(27178, 'Phường 10', 771),
(27181, 'Phường 09', 771),
(27184, 'Phường 01', 771),
(27187, 'Phường 08', 771),
(27190, 'Phường 02', 771),
(27193, 'Phường 04', 771),
(27196, 'Phường 07', 771),
(27199, 'Phường 05', 771),
(27202, 'Phường 06', 771),
(27205, 'Phường 03', 771),
(27208, 'Phường 15', 772),
(27211, 'Phường 05', 772),
(27214, 'Phường 14', 772),
(27217, 'Phường 11', 772),
(27220, 'Phường 03', 772),
(27223, 'Phường 10', 772),
(27226, 'Phường 13', 772),
(27229, 'Phường 08', 772),
(27232, 'Phường 09', 772),
(27235, 'Phường 12', 772),
(27238, 'Phường 07', 772),
(27241, 'Phường 06', 772),
(27244, 'Phường 04', 772),
(27247, 'Phường 01', 772),
(27250, 'Phường 02', 772),
(27253, 'Phường 16', 772),
(27256, 'Phường 12', 773),
(27259, 'Phường 13', 773),
(27262, 'Phường 09', 773),
(27265, 'Phường 06', 773),
(27268, 'Phường 08', 773),
(27271, 'Phường 10', 773),
(27274, 'Phường 05', 773),
(27277, 'Phường 18', 773),
(27280, 'Phường 14', 773),
(27283, 'Phường 04', 773),
(27286, 'Phường 03', 773),
(27289, 'Phường 16', 773),
(27292, 'Phường 02', 773),
(27295, 'Phường 15', 773),
(27298, 'Phường 01', 773),
(27301, 'Phường 04', 774),
(27304, 'Phường 09', 774),
(27307, 'Phường 03', 774),
(27310, 'Phường 12', 774),
(27313, 'Phường 02', 774),
(27316, 'Phường 08', 774),
(27319, 'Phường 15', 774),
(27322, 'Phường 07', 774),
(27325, 'Phường 01', 774),
(27328, 'Phường 11', 774),
(27331, 'Phường 14', 774),
(27334, 'Phường 05', 774),
(27337, 'Phường 06', 774),
(27340, 'Phường 10', 774),
(27343, 'Phường 13', 774),
(27346, 'Phường 14', 775),
(27349, 'Phường 13', 775),
(27352, 'Phường 09', 775),
(27355, 'Phường 06', 775),
(27358, 'Phường 12', 775),
(27361, 'Phường 05', 775),
(27364, 'Phường 11', 775),
(27367, 'Phường 02', 775),
(27370, 'Phường 01', 775),
(27373, 'Phường 04', 775),
(27376, 'Phường 08', 775),
(27379, 'Phường 03', 775),
(27382, 'Phường 07', 775),
(27385, 'Phường 10', 775),
(27388, 'Phường 08', 776),
(27391, 'Phường 02', 776),
(27394, 'Phường 01', 776),
(27397, 'Phường 03', 776),
(27400, 'Phường 11', 776),
(27403, 'Phường 09', 776),
(27406, 'Phường 10', 776),
(27409, 'Phường 04', 776),
(27412, 'Phường 13', 776),
(27415, 'Phường 12', 776),
(27418, 'Phường 05', 776),
(27421, 'Phường 14', 776),
(27424, 'Phường 06', 776),
(27427, 'Phường 15', 776),
(27430, 'Phường 16', 776),
(27433, 'Phường 07', 776),
(27436, 'Phường Bình Hưng Hòa', 777),
(27439, 'Phường Bình Hưng Hoà A', 777),
(27442, 'Phường Bình Hưng Hoà B', 777),
(27445, 'Phường Bình Trị Đông', 777),
(27448, 'Phường Bình Trị Đông A', 777),
(27451, 'Phường Bình Trị Đông B', 777),
(27454, 'Phường Tân Tạo', 777),
(27457, 'Phường Tân Tạo A', 777),
(27460, 'Phường  An Lạc', 777),
(27463, 'Phường An Lạc A', 777),
(27466, 'Phường Tân Thuận Đông', 778),
(27469, 'Phường Tân Thuận Tây', 778),
(27472, 'Phường Tân Kiểng', 778),
(27475, 'Phường Tân Hưng', 778),
(27478, 'Phường Bình Thuận', 778),
(27481, 'Phường Tân Quy', 778),
(27484, 'Phường Phú Thuận', 778),
(27487, 'Phường Tân Phú', 778),
(27490, 'Phường Tân Phong', 778),
(27493, 'Phường Phú Mỹ', 778),
(27496, 'Thị trấn Củ Chi', 783),
(27499, 'Xã Phú Mỹ Hưng', 783),
(27502, 'Xã An Phú', 783),
(27505, 'Xã Trung Lập Thượng', 783),
(27508, 'Xã An Nhơn Tây', 783),
(27511, 'Xã Nhuận Đức', 783),
(27514, 'Xã Phạm Văn Cội', 783),
(27517, 'Xã Phú Hòa Đông', 783),
(27520, 'Xã Trung Lập Hạ', 783),
(27523, 'Xã Trung An', 783),
(27526, 'Xã Phước Thạnh', 783),
(27529, 'Xã Phước Hiệp', 783),
(27532, 'Xã Tân An Hội', 783),
(27535, 'Xã Phước Vĩnh An', 783),
(27538, 'Xã Thái Mỹ', 783),
(27541, 'Xã Tân Thạnh Tây', 783),
(27544, 'Xã Hòa Phú', 783),
(27547, 'Xã Tân Thạnh Đông', 783),
(27550, 'Xã Bình Mỹ', 783),
(27553, 'Xã Tân Phú Trung', 783),
(27556, 'Xã Tân Thông Hội', 783),
(27559, 'Thị trấn Hóc Môn', 784),
(27562, 'Xã Tân Hiệp', 784),
(27565, 'Xã Nhị Bình', 784),
(27568, 'Xã Đông Thạnh', 784),
(27571, 'Xã Tân Thới Nhì', 784),
(27574, 'Xã Thới Tam Thôn', 784),
(27577, 'Xã Xuân Thới Sơn', 784),
(27580, 'Xã Tân Xuân', 784),
(27583, 'Xã Xuân Thới Đông', 784),
(27586, 'Xã Trung Chánh', 784),
(27589, 'Xã Xuân Thới Thượng', 784),
(27592, 'Xã Bà Điểm', 784),
(27595, 'Thị trấn Tân Túc', 785),
(27598, 'Xã Phạm Văn Hai', 785),
(27601, 'Xã Vĩnh Lộc A', 785),
(27604, 'Xã Vĩnh Lộc B', 785),
(27607, 'Xã Bình Lợi', 785),
(27610, 'Xã Lê Minh Xuân', 785),
(27613, 'Xã Tân Nhựt', 785),
(27616, 'Xã Tân Kiên', 785),
(27619, 'Xã Bình Hưng', 785),
(27622, 'Xã Phong Phú', 785),
(27625, 'Xã An Phú Tây', 785),
(27628, 'Xã Hưng Long', 785),
(27631, 'Xã Đa Phước', 785),
(27634, 'Xã Tân Quý Tây', 785),
(27637, 'Xã Bình Chánh', 785),
(27640, 'Xã Quy Đức', 785),
(27643, 'Thị trấn Nhà Bè', 786),
(27646, 'Xã Phước Kiển', 786),
(27649, 'Xã Phước Lộc', 786),
(27652, 'Xã Nhơn Đức', 786),
(27655, 'Xã Phú Xuân', 786),
(27658, 'Xã Long Thới', 786),
(27661, 'Xã Hiệp Phước', 786),
(27664, 'Thị trấn Cần Thạnh', 787),
(27667, 'Xã Bình Khánh', 787),
(27670, 'Xã Tam Thôn Hiệp', 787),
(27673, 'Xã An Thới Đông', 787),
(27676, 'Xã Thạnh An', 787),
(27679, 'Xã Long Hòa', 787),
(27682, 'Xã Lý Nhơn', 787),
(27685, 'Phường 5', 794),
(27688, 'Phường 2', 794),
(27691, 'Phường 4', 794),
(27692, 'Phường Tân Khánh', 794),
(27694, 'Phường 1', 794),
(27697, 'Phường 3', 794),
(27698, 'Phường 7', 794),
(27700, 'Phường 6', 794),
(27703, 'Xã Hướng Thọ Phú', 794),
(27706, 'Xã Nhơn Thạnh Trung', 794),
(27709, 'Xã Lợi Bình Nhơn', 794),
(27712, 'Xã Bình Tâm', 794),
(27715, 'Phường Khánh Hậu', 794),
(27718, 'Xã An Vĩnh Ngãi', 794),
(27721, 'Thị trấn Tân Hưng', 796),
(27724, 'Xã Hưng Hà', 796),
(27727, 'Xã Hưng Điền B', 796),
(27730, 'Xã Hưng Điền', 796),
(27733, 'Xã Thạnh Hưng', 796),
(27736, 'Xã Hưng Thạnh', 796),
(27739, 'Xã Vĩnh Thạnh', 796),
(27742, 'Xã Vĩnh Châu B', 796),
(27745, 'Xã Vĩnh Lợi', 796),
(27748, 'Xã Vĩnh Đại', 796),
(27751, 'Xã Vĩnh Châu A', 796),
(27754, 'Xã Vĩnh Bửu', 796),
(27757, 'Thị trấn Vĩnh Hưng', 797),
(27760, 'Xã Hưng Điền A', 797),
(27763, 'Xã Khánh Hưng', 797),
(27766, 'Xã Thái Trị', 797),
(27769, 'Xã Vĩnh Trị', 797),
(27772, 'Xã Thái Bình Trung', 797),
(27775, 'Xã Vĩnh Bình', 797),
(27778, 'Xã Vĩnh Thuận', 797),
(27781, 'Xã Tuyên Bình', 797),
(27784, 'Xã Tuyên Bình Tây', 797),
(27787, 'Phường 1', 795),
(27788, 'Phường 2', 795),
(27790, 'Xã Thạnh Trị', 795),
(27793, 'Xã Bình Hiệp', 795),
(27796, 'Xã Bình Hòa Tây', 798),
(27799, 'Xã Bình Tân', 795),
(27802, 'Xã Bình Thạnh', 798),
(27805, 'Xã Tuyên Thạnh', 795),
(27806, 'Phường 3', 795),
(27808, 'Xã Bình Hòa Trung', 798),
(27811, 'Xã Bình Hòa Đông', 798),
(27814, 'Xã Bình Phong Thạnh', 798),
(27817, 'Xã Thạnh Hưng', 795),
(27820, 'Xã Tân Lập', 798),
(27823, 'Xã Tân Thành', 798),
(27826, 'Thị trấn Tân Thạnh', 799),
(27829, 'Xã Bắc Hòa', 799),
(27832, 'Xã Hậu Thạnh Tây', 799),
(27835, 'Xã Nhơn Hòa Lập', 799),
(27838, 'Xã Tân Lập', 799),
(27841, 'Xã Hậu Thạnh Đông', 799),
(27844, 'Xã Nhơn Hoà', 799),
(27847, 'Xã Kiến Bình', 799),
(27850, 'Xã Tân Thành', 799),
(27853, 'Xã Tân Bình', 799),
(27856, 'Xã Tân Ninh', 799),
(27859, 'Xã Nhơn Ninh', 799),
(27862, 'Xã Tân Hòa', 799),
(27865, 'Thị trấn Thạnh Hóa', 800),
(27868, 'Xã Tân Hiệp', 800),
(27871, 'Xã Thuận Bình', 800),
(27874, 'Xã Thạnh Phước', 800),
(27877, 'Xã Thạnh Phú', 800),
(27880, 'Xã Thuận Nghĩa Hòa', 800),
(27883, 'Xã Thủy Đông', 800),
(27886, 'Xã Thủy Tây', 800),
(27889, 'Xã Tân Tây', 800),
(27892, 'Xã Tân Đông', 800),
(27895, 'Xã Thạnh An', 800),
(27898, 'Thị trấn Đông Thành', 801),
(27901, 'Xã Mỹ Quý Đông', 801),
(27904, 'Xã Mỹ Thạnh Bắc', 801),
(27907, 'Xã Mỹ Quý Tây', 801),
(27910, 'Xã Mỹ Thạnh Tây', 801),
(27913, 'Xã Mỹ Thạnh Đông', 801),
(27916, 'Xã Bình Thành', 801),
(27919, 'Xã Bình Hòa Bắc', 801),
(27922, 'Xã Bình Hòa Hưng', 801),
(27925, 'Xã Bình Hòa Nam', 801),
(27928, 'Xã Mỹ Bình', 801),
(27931, 'Thị trấn Hậu Nghĩa', 802),
(27934, 'Thị trấn Hiệp Hòa', 802),
(27937, 'Thị trấn Đức Hòa', 802),
(27940, 'Xã Lộc Giang', 802),
(27943, 'Xã An Ninh Đông', 802),
(27946, 'Xã An Ninh Tây', 802),
(27949, 'Xã Tân Mỹ', 802),
(27952, 'Xã Hiệp Hòa', 802),
(27955, 'Xã Đức Lập Thượng', 802),
(27958, 'Xã Đức Lập Hạ', 802),
(27961, 'Xã Tân Phú', 802),
(27964, 'Xã Mỹ Hạnh Bắc', 802),
(27967, 'Xã Đức Hòa Thượng', 802),
(27970, 'Xã Hòa Khánh Tây', 802),
(27973, 'Xã Hòa Khánh Đông', 802),
(27976, 'Xã Mỹ Hạnh Nam', 802),
(27979, 'Xã Hòa Khánh Nam', 802),
(27982, 'Xã Đức Hòa Đông', 802),
(27985, 'Xã Đức Hòa Hạ', 802),
(27988, 'Xã Hựu Thạnh', 802),
(27991, 'Thị trấn Bến Lức', 803),
(27994, 'Xã Thạnh Lợi', 803),
(27997, 'Xã Lương Bình', 803),
(28000, 'Xã Thạnh Hòa', 803),
(28003, 'Xã Lương Hòa', 803),
(28006, 'Xã Tân Hòa', 803),
(28009, 'Xã Tân Bửu', 803),
(28012, 'Xã An Thạnh', 803),
(28015, 'Xã Bình Đức', 803),
(28018, 'Xã Mỹ Yên', 803),
(28021, 'Xã Thanh Phú', 803),
(28024, 'Xã Long Hiệp', 803),
(28027, 'Xã Thạnh Đức', 803),
(28030, 'Xã Phước Lợi', 803),
(28033, 'Xã Nhựt Chánh', 803),
(28036, 'Thị trấn Thủ Thừa', 804),
(28039, 'Xã Long Thạnh', 804),
(28042, 'Xã Tân Thành', 804),
(28045, 'Xã Long Thuận', 804),
(28048, 'Xã Mỹ Lạc', 804),
(28051, 'Xã Mỹ Thạnh', 804),
(28054, 'Xã Bình An', 804),
(28057, 'Xã Nhị Thành', 804),
(28060, 'Xã Mỹ An', 804),
(28063, 'Xã Bình Thạnh', 804),
(28066, 'Xã Mỹ Phú', 804),
(28069, 'Xã Long Thành', 804),
(28072, 'Xã Tân Lập', 804),
(28075, 'Thị trấn Tân Trụ', 805),
(28078, 'Xã Mỹ Bình', 805),
(28081, 'Xã An Nhựt Tân', 805),
(28084, 'Xã Quê Mỹ Thạnh', 805),
(28087, 'Xã Lạc Tấn', 805),
(28090, 'Xã Bình Trinh Đông', 805),
(28093, 'Xã Tân Phước Tây', 805),
(28096, 'Xã Bình Lãng', 805),
(28099, 'Xã Bình Tịnh', 805),
(28102, 'Xã Đức Tân', 805),
(28105, 'Xã Nhựt Ninh', 805),
(28108, 'Thị trấn Cần Đước', 806),
(28111, 'Xã Long Trạch', 806),
(28114, 'Xã Long Khê', 806),
(28117, 'Xã Long Định', 806),
(28120, 'Xã Phước Vân', 806),
(28123, 'Xã Long Hòa', 806),
(28126, 'Xã Long Cang', 806),
(28129, 'Xã Long Sơn', 806),
(28132, 'Xã Tân Trạch', 806),
(28135, 'Xã Mỹ Lệ', 806),
(28138, 'Xã Tân Lân', 806),
(28141, 'Xã Phước Tuy', 806),
(28144, 'Xã Long Hựu Đông', 806),
(28147, 'Xã Tân Ân', 806),
(28150, 'Xã Phước Đông', 806),
(28153, 'Xã Long Hựu Tây', 806),
(28156, 'Xã Tân Chánh', 806),
(28159, 'Thị trấn Cần Giuộc', 807),
(28162, 'Xã Phước Lý', 807),
(28165, 'Xã Long Thượng', 807),
(28168, 'Xã Long Hậu', 807),
(28171, 'Xã Tân Kim', 807),
(28174, 'Xã Phước Hậu', 807),
(28177, 'Xã Mỹ Lộc', 807),
(28180, 'Xã Phước Lại', 807),
(28183, 'Xã Phước Lâm', 807),
(28186, 'Xã Trường Bình', 807),
(28189, 'Xã Thuận Thành', 807),
(28192, 'Xã Phước Vĩnh Tây', 807),
(28195, 'Xã Phước Vĩnh Đông', 807),
(28198, 'Xã Long An', 807),
(28201, 'Xã Long Phụng', 807),
(28204, 'Xã Đông Thạnh', 807),
(28207, 'Xã Tân Tập', 807),
(28210, 'Thị trấn Tầm Vu', 808),
(28213, 'Xã Bình Quới', 808),
(28216, 'Xã Hòa Phú', 808),
(28219, 'Xã Phú Ngãi Trị', 808),
(28222, 'Xã Vĩnh Công', 808),
(28225, 'Xã Thuận Mỹ', 808),
(28228, 'Xã Hiệp Thạnh', 808),
(28231, 'Xã Phước Tân Hưng', 808),
(28234, 'Xã Thanh Phú Long', 808),
(28237, 'Xã Dương Xuân Hội', 808),
(28240, 'Xã An Lục Long', 808),
(28243, 'Xã Long Trì', 808),
(28246, 'Xã Thanh Vĩnh Đông', 808),
(28249, 'Phường 5', 815),
(28252, 'Phường 4', 815),
(28255, 'Phường 7', 815),
(28258, 'Phường 3', 815),
(28261, 'Phường 1', 815),
(28264, 'Phường 2', 815),
(28267, 'Phường 8', 815),
(28270, 'Phường 6', 815),
(28273, 'Phường 9', 815),
(28276, 'Phường 10', 815),
(28279, 'Phường Tân Long', 815),
(28282, 'Xã Đạo Thạnh', 815),
(28285, 'Xã Trung An', 815),
(28288, 'Xã Mỹ Phong', 815),
(28291, 'Xã Tân Mỹ Chánh', 815),
(28294, 'Phường 3', 816),
(28297, 'Phường 2', 816),
(28300, 'Phường 4', 816),
(28303, 'Phường 1', 816),
(28306, 'Phường 5', 816),
(28309, 'Xã Long Hưng', 816),
(28312, 'Xã Long Thuận', 816),
(28315, 'Xã Long Chánh', 816),
(28318, 'Xã Long Hòa', 816),
(28321, 'Thị trấn Mỹ Phước', 818),
(28324, 'Xã Tân Hòa Đông', 818),
(28327, 'Xã Thạnh Tân', 818),
(28330, 'Xã Thạnh Mỹ', 818),
(28333, 'Xã Thạnh Hoà', 818),
(28336, 'Xã Phú Mỹ', 818),
(28339, 'Xã Tân Hòa Thành', 818),
(28342, 'Xã Hưng Thạnh', 818),
(28345, 'Xã Tân Lập 1', 818),
(28348, 'Xã Tân Hòa Tây', 818),
(28351, 'Xã Mỹ Phước', 818),
(28354, 'Xã Tân Lập 2', 818),
(28357, 'Xã Phước Lập', 818),
(28360, 'Thị trấn Cái Bè', 819),
(28363, 'Xã Hậu Mỹ Bắc B', 819),
(28366, 'Xã Hậu Mỹ Bắc A', 819),
(28369, 'Xã Mỹ Trung', 819),
(28372, 'Xã Hậu Mỹ Trinh', 819),
(28375, 'Xã Hậu Mỹ Phú', 819),
(28378, 'Xã Mỹ Tân', 819),
(28381, 'Xã Mỹ Lợi B', 819),
(28384, 'Xã Thiện Trung', 819),
(28387, 'Xã Mỹ Hội', 819),
(28390, 'Xã An Cư', 819),
(28393, 'Xã Hậu Thành', 819),
(28396, 'Xã Mỹ Lợi A', 819),
(28399, 'Xã Hòa Khánh', 819),
(28402, 'Xã Thiện Trí', 819),
(28405, 'Xã Mỹ Đức Đông', 819),
(28408, 'Xã Mỹ Đức Tây', 819),
(28411, 'Xã Đông Hòa Hiệp', 819),
(28414, 'Xã An Thái Đông', 819),
(28417, 'Xã Tân Hưng', 819),
(28420, 'Xã Mỹ Lương', 819),
(28423, 'Xã Tân Thanh', 819),
(28426, 'Xã An Thái Trung', 819),
(28429, 'Xã An Hữu', 819),
(28432, 'Xã Hòa Hưng', 819),
(28435, 'Phường 1', 817),
(28436, 'Phường 2', 817),
(28437, 'Phường 3', 817),
(28438, 'Xã Thạnh Lộc', 820),
(28439, 'Phường 4', 817),
(28440, 'Phường 5', 817),
(28441, 'Xã Mỹ Thành Bắc', 820),
(28444, 'Xã Phú Cường', 820),
(28447, 'Xã Mỹ Phước Tây', 817),
(28450, 'Xã Mỹ Hạnh Đông', 817),
(28453, 'Xã Mỹ Hạnh Trung', 817),
(28456, 'Xã Mỹ Thành Nam', 820),
(28459, 'Xã Tân Phú', 817),
(28462, 'Xã Tân Bình', 817),
(28465, 'Xã Phú Nhuận', 820),
(28468, 'Xã Tân Hội', 817),
(28471, 'Xã Bình Phú', 820),
(28474, 'Phường Nhị Mỹ', 817),
(28477, 'Xã Nhị Quý', 817),
(28480, 'Xã Thanh Hòa', 817),
(28483, 'Xã Phú Quý', 817),
(28486, 'Xã Long Khánh', 817),
(28489, 'Xã Cẩm Sơn', 820),
(28492, 'Xã Phú An', 820),
(28495, 'Xã Mỹ Long', 820),
(28498, 'Xã Long Tiên', 820),
(28501, 'Xã Hiệp Đức', 820),
(28504, 'Xã Long Trung', 820),
(28507, 'Xã Hội Xuân', 820),
(28510, 'Xã Tân Phong', 820),
(28513, 'Xã Tam Bình', 820),
(28516, 'Xã Ngũ Hiệp', 820),
(28519, 'Thị trấn Tân Hiệp', 821),
(28522, 'Xã Tân Hội Đông', 821),
(28525, 'Xã Tân Hương', 821),
(28528, 'Xã Tân Lý Đông', 821),
(28531, 'Xã Tân Lý Tây', 821),
(28534, 'Xã Thân Cửu Nghĩa', 821),
(28537, 'Xã Tam Hiệp', 821),
(28540, 'Xã Điềm Hy', 821),
(28543, 'Xã Nhị Bình', 821),
(28546, 'Xã Dưỡng Điềm', 821),
(28549, 'Xã Đông Hòa', 821),
(28552, 'Xã Long Định', 821),
(28555, 'Xã Hữu Đạo', 821),
(28558, 'Xã Long An', 821),
(28561, 'Xã Long Hưng', 821),
(28564, 'Xã Bình Trưng', 821),
(28567, 'Xã Phước Thạnh', 815),
(28570, 'Xã Thạnh Phú', 821),
(28573, 'Xã Bàn Long', 821),
(28576, 'Xã Vĩnh Kim', 821),
(28579, 'Xã Bình Đức', 821),
(28582, 'Xã Song Thuận', 821),
(28585, 'Xã Kim Sơn', 821),
(28588, 'Xã Phú Phong', 821),
(28591, 'Xã Thới Sơn', 815),
(28594, 'Thị trấn Chợ Gạo', 822),
(28597, 'Xã Trung Hòa', 822),
(28600, 'Xã Hòa Tịnh', 822),
(28603, 'Xã Mỹ Tịnh An', 822),
(28606, 'Xã Tân Bình Thạnh', 822),
(28609, 'Xã Phú Kiết', 822),
(28612, 'Xã Lương Hòa Lạc', 822),
(28615, 'Xã Thanh Bình', 822),
(28618, 'Xã Quơn Long', 822),
(28621, 'Xã Bình Phục Nhứt', 822),
(28624, 'Xã Đăng Hưng Phước', 822),
(28627, 'Xã Tân Thuận Bình', 822),
(28630, 'Xã Song Bình', 822),
(28633, 'Xã Bình Phan', 822),
(28636, 'Xã Long Bình Điền', 822),
(28639, 'Xã An Thạnh Thủy', 822),
(28642, 'Xã Xuân Đông', 822),
(28645, 'Xã Hòa Định', 822),
(28648, 'Xã Bình Ninh', 822),
(28651, 'Thị trấn Vĩnh Bình', 823),
(28654, 'Xã Đồng Sơn', 823),
(28657, 'Xã Bình Phú', 823),
(28660, 'Xã Đồng Thạnh', 823),
(28663, 'Xã Thành Công', 823),
(28666, 'Xã Bình Nhì', 823),
(28669, 'Xã Yên Luông', 823),
(28672, 'Xã Thạnh Trị', 823),
(28675, 'Xã Thạnh Nhựt', 823),
(28678, 'Xã Long Vĩnh', 823),
(28681, 'Xã Bình Tân', 823),
(28684, 'Xã Vĩnh Hựu', 823),
(28687, 'Xã Long Bình', 823),
(28690, 'Xã Tân Thới', 825),
(28693, 'Xã Tân Phú', 825),
(28696, 'Xã Phú Thạnh', 825),
(28699, 'Xã Tân Thạnh', 825),
(28702, 'Thị trấn Tân Hòa', 824),
(28705, 'Xã Tăng Hoà', 824),
(28708, 'Xã Bình Đông', 816),
(28711, 'Xã Tân Phước', 824),
(28714, 'Xã Gia Thuận', 824),
(28717, 'Xã Bình Xuân', 816),
(28720, 'Thị trấn Vàm Láng', 824),
(28723, 'Xã Tân Tây', 824),
(28726, 'Xã Kiểng Phước', 824),
(28729, 'Xã Tân Trung', 816),
(28732, 'Xã Tân Đông', 824),
(28735, 'Xã Bình Ân', 824),
(28738, 'Xã Tân Điền', 824),
(28741, 'Xã Bình Nghị', 824),
(28744, 'Xã Phước Trung', 824),
(28747, 'Xã Tân Thành', 824),
(28750, 'Xã Phú Đông', 825),
(28753, 'Xã Phú Tân', 825),
(28756, 'Phường Phú Khương', 829),
(28757, 'Phường Phú Tân', 829),
(28759, 'Phường 8', 829),
(28762, 'Phường 6', 829),
(28765, 'Phường 4', 829),
(28768, 'Phường 5', 829),
(28771, 'Phường 1', 829),
(28774, 'Phường 3', 829),
(28777, 'Phường 2', 829),
(28780, 'Phường 7', 829),
(28783, 'Xã Sơn Đông', 829),
(28786, 'Xã Phú Hưng', 829),
(28789, 'Xã Bình Phú', 829),
(28792, 'Xã Mỹ Thạnh An', 829),
(28795, 'Xã Nhơn Thạnh', 829),
(28798, 'Xã Phú Nhuận', 829),
(28801, 'Thị trấn Châu Thành', 831),
(28804, 'Xã Tân Thạch', 831),
(28807, 'Xã Qưới Sơn', 831),
(28810, 'Xã An Khánh', 831),
(28813, 'Xã Giao Long', 831),
(28816, 'Xã Giao Hòa', 831),
(28819, 'Xã Phú Túc', 831),
(28822, 'Xã Phú Đức', 831),
(28825, 'Xã Phú An Hòa', 831),
(28828, 'Xã An Phước', 831),
(28831, 'Xã Tam Phước', 831),
(28834, 'Xã Thành Triệu', 831),
(28837, 'Xã Tường Đa', 831),
(28840, 'Xã Tân Phú', 831),
(28843, 'Xã Quới Thành', 831),
(28846, 'Xã Phước Thạnh', 831),
(28849, 'Xã An Hóa', 831),
(28852, 'Xã Tiên Long', 831),
(28855, 'Xã An Hiệp', 831),
(28858, 'Xã Hữu Định', 831),
(28861, 'Xã Tiên Thủy', 831),
(28864, 'Xã Sơn Hòa', 831),
(28867, 'Xã Mỹ Thành', 829),
(28870, 'Thị trấn Chợ Lách', 832),
(28873, 'Xã Phú Phụng', 832),
(28876, 'Xã Sơn Định', 832),
(28879, 'Xã Vĩnh Bình', 832),
(28882, 'Xã Hòa Nghĩa', 832),
(28885, 'Xã Long Thới', 832),
(28888, 'Xã Phú Sơn', 832),
(28889, 'Xã Phú Mỹ', 838),
(28891, 'Xã Tân Thiềng', 832),
(28894, 'Xã Vĩnh Thành', 832),
(28897, 'Xã Vĩnh Hòa', 832),
(28900, 'Xã Hưng Khánh Trung B', 832),
(28901, 'Xã Hưng Khánh Trung A', 838),
(28903, 'Thị trấn Mỏ Cày', 833),
(28906, 'Xã Thanh Tân', 838),
(28909, 'Xã Thạnh Ngãi', 838),
(28912, 'Xã Tân Phú Tây', 838),
(28915, 'Xã Phước Mỹ Trung', 838),
(28918, 'Xã Tân Thành Bình', 838),
(28921, 'Xã Thành An', 838),
(28924, 'Xã Hòa Lộc', 838),
(28927, 'Xã Tân Thanh Tây', 838),
(28930, 'Xã Định Thủy', 833),
(28933, 'Xã Tân Bình', 838),
(28936, 'Xã Nhuận Phú Tân', 838),
(28939, 'Xã Đa Phước Hội', 833),
(28940, 'Xã Tân Hội', 833),
(28942, 'Xã Phước Hiệp', 833),
(28945, 'Xã Bình Khánh Đông', 833),
(28948, 'Xã Khánh Thạnh Tân', 838),
(28951, 'Xã An Thạnh', 833),
(28954, 'Xã Bình Khánh Tây', 833),
(28957, 'Xã An Định', 833),
(28960, 'Xã Thành Thới B', 833),
(28963, 'Xã Tân Trung', 833),
(28966, 'Xã An Thới', 833),
(28969, 'Xã Thành Thới A', 833),
(28972, 'Xã Minh Đức', 833),
(28975, 'Xã Ngãi Đăng', 833),
(28978, 'Xã Cẩm Sơn', 833),
(28981, 'Xã Hương Mỹ', 833),
(28984, 'Thị trấn Giồng Trôm', 834),
(28987, 'Xã Phong Nẫm', 834),
(28990, 'Xã Phong Mỹ', 834),
(28993, 'Xã Mỹ Thạnh', 834),
(28996, 'Xã Châu Hòa', 834),
(28999, 'Xã Lương Hòa', 834),
(29002, 'Xã Lương Quới', 834),
(29005, 'Xã Lương Phú', 834),
(29008, 'Xã Châu Bình', 834),
(29011, 'Xã Thuận Điền', 834),
(29014, 'Xã Sơn Phú', 834),
(29017, 'Xã Bình Hoà', 834),
(29020, 'Xã Phước Long', 834),
(29023, 'Xã Hưng Phong', 834),
(29026, 'Xã Long Mỹ', 834),
(29029, 'Xã Tân Hào', 834),
(29032, 'Xã Bình Thành', 834),
(29035, 'Xã Tân Thanh', 834),
(29038, 'Xã Tân Lợi Thạnh', 834),
(29041, 'Xã Thạnh Phú Đông', 834),
(29044, 'Xã Hưng Nhượng', 834),
(29047, 'Xã Hưng Lễ', 834),
(29050, 'Thị trấn Bình Đại', 835),
(29053, 'Xã Tam Hiệp', 835),
(29056, 'Xã Long Định', 835),
(29059, 'Xã Long Hòa', 835),
(29062, 'Xã Phú Thuận', 835),
(29065, 'Xã Vang Quới Tây', 835),
(29068, 'Xã Vang Quới Đông', 835),
(29071, 'Xã Châu Hưng', 835),
(29074, 'Xã Phú Vang', 835),
(29077, 'Xã Lộc Thuận', 835),
(29080, 'Xã Định Trung', 835),
(29083, 'Xã Thới Lai', 835),
(29086, 'Xã Bình Thới', 835),
(29089, 'Xã Phú Long', 835),
(29092, 'Xã Bình Thắng', 835),
(29095, 'Xã Thạnh Trị', 835),
(29098, 'Xã Đại Hòa Lộc', 835),
(29101, 'Xã Thừa Đức', 835),
(29104, 'Xã Thạnh Phước', 835),
(29107, 'Xã Thới Thuận', 835),
(29110, 'Thị trấn Ba Tri', 836),
(29113, 'Xã Tân Mỹ', 836),
(29116, 'Xã Mỹ Hòa', 836),
(29119, 'Xã Tân Xuân', 836),
(29122, 'Xã Mỹ Chánh', 836),
(29125, 'Xã Bảo Thạnh', 836),
(29128, 'Xã An Phú Trung', 836),
(29131, 'Xã Mỹ Thạnh', 836),
(29134, 'Xã Mỹ Nhơn', 836),
(29137, 'Xã Phước Tuy', 836),
(29140, 'Xã Phú Ngãi', 836),
(29143, 'Xã An Ngãi Trung', 836),
(29146, 'Xã Phú Lễ', 836),
(29149, 'Xã An Bình Tây', 836),
(29152, 'Xã Bảo Thuận', 836),
(29155, 'Xã Tân Hưng', 836),
(29158, 'Xã An Ngãi Tây', 836),
(29161, 'Xã An Hiệp', 836),
(29164, 'Xã Vĩnh Hòa', 836),
(29167, 'Xã Tân Thủy', 836),
(29170, 'Xã Vĩnh An', 836),
(29173, 'Xã An Đức', 836),
(29176, 'Xã An Hòa Tây', 836),
(29179, 'Xã An Thủy', 836),
(29182, 'Thị trấn Thạnh Phú', 837),
(29185, 'Xã Phú Khánh', 837),
(29188, 'Xã Đại Điền', 837),
(29191, 'Xã Quới Điền', 837),
(29194, 'Xã Tân Phong', 837),
(29197, 'Xã Mỹ Hưng', 837),
(29200, 'Xã An Thạnh', 837),
(29203, 'Xã Thới Thạnh', 837),
(29206, 'Xã Hòa Lợi', 837),
(29209, 'Xã An Điền', 837),
(29212, 'Xã Bình Thạnh', 837),
(29215, 'Xã An Thuận', 837),
(29218, 'Xã An Quy', 837),
(29221, 'Xã Thạnh Hải', 837),
(29224, 'Xã An Nhơn', 837),
(29227, 'Xã Giao Thạnh', 837),
(29230, 'Xã Thạnh Phong', 837),
(29233, 'Xã Mỹ An', 837),
(29236, 'Phường 4', 842),
(29239, 'Phường 1', 842),
(29242, 'Phường 3', 842),
(29245, 'Phường 2', 842),
(29248, 'Phường 5', 842),
(29251, 'Phường 6', 842),
(29254, 'Phường 7', 842),
(29257, 'Phường 8', 842),
(29260, 'Phường 9', 842),
(29263, 'Xã Long Đức', 842),
(29266, 'Thị trấn Càng Long', 844),
(29269, 'Xã Mỹ Cẩm', 844),
(29272, 'Xã An Trường A', 844),
(29275, 'Xã An Trường', 844),
(29278, 'Xã Huyền Hội', 844),
(29281, 'Xã Tân An', 844),
(29284, 'Xã Tân Bình', 844),
(29287, 'Xã Bình Phú', 844),
(29290, 'Xã Phương Thạnh', 844),
(29293, 'Xã Đại Phúc', 844),
(29296, 'Xã Đại Phước', 844),
(29299, 'Xã Nhị Long Phú', 844),
(29302, 'Xã Nhị Long', 844),
(29305, 'Xã Đức Mỹ', 844),
(29308, 'Thị trấn Cầu Kè', 845),
(29311, 'Xã Hòa Ân', 845),
(29314, 'Xã Châu Điền', 845),
(29317, 'Xã An Phú Tân', 845),
(29320, 'Xã Hoà Tân', 845),
(29323, 'Xã Ninh Thới', 845),
(29326, 'Xã Phong Phú', 845),
(29329, 'Xã Phong Thạnh', 845),
(29332, 'Xã Tam Ngãi', 845),
(29335, 'Xã Thông Hòa', 845),
(29338, 'Xã Thạnh Phú', 845),
(29341, 'Thị trấn Tiểu Cần', 846),
(29344, 'Thị trấn Cầu Quan', 846),
(29347, 'Xã Phú Cần', 846),
(29350, 'Xã Hiếu Tử', 846),
(29353, 'Xã Hiếu Trung', 846),
(29356, 'Xã Long Thới', 846),
(29359, 'Xã Hùng Hòa', 846),
(29362, 'Xã Tân Hùng', 846),
(29365, 'Xã Tập Ngãi', 846),
(29368, 'Xã Ngãi Hùng', 846),
(29371, 'Xã Tân Hòa', 846),
(29374, 'Thị trấn Châu Thành', 847),
(29377, 'Xã Đa Lộc', 847),
(29380, 'Xã Mỹ Chánh', 847),
(29383, 'Xã Thanh Mỹ', 847),
(29386, 'Xã Lương Hoà A', 847),
(29389, 'Xã Lương Hòa', 847),
(29392, 'Xã Song Lộc', 847),
(29395, 'Xã Nguyệt Hóa', 847),
(29398, 'Xã Hòa Thuận', 847),
(29401, 'Xã Hòa Lợi', 847),
(29404, 'Xã Phước Hảo', 847),
(29407, 'Xã Hưng Mỹ', 847),
(29410, 'Xã Hòa Minh', 847),
(29413, 'Xã Long Hòa', 847),
(29416, 'Thị trấn Cầu Ngang', 848),
(29419, 'Thị trấn Mỹ Long', 848),
(29422, 'Xã Mỹ Long Bắc', 848),
(29425, 'Xã Mỹ Long Nam', 848),
(29428, 'Xã Mỹ Hòa', 848),
(29431, 'Xã Vĩnh Kim', 848),
(29434, 'Xã Kim Hòa', 848),
(29437, 'Xã Hiệp Hòa', 848),
(29440, 'Xã Thuận Hòa', 848),
(29443, 'Xã Long Sơn', 848),
(29446, 'Xã Nhị Trường', 848),
(29449, 'Xã Trường Thọ', 848),
(29452, 'Xã Hiệp Mỹ Đông', 848),
(29455, 'Xã Hiệp Mỹ Tây', 848),
(29458, 'Xã Thạnh Hòa Sơn', 848),
(29461, 'Thị trấn Trà Cú', 849),
(29462, 'Thị trấn Định An', 849),
(29464, 'Xã Phước Hưng', 849),
(29467, 'Xã Tập Sơn', 849),
(29470, 'Xã Tân Sơn', 849),
(29473, 'Xã An Quảng Hữu', 849),
(29476, 'Xã Lưu Nghiệp Anh', 849),
(29479, 'Xã Ngãi Xuyên', 849),
(29482, 'Xã Kim Sơn', 849),
(29485, 'Xã Thanh Sơn', 849),
(29488, 'Xã Hàm Giang', 849),
(29489, 'Xã Hàm Tân', 849),
(29491, 'Xã Đại An', 849),
(29494, 'Xã Định An', 849),
(29497, 'Xã Đôn Xuân', 850),
(29500, 'Xã Đôn Châu', 850),
(29503, 'Xã Ngọc Biên', 849),
(29506, 'Xã Long Hiệp', 849),
(29509, 'Xã Tân Hiệp', 849),
(29512, 'Phường 1', 851),
(29513, 'Thị trấn Long Thành', 850),
(29515, 'Xã Long Toàn', 851),
(29516, 'Phường 2', 851),
(29518, 'Xã Long Hữu', 851),
(29521, 'Xã Long Khánh', 850),
(29524, 'Xã Dân Thành', 851),
(29527, 'Xã Trường Long Hòa', 851),
(29530, 'Xã Ngũ Lạc', 850),
(29533, 'Xã Long Vĩnh', 850),
(29536, 'Xã Đông Hải', 850),
(29539, 'Xã Hiệp Thạnh', 851),
(29542, 'Phường 9', 855),
(29545, 'Phường 5', 855),
(29548, 'Phường 1', 855),
(29551, 'Phường 2', 855),
(29554, 'Phường 4', 855),
(29557, 'Phường 3', 855),
(29560, 'Phường 8', 855),
(29563, 'Xã Tân Ngãi', 855),
(29566, 'Xã Tân Hòa', 855),
(29569, 'Xã Tân Hội', 855),
(29572, 'Xã Trường An', 855),
(29575, 'Thị trấn Long Hồ', 857),
(29578, 'Xã Đồng Phú', 857),
(29581, 'Xã Bình Hòa Phước', 857),
(29584, 'Xã Hòa Ninh', 857),
(29587, 'Xã An Bình', 857),
(29590, 'Xã Thanh Đức', 857),
(29593, 'Xã Tân Hạnh', 857),
(29596, 'Xã Phước Hậu', 857),
(29599, 'Xã Long Phước', 857),
(29602, 'Xã Phú Đức', 857),
(29605, 'Xã Lộc Hòa', 857),
(29608, 'Xã Long An', 857),
(29611, 'Xã Phú Quới', 857),
(29614, 'Xã Thạnh Quới', 857),
(29617, 'Xã Hòa Phú', 857),
(29620, 'Thị trấn Cái Nhum', 858),
(29623, 'Xã Mỹ An', 858),
(29626, 'Xã Mỹ Phước', 858),
(29629, 'Xã An Phước', 858),
(29632, 'Xã Nhơn Phú', 858),
(29635, 'Xã Long Mỹ', 858),
(29638, 'Xã Hòa Tịnh', 858),
(29641, 'Xã Chánh Hội', 858),
(29644, 'Xã Bình Phước', 858),
(29647, 'Xã Chánh An', 858),
(29650, 'Xã Tân An Hội', 858),
(29653, 'Xã Tân Long', 858),
(29656, 'Xã Tân Long Hội', 858),
(29659, 'Thị trấn Vũng Liêm', 859),
(29662, 'Xã Tân Quới Trung', 859),
(29665, 'Xã Quới Thiện', 859),
(29668, 'Xã Quới An', 859),
(29671, 'Xã Trung Chánh', 859),
(29674, 'Xã Tân An Luông', 859),
(29677, 'Xã Thanh Bình', 859),
(29680, 'Xã Trung Thành Tây', 859),
(29683, 'Xã Trung Hiệp', 859),
(29686, 'Xã Hiếu Phụng', 859),
(29689, 'Xã Trung Thành Đông', 859),
(29692, 'Xã Trung Thành', 859),
(29695, 'Xã Trung Hiếu', 859),
(29698, 'Xã Trung Ngãi', 859),
(29701, 'Xã Hiếu Thuận', 859),
(29704, 'Xã Trung Nghĩa', 859),
(29707, 'Xã Trung An', 859),
(29710, 'Xã Hiếu Nhơn', 859),
(29713, 'Xã Hiếu Thành', 859),
(29716, 'Xã Hiếu Nghĩa', 859),
(29719, 'Thị trấn Tam Bình', 860),
(29722, 'Xã Tân Lộc', 860),
(29725, 'Xã Phú Thịnh', 860),
(29728, 'Xã Hậu Lộc', 860),
(29731, 'Xã Hòa Thạnh', 860),
(29734, 'Xã Hoà Lộc', 860),
(29737, 'Xã Phú Lộc', 860),
(29740, 'Xã Song Phú', 860),
(29743, 'Xã Hòa Hiệp', 860),
(29746, 'Xã Mỹ Lộc', 860),
(29749, 'Xã Tân Phú', 860),
(29752, 'Xã Long Phú', 860),
(29755, 'Xã Mỹ Thạnh Trung', 860),
(29758, 'Xã Tường Lộc', 860),
(29761, 'Xã Loan Mỹ', 860),
(29764, 'Xã Ngãi Tứ', 860),
(29767, 'Xã Bình Ninh', 860),
(29770, 'Phường Cái Vồn', 861),
(29771, 'Phường Thành Phước', 861),
(29773, 'Xã Tân Hưng', 863),
(29776, 'Xã Tân Thành', 863),
(29779, 'Xã Thành Trung', 863),
(29782, 'Xã Tân An Thạnh', 863),
(29785, 'Xã Tân Lược', 863),
(29788, 'Xã Nguyễn Văn Thảnh', 863),
(29791, 'Xã Thành Đông', 863),
(29794, 'Xã Mỹ Thuận', 863),
(29797, 'Xã Tân Bình', 863),
(29800, 'Xã Thành Lợi', 863),
(29803, 'Xã Tân Quới', 863),
(29806, 'Xã Thuận An', 861),
(29809, 'Xã Đông Thạnh', 861),
(29812, 'Xã Đông Bình', 861),
(29813, 'Phường Đông Thuận', 861),
(29815, 'Xã Mỹ Hòa', 861),
(29818, 'Xã Đông Thành', 861),
(29821, 'Thị trấn Trà Ôn', 862),
(29824, 'Xã Xuân Hiệp', 862),
(29827, 'Xã Nhơn Bình', 862),
(29830, 'Xã Hòa Bình', 862),
(29833, 'Xã Thới Hòa', 862),
(29836, 'Xã Trà Côn', 862),
(29839, 'Xã Tân Mỹ', 862),
(29842, 'Xã Hựu Thành', 862),
(29845, 'Xã Vĩnh Xuân', 862),
(29848, 'Xã Thuận Thới', 862),
(29851, 'Xã Phú Thành', 862),
(29854, 'Xã Thiện Mỹ', 862),
(29857, 'Xã Lục Sỹ Thành', 862),
(29860, 'Xã Tích Thiện', 862),
(29863, 'Phường 11', 866),
(29866, 'Phường 1', 866),
(29869, 'Phường 2', 866),
(29872, 'Phường 4', 866),
(29875, 'Phường 3', 866),
(29878, 'Phường 6', 866),
(29881, 'Xã Mỹ Ngãi', 866),
(29884, 'Xã Mỹ Tân', 866),
(29887, 'Xã Mỹ Trà', 866),
(29888, 'Phường Mỹ Phú', 866),
(29890, 'Xã Tân Thuận Tây', 866),
(29892, 'Phường Hoà Thuận', 866),
(29893, 'Xã Hòa An', 866),
(29896, 'Xã Tân Thuận Đông', 866),
(29899, 'Xã Tịnh Thới', 866),
(29902, 'Phường 3', 867),
(29905, 'Phường 1', 867),
(29908, 'Phường 4', 867),
(29911, 'Phường 2', 867),
(29914, 'Xã Tân Khánh Đông', 867),
(29917, 'Phường Tân Quy Đông', 867),
(29919, 'Phường An Hoà', 867),
(29920, 'Xã Tân Quy Tây', 867),
(29923, 'Xã Tân Phú Đông', 867),
(29926, 'Thị trấn Sa Rài', 869),
(29929, 'Xã Tân Hộ Cơ', 869),
(29932, 'Xã Thông Bình', 869),
(29935, 'Xã Bình Phú', 869),
(29938, 'Xã Tân Thành A', 869),
(29941, 'Xã Tân Thành B', 869),
(29944, 'Xã Tân Phước', 869),
(29947, 'Xã Tân Công Chí', 869),
(29950, 'Xã An Phước', 869),
(29954, 'Phường An Lộc', 868),
(29955, 'Phường An Thạnh', 868),
(29956, 'Xã Thường Phước 1', 870),
(29959, 'Xã Bình Thạnh', 868),
(29962, 'Xã Thường Thới Hậu A', 870),
(29965, 'Xã Tân Hội', 868),
(29968, 'Xã Thường Thới Hậu B', 870),
(29971, 'Xã Thường Thới Tiền', 870),
(29974, 'Xã Thường Phước 2', 870),
(29977, 'Xã Thường Lạc', 870),
(29978, 'Phường An Lạc', 868),
(29980, 'Xã Long Khánh A', 870),
(29983, 'Xã Long Khánh B', 870),
(29986, 'Xã An Bình B', 868),
(29989, 'Xã An Bình A', 868),
(29992, 'Xã Long Thuận', 870),
(29995, 'Xã Phú Thuận B', 870),
(29998, 'Xã Phú Thuận A', 870),
(30001, 'Thị trấn Tràm Chim', 871),
(30004, 'Xã Hoà Bình', 871),
(30007, 'Xã Tân Công Sính', 871),
(30010, 'Xã Phú Hiệp', 871),
(30013, 'Xã Phú Đức', 871),
(30016, 'Xã Phú Thành B', 871),
(30019, 'Xã An Hòa', 871),
(30022, 'Xã An Long', 871),
(30025, 'Xã Phú Cường', 871),
(30028, 'Xã Phú Ninh', 871),
(30031, 'Xã Phú Thọ', 871),
(30034, 'Xã Phú Thành A', 871),
(30037, 'Thị trấn Mỹ An', 872),
(30040, 'Xã Thạnh Lợi', 872),
(30043, 'Xã Hưng Thạnh', 872),
(30046, 'Xã Trường Xuân', 872),
(30049, 'Xã Tân Kiều', 872),
(30052, 'Xã Mỹ Hòa', 872),
(30055, 'Xã Mỹ Quý', 872),
(30058, 'Xã Mỹ Đông', 872),
(30061, 'Xã Đốc Binh Kiều', 872),
(30064, 'Xã Mỹ An', 872),
(30067, 'Xã Phú Điền', 872),
(30070, 'Xã Láng Biển', 872),
(30073, 'Xã Thanh Mỹ', 872),
(30076, 'Thị trấn Mỹ Thọ', 873),
(30079, 'Xã Gáo Giồng', 873),
(30082, 'Xã Phương Thịnh', 873),
(30085, 'Xã Ba Sao', 873),
(30088, 'Xã Phong Mỹ', 873),
(30091, 'Xã Tân Nghĩa', 873),
(30094, 'Xã Phương Trà', 873),
(30097, 'Xã Nhị Mỹ', 873),
(30100, 'Xã Mỹ Thọ', 873),
(30103, 'Xã Tân Hội Trung', 873),
(30106, 'Xã An Bình', 873),
(30109, 'Xã Mỹ Hội', 873),
(30112, 'Xã Mỹ Hiệp', 873),
(30115, 'Xã Mỹ Long', 873),
(30118, 'Xã Bình Hàng Trung', 873),
(30121, 'Xã Mỹ Xương', 873),
(30124, 'Xã Bình Hàng Tây', 873),
(30127, 'Xã Bình Thạnh', 873),
(30130, 'Thị trấn Thanh Bình', 874),
(30133, 'Xã Tân Quới', 874),
(30136, 'Xã Tân Hòa', 874),
(30139, 'Xã An Phong', 874),
(30142, 'Xã Phú Lợi', 874),
(30145, 'Xã Tân Mỹ', 874),
(30148, 'Xã Bình Tấn', 874),
(30151, 'Xã Tân Huề', 874),
(30154, 'Xã Tân Bình', 874),
(30157, 'Xã Tân Thạnh', 874),
(30160, 'Xã Tân Phú', 874),
(30163, 'Xã Bình Thành', 874),
(30166, 'Xã Tân Long', 874),
(30169, 'Thị trấn Lấp Vò', 875),
(30172, 'Xã Mỹ An Hưng A', 875),
(30175, 'Xã Tân Mỹ', 875),
(30178, 'Xã Mỹ An Hưng B', 875),
(30181, 'Xã Tân  Khánh Trung', 875),
(30184, 'Xã Long Hưng A', 875),
(30187, 'Xã Vĩnh Thạnh', 875),
(30190, 'Xã Long Hưng B', 875),
(30193, 'Xã Bình Thành', 875),
(30196, 'Xã Định An', 875),
(30199, 'Xã Định Yên', 875),
(30202, 'Xã Hội An Đông', 875),
(30205, 'Xã Bình Thạnh Trung', 875),
(30208, 'Thị trấn Lai Vung', 876),
(30211, 'Xã Tân Dương', 876),
(30214, 'Xã Hòa Thành', 876),
(30217, 'Xã Long Hậu', 876),
(30220, 'Xã Tân Phước', 876),
(30223, 'Xã Hòa Long', 876),
(30226, 'Xã Tân Thành', 876),
(30229, 'Xã Long Thắng', 876),
(30232, 'Xã Vĩnh Thới', 876),
(30235, 'Xã Tân Hòa', 876),
(30238, 'Xã Định Hòa', 876),
(30241, 'Xã Phong Hòa', 876),
(30244, 'Thị trấn Cái Tàu Hạ', 877),
(30247, 'Xã An Hiệp', 877),
(30250, 'Xã An Nhơn', 877),
(30253, 'Xã Tân Nhuận Đông', 877),
(30256, 'Xã Tân Bình', 877),
(30259, 'Xã Tân Phú Trung', 877),
(30262, 'Xã Phú Long', 877),
(30265, 'Xã An Phú Thuận', 877),
(30268, 'Xã Phú Hựu', 877),
(30271, 'Xã An Khánh', 877),
(30274, 'Xã Tân Phú', 877),
(30277, 'Xã Hòa Tân', 877),
(30280, 'Phường Mỹ Bình', 883),
(30283, 'Phường Mỹ Long', 883),
(30285, 'Phường Đông Xuyên', 883),
(30286, 'Phường Mỹ Xuyên', 883),
(30289, 'Phường Bình Đức', 883),
(30292, 'Phường Bình Khánh', 883),
(30295, 'Phường Mỹ Phước', 883),
(30298, 'Phường Mỹ Quý', 883),
(30301, 'Phường Mỹ Thới', 883),
(30304, 'Phường Mỹ Thạnh', 883),
(30307, 'Phường Mỹ Hòa', 883),
(30310, 'Xã Mỹ Khánh', 883),
(30313, 'Xã Mỹ Hoà Hưng', 883),
(30316, 'Phường Châu Phú B', 884),
(30319, 'Phường Châu Phú A', 884),
(30322, 'Phường Vĩnh Mỹ', 884),
(30325, 'Phường Núi Sam', 884),
(30328, 'Phường Vĩnh Ngươn', 884),
(30331, 'Xã Vĩnh Tế', 884),
(30334, 'Xã Vĩnh Châu', 884),
(30337, 'Thị trấn An Phú', 886),
(30340, 'Xã Khánh An', 886),
(30341, 'Thị Trấn Long Bình', 886),
(30343, 'Xã Khánh Bình', 886),
(30346, 'Xã Quốc Thái', 886),
(30349, 'Xã Nhơn Hội', 886),
(30352, 'Xã Phú Hữu', 886),
(30355, 'Xã Phú Hội', 886),
(30358, 'Xã Phước Hưng', 886),
(30361, 'Xã Vĩnh Lộc', 886),
(30364, 'Xã Vĩnh Hậu', 886),
(30367, 'Xã Vĩnh Trường', 886),
(30370, 'Xã Vĩnh Hội Đông', 886),
(30373, 'Xã Đa Phước', 886),
(30376, 'Phường Long Thạnh', 887),
(30377, 'Phường Long Hưng', 887),
(30378, 'Phường Long Châu', 887),
(30379, 'Xã Phú Lộc', 887),
(30382, 'Xã Vĩnh Xương', 887),
(30385, 'Xã Vĩnh Hòa', 887),
(30387, 'Xã Tân Thạnh', 887),
(30388, 'Xã Tân An', 887),
(30391, 'Xã Long An', 887),
(30394, 'Phường Long Phú', 887),
(30397, 'Xã Châu Phong', 887),
(30400, 'Xã Phú Vĩnh', 887),
(30403, 'Xã Lê Chánh', 887),
(30406, 'Thị trấn Phú Mỹ', 888),
(30409, 'Thị trấn Chợ Vàm', 888),
(30412, 'Phường Long Sơn', 887),
(30415, 'Xã Long Hoà', 888),
(30418, 'Xã Phú Long', 888),
(30421, 'Xã Phú Lâm', 888),
(30424, 'Xã Phú Hiệp', 888),
(30427, 'Xã Phú Thạnh', 888),
(30430, 'Xã Hoà Lạc', 888),
(30433, 'Xã Phú Thành', 888),
(30436, 'Xã Phú An', 888),
(30439, 'Xã Phú Xuân', 888),
(30442, 'Xã Hiệp Xương', 888),
(30445, 'Xã Phú Bình', 888),
(30448, 'Xã Phú Thọ', 888),
(30451, 'Xã Phú Hưng', 888),
(30454, 'Xã Bình Thạnh Đông', 888),
(30457, 'Xã Tân Hòa', 888),
(30460, 'Xã Tân Trung', 888),
(30463, 'Thị trấn Cái Dầu', 889),
(30466, 'Xã Khánh Hòa', 889),
(30469, 'Xã Mỹ Đức', 889),
(30472, 'Xã Mỹ Phú', 889),
(30475, 'Xã Ô Long Vỹ', 889),
(30478, 'Xã Vĩnh Thạnh Trung', 889),
(30481, 'Xã Thạnh Mỹ Tây', 889),
(30484, 'Xã Bình Long', 889),
(30487, 'Xã Bình Mỹ', 889),
(30490, 'Xã Bình Thủy', 889),
(30493, 'Xã Đào Hữu Cảnh', 889),
(30496, 'Xã Bình Phú', 889),
(30499, 'Xã Bình Chánh', 889),
(30502, 'Thị trấn Nhà Bàng', 890),
(30505, 'Thị trấn Chi Lăng', 890),
(30508, 'Xã Núi Voi', 890),
(30511, 'Xã Nhơn Hưng', 890),
(30514, 'Xã An Phú', 890),
(30517, 'Xã Thới Sơn', 890),
(30520, 'Thị trấn Tịnh Biên', 890),
(30523, 'Xã Văn Giáo', 890),
(30526, 'Xã An Cư', 890),
(30529, 'Xã An Nông', 890),
(30532, 'Xã Vĩnh Trung', 890),
(30535, 'Xã Tân Lợi', 890),
(30538, 'Xã An Hảo', 890),
(30541, 'Xã Tân Lập', 890),
(30544, 'Thị trấn Tri Tôn', 891),
(30547, 'Thị trấn Ba Chúc', 891),
(30550, 'Xã Lạc Quới', 891),
(30553, 'Xã Lê Trì', 891),
(30556, 'Xã Vĩnh Gia', 891),
(30559, 'Xã Vĩnh Phước', 891),
(30562, 'Xã Châu Lăng', 891),
(30565, 'Xã Lương Phi', 891),
(30568, 'Xã Lương An Trà', 891),
(30571, 'Xã Tà Đảnh', 891),
(30574, 'Xã Núi Tô', 891),
(30577, 'Xã An Tức', 891),
(30580, 'Xã Cô Tô', 891),
(30583, 'Xã Tân Tuyến', 891),
(30586, 'Xã Ô Lâm', 891),
(30589, 'Thị trấn An Châu', 892),
(30592, 'Xã An Hòa', 892),
(30595, 'Xã Cần Đăng', 892),
(30598, 'Xã Vĩnh Hanh', 892),
(30601, 'Xã Bình Thạnh', 892),
(30604, 'Xã Vĩnh Bình', 892),
(30607, 'Xã Bình Hòa', 892),
(30610, 'Xã Vĩnh An', 892),
(30613, 'Xã Hòa Bình Thạnh', 892),
(30616, 'Xã Vĩnh Lợi', 892),
(30619, 'Xã Vĩnh Nhuận', 892),
(30622, 'Xã Tân Phú', 892),
(30625, 'Xã Vĩnh Thành', 892),
(30628, 'Thị trấn Chợ Mới', 893),
(30631, 'Thị trấn Mỹ Luông', 893),
(30634, 'Xã Kiến An', 893),
(30637, 'Xã Mỹ Hội Đông', 893),
(30640, 'Xã Long Điền A', 893),
(30643, 'Xã Tấn Mỹ', 893),
(30646, 'Xã Long Điền B', 893),
(30649, 'Xã Kiến Thành', 893),
(30652, 'Xã Mỹ Hiệp', 893),
(30655, 'Xã Mỹ An', 893),
(30658, 'Xã Nhơn Mỹ', 893),
(30661, 'Xã Long Giang', 893),
(30664, 'Xã Long Kiến', 893),
(30667, 'Xã Bình Phước Xuân', 893),
(30670, 'Xã An Thạnh Trung', 893),
(30673, 'Xã Hội An', 893),
(30676, 'Xã Hòa Bình', 893),
(30679, 'Xã Hòa An', 893),
(30682, 'Thị trấn Núi Sập', 894),
(30685, 'Thị trấn Phú Hoà', 894),
(30688, 'Thị Trấn Óc Eo', 894),
(30691, 'Xã Tây Phú', 894),
(30692, 'Xã An Bình', 894),
(30694, 'Xã Vĩnh Phú', 894),
(30697, 'Xã Vĩnh Trạch', 894),
(30700, 'Xã Phú Thuận', 894),
(30703, 'Xã Vĩnh Chánh', 894),
(30706, 'Xã Định Mỹ', 894),
(30709, 'Xã Định Thành', 894),
(30712, 'Xã Mỹ Phú Đông', 894),
(30715, 'Xã Vọng Đông', 894),
(30718, 'Xã Vĩnh Khánh', 894),
(30721, 'Xã Thoại Giang', 894),
(30724, 'Xã Bình Thành', 894),
(30727, 'Xã Vọng Thê', 894),
(30730, 'Phường Vĩnh Thanh Vân', 899),
(30733, 'Phường Vĩnh Thanh', 899),
(30736, 'Phường Vĩnh Quang', 899),
(30739, 'Phường Vĩnh Hiệp', 899),
(30742, 'Phường Vĩnh Bảo', 899),
(30745, 'Phường Vĩnh Lạc', 899),
(30748, 'Phường An Hòa', 899),
(30751, 'Phường An Bình', 899),
(30754, 'Phường Rạch Sỏi', 899),
(30757, 'Phường Vĩnh Lợi', 899),
(30760, 'Phường Vĩnh Thông', 899),
(30763, 'Xã Phi Thông', 899),
(30766, 'Phường Tô Châu', 900),
(30769, 'Phường Đông Hồ', 900),
(30772, 'Phường Bình San', 900),
(30775, 'Phường Pháo Đài', 900),
(30778, 'Xã Mỹ Đức', 900),
(30781, 'Xã Tiên Hải', 900),
(30784, 'Xã Thuận Yên', 900),
(30787, 'Thị trấn Kiên Lương', 902),
(30790, 'Xã Kiên Bình', 902),
(30791, 'Xã Vĩnh Phú', 914),
(30793, 'Xã Vĩnh Điều', 914),
(30796, 'Xã Tân Khánh Hòa', 914),
(30797, 'Xã Phú Lợi', 914),
(30799, 'Xã Phú Mỹ', 914),
(30802, 'Xã Hòa Điền', 902),
(30805, 'Xã Dương Hòa', 902),
(30808, 'Xã Bình An', 902),
(30809, 'Xã Bình Trị', 902),
(30811, 'Xã Sơn Hải', 902),
(30814, 'Xã Hòn Nghệ', 902),
(30817, 'Thị trấn Hòn Đất', 903),
(30820, 'Thị trấn Sóc Sơn', 903),
(30823, 'Xã Bình Sơn', 903),
(30826, 'Xã Bình Giang', 903),
(30828, 'Xã Mỹ Thái', 903),
(30829, 'Xã Nam Thái Sơn', 903),
(30832, 'Xã Mỹ Hiệp Sơn', 903),
(30835, 'Xã Sơn Kiên', 903),
(30836, 'Xã Sơn Bình', 903),
(30838, 'Xã Mỹ Thuận', 903),
(30840, 'Xã Lình Huỳnh', 903),
(30841, 'Xã Thổ Sơn', 903),
(30844, 'Xã Mỹ Lâm', 903),
(30847, 'Xã Mỹ Phước', 903),
(30850, 'Thị trấn Tân Hiệp', 904),
(30853, 'Xã Tân Hội', 904),
(30856, 'Xã Tân Thành', 904),
(30859, 'Xã Tân Hiệp B', 904),
(30860, 'Xã Tân Hoà', 904),
(30862, 'Xã Thạnh Đông B', 904),
(30865, 'Xã Thạnh Đông', 904),
(30868, 'Xã Tân Hiệp A', 904),
(30871, 'Xã Tân An', 904),
(30874, 'Xã Thạnh Đông A', 904),
(30877, 'Xã Thạnh Trị', 904),
(30880, 'Thị trấn Minh Lương', 905),
(30883, 'Xã Mong Thọ A', 905),
(30886, 'Xã Mong Thọ B', 905),
(30887, 'Xã Mong Thọ', 905),
(30889, 'Xã Giục Tượng', 905),
(30892, 'Xã Vĩnh Hòa Hiệp', 905),
(30893, 'Xã Vĩnh Hoà Phú', 905),
(30895, 'Xã Minh Hòa', 905),
(30898, 'Xã Bình An', 905),
(30901, 'Xã Thạnh Lộc', 905),
(30904, 'Thị Trấn Giồng Riềng', 906),
(30907, 'Xã Thạnh Hưng', 906),
(30910, 'Xã Thạnh Phước', 906),
(30913, 'Xã Thạnh Lộc', 906),
(30916, 'Xã Thạnh Hòa', 906),
(30917, 'Xã Thạnh Bình', 906),
(30919, 'Xã Bàn Thạch', 906),
(30922, 'Xã Bàn Tân Định', 906),
(30925, 'Xã Ngọc Thành', 906),
(30928, 'Xã Ngọc Chúc', 906),
(30931, 'Xã Ngọc Thuận', 906),
(30934, 'Xã Hòa Hưng', 906),
(30937, 'Xã Hoà Lợi', 906),
(30940, 'Xã Hoà An', 906),
(30943, 'Xã Long Thạnh', 906),
(30946, 'Xã Vĩnh Thạnh', 906),
(30947, 'Xã Vĩnh Phú', 906),
(30949, 'Xã  Hòa Thuận', 906),
(30950, 'Xã Ngọc Hoà', 906),
(30952, 'Thị trấn Gò Quao', 907),
(30955, 'Xã Vĩnh Hòa Hưng Bắc', 907),
(30958, 'Xã Định Hòa', 907),
(30961, 'Xã Thới Quản', 907),
(30964, 'Xã Định An', 907),
(30967, 'Xã Thủy Liễu', 907),
(30970, 'Xã Vĩnh Hòa Hưng Nam', 907),
(30973, 'Xã Vĩnh Phước A', 907),
(30976, 'Xã Vĩnh Phước B', 907),
(30979, 'Xã Vĩnh Tuy', 907),
(30982, 'Xã Vĩnh Thắng', 907),
(30985, 'Thị trấn Thứ Ba', 908),
(30988, 'Xã Tây Yên', 908),
(30991, 'Xã Tây Yên A', 908),
(30994, 'Xã Nam Yên', 908),
(30997, 'Xã Hưng Yên', 908),
(31000, 'Xã Nam Thái', 908),
(31003, 'Xã Nam Thái A', 908),
(31006, 'Xã Đông Thái', 908),
(31009, 'Xã Đông Yên', 908),
(31012, 'Xã Thạnh Yên', 913),
(31015, 'Xã Thạnh Yên A', 913),
(31018, 'Thị trấn Thứ Mười Một', 909),
(31021, 'Xã Thuận Hoà', 909),
(31024, 'Xã Đông Hòa', 909),
(31027, 'Xã An Minh Bắc', 913),
(31030, 'Xã Đông Thạnh', 909),
(31031, 'Xã Tân Thạnh', 909),
(31033, 'Xã Đông Hưng', 909),
(31036, 'Xã Đông Hưng A', 909),
(31039, 'Xã Đông Hưng B', 909),
(31042, 'Xã Vân Khánh', 909),
(31045, 'Xã Vân Khánh Đông', 909),
(31048, 'Xã Vân Khánh Tây', 909),
(31051, 'Thị trấn Vĩnh Thuận', 910),
(31054, 'Xã Vĩnh Hòa', 913),
(31057, 'Xã Hoà Chánh', 913),
(31060, 'Xã Vĩnh Bình Bắc', 910),
(31063, 'Xã Vĩnh Bình Nam', 910),
(31064, 'Xã Bình Minh', 910),
(31066, 'Xã Minh Thuận', 913),
(31069, 'Xã Vĩnh Thuận', 910),
(31072, 'Xã Tân Thuận', 910),
(31074, 'Xã Phong Đông', 910),
(31075, 'Xã Vĩnh Phong', 910),
(31078, 'Thị trấn Dương Đông', 911),
(31081, 'Thị trấn An Thới', 911),
(31084, 'Xã Cửa Cạn', 911),
(31087, 'Xã Gành Dầu', 911),
(31090, 'Xã Cửa Dương', 911),
(31093, 'Xã Hàm Ninh', 911),
(31096, 'Xã Dương Tơ', 911),
(31099, 'Xã Hòn Thơm', 911),
(31102, 'Xã Bãi Thơm', 911),
(31105, 'Xã Thổ Châu', 911),
(31108, 'Xã Hòn Tre', 912),
(31111, 'Xã Lại Sơn', 912),
(31114, 'Xã An Sơn', 912),
(31115, 'Xã Nam Du', 912),
(31117, 'Phường Cái Khế', 916),
(31120, 'Phường An Hòa', 916),
(31123, 'Phường Thới Bình', 916),
(31126, 'Phường An Nghiệp', 916),
(31129, 'Phường An Cư', 916),
(31132, 'Phường An Hội', 916),
(31135, 'Phường Tân An', 916),
(31138, 'Phường An Lạc', 916),
(31141, 'Phường An Phú', 916),
(31144, 'Phường Xuân Khánh', 916),
(31147, 'Phường Hưng Lợi', 916),
(31149, 'Phường An Khánh', 916),
(31150, 'Phường An Bình', 916),
(31153, 'Phường Châu Văn Liêm', 917),
(31154, 'Phường Thới Hòa', 917),
(31156, 'Phường Thới Long', 917),
(31157, 'Phường Long Hưng', 917),
(31159, 'Phường Thới An', 917),
(31162, 'Phường Phước Thới', 917),
(31165, 'Phường Trường Lạc', 917),
(31168, 'Phường Bình Thủy', 918),
(31169, 'Phường Trà An', 918),
(31171, 'Phường Trà Nóc', 918),
(31174, 'Phường Thới An Đông', 918),
(31177, 'Phường An Thới', 918),
(31178, 'Phường Bùi Hữu Nghĩa', 918),
(31180, 'Phường Long Hòa', 918),
(31183, 'Phường Long Tuyền', 918),
(31186, 'Phường Lê Bình', 919),
(31189, 'Phường Hưng Phú', 919),
(31192, 'Phường Hưng Thạnh', 919),
(31195, 'Phường Ba Láng', 919),
(31198, 'Phường Thường Thạnh', 919),
(31201, 'Phường Phú Thứ', 919),
(31204, 'Phường Tân Phú', 919),
(31207, 'Phường Thốt Nốt', 923),
(31210, 'Phường Thới Thuận', 923),
(31211, 'Xã Vĩnh Bình', 924),
(31212, 'Phường Thuận An', 923),
(31213, 'Phường Tân Lộc', 923),
(31216, 'Phường Trung Nhứt', 923),
(31217, 'Phường Thạnh Hoà', 923),
(31219, 'Phường Trung Kiên', 923),
(31222, 'Xã Trung An', 925),
(31225, 'Xã Trung Thạnh', 925),
(31227, 'Phường Tân Hưng', 923),
(31228, 'Phường Thuận Hưng', 923),
(31231, 'Thị trấn Thanh An', 924),
(31232, 'Thị trấn Vĩnh Thạnh', 924),
(31234, 'Xã Thạnh Mỹ', 924),
(31237, 'Xã Vĩnh Trinh', 924),
(31240, 'Xã Thạnh An', 924),
(31241, 'Xã Thạnh Tiến', 924),
(31243, 'Xã Thạnh Thắng', 924),
(31244, 'Xã Thạnh Lợi', 924),
(31246, 'Xã Thạnh Qưới', 924),
(31249, 'Xã Thạnh Phú', 925),
(31252, 'Xã Thạnh Lộc', 924),
(31255, 'Xã Trung Hưng', 925),
(31258, 'Thị trấn Thới Lai', 927),
(31261, 'Thị trấn Cờ Đỏ', 925),
(31264, 'Xã Thới Hưng', 925),
(31267, 'Xã Thới Thạnh', 927),
(31268, 'Xã Tân Thạnh', 927),
(31270, 'Xã Xuân Thắng', 927),
(31273, 'Xã Đông Hiệp', 925),
(31274, 'Xã Đông Thắng', 925),
(31276, 'Xã Thới Đông', 925),
(31277, 'Xã Thới Xuân', 925),
(31279, 'Xã Đông Bình', 927),
(31282, 'Xã Đông Thuận', 927),
(31285, 'Xã Thới Tân', 927),
(31286, 'Xã Trường Thắng', 927),
(31288, 'Xã Định Môn', 927),
(31291, 'Xã Trường Thành', 927),
(31294, 'Xã Trường Xuân', 927),
(31297, 'Xã Trường Xuân A', 927),
(31298, 'Xã Trường Xuân B', 927),
(31299, 'Thị trấn Phong Điền', 926),
(31300, 'Xã Nhơn Ái', 926),
(31303, 'Xã Giai Xuân', 926);
INSERT INTO `ward` (`ward_id`, `name`, `district_id`) VALUES
(31306, 'Xã Tân Thới', 926),
(31309, 'Xã Trường Long', 926),
(31312, 'Xã Mỹ Khánh', 926),
(31315, 'Xã Nhơn Nghĩa', 926),
(31318, 'Phường I', 930),
(31321, 'Phường III', 930),
(31324, 'Phường IV', 930),
(31327, 'Phường V', 930),
(31330, 'Phường VII', 930),
(31333, 'Xã Vị Tân', 930),
(31336, 'Xã Hoả Lựu', 930),
(31338, 'Xã Tân Tiến', 930),
(31339, 'Xã Hoả Tiến', 930),
(31340, 'Phường Ngã Bảy', 931),
(31341, 'Phường Lái Hiếu', 931),
(31342, 'Thị trấn Một Ngàn', 932),
(31343, 'Phường Hiệp Thành', 931),
(31344, 'Xã Hiệp Lợi', 931),
(31345, 'Xã Tân Hoà', 932),
(31346, 'Thị trấn Bảy Ngàn', 932),
(31348, 'Xã Trường Long Tây', 932),
(31351, 'Xã Trường Long A', 932),
(31357, 'Xã Nhơn Nghĩa A', 932),
(31359, 'Thị trấn Rạch Gòi', 932),
(31360, 'Xã Thạnh Xuân', 932),
(31362, 'Thị trấn Cái Tắc', 932),
(31363, 'Xã Tân Phú Thạnh', 932),
(31366, 'Thị Trấn Ngã Sáu', 933),
(31369, 'Xã Đông Thạnh', 933),
(31372, 'Xã Phú An', 933),
(31375, 'Xã Đông Phú', 933),
(31378, 'Xã Phú Hữu', 933),
(31379, 'Xã Phú Tân', 933),
(31381, 'Thị trấn Mái Dầm', 933),
(31384, 'Xã Đông Phước', 933),
(31387, 'Xã Đông Phước A', 933),
(31393, 'Thị trấn Kinh Cùng', 934),
(31396, 'Thị trấn Cây Dương', 934),
(31399, 'Xã Tân Bình', 934),
(31402, 'Xã Bình Thành', 934),
(31405, 'Xã Thạnh Hòa', 934),
(31408, 'Xã Long Thạnh', 934),
(31411, 'Xã Đại Thành', 931),
(31414, 'Xã Tân Thành', 931),
(31417, 'Xã Phụng Hiệp', 934),
(31420, 'Xã Hòa Mỹ', 934),
(31423, 'Xã Hòa An', 934),
(31426, 'Xã Phương Bình', 934),
(31429, 'Xã Hiệp Hưng', 934),
(31432, 'Xã Tân Phước Hưng', 934),
(31433, 'Thị trấn Búng Tàu', 934),
(31435, 'Xã Phương Phú', 934),
(31438, 'Xã Tân Long', 934),
(31441, 'Thị trấn Nàng Mau', 935),
(31444, 'Xã Vị Trung', 935),
(31447, 'Xã Vị Thuỷ', 935),
(31450, 'Xã Vị Thắng', 935),
(31453, 'Xã Vĩnh Thuận Tây', 935),
(31456, 'Xã Vĩnh Trung', 935),
(31459, 'Xã Vĩnh Tường', 935),
(31462, 'Xã Vị Đông', 935),
(31465, 'Xã Vị Thanh', 935),
(31468, 'Xã Vị Bình', 935),
(31471, 'Phường Thuận An', 937),
(31472, 'Phường Trà Lồng', 937),
(31473, 'Phường Bình Thạnh', 937),
(31474, 'Xã Long Bình', 937),
(31475, 'Phường Vĩnh Tường', 937),
(31477, 'Xã Long Trị', 937),
(31478, 'Xã Long Trị A', 937),
(31480, 'Xã Long Phú', 937),
(31481, 'Xã Tân Phú', 937),
(31483, 'Xã Thuận Hưng', 936),
(31484, 'Xã Thuận Hòa', 936),
(31486, 'Xã Vĩnh Thuận Đông', 936),
(31489, 'Xã Vĩnh Viễn', 936),
(31490, 'Xã Vĩnh Viễn A', 936),
(31492, 'Xã Lương Tâm', 936),
(31493, 'Xã Lương Nghĩa', 936),
(31495, 'Xã Xà Phiên', 936),
(31498, 'Phường 5', 941),
(31501, 'Phường 7', 941),
(31504, 'Phường 8', 941),
(31507, 'Phường 6', 941),
(31510, 'Phường 2', 941),
(31513, 'Phường 1', 941),
(31516, 'Phường 4', 941),
(31519, 'Phường 3', 941),
(31522, 'Phường 9', 941),
(31525, 'Phường 10', 941),
(31528, 'Thị trấn Kế Sách', 943),
(31531, 'Thị trấn An Lạc Thôn', 943),
(31534, 'Xã Xuân Hòa', 943),
(31537, 'Xã Phong Nẫm', 943),
(31540, 'Xã An Lạc Tây', 943),
(31543, 'Xã Trinh Phú', 943),
(31546, 'Xã Ba Trinh', 943),
(31549, 'Xã Thới An Hội', 943),
(31552, 'Xã Nhơn Mỹ', 943),
(31555, 'Xã Kế Thành', 943),
(31558, 'Xã Kế An', 943),
(31561, 'Xã Đại Hải', 943),
(31564, 'Xã An Mỹ', 943),
(31567, 'Thị trấn Huỳnh Hữu Nghĩa', 944),
(31569, 'Thị trấn Châu Thành', 942),
(31570, 'Xã Hồ Đắc Kiện', 942),
(31573, 'Xã Phú Tâm', 942),
(31576, 'Xã Thuận Hòa', 942),
(31579, 'Xã Long Hưng', 944),
(31582, 'Xã Phú Tân', 942),
(31585, 'Xã Thiện Mỹ', 942),
(31588, 'Xã Hưng Phú', 944),
(31591, 'Xã Mỹ Hương', 944),
(31594, 'Xã An Hiệp', 942),
(31597, 'Xã Mỹ Tú', 944),
(31600, 'Xã An Ninh', 942),
(31603, 'Xã Mỹ Phước', 944),
(31606, 'Xã Thuận Hưng', 944),
(31609, 'Xã Mỹ Thuận', 944),
(31612, 'Xã Phú Mỹ', 944),
(31615, 'Thị trấn Cù Lao Dung', 945),
(31618, 'Xã An Thạnh 1', 945),
(31621, 'Xã An Thạnh Tây', 945),
(31624, 'Xã An Thạnh Đông', 945),
(31627, 'Xã Đại Ân 1', 945),
(31630, 'Xã An Thạnh 2', 945),
(31633, 'Xã An Thạnh 3', 945),
(31636, 'Xã An Thạnh Nam', 945),
(31639, 'Thị trấn Long Phú', 946),
(31642, 'Xã Song Phụng', 946),
(31645, 'Thị trấn Đại Ngãi', 946),
(31648, 'Xã Hậu Thạnh', 946),
(31651, 'Xã Long Đức', 946),
(31654, 'Xã Trường Khánh', 946),
(31657, 'Xã Phú Hữu', 946),
(31660, 'Xã Tân Hưng', 946),
(31663, 'Xã Châu Khánh', 946),
(31666, 'Xã Tân Thạnh', 946),
(31669, 'Xã Long Phú', 946),
(31672, 'Xã Đại Ân  2', 951),
(31673, 'Thị trấn Trần Đề', 951),
(31675, 'Xã Liêu Tú', 951),
(31678, 'Xã Lịch Hội Thượng', 951),
(31679, 'Thị trấn Lịch Hội Thượng', 951),
(31681, 'Xã Trung Bình', 951),
(31684, 'Thị trấn Mỹ Xuyên', 947),
(31687, 'Xã Tài Văn', 951),
(31690, 'Xã Đại Tâm', 947),
(31693, 'Xã Tham Đôn', 947),
(31696, 'Xã Viên An', 951),
(31699, 'Xã Thạnh Thới An', 951),
(31702, 'Xã Thạnh Thới Thuận', 951),
(31705, 'Xã Viên Bình', 951),
(31708, 'Xã Thạnh Phú', 947),
(31711, 'Xã Ngọc Đông', 947),
(31714, 'Xã Thạnh Quới', 947),
(31717, 'Xã Hòa Tú 1', 947),
(31720, 'Xã Gia Hòa 1', 947),
(31723, 'Xã Ngọc Tố', 947),
(31726, 'Xã Gia Hòa 2', 947),
(31729, 'Xã Hòa Tú II', 947),
(31732, 'Phường 1', 948),
(31735, 'Phường 2', 948),
(31738, 'Xã Vĩnh Quới', 948),
(31741, 'Xã Tân Long', 948),
(31744, 'Xã Long Bình', 948),
(31747, 'Phường 3', 948),
(31750, 'Xã Mỹ Bình', 948),
(31753, 'Xã Mỹ Quới', 948),
(31756, 'Thị trấn Phú Lộc', 949),
(31757, 'Thị trấn Hưng Lợi', 949),
(31759, 'Xã Lâm Tân', 949),
(31762, 'Xã Thạnh Tân', 949),
(31765, 'Xã Lâm Kiết', 949),
(31768, 'Xã Tuân Tức', 949),
(31771, 'Xã Vĩnh Thành', 949),
(31774, 'Xã Thạnh Trị', 949),
(31777, 'Xã Vĩnh Lợi', 949),
(31780, 'Xã Châu Hưng', 949),
(31783, 'Phường 1', 950),
(31786, 'Xã Hòa Đông', 950),
(31789, 'Phường Khánh Hòa', 950),
(31792, 'Xã Vĩnh Hiệp', 950),
(31795, 'Xã Vĩnh Hải', 950),
(31798, 'Xã Lạc Hòa', 950),
(31801, 'Phường 2', 950),
(31804, 'Phường Vĩnh Phước', 950),
(31807, 'Xã Vĩnh Tân', 950),
(31810, 'Xã Lai Hòa', 950),
(31813, 'Phường 2', 954),
(31816, 'Phường 3', 954),
(31819, 'Phường 5', 954),
(31822, 'Phường 7', 954),
(31825, 'Phường 1', 954),
(31828, 'Phường 8', 954),
(31831, 'Phường Nhà Mát', 954),
(31834, 'Xã Vĩnh Trạch', 954),
(31837, 'Xã Vĩnh Trạch Đông', 954),
(31840, 'Xã Hiệp Thành', 954),
(31843, 'Thị trấn Ngan Dừa', 956),
(31846, 'Xã Ninh Quới', 956),
(31849, 'Xã Ninh Quới A', 956),
(31852, 'Xã Ninh Hòa', 956),
(31855, 'Xã Lộc Ninh', 956),
(31858, 'Xã Vĩnh Lộc', 956),
(31861, 'Xã Vĩnh Lộc A', 956),
(31863, 'Xã Ninh Thạnh Lợi A', 956),
(31864, 'Xã Ninh Thạnh Lợi', 956),
(31867, 'Thị trấn Phước Long', 957),
(31870, 'Xã Vĩnh Phú Đông', 957),
(31873, 'Xã Vĩnh Phú Tây', 957),
(31876, 'Xã Phước Long', 957),
(31879, 'Xã Hưng Phú', 957),
(31882, 'Xã Vĩnh Thanh', 957),
(31885, 'Xã Phong Thạnh Tây A', 957),
(31888, 'Xã Phong Thạnh Tây B', 957),
(31891, 'Thị trấn Hòa Bình', 961),
(31894, 'Xã Vĩnh Hưng', 958),
(31897, 'Xã Vĩnh Hưng A', 958),
(31900, 'Thị trấn Châu Hưng', 958),
(31903, 'Xã Châu Hưng A', 958),
(31906, 'Xã Hưng Thành', 958),
(31909, 'Xã Hưng Hội', 958),
(31912, 'Xã Châu Thới', 958),
(31915, 'Xã Minh Diệu', 961),
(31918, 'Xã Vĩnh Bình', 961),
(31921, 'Xã Long Thạnh', 958),
(31924, 'Xã Vĩnh Mỹ B', 961),
(31927, 'Xã Vĩnh Hậu', 961),
(31930, 'Xã Vĩnh Hậu A', 961),
(31933, 'Xã Vĩnh Mỹ A', 961),
(31936, 'Xã Vĩnh Thịnh', 961),
(31942, 'Phường 1', 959),
(31945, 'Phường Hộ Phòng', 959),
(31948, 'Xã Phong Thạnh Đông', 959),
(31951, 'Phường Láng Tròn', 959),
(31954, 'Xã Phong Tân', 959),
(31957, 'Xã Tân Phong', 959),
(31960, 'Xã Phong Thạnh', 959),
(31963, 'Xã Phong Thạnh A', 959),
(31966, 'Xã Phong Thạnh Tây', 959),
(31969, 'Xã Tân Thạnh', 959),
(31972, 'Thị trấn Gành Hào', 960),
(31975, 'Xã Long Điền Đông', 960),
(31978, 'Xã Long Điền Đông A', 960),
(31981, 'Xã Long Điền', 960),
(31984, 'Xã Long Điền Tây', 960),
(31985, 'Xã Điền Hải', 960),
(31987, 'Xã An Trạch', 960),
(31988, 'Xã An Trạch A', 960),
(31990, 'Xã An Phúc', 960),
(31993, 'Xã Định Thành', 960),
(31996, 'Xã Định Thành A', 960),
(31999, 'Phường 9', 964),
(32002, 'Phường 4', 964),
(32005, 'Phường 1', 964),
(32008, 'Phường 5', 964),
(32011, 'Phường 2', 964),
(32014, 'Phường 8', 964),
(32017, 'Phường 6', 964),
(32020, 'Phường 7', 964),
(32022, 'Phường Tân Xuyên', 964),
(32023, 'Xã An Xuyên', 964),
(32025, 'Phường Tân Thành', 964),
(32026, 'Xã Tân Thành', 964),
(32029, 'Xã Tắc Vân', 964),
(32032, 'Xã Lý Văn Lâm', 964),
(32035, 'Xã Định Bình', 964),
(32038, 'Xã Hòa Thành', 964),
(32041, 'Xã Hòa Tân', 964),
(32044, 'Thị trấn U Minh', 966),
(32047, 'Xã Khánh Hòa', 966),
(32048, 'Xã Khánh Thuận', 966),
(32050, 'Xã Khánh Tiến', 966),
(32053, 'Xã Nguyễn Phích', 966),
(32056, 'Xã Khánh Lâm', 966),
(32059, 'Xã Khánh An', 966),
(32062, 'Xã Khánh Hội', 966),
(32065, 'Thị trấn Thới Bình', 967),
(32068, 'Xã Biển Bạch', 967),
(32069, 'Xã Tân Bằng', 967),
(32071, 'Xã Trí Phải', 967),
(32072, 'Xã Trí Lực', 967),
(32074, 'Xã Biển Bạch Đông', 967),
(32077, 'Xã Thới Bình', 967),
(32080, 'Xã Tân Phú', 967),
(32083, 'Xã Tân Lộc Bắc', 967),
(32086, 'Xã Tân Lộc', 967),
(32089, 'Xã Tân Lộc Đông', 967),
(32092, 'Xã Hồ Thị Kỷ', 967),
(32095, 'Thị trấn Trần Văn Thời', 968),
(32098, 'Thị trấn Sông Đốc', 968),
(32101, 'Xã Khánh Bình Tây Bắc', 968),
(32104, 'Xã Khánh Bình Tây', 968),
(32107, 'Xã Trần Hợi', 968),
(32108, 'Xã Khánh Lộc', 968),
(32110, 'Xã Khánh Bình', 968),
(32113, 'Xã Khánh Hưng', 968),
(32116, 'Xã Khánh Bình Đông', 968),
(32119, 'Xã Khánh Hải', 968),
(32122, 'Xã Lợi An', 968),
(32124, 'Xã Phong Điền', 968),
(32125, 'Xã Phong Lạc', 968),
(32128, 'Thị trấn Cái Nước', 969),
(32130, 'Xã Thạnh Phú', 969),
(32131, 'Xã Lương Thế Trân', 969),
(32134, 'Xã Phú Hưng', 969),
(32137, 'Xã Tân Hưng', 969),
(32140, 'Xã Hưng Mỹ', 969),
(32141, 'Xã Hoà Mỹ', 969),
(32142, 'Xã Đông Hưng', 969),
(32143, 'Xã Đông Thới', 969),
(32146, 'Xã Tân Hưng Đông', 969),
(32149, 'Xã Trần Thới', 969),
(32152, 'Thị trấn Đầm Dơi', 970),
(32155, 'Xã Tạ An Khương', 970),
(32158, 'Xã Tạ An Khương  Đông', 970),
(32161, 'Xã Trần Phán', 970),
(32162, 'Xã Tân Trung', 970),
(32164, 'Xã Tân Đức', 970),
(32167, 'Xã Tân Thuận', 970),
(32170, 'Xã Tạ An Khương  Nam', 970),
(32173, 'Xã Tân Duyệt', 970),
(32174, 'Xã Tân Dân', 970),
(32176, 'Xã Tân Tiến', 970),
(32179, 'Xã Quách Phẩm Bắc', 970),
(32182, 'Xã Quách Phẩm', 970),
(32185, 'Xã Thanh Tùng', 970),
(32186, 'Xã Ngọc Chánh', 970),
(32188, 'Xã Nguyễn Huân', 970),
(32191, 'Thị Trấn Năm Căn', 971),
(32194, 'Xã Hàm Rồng', 971),
(32197, 'Xã Hiệp Tùng', 971),
(32200, 'Xã Đất Mới', 971),
(32201, 'Xã Lâm Hải', 971),
(32203, 'Xã Hàng Vịnh', 971),
(32206, 'Xã Tam Giang', 971),
(32209, 'Xã Tam Giang Đông', 971),
(32212, 'Thị trấn Cái Đôi Vàm', 972),
(32214, 'Xã Phú Thuận', 972),
(32215, 'Xã Phú Mỹ', 972),
(32218, 'Xã Phú Tân', 972),
(32221, 'Xã Tân Hải', 972),
(32224, 'Xã Việt Thắng', 972),
(32227, 'Xã Tân Hưng Tây', 972),
(32228, 'Xã Rạch Chèo', 972),
(32230, 'Xã Việt Khái', 972),
(32233, 'Xã Tam Giang Tây', 973),
(32236, 'Xã Tân Ân Tây', 973),
(32239, 'Xã Viên An Đông', 973),
(32242, 'Xã Viên An', 973),
(32244, 'Thị trấn Rạch Gốc', 973),
(32245, 'Xã Tân Ân', 973),
(32248, 'Xã Đất Mũi', 973);

--
-- Constraints for dumped tables
--

--
-- Constraints for table `account_emailaddress`
--
ALTER TABLE `account_emailaddress`
  ADD CONSTRAINT `account_emailaddress_user_id_2c513194_fk_auth_user_id` FOREIGN KEY (`user_id`) REFERENCES `auth_user` (`id`);

--
-- Constraints for table `account_emailconfirmation`
--
ALTER TABLE `account_emailconfirmation`
  ADD CONSTRAINT `account_emailconfirm_email_address_id_5b7f8c58_fk_account_e` FOREIGN KEY (`email_address_id`) REFERENCES `account_emailaddress` (`id`);

--
-- Constraints for table `address`
--
ALTER TABLE `address`
  ADD CONSTRAINT `fk_address_6` FOREIGN KEY (`city_id`) REFERENCES `city` (`city_id`) ON DELETE CASCADE ON UPDATE CASCADE,
  ADD CONSTRAINT `fk_address_8` FOREIGN KEY (`district_id`) REFERENCES `district` (`district_id`) ON DELETE CASCADE ON UPDATE CASCADE,
  ADD CONSTRAINT `fk_address_9` FOREIGN KEY (`ward_id`) REFERENCES `ward` (`ward_id`) ON DELETE CASCADE ON UPDATE CASCADE;

--
-- Constraints for table `answer_customer`
--
ALTER TABLE `answer_customer`
  ADD CONSTRAINT `fk_answer_customer_1` FOREIGN KEY (`answer_id`) REFERENCES `comment` (`comment_id`) ON DELETE NO ACTION ON UPDATE NO ACTION;

--
-- Constraints for table `attribute`
--
ALTER TABLE `attribute`
  ADD CONSTRAINT `attribute_1` FOREIGN KEY (`attr_group_id`) REFERENCES `attribute_group` (`attr_group_id`) ON DELETE CASCADE ON UPDATE CASCADE;

--
-- Constraints for table `auth_group_permissions`
--
ALTER TABLE `auth_group_permissions`
  ADD CONSTRAINT `auth_group_permissio_permission_id_84c5c92e_fk_auth_perm` FOREIGN KEY (`permission_id`) REFERENCES `auth_permission` (`id`),
  ADD CONSTRAINT `auth_group_permissions_group_id_b120cbf9_fk_auth_group_id` FOREIGN KEY (`group_id`) REFERENCES `auth_group` (`id`);

--
-- Constraints for table `auth_permission`
--
ALTER TABLE `auth_permission`
  ADD CONSTRAINT `auth_permission_content_type_id_2f476e4b_fk_django_co` FOREIGN KEY (`content_type_id`) REFERENCES `django_content_type` (`id`);

--
-- Constraints for table `auth_user_groups`
--
ALTER TABLE `auth_user_groups`
  ADD CONSTRAINT `auth_user_groups_group_id_97559544_fk_auth_group_id` FOREIGN KEY (`group_id`) REFERENCES `auth_group` (`id`),
  ADD CONSTRAINT `auth_user_groups_user_id_6a12ed8b_fk_auth_user_id` FOREIGN KEY (`user_id`) REFERENCES `auth_user` (`id`);

--
-- Constraints for table `auth_user_user_permissions`
--
ALTER TABLE `auth_user_user_permissions`
  ADD CONSTRAINT `auth_user_user_permi_permission_id_1fbb5f2c_fk_auth_perm` FOREIGN KEY (`permission_id`) REFERENCES `auth_permission` (`id`),
  ADD CONSTRAINT `auth_user_user_permissions_user_id_a95ead1b_fk_auth_user_id` FOREIGN KEY (`user_id`) REFERENCES `auth_user` (`id`);

--
-- Constraints for table `cart`
--
ALTER TABLE `cart`
  ADD CONSTRAINT `fk_cart_1` FOREIGN KEY (`address_id`) REFERENCES `address` (`address_id`) ON DELETE SET NULL ON UPDATE SET NULL,
  ADD CONSTRAINT `fk_cart_2` FOREIGN KEY (`owner_id`) REFERENCES `auth_user` (`id`);

--
-- Constraints for table `cart_item`
--
ALTER TABLE `cart_item`
  ADD CONSTRAINT `fk_cart_item_1` FOREIGN KEY (`cart_id`) REFERENCES `cart` (`cart_id`) ON DELETE CASCADE ON UPDATE CASCADE;

--
-- Constraints for table `category`
--
ALTER TABLE `category`
  ADD CONSTRAINT `fk_category_1` FOREIGN KEY (`parent_id`) REFERENCES `category` (`category_id`) ON DELETE SET NULL ON UPDATE SET NULL;

--
-- Constraints for table `category_product`
--
ALTER TABLE `category_product`
  ADD CONSTRAINT `category_product_1` FOREIGN KEY (`category_id`) REFERENCES `category` (`category_id`) ON DELETE CASCADE ON UPDATE CASCADE,
  ADD CONSTRAINT `category_product_2` FOREIGN KEY (`product_id`) REFERENCES `product` (`product_id`) ON DELETE CASCADE ON UPDATE CASCADE;

--
-- Constraints for table `category_product_attribute`
--
ALTER TABLE `category_product_attribute`
  ADD CONSTRAINT `fk_category_product_attribute_1` FOREIGN KEY (`category_id`) REFERENCES `category` (`category_id`) ON DELETE CASCADE ON UPDATE CASCADE,
  ADD CONSTRAINT `fk_category_product_attribute_2` FOREIGN KEY (`product_id`) REFERENCES `product` (`product_id`) ON DELETE CASCADE ON UPDATE CASCADE,
  ADD CONSTRAINT `fk_category_product_attribute_3` FOREIGN KEY (`pro_attribute_id`) REFERENCES `product_attribute` (`pro_attribute_id`) ON DELETE CASCADE ON UPDATE CASCADE;

--
-- Constraints for table `comment`
--
ALTER TABLE `comment`
  ADD CONSTRAINT `fk_comment_1` FOREIGN KEY (`parent_id`) REFERENCES `comment` (`comment_id`) ON DELETE SET NULL ON UPDATE SET NULL,
  ADD CONSTRAINT `fk_comment_2` FOREIGN KEY (`post_id`) REFERENCES `post` (`post_id`) ON DELETE CASCADE ON UPDATE CASCADE,
  ADD CONSTRAINT `fk_comment_3` FOREIGN KEY (`owner_id`) REFERENCES `auth_user` (`id`) ON DELETE CASCADE ON UPDATE CASCADE;

--
-- Constraints for table `customer_message`
--
ALTER TABLE `customer_message`
  ADD CONSTRAINT `customer_message_1` FOREIGN KEY (`owner_thread_id`) REFERENCES `customer_thread` (`owner_thread_id`) ON DELETE CASCADE ON UPDATE CASCADE;

--
-- Constraints for table `customer_thread`
--
ALTER TABLE `customer_thread`
  ADD CONSTRAINT `fk_customer_thread_2` FOREIGN KEY (`order_id`) REFERENCES `order` (`order_id`) ON DELETE SET NULL ON UPDATE SET NULL;

--
-- Constraints for table `customization`
--
ALTER TABLE `customization`
  ADD CONSTRAINT `fk_customization_1` FOREIGN KEY (`cart_id`) REFERENCES `cart` (`cart_id`) ON DELETE CASCADE ON UPDATE CASCADE,
  ADD CONSTRAINT `fk_customization_2` FOREIGN KEY (`product_id`) REFERENCES `product` (`product_id`) ON DELETE CASCADE ON UPDATE CASCADE,
  ADD CONSTRAINT `fk_customization_3` FOREIGN KEY (`pro_attribute_id`) REFERENCES `product_attribute` (`pro_attribute_id`) ON DELETE CASCADE ON UPDATE CASCADE,
  ADD CONSTRAINT `fk_customization_4` FOREIGN KEY (`customization_id`) REFERENCES `customized_data` (`customization_id`) ON DELETE CASCADE ON UPDATE CASCADE;

--
-- Constraints for table `district`
--
ALTER TABLE `district`
  ADD CONSTRAINT `fk_district_1` FOREIGN KEY (`city_id`) REFERENCES `city` (`city_id`) ON DELETE CASCADE ON UPDATE CASCADE;

--
-- Constraints for table `django_admin_log`
--
ALTER TABLE `django_admin_log`
  ADD CONSTRAINT `django_admin_log_content_type_id_c4bce8eb_fk_django_co` FOREIGN KEY (`content_type_id`) REFERENCES `django_content_type` (`id`),
  ADD CONSTRAINT `django_admin_log_user_id_c564eba6_fk_auth_user_id` FOREIGN KEY (`user_id`) REFERENCES `auth_user` (`id`);

--
-- Constraints for table `feature_product`
--
ALTER TABLE `feature_product`
  ADD CONSTRAINT `feature_product_1` FOREIGN KEY (`feature_id`) REFERENCES `feature` (`feature_id`) ON DELETE CASCADE ON UPDATE CASCADE,
  ADD CONSTRAINT `feature_product_2` FOREIGN KEY (`feature_value_id`) REFERENCES `feature_value` (`feature_value_id`) ON DELETE CASCADE ON UPDATE CASCADE,
  ADD CONSTRAINT `feature_product_3` FOREIGN KEY (`product_id`) REFERENCES `product` (`product_id`) ON DELETE CASCADE ON UPDATE CASCADE;

--
-- Constraints for table `feature_value`
--
ALTER TABLE `feature_value`
  ADD CONSTRAINT `feature_value_1` FOREIGN KEY (`feature_id`) REFERENCES `feature` (`feature_id`) ON DELETE CASCADE ON UPDATE CASCADE;

--
-- Constraints for table `message`
--
ALTER TABLE `message`
  ADD CONSTRAINT `message_4` FOREIGN KEY (`order_id`) REFERENCES `order` (`order_id`) ON DELETE CASCADE ON UPDATE CASCADE;

--
-- Constraints for table `message_readed`
--
ALTER TABLE `message_readed`
  ADD CONSTRAINT `message_readed_1` FOREIGN KEY (`message_id`) REFERENCES `message` (`message_id`) ON DELETE CASCADE ON UPDATE CASCADE;

--
-- Constraints for table `order`
--
ALTER TABLE `order`
  ADD CONSTRAINT `fk_order_1` FOREIGN KEY (`cart_id`) REFERENCES `cart` (`cart_id`) ON DELETE SET NULL ON UPDATE SET NULL,
  ADD CONSTRAINT `fk_order_2` FOREIGN KEY (`current_state`) REFERENCES `order_state` (`order_state_id`) ON DELETE CASCADE ON UPDATE CASCADE,
  ADD CONSTRAINT `fk_order_3` FOREIGN KEY (`address_delivery_id`) REFERENCES `address` (`address_id`) ON DELETE CASCADE ON UPDATE CASCADE,
  ADD CONSTRAINT `fk_order_4` FOREIGN KEY (`address_invoice_id`) REFERENCES `address` (`address_id`) ON DELETE CASCADE ON UPDATE CASCADE,
  ADD CONSTRAINT `fk_order_5` FOREIGN KEY (`owner_id`) REFERENCES `auth_user` (`id`) ON DELETE CASCADE ON UPDATE CASCADE;

--
-- Constraints for table `order_history`
--
ALTER TABLE `order_history`
  ADD CONSTRAINT `order_history_2` FOREIGN KEY (`order_id`) REFERENCES `order` (`order_id`) ON DELETE CASCADE ON UPDATE CASCADE,
  ADD CONSTRAINT `order_history_3` FOREIGN KEY (`order_state_id`) REFERENCES `order_state` (`order_state_id`) ON DELETE CASCADE ON UPDATE CASCADE;

--
-- Constraints for table `order_invoice`
--
ALTER TABLE `order_invoice`
  ADD CONSTRAINT `order_invoice_1` FOREIGN KEY (`order_id`) REFERENCES `order` (`order_id`) ON DELETE NO ACTION ON UPDATE NO ACTION;

--
-- Constraints for table `order_invoice_payment`
--
ALTER TABLE `order_invoice_payment`
  ADD CONSTRAINT `order_invoice_payment_ibfk_1` FOREIGN KEY (`order_invoice_id`) REFERENCES `order_invoice` (`order_invoice_id`) ON DELETE CASCADE ON UPDATE CASCADE,
  ADD CONSTRAINT `order_invoice_payment_ibfk_2` FOREIGN KEY (`order_payment_id`) REFERENCES `order_payment` (`order_payment_id`) ON DELETE CASCADE ON UPDATE CASCADE,
  ADD CONSTRAINT `order_invoice_payment_ibfk_3` FOREIGN KEY (`order_id`) REFERENCES `order` (`order_id`) ON DELETE CASCADE ON UPDATE CASCADE;

--
-- Constraints for table `order_item`
--
ALTER TABLE `order_item`
  ADD CONSTRAINT `fk_order_detail_1` FOREIGN KEY (`order_id`) REFERENCES `order` (`order_id`) ON DELETE CASCADE ON UPDATE CASCADE;

--
-- Constraints for table `pack`
--
ALTER TABLE `pack`
  ADD CONSTRAINT `fk_pack_1` FOREIGN KEY (`pack_group_id`) REFERENCES `pack_group` (`pack_group_id`) ON DELETE CASCADE ON UPDATE CASCADE;

--
-- Constraints for table `post`
--
ALTER TABLE `post`
  ADD CONSTRAINT `fk_post_1` FOREIGN KEY (`category_id`) REFERENCES `category` (`category_id`) ON DELETE CASCADE ON UPDATE CASCADE,
  ADD CONSTRAINT `fk_post_2` FOREIGN KEY (`user_add_id`) REFERENCES `auth_user` (`id`) ON DELETE CASCADE ON UPDATE CASCADE,
  ADD CONSTRAINT `fk_post_3` FOREIGN KEY (`user_upd_id`) REFERENCES `auth_user` (`id`) ON DELETE CASCADE ON UPDATE CASCADE;

--
-- Constraints for table `post_category`
--
ALTER TABLE `post_category`
  ADD CONSTRAINT `fk_post_category_1` FOREIGN KEY (`post_id`) REFERENCES `post` (`post_id`) ON DELETE CASCADE ON UPDATE CASCADE,
  ADD CONSTRAINT `fk_post_category_2` FOREIGN KEY (`category_id`) REFERENCES `category` (`category_id`) ON DELETE CASCADE ON UPDATE CASCADE;

--
-- Constraints for table `product`
--
ALTER TABLE `product`
  ADD CONSTRAINT `fk_product_2` FOREIGN KEY (`manufacturer_id`) REFERENCES `manufacturer` (`manufacturer_id`) ON DELETE CASCADE ON UPDATE CASCADE,
  ADD CONSTRAINT `fk_product_3` FOREIGN KEY (`category_default_id`) REFERENCES `category` (`category_id`) ON DELETE CASCADE ON UPDATE CASCADE;

--
-- Constraints for table `product_attribute`
--
ALTER TABLE `product_attribute`
  ADD CONSTRAINT `product_attribute_1` FOREIGN KEY (`product_id`) REFERENCES `product` (`product_id`) ON DELETE CASCADE ON UPDATE CASCADE;

--
-- Constraints for table `product_attribute_combination`
--
ALTER TABLE `product_attribute_combination`
  ADD CONSTRAINT `product_attribute_combination_1` FOREIGN KEY (`attribute_id`) REFERENCES `attribute` (`attribute_id`) ON DELETE CASCADE ON UPDATE CASCADE,
  ADD CONSTRAINT `product_attribute_combination_2` FOREIGN KEY (`pro_attribute_id`) REFERENCES `product_attribute` (`pro_attribute_id`) ON DELETE CASCADE ON UPDATE CASCADE;

--
-- Constraints for table `product_attribute_group`
--
ALTER TABLE `product_attribute_group`
  ADD CONSTRAINT `fk_product_attribute_group_1` FOREIGN KEY (`attr_group_id`) REFERENCES `attribute_group` (`attr_group_id`) ON DELETE CASCADE ON UPDATE CASCADE,
  ADD CONSTRAINT `fk_product_attribute_group_2` FOREIGN KEY (`attribute_id`) REFERENCES `attribute` (`attribute_id`) ON DELETE CASCADE ON UPDATE CASCADE,
  ADD CONSTRAINT `fk_product_attribute_group_3` FOREIGN KEY (`product_id`) REFERENCES `product` (`product_id`) ON DELETE CASCADE ON UPDATE CASCADE;

--
-- Constraints for table `product_attribute_tag`
--
ALTER TABLE `product_attribute_tag`
  ADD CONSTRAINT `fk_product_attribute_tag_1` FOREIGN KEY (`pro_attribute_id`) REFERENCES `product_attribute` (`pro_attribute_id`) ON DELETE CASCADE ON UPDATE CASCADE,
  ADD CONSTRAINT `fk_product_attribute_tag_2` FOREIGN KEY (`tag_id`) REFERENCES `tag` (`tag_id`) ON DELETE CASCADE ON UPDATE CASCADE,
  ADD CONSTRAINT `fk_product_attribute_tag_3` FOREIGN KEY (`product_id`) REFERENCES `product` (`product_id`) ON DELETE CASCADE ON UPDATE CASCADE;

--
-- Constraints for table `product_tag`
--
ALTER TABLE `product_tag`
  ADD CONSTRAINT `product_tag_1` FOREIGN KEY (`product_id`) REFERENCES `product` (`product_id`) ON DELETE CASCADE ON UPDATE CASCADE,
  ADD CONSTRAINT `product_tag_2` FOREIGN KEY (`tag_id`) REFERENCES `tag` (`tag_id`) ON DELETE CASCADE ON UPDATE CASCADE;

--
-- Constraints for table `profile`
--
ALTER TABLE `profile`
  ADD CONSTRAINT `fk_Profile_1` FOREIGN KEY (`user_id`) REFERENCES `auth_user` (`id`) ON DELETE CASCADE ON UPDATE CASCADE;

--
-- Constraints for table `room4chat`
--
ALTER TABLE `room4chat`
  ADD CONSTRAINT `fk_room4chat_1` FOREIGN KEY (`room_id`) REFERENCES `room` (`room_id`) ON DELETE CASCADE ON UPDATE CASCADE;

--
-- Constraints for table `socialaccount_socialaccount`
--
ALTER TABLE `socialaccount_socialaccount`
  ADD CONSTRAINT `socialaccount_socialaccount_user_id_8146e70c_fk_auth_user_id` FOREIGN KEY (`user_id`) REFERENCES `auth_user` (`id`);

--
-- Constraints for table `socialaccount_socialapp_sites`
--
ALTER TABLE `socialaccount_socialapp_sites`
  ADD CONSTRAINT `socialaccount_social_socialapp_id_97fb6e7d_fk_socialacc` FOREIGN KEY (`socialapp_id`) REFERENCES `socialaccount_socialapp` (`id`),
  ADD CONSTRAINT `socialaccount_socialapp_sites_site_id_2579dee5_fk_django_site_id` FOREIGN KEY (`site_id`) REFERENCES `django_site` (`id`);

--
-- Constraints for table `socialaccount_socialtoken`
--
ALTER TABLE `socialaccount_socialtoken`
  ADD CONSTRAINT `socialaccount_social_account_id_951f210e_fk_socialacc` FOREIGN KEY (`account_id`) REFERENCES `socialaccount_socialaccount` (`id`),
  ADD CONSTRAINT `socialaccount_social_app_id_636a42d7_fk_socialacc` FOREIGN KEY (`app_id`) REFERENCES `socialaccount_socialapp` (`id`);

--
-- Constraints for table `specific_price`
--
ALTER TABLE `specific_price`
  ADD CONSTRAINT `specific_price_1` FOREIGN KEY (`spec_pri_ru_id`) REFERENCES `specific_price_rule` (`spec_pri_ru_id`) ON DELETE SET NULL ON UPDATE SET NULL,
  ADD CONSTRAINT `specific_price_2` FOREIGN KEY (`cart_id`) REFERENCES `cart` (`cart_id`) ON DELETE CASCADE ON UPDATE CASCADE;

--
-- Constraints for table `specific_price_rule`
--
ALTER TABLE `specific_price_rule`
  ADD CONSTRAINT `fk_specific_price_rule_1` FOREIGN KEY (`type_rule_id`) REFERENCES `type_rule` (`type_rule_id`) ON DELETE CASCADE ON UPDATE CASCADE;

--
-- Constraints for table `subscriber_post`
--
ALTER TABLE `subscriber_post`
  ADD CONSTRAINT `fk_subscriber_post_1` FOREIGN KEY (`email`) REFERENCES `subscriber` (`email`) ON DELETE CASCADE ON UPDATE CASCADE,
  ADD CONSTRAINT `fk_subscriber_post_2` FOREIGN KEY (`post_id`) REFERENCES `post` (`post_id`) ON DELETE CASCADE ON UPDATE CASCADE;

--
-- Constraints for table `subscriber_product_attribute`
--
ALTER TABLE `subscriber_product_attribute`
  ADD CONSTRAINT `fk_subscriber_product_1` FOREIGN KEY (`email`) REFERENCES `subscriber` (`email`) ON DELETE CASCADE ON UPDATE CASCADE,
  ADD CONSTRAINT `fk_subscriber_product_2` FOREIGN KEY (`product_id`) REFERENCES `product` (`product_id`) ON DELETE CASCADE ON UPDATE CASCADE;

--
-- Constraints for table `ward`
--
ALTER TABLE `ward`
  ADD CONSTRAINT `fk_ward_1` FOREIGN KEY (`district_id`) REFERENCES `district` (`district_id`) ON DELETE CASCADE ON UPDATE CASCADE;
SET FOREIGN_KEY_CHECKS=1;
COMMIT;

/*!40101 SET CHARACTER_SET_CLIENT=@OLD_CHARACTER_SET_CLIENT */;
/*!40101 SET CHARACTER_SET_RESULTS=@OLD_CHARACTER_SET_RESULTS */;
/*!40101 SET COLLATION_CONNECTION=@OLD_COLLATION_CONNECTION */;
